
=== COLOSSUS / LATENT / 2026 === sys_clk=300000000
BOOT heap_region=50872 heap_free=50872 ballast=0 total_samples=7372800 bars=160
BOOT heap_free_after_init=50872
BOOT heap_free_after_video=36864 scanout_lines=240
T t=0.9 bar=0 ph=1 overture | render ms 7.88/7.92/8.01 | fps 59.7 | hold 2 miss 0 late 1 | gap ms 16.76 | under 0 fill 465 | copy 2502 cy/line 36.50 Mcy/s | synth 2268 cy/pump 32.54 Mcy/s 1356 cy/sample | tri 0 px 0 part 66 ch 0 | AHASH s=24000 45de1a0f
PROF T t=0 ph=1 overture frames=60 | clear=44505 sky=514265 floor=0 scene=7446 flat=0 gouraud=0 chrome=0 texture=0 furnace=0 embers=77386 bloom=0 veil=858 titles=298481 fade=1408263 | setup=7446 total=2351207
T t=1.9 bar=1 ph=1 overture | render ms 3.22/7.54/8.10 | fps 59.7 | hold 1 miss 0 late 0 | gap ms 16.73 | under 0 fill 465 | copy 2499 cy/line 35.84 Mcy/s | synth 2270 cy/pump 32.55 Mcy/s 1356 cy/sample | tri 0 px 0 part 66 ch 0 | AHASH s=48000 a2fc1ab4
PROF T t=1 ph=1 overture frames=60 | clear=44596 sky=514788 floor=0 scene=7273 flat=0 gouraud=0 chrome=0 texture=0 furnace=0 embers=78894 bloom=0 veil=870 titles=298629 fade=1290916 | setup=7273 total=2235970
T t=2.9 bar=1 ph=1 overture | render ms 3.21/3.24/3.39 | fps 59.7 | hold 1 miss 0 late 0 | gap ms 16.73 | under 0 fill 465 | copy 2458 cy/line 35.26 Mcy/s | synth 2264 cy/pump 32.47 Mcy/s 1353 cy/sample | tri 0 px 0 part 66 ch 0 | AHASH s=72000 27282b38
PROF T t=2 ph=1 overture frames=60 | clear=44551 sky=514915 floor=0 scene=7962 flat=0 gouraud=0 chrome=0 texture=0 furnace=0 embers=78268 bloom=0 veil=866 titles=298944 fade=220 | setup=7962 total=945729
T t=4.0 bar=2 ph=1 overture | render ms 3.21/3.24/3.38 | fps 59.7 | hold 1 miss 0 late 0 | gap ms 16.73 | under 0 fill 465 | copy 2462 cy/line 35.30 Mcy/s | synth 2321 cy/pump 33.29 Mcy/s 1387 cy/sample | tri 0 px 0 part 67 ch 0 | AHASH s=96000 7defff26
PROF T t=4 ph=1 overture frames=60 | clear=44570 sky=514862 floor=0 scene=8476 flat=0 gouraud=0 chrome=0 texture=0 furnace=0 embers=79339 bloom=0 veil=841 titles=298645 fade=221 | setup=8476 total=946957
T t=5.0 bar=2 ph=1 overture | render ms 3.22/3.25/3.39 | fps 59.7 | hold 1 miss 0 late 0 | gap ms 16.73 | under 0 fill 465 | copy 2474 cy/line 35.48 Mcy/s | synth 2566 cy/pump 36.80 Mcy/s 1533 cy/sample | tri 0 px 0 part 67 ch 0 | AHASH s=120000 586f7958
PROF T t=5 ph=1 overture frames=60 | clear=44577 sky=514642 floor=0 scene=8431 flat=0 gouraud=0 chrome=0 texture=0 furnace=0 embers=80725 bloom=0 veil=856 titles=298457 fade=208 | setup=8431 total=947899
T t=6.0 bar=3 ph=1 overture | render ms 3.21/3.25/3.40 | fps 59.7 | hold 1 miss 0 late 0 | gap ms 16.73 | under 0 fill 465 | copy 2473 cy/line 35.47 Mcy/s | synth 2568 cy/pump 36.83 Mcy/s 1534 cy/sample | tri 0 px 0 part 68 ch 0 | AHASH s=144000 3f1c7235
PROF T t=6 ph=1 overture frames=60 | clear=44598 sky=515092 floor=0 scene=8344 flat=0 gouraud=0 chrome=0 texture=0 furnace=0 embers=80476 bloom=0 veil=857 titles=298980 fade=222 | setup=8344 total=948571
T t=7.0 bar=3 ph=1 overture | render ms 3.21/3.24/3.39 | fps 59.7 | hold 1 miss 0 late 0 | gap ms 16.73 | under 0 fill 465 | copy 2473 cy/line 35.47 Mcy/s | synth 2570 cy/pump 36.86 Mcy/s 1535 cy/sample | tri 0 px 0 part 68 ch 0 | AHASH s=168000 9f2cdd11
PROF T t=7 ph=1 overture frames=60 | clear=44559 sky=514657 floor=0 scene=8191 flat=0 gouraud=0 chrome=0 texture=0 furnace=0 embers=80017 bloom=0 veil=853 titles=298723 fade=226 | setup=8191 total=947228
T t=8.0 bar=4 ph=1 overture | render ms 3.22/3.25/3.38 | fps 59.7 | hold 1 miss 0 late 0 | gap ms 16.73 | under 0 fill 465 | copy 2468 cy/line 35.40 Mcy/s | synth 2733 cy/pump 39.19 Mcy/s 1633 cy/sample | tri 0 px 0 part 69 ch 0 | AHASH s=192000 cbe11e82
PROF T t=8 ph=1 overture frames=60 | clear=44572 sky=515117 floor=0 scene=8353 flat=0 gouraud=0 chrome=0 texture=0 furnace=0 embers=80527 bloom=0 veil=859 titles=298894 fade=221 | setup=8353 total=948546
T t=9.0 bar=4 ph=1 overture | render ms 3.23/3.25/3.42 | fps 59.7 | hold 1 miss 0 late 0 | gap ms 16.73 | under 0 fill 465 | copy 2459 cy/line 35.26 Mcy/s | synth 3008 cy/pump 43.14 Mcy/s 1797 cy/sample | tri 0 px 0 part 69 ch 0 | AHASH s=216000 e3ba8e4b
PROF T t=9 ph=1 overture frames=60 | clear=44532 sky=514766 floor=0 scene=8196 flat=0 gouraud=0 chrome=0 texture=0 furnace=0 embers=82516 bloom=0 veil=847 titles=298806 fade=229 | setup=8196 total=949895
T t=10.0 bar=5 ph=1 overture | render ms 3.22/3.36/3.52 | fps 59.7 | hold 1 miss 0 late 0 | gap ms 16.73 | under 0 fill 465 | copy 2460 cy/line 35.27 Mcy/s | synth 3009 cy/pump 43.16 Mcy/s 1798 cy/sample | tri 4 px 173 part 70 ch 0 | AHASH s=240000 67cd6e7a
PROF T t=10 ph=1 overture frames=60 | clear=44543 sky=517339 floor=0 scene=36885 flat=0 gouraud=0 chrome=0 texture=20680 furnace=0 embers=81269 bloom=0 veil=870 titles=300560 fade=219 | setup=16205 total=981688
T t=11.0 bar=5 ph=1 overture | render ms 3.46/3.50/3.66 | fps 59.7 | hold 1 miss 0 late 0 | gap ms 16.73 | under 0 fill 465 | copy 2461 cy/line 35.29 Mcy/s | synth 3017 cy/pump 43.26 Mcy/s 1802 cy/sample | tri 4 px 173 part 70 ch 0 | AHASH s=264000 893f3166
PROF T t=11 ph=1 overture frames=60 | clear=44576 sky=520662 floor=0 scene=74798 flat=0 gouraud=0 chrome=0 texture=47654 furnace=0 embers=80928 bloom=0 veil=878 titles=302588 fade=230 | setup=27143 total=1024662
T t=12.0 bar=6 ph=1 overture | render ms 3.48/3.51/3.66 | fps 59.7 | hold 1 miss 0 late 0 | gap ms 16.73 | under 0 fill 465 | copy 2461 cy/line 35.29 Mcy/s | synth 3016 cy/pump 43.26 Mcy/s 1802 cy/sample | tri 4 px 173 part 71 ch 0 | AHASH s=288000 6e17375a
PROF T t=12 ph=1 overture frames=60 | clear=44553 sky=520429 floor=0 scene=75278 flat=0 gouraud=0 chrome=0 texture=47726 furnace=0 embers=81833 bloom=0 veil=866 titles=302794 fade=219 | setup=27551 total=1025975
T t=13.0 bar=6 ph=1 overture | render ms 3.47/3.50/3.65 | fps 59.7 | hold 1 miss 0 late 0 | gap ms 16.73 | under 0 fill 465 | copy 2461 cy/line 35.29 Mcy/s | synth 3017 cy/pump 43.26 Mcy/s 1802 cy/sample | tri 4 px 173 part 71 ch 0 | AHASH s=312000 c2bd4215
PROF T t=13 ph=1 overture frames=60 | clear=44572 sky=520409 floor=0 scene=75065 flat=0 gouraud=0 chrome=0 texture=47773 furnace=0 embers=80755 bloom=0 veil=878 titles=302701 fade=217 | setup=27292 total=1024601
T t=14.0 bar=7 ph=1 overture | render ms 3.45/4.05/7.19 | fps 59.7 | hold 1 miss 0 late 0 | gap ms 16.73 | under 0 fill 465 | copy 2466 cy/line 35.36 Mcy/s | synth 3016 cy/pump 43.26 Mcy/s 1802 cy/sample | tri 8 px 653 part 72 ch 0 | AHASH s=336000 1968032c
PROF T t=14 ph=1 overture frames=60 | clear=44596 sky=520246 floor=0 scene=74999 flat=0 gouraud=0 chrome=0 texture=64109 furnace=0 embers=81895 bloom=0 veil=165517 titles=302547 fade=224 | setup=10889 total=1190026
T t=15.0 bar=7 ph=1 overture | render ms 7.30/8.30/9.00 | fps 59.7 | hold 1 miss 0 late 0 | gap ms 16.73 | under 0 fill 465 | copy 2501 cy/line 35.86 Mcy/s | synth 3031 cy/pump 43.47 Mcy/s 1811 cy/sample | tri 8 px 7853 part 72 ch 0 | AHASH s=360000 e3a69d4c
PROF T t=15 ph=1 overture frames=60 | clear=44553 sky=525492 floor=0 scene=74986 flat=0 gouraud=0 chrome=0 texture=417808 furnace=0 embers=83359 bloom=0 veil=1430735 titles=304532 fade=225 | setup=0 total=2463885
PHRASE t=15.3 bar=8 ph=2 the plain | render ms 3.21/4.40/13.65 | fps 59.7 | hold 2 miss 0 late 1 | gap ms 16.76 | under 0 fill 465 | copy 2472 cy/line 35.46 Mcy/s | synth 2718 cy/pump 38.99 Mcy/s 1624 cy/sample | tri 74 px 11633 part 75 ch 1 | AHASH s=360000 e3a69d4c
PROF PHRASE t=15 ph=2 the plain frames=919 | clear=44569 sky=517411 floor=1373 scene=33683 flat=0 gouraud=0 chrome=26 texture=55206 furnace=0 embers=80599 bloom=0 veil=139205 titles=300073 fade=176418 | setup=0 total=1293335
T t=16.0 bar=8 ph=2 the plain | render ms 8.96/12.07/13.65 | fps 59.7 | hold 1 miss 0 late 0 | gap ms 16.73 | under 0 fill 465 | copy 2499 cy/line 35.84 Mcy/s | synth 3038 cy/pump 43.56 Mcy/s 1815 cy/sample | tri 74 px 7789 part 75 ch 1 | AHASH s=384000 d7159f11
PROF T t=16 ph=2 the plain frames=60 | clear=44691 sky=525487 floor=873936 scene=376939 flat=0 gouraud=0 chrome=17090 texture=783024 furnace=0 embers=85819 bloom=0 veil=1595548 titles=92731 fade=206 | setup=0 total=3595362
T t=17.0 bar=8 ph=2 the plain | render ms 8.18/11.43/13.19 | fps 59.7 | hold 1 miss 0 late 0 | gap ms 16.73 | under 0 fill 465 | copy 2488 cy/line 35.69 Mcy/s | synth 3025 cy/pump 43.39 Mcy/s 1807 cy/sample | tri 70 px 2986 part 75 ch 1 | AHASH s=408000 61dc6c0f
PROF T t=17 ph=2 the plain frames=60 | clear=44601 sky=523962 floor=1247947 scene=506657 flat=0 gouraud=0 chrome=24396 texture=561680 furnace=0 embers=87623 bloom=0 veil=977754 titles=12779 fade=219 | setup=0 total=3401545
T t=18.0 bar=9 ph=2 the plain | render ms 8.17/8.23/8.37 | fps 59.7 | hold 1 miss 0 late 0 | gap ms 16.73 | under 0 fill 465 | copy 2474 cy/line 35.49 Mcy/s | synth 3024 cy/pump 43.37 Mcy/s 1807 cy/sample | tri 70 px 3001 part 75 ch 1 | AHASH s=432000 2e15854e
PROF T t=18 ph=2 the plain frames=60 | clear=44545 sky=524300 floor=1248218 scene=509299 flat=0 gouraud=0 chrome=24405 texture=376482 furnace=0 embers=87072 bloom=0 veil=875 titles=26794 fade=206 | setup=108411 total=2441313
T t=19.0 bar=9 ph=2 the plain | render ms 8.18/8.23/8.39 | fps 59.7 | hold 1 miss 0 late 0 | gap ms 16.73 | under 0 fill 465 | copy 2476 cy/line 35.50 Mcy/s | synth 3021 cy/pump 43.32 Mcy/s 1805 cy/sample | tri 70 px 2994 part 75 ch 1 | AHASH s=456000 0fee5aae
PROF T t=19 ph=2 the plain frames=60 | clear=44573 sky=524239 floor=1247853 scene=510398 flat=0 gouraud=0 chrome=24343 texture=377893 furnace=0 embers=87055 bloom=0 veil=872 titles=26843 fade=206 | setup=108161 total=2442042
T t=20.0 bar=10 ph=2 the plain | render ms 8.17/8.22/8.36 | fps 59.7 | hold 1 miss 0 late 0 | gap ms 16.73 | under 0 fill 465 | copy 2475 cy/line 35.50 Mcy/s | synth 3020 cy/pump 43.32 Mcy/s 1805 cy/sample | tri 70 px 3004 part 75 ch 1 | AHASH s=480000 024f13e5
PROF T t=20 ph=2 the plain frames=60 | clear=44519 sky=524260 floor=1247828 scene=508941 flat=0 gouraud=0 chrome=24228 texture=376684 furnace=0 embers=85276 bloom=0 veil=879 titles=26828 fade=204 | setup=108028 total=2438738
T t=21.0 bar=10 ph=2 the plain | render ms 8.17/8.22/8.38 | fps 59.7 | hold 1 miss 0 late 0 | gap ms 16.73 | under 0 fill 465 | copy 2475 cy/line 35.50 Mcy/s | synth 3025 cy/pump 43.39 Mcy/s 1807 cy/sample | tri 70 px 3005 part 75 ch 1 | AHASH s=504000 6bc4f7f9
PROF T t=21 ph=2 the plain frames=60 | clear=44500 sky=523714 floor=1248455 scene=509995 flat=0 gouraud=0 chrome=24364 texture=377517 furnace=0 embers=85220 bloom=0 veil=872 titles=26981 fade=202 | setup=108113 total=2439942
T t=22.0 bar=11 ph=2 the plain | render ms 8.18/8.23/8.36 | fps 59.7 | hold 1 miss 0 late 0 | gap ms 16.73 | under 0 fill 465 | copy 2475 cy/line 35.50 Mcy/s | synth 3022 cy/pump 43.34 Mcy/s 1806 cy/sample | tri 70 px 3027 part 76 ch 1 | AHASH s=528000 6c7867f1
PROF T t=22 ph=2 the plain frames=60 | clear=44598 sky=524550 floor=1247953 scene=510750 flat=0 gouraud=0 chrome=24411 texture=378188 furnace=0 embers=86135 bloom=0 veil=878 titles=26957 fade=203 | setup=108150 total=2442027
T t=23.0 bar=12 ph=2 the plain | render ms 8.19/8.23/8.38 | fps 59.7 | hold 1 miss 0 late 0 | gap ms 16.73 | under 0 fill 465 | copy 2475 cy/line 35.49 Mcy/s | synth 3020 cy/pump 43.31 Mcy/s 1804 cy/sample | tri 70 px 3031 part 77 ch 1 | AHASH s=552000 4c4ba436
PROF T t=23 ph=2 the plain frames=60 | clear=44578 sky=524658 floor=1248124 scene=510036 flat=0 gouraud=0 chrome=24347 texture=377908 furnace=0 embers=87803 bloom=0 veil=880 titles=26815 fade=207 | setup=107780 total=2443104
T t=24.0 bar=12 ph=2 the plain | render ms 8.18/8.24/8.38 | fps 59.7 | hold 1 miss 0 late 0 | gap ms 16.73 | under 0 fill 465 | copy 2475 cy/line 35.50 Mcy/s | synth 3022 cy/pump 43.34 Mcy/s 1805 cy/sample | tri 70 px 3061 part 77 ch 1 | AHASH s=576000 dd9eff28
PROF T t=24 ph=2 the plain frames=60 | clear=44594 sky=524178 floor=1248074 scene=510776 flat=0 gouraud=0 chrome=24263 texture=378640 furnace=0 embers=89543 bloom=0 veil=866 titles=26858 fade=200 | setup=107871 total=2445092
T t=25.0 bar=13 ph=2 the plain | render ms 8.10/8.22/8.37 | fps 59.7 | hold 1 miss 0 late 0 | gap ms 16.73 | under 0 fill 465 | copy 2475 cy/line 35.50 Mcy/s | synth 3019 cy/pump 43.29 Mcy/s 1804 cy/sample | tri 70 px 3040 part 77 ch 1 | AHASH s=600000 77d6e64d
PROF T t=25 ph=2 the plain frames=60 | clear=44554 sky=524026 floor=1248103 scene=508744 flat=0 gouraud=0 chrome=24460 texture=377100 furnace=0 embers=89707 bloom=0 veil=876 titles=23379 fade=200 | setup=107184 total=2439592
T t=26.0 bar=13 ph=2 the plain | render ms 8.09/8.14/8.27 | fps 59.7 | hold 1 miss 0 late 0 | gap ms 16.73 | under 0 fill 465 | copy 2475 cy/line 35.50 Mcy/s | synth 3021 cy/pump 43.33 Mcy/s 1805 cy/sample | tri 70 px 3055 part 77 ch 1 | AHASH s=624000 5b6cb012
PROF T t=26 ph=2 the plain frames=60 | clear=44552 sky=522867 floor=1247515 scene=508317 flat=0 gouraud=0 chrome=24448 texture=376258 furnace=0 embers=89877 bloom=0 veil=880 titles=1404 fade=214 | setup=107610 total=2415630
T t=27.0 bar=14 ph=2 the plain | render ms 8.10/8.15/8.28 | fps 59.7 | hold 1 miss 0 late 0 | gap ms 16.73 | under 0 fill 465 | copy 2476 cy/line 35.51 Mcy/s | synth 3018 cy/pump 43.28 Mcy/s 1803 cy/sample | tri 70 px 3081 part 78 ch 1 | AHASH s=648000 6b7bf1ef
PROF T t=27 ph=2 the plain frames=60 | clear=44557 sky=523097 floor=1247350 scene=512787 flat=0 gouraud=0 chrome=24427 texture=380279 furnace=0 embers=88602 bloom=0 veil=884 titles=1404 fade=204 | setup=108081 total=2418888
T t=28.0 bar=14 ph=2 the plain | render ms 8.11/8.15/8.29 | fps 59.7 | hold 1 miss 0 late 0 | gap ms 16.73 | under 0 fill 465 | copy 2476 cy/line 35.50 Mcy/s | synth 3021 cy/pump 43.33 Mcy/s 1805 cy/sample | tri 70 px 3067 part 78 ch 1 | AHASH s=672000 ffe2d472
PROF T t=28 ph=2 the plain frames=60 | clear=44570 sky=522664 floor=1247292 scene=514194 flat=0 gouraud=0 chrome=24455 texture=381398 furnace=0 embers=86659 bloom=0 veil=871 titles=1415 fade=227 | setup=108340 total=2417897
T t=29.1 bar=15 ph=2 the plain | render ms 8.10/8.15/8.29 | fps 59.7 | hold 1 miss 0 late 0 | gap ms 16.73 | under 0 fill 465 | copy 2476 cy/line 35.50 Mcy/s | synth 3020 cy/pump 43.31 Mcy/s 1804 cy/sample | tri 70 px 3076 part 79 ch 1 | AHASH s=696000 f6db67eb
PROF T t=29 ph=2 the plain frames=60 | clear=44587 sky=522897 floor=1247079 scene=514698 flat=0 gouraud=0 chrome=24411 texture=381477 furnace=0 embers=87549 bloom=0 veil=872 titles=1382 fade=218 | setup=108809 total=2419286
T t=30.1 bar=15 ph=2 the plain | render ms 8.12/8.17/8.30 | fps 59.7 | hold 1 miss 0 late 0 | gap ms 16.73 | under 0 fill 465 | copy 2476 cy/line 35.50 Mcy/s | synth 3020 cy/pump 43.31 Mcy/s 1804 cy/sample | tri 70 px 3093 part 79 ch 1 | AHASH s=720000 f5803255
PROF T t=30 ph=2 the plain frames=60 | clear=44590 sky=522852 floor=1247792 scene=516642 flat=0 gouraud=0 chrome=24548 texture=383085 furnace=0 embers=89586 bloom=0 veil=872 titles=1393 fade=203 | setup=109007 total=2423932
PHRASE t=30.7 bar=16 ph=3 the plain | render ms 8.09/8.64/13.62 | fps 59.7 | hold 1 miss 0 late 0 | gap ms 16.73 | under 0 fill 465 | copy 2477 cy/line 35.53 Mcy/s | synth 3022 cy/pump 43.34 Mcy/s 1805 cy/sample | tri 70 px 3132 part 82 ch 1 | AHASH s=720000 f5803255
PROF PHRASE t=30 ph=3 the plain frames=918 | clear=44572 sky=523704 floor=1247858 scene=510839 flat=0 gouraud=0 chrome=24401 texture=412000 furnace=0 embers=87710 bloom=0 veil=134674 titles=15228 fade=207 | setup=74437 total=2564796
T t=31.1 bar=16 ph=3 the plain | render ms 8.11/8.17/8.32 | fps 59.7 | hold 1 miss 0 late 0 | gap ms 16.73 | under 0 fill 465 | copy 2475 cy/line 35.50 Mcy/s | synth 3019 cy/pump 43.29 Mcy/s 1804 cy/sample | tri 70 px 3134 part 82 ch 1 | AHASH s=744000 81431960
PROF T t=31 ph=3 the plain frames=60 | clear=44683 sky=523110 floor=1247937 scene=515651 flat=0 gouraud=0 chrome=24480 texture=382708 furnace=0 embers=89788 bloom=0 veil=881 titles=1401 fade=200 | setup=108462 total=2423653
T t=32.1 bar=16 ph=3 the plain | render ms 8.12/8.17/8.32 | fps 59.7 | hold 1 miss 0 late 0 | gap ms 16.73 | under 0 fill 465 | copy 2476 cy/line 35.51 Mcy/s | synth 3021 cy/pump 43.32 Mcy/s 1805 cy/sample | tri 70 px 3141 part 82 ch 1 | AHASH s=768000 2e36c2ff
PROF T t=32 ph=3 the plain frames=60 | clear=44588 sky=522674 floor=1247452 scene=517187 flat=0 gouraud=0 chrome=24291 texture=384348 furnace=0 embers=90122 bloom=0 veil=872 titles=1394 fade=221 | setup=108547 total=2424514
T t=33.1 bar=17 ph=3 the plain | render ms 8.13/8.18/8.33 | fps 59.7 | hold 1 miss 0 late 0 | gap ms 16.73 | under 0 fill 465 | copy 2476 cy/line 35.51 Mcy/s | synth 3018 cy/pump 43.28 Mcy/s 1803 cy/sample | tri 70 px 3162 part 82 ch 1 | AHASH s=792000 db9f6da3
PROF T t=33 ph=3 the plain frames=60 | clear=44568 sky=522869 floor=1247822 scene=519054 flat=0 gouraud=0 chrome=24274 texture=385971 furnace=0 embers=90738 bloom=0 veil=871 titles=1402 fade=227 | setup=108808 total=2427554
T t=34.1 bar=17 ph=3 the plain | render ms 8.13/8.19/8.33 | fps 59.7 | hold 1 miss 0 late 0 | gap ms 16.73 | under 0 fill 465 | copy 2476 cy/line 35.51 Mcy/s | synth 3022 cy/pump 43.34 Mcy/s 1805 cy/sample | tri 70 px 3177 part 82 ch 1 | AHASH s=816000 fe2692d6
PROF T t=34 ph=3 the plain frames=60 | clear=44530 sky=522612 floor=1247721 scene=519596 flat=0 gouraud=0 chrome=24308 texture=386779 furnace=0 embers=92312 bloom=0 veil=866 titles=1393 fade=213 | setup=108508 total=2429246
T t=35.1 bar=18 ph=3 the plain | render ms 8.13/8.19/8.34 | fps 59.7 | hold 1 miss 0 late 0 | gap ms 16.73 | under 0 fill 465 | copy 2476 cy/line 35.52 Mcy/s | synth 3019 cy/pump 43.30 Mcy/s 1804 cy/sample | tri 70 px 3192 part 83 ch 1 | AHASH s=840000 c7922fc0
PROF T t=35 ph=3 the plain frames=60 | clear=44596 sky=522535 floor=1247343 scene=520693 flat=0 gouraud=0 chrome=24506 texture=387443 furnace=0 embers=92071 bloom=0 veil=885 titles=1390 fade=202 | setup=108743 total=2429719
T t=36.1 bar=18 ph=3 the plain | render ms 8.15/8.20/8.38 | fps 59.7 | hold 1 miss 0 late 0 | gap ms 16.73 | under 0 fill 465 | copy 2476 cy/line 35.51 Mcy/s | synth 3020 cy/pump 43.31 Mcy/s 1804 cy/sample | tri 70 px 3195 part 83 ch 1 | AHASH s=864000 197a6d81
PROF T t=36 ph=3 the plain frames=60 | clear=44574 sky=522821 floor=1247749 scene=521803 flat=0 gouraud=0 chrome=24431 texture=388917 furnace=0 embers=94887 bloom=0 veil=864 titles=1387 fade=219 | setup=108454 total=2434307
T t=37.1 bar=19 ph=3 the plain | render ms 8.17/8.21/8.34 | fps 59.7 | hold 1 miss 0 late 0 | gap ms 16.73 | under 0 fill 465 | copy 2476 cy/line 35.51 Mcy/s | synth 3023 cy/pump 43.35 Mcy/s 1806 cy/sample | tri 70 px 3209 part 84 ch 1 | AHASH s=888000 7489a231
PROF T t=37 ph=3 the plain frames=60 | clear=44571 sky=523025 floor=1247707 scene=521814 flat=0 gouraud=0 chrome=24444 texture=388656 furnace=0 embers=97311 bloom=0 veil=894 titles=1417 fade=214 | setup=108714 total=2436957
T t=38.1 bar=19 ph=3 the plain | render ms 8.14/8.21/8.39 | fps 59.7 | hold 1 miss 0 late 0 | gap ms 16.73 | under 0 fill 465 | copy 2476 cy/line 35.51 Mcy/s | synth 3021 cy/pump 43.32 Mcy/s 1805 cy/sample | tri 70 px 3218 part 84 ch 1 | AHASH s=912000 f1caa5b0
PROF T t=38 ph=3 the plain frames=60 | clear=44507 sky=523187 floor=1247618 scene=520663 flat=0 gouraud=0 chrome=24583 texture=387252 furnace=0 embers=97707 bloom=0 veil=870 titles=1387 fade=214 | setup=108827 total=2436157
T t=39.1 bar=20 ph=3 the plain | render ms 8.17/8.22/8.36 | fps 59.7 | hold 1 miss 0 late 0 | gap ms 16.73 | under 0 fill 465 | copy 2476 cy/line 35.51 Mcy/s | synth 3021 cy/pump 43.33 Mcy/s 1805 cy/sample | tri 70 px 3231 part 86 ch 1 | AHASH s=936000 6502a091
PROF T t=39 ph=3 the plain frames=60 | clear=44542 sky=523334 floor=1248097 scene=522236 flat=0 gouraud=0 chrome=24596 texture=389455 furnace=0 embers=97927 bloom=0 veil=880 titles=1380 fade=215 | setup=108185 total=2438614
T t=40.1 bar=20 ph=3 the plain | render ms 8.18/8.22/8.38 | fps 59.7 | hold 1 miss 0 late 0 | gap ms 16.73 | under 0 fill 465 | copy 2476 cy/line 35.51 Mcy/s | synth 3022 cy/pump 43.34 Mcy/s 1805 cy/sample | tri 70 px 3237 part 86 ch 1 | AHASH s=960000 343dd2f7
PROF T t=40 ph=3 the plain frames=60 | clear=44553 sky=522935 floor=1248210 scene=523035 flat=0 gouraud=0 chrome=24466 texture=390213 furnace=0 embers=97923 bloom=0 veil=882 titles=1393 fade=208 | setup=108356 total=2439143
T t=41.1 bar=21 ph=3 the plain | render ms 8.17/8.22/8.38 | fps 59.7 | hold 1 miss 0 late 0 | gap ms 16.73 | under 0 fill 465 | copy 2476 cy/line 35.51 Mcy/s | synth 3017 cy/pump 43.27 Mcy/s 1803 cy/sample | tri 70 px 3254 part 86 ch 1 | AHASH s=984000 1856fdf2
PROF T t=41 ph=3 the plain frames=60 | clear=44574 sky=522702 floor=1247865 scene=522654 flat=0 gouraud=0 chrome=24438 texture=390331 furnace=0 embers=98407 bloom=0 veil=870 titles=1402 fade=221 | setup=107885 total=2438698
T t=42.1 bar=21 ph=3 the plain | render ms 8.16/8.21/8.36 | fps 59.7 | hold 1 miss 0 late 0 | gap ms 16.73 | under 0 fill 465 | copy 2476 cy/line 35.51 Mcy/s | synth 3023 cy/pump 43.36 Mcy/s 1806 cy/sample | tri 70 px 3252 part 86 ch 1 | AHASH s=1008000 a0412651
PROF T t=42 ph=3 the plain frames=60 | clear=44540 sky=523103 floor=1247925 scene=522679 flat=0 gouraud=0 chrome=24448 texture=390212 furnace=0 embers=96781 bloom=0 veil=874 titles=1416 fade=221 | setup=108017 total=2437542
T t=43.1 bar=22 ph=3 the plain | render ms 8.16/8.22/8.34 | fps 59.7 | hold 1 miss 0 late 0 | gap ms 16.73 | under 0 fill 465 | copy 2476 cy/line 35.51 Mcy/s | synth 3020 cy/pump 43.30 Mcy/s 1804 cy/sample | tri 70 px 3260 part 87 ch 1 | AHASH s=1032000 aaebaad7
PROF T t=43 ph=3 the plain frames=60 | clear=44500 sky=522964 floor=1247722 scene=523071 flat=0 gouraud=0 chrome=24336 texture=390648 furnace=0 embers=97329 bloom=0 veil=874 titles=1406 fade=214 | setup=108086 total=2438082
T t=44.1 bar=23 ph=3 the plain | render ms 8.18/8.22/8.37 | fps 59.7 | hold 1 miss 0 late 0 | gap ms 16.73 | under 0 fill 465 | copy 2477 cy/line 35.52 Mcy/s | synth 3020 cy/pump 43.31 Mcy/s 1804 cy/sample | tri 70 px 3250 part 89 ch 1 | AHASH s=1056000 b6aeddef
PROF T t=44 ph=3 the plain frames=60 | clear=44573 sky=523645 floor=1247818 scene=523085 flat=0 gouraud=0 chrome=24285 texture=390442 furnace=0 embers=98890 bloom=0 veil=876 titles=1395 fade=198 | setup=108357 total=2440482
T t=45.1 bar=23 ph=3 the plain | render ms 8.18/10.53/12.81 | fps 59.7 | hold 1 miss 0 late 0 | gap ms 16.73 | under 0 fill 465 | copy 2485 cy/line 35.64 Mcy/s | synth 3029 cy/pump 43.44 Mcy/s 1810 cy/sample | tri 74 px 6139 part 89 ch 1 | AHASH s=1080000 3c3b7676
PROF T t=45 ph=3 the plain frames=60 | clear=44551 sky=523044 floor=1247733 scene=522795 flat=0 gouraud=0 chrome=24315 texture=506157 furnace=0 embers=99805 bloom=0 veil=691356 titles=1419 fade=204 | setup=0 total=3130911
PHRASE t=46.0 bar=24 ph=4 the hand | render ms 8.12/8.67/20.37 | fps 59.6 | hold 2 miss 0 late 1 | gap ms 33.47 | under 0 fill 465 | copy 2478 cy/line 35.54 Mcy/s | synth 3022 cy/pump 43.33 Mcy/s 1805 cy/sample | tri 346 px 52338 part 94 ch 2 | AHASH s=1104000 159985cb
PROF PHRASE t=46 ph=4 the hand frames=918 | clear=44558 sky=523102 floor=1246410 scene=524945 flat=0 gouraud=0 chrome=25176 texture=425877 furnace=0 embers=96035 bloom=0 veil=138106 titles=1398 fade=214 | setup=73891 total=2574771
T t=46.1 bar=24 ph=4 the hand | render ms 12.85/13.72/20.38 | fps 56.7 | hold 2 miss 0 late 3 | gap ms 33.47 | under 0 fill 465 | copy 2499 cy/line 35.84 Mcy/s | synth 3030 cy/pump 43.45 Mcy/s 1810 cy/sample | tri 346 px 52340 part 94 ch 2 | AHASH s=1104000 159985cb
PROF T t=46 ph=4 the hand frames=57 | clear=44622 sky=525351 floor=1182214 scene=693705 flat=0 gouraud=0 chrome=61707 texture=969404 furnace=0 embers=100692 bloom=0 veil=1541173 titles=1385 fade=216 | setup=0 total=4089360
T t=47.1 bar=24 ph=4 the hand | render ms 19.19/19.86/20.42 | fps 29.8 | hold 2 miss 0 late 30 | gap ms 33.47 | under 0 fill 465 | copy 2505 cy/line 35.93 Mcy/s | synth 3015 cy/pump 43.24 Mcy/s 1801 cy/sample | tri 346 px 45197 part 94 ch 2 | AHASH s=1128000 a507af95
PROF T t=47 ph=4 the hand frames=30 | clear=44666 sky=519729 floor=0 scene=3770964 flat=0 gouraud=0 chrome=733704 texture=3142793 furnace=0 embers=105401 bloom=0 veil=1487045 titles=1294 fade=216 | setup=0 total=5929317
T t=48.1 bar=25 ph=4 the hand | render ms 14.96/15.88/19.25 | fps 47.8 | hold 2 miss 0 late 12 | gap ms 33.47 | under 0 fill 465 | copy 2510 cy/line 36.00 Mcy/s | synth 3046 cy/pump 43.68 Mcy/s 1820 cy/sample | tri 342 px 43849 part 94 ch 2 | AHASH s=1152000 fea4f11a
PROF T t=48 ph=4 the hand frames=48 | clear=44581 sky=518561 floor=0 scene=3780096 flat=0 gouraud=0 chrome=736942 texture=2775654 furnace=0 embers=104577 bloom=0 veil=266098 titles=21025 fade=203 | setup=267498 total=4735144
T t=49.1 bar=25 ph=4 the hand | render ms 14.96/15.01/15.08 | fps 59.7 | hold 1 miss 0 late 0 | gap ms 16.73 | under 0 fill 465 | copy 2518 cy/line 36.11 Mcy/s | synth 3062 cy/pump 43.92 Mcy/s 1830 cy/sample | tri 342 px 43973 part 94 ch 2 | AHASH s=1176000 ac690a5a
PROF T t=49 ph=4 the hand frames=60 | clear=44589 sky=518489 floor=0 scene=3784304 flat=0 gouraud=0 chrome=739267 texture=2740420 furnace=0 embers=105200 bloom=0 veil=856 titles=22959 fade=214 | setup=304616 total=4476615
T t=50.1 bar=26 ph=4 the hand | render ms 15.00/15.06/15.14 | fps 59.7 | hold 1 miss 0 late 0 | gap ms 16.73 | under 0 fill 465 | copy 2518 cy/line 36.11 Mcy/s | synth 3064 cy/pump 43.94 Mcy/s 1831 cy/sample | tri 342 px 44181 part 94 ch 2 | AHASH s=1200000 f873dd08
PROF T t=50 ph=4 the hand frames=60 | clear=44599 sky=518348 floor=0 scene=3798037 flat=0 gouraud=0 chrome=740917 texture=2752639 furnace=0 embers=104955 bloom=0 veil=856 titles=23026 fade=212 | setup=304480 total=4490037
T t=51.1 bar=26 ph=4 the hand | render ms 15.01/15.07/15.18 | fps 59.7 | hold 1 miss 0 late 0 | gap ms 16.73 | under 0 fill 465 | copy 2517 cy/line 36.10 Mcy/s | synth 3065 cy/pump 43.95 Mcy/s 1831 cy/sample | tri 342 px 44108 part 94 ch 2 | AHASH s=1224000 c3b4bb76
PROF T t=51 ph=4 the hand frames=60 | clear=44593 sky=518047 floor=0 scene=3800476 flat=0 gouraud=0 chrome=738019 texture=2758966 furnace=0 embers=105418 bloom=0 veil=852 titles=23088 fade=214 | setup=303490 total=4492692
T t=52.1 bar=27 ph=4 the hand | render ms 15.04/15.11/15.19 | fps 59.7 | hold 1 miss 0 late 0 | gap ms 16.73 | under 0 fill 465 | copy 2517 cy/line 36.09 Mcy/s | synth 3064 cy/pump 43.94 Mcy/s 1830 cy/sample | tri 342 px 44621 part 94 ch 2 | AHASH s=1248000 05745f6b
PROF T t=52 ph=4 the hand frames=60 | clear=44543 sky=517389 floor=0 scene=3814080 flat=0 gouraud=0 chrome=739358 texture=2771292 furnace=0 embers=106652 bloom=0 veil=866 titles=23021 fade=206 | setup=303428 total=4506760
T t=53.2 bar=27 ph=4 the hand | render ms 15.14/15.17/15.26 | fps 59.7 | hold 1 miss 0 late 0 | gap ms 16.73 | under 0 fill 465 | copy 2517 cy/line 36.10 Mcy/s | synth 3066 cy/pump 43.97 Mcy/s 1832 cy/sample | tri 342 px 44903 part 94 ch 2 | AHASH s=1272000 a13b2140
PROF T t=53 ph=4 the hand frames=60 | clear=44561 sky=517656 floor=0 scene=3832712 flat=0 gouraud=0 chrome=742304 texture=2787623 furnace=0 embers=105965 bloom=0 veil=852 titles=22723 fade=206 | setup=302784 total=4524678
T t=54.2 bar=28 ph=4 the hand | render ms 15.16/15.24/15.32 | fps 59.7 | hold 1 miss 0 late 0 | gap ms 16.73 | under 0 fill 465 | copy 2519 cy/line 36.13 Mcy/s | synth 3065 cy/pump 43.95 Mcy/s 1831 cy/sample | tri 342 px 45311 part 95 ch 2 | AHASH s=1296000 78105b3c
PROF T t=54 ph=4 the hand frames=60 | clear=44593 sky=517468 floor=0 scene=3852210 flat=0 gouraud=0 chrome=744706 texture=2804548 furnace=0 embers=106973 bloom=0 veil=869 titles=22686 fade=205 | setup=302955 total=4545006
T t=55.2 bar=28 ph=4 the hand | render ms 15.27/15.33/15.42 | fps 59.7 | hold 1 miss 0 late 0 | gap ms 16.73 | under 0 fill 465 | copy 2520 cy/line 36.13 Mcy/s | synth 3065 cy/pump 43.95 Mcy/s 1831 cy/sample | tri 342 px 45646 part 95 ch 2 | AHASH s=1320000 afedece0
PROF T t=55 ph=4 the hand frames=60 | clear=44606 sky=518212 floor=0 scene=3879714 flat=0 gouraud=0 chrome=752739 texture=2823731 furnace=0 embers=106278 bloom=0 veil=855 titles=22692 fade=213 | setup=303243 total=4572574
T t=56.2 bar=29 ph=4 the hand | render ms 15.33/15.38/15.48 | fps 59.7 | hold 1 miss 0 late 0 | gap ms 16.73 | under 0 fill 465 | copy 2520 cy/line 36.14 Mcy/s | synth 3066 cy/pump 43.96 Mcy/s 1832 cy/sample | tri 342 px 46103 part 95 ch 2 | AHASH s=1344000 5b477c1e
PROF T t=56 ph=4 the hand frames=60 | clear=44569 sky=518292 floor=0 scene=3906423 flat=0 gouraud=0 chrome=758135 texture=2844739 furnace=0 embers=106353 bloom=0 veil=849 titles=10984 fade=216 | setup=303548 total=4587688
T t=57.2 bar=29 ph=4 the hand | render ms 15.36/15.43/15.50 | fps 59.7 | hold 1 miss 0 late 0 | gap ms 16.73 | under 0 fill 465 | copy 2520 cy/line 36.14 Mcy/s | synth 3065 cy/pump 43.96 Mcy/s 1831 cy/sample | tri 342 px 46539 part 95 ch 2 | AHASH s=1368000 812c4246
PROF T t=57 ph=4 the hand frames=60 | clear=44637 sky=518434 floor=0 scene=3928871 flat=0 gouraud=0 chrome=764260 texture=2862081 furnace=0 embers=106759 bloom=0 veil=849 titles=1409 fade=213 | setup=302530 total=4601174
T t=58.2 bar=30 ph=4 the hand | render ms 15.43/15.52/15.60 | fps 59.7 | hold 1 miss 0 late 0 | gap ms 16.73 | under 0 fill 465 | copy 2521 cy/line 36.15 Mcy/s | synth 3067 cy/pump 43.99 Mcy/s 1833 cy/sample | tri 342 px 46796 part 96 ch 2 | AHASH s=1392000 bd966cf3
PROF T t=58 ph=4 the hand frames=60 | clear=44554 sky=518805 floor=0 scene=3954829 flat=0 gouraud=0 chrome=767865 texture=2884130 furnace=0 embers=108749 bloom=0 veil=853 titles=1406 fade=210 | setup=302834 total=4629408
T t=59.2 bar=30 ph=4 the hand | render ms 15.47/15.53/15.62 | fps 59.7 | hold 1 miss 0 late 0 | gap ms 16.73 | under 0 fill 465 | copy 2521 cy/line 36.16 Mcy/s | synth 3069 cy/pump 44.02 Mcy/s 1834 cy/sample | tri 342 px 47150 part 96 ch 2 | AHASH s=1416000 6495f6fb
PROF T t=59 ph=4 the hand frames=60 | clear=44608 sky=518630 floor=0 scene=3957995 flat=0 gouraud=0 chrome=762250 texture=2892439 furnace=0 embers=109155 bloom=0 veil=847 titles=1400 fade=215 | setup=303304 total=4632853
T t=60.2 bar=31 ph=4 the hand | render ms 15.54/15.60/15.69 | fps 59.7 | hold 1 miss 0 late 0 | gap ms 16.73 | under 0 fill 465 | copy 2522 cy/line 36.16 Mcy/s | synth 3066 cy/pump 43.97 Mcy/s 1832 cy/sample | tri 342 px 47383 part 98 ch 2 | AHASH s=1440000 3f5f9a21
PROF T t=60 ph=4 the hand frames=60 | clear=44613 sky=516244 floor=0 scene=3980796 flat=0 gouraud=0 chrome=759016 texture=2918679 furnace=0 embers=108280 bloom=0 veil=859 titles=1396 fade=214 | setup=303100 total=4652405
T t=61.2 bar=31 ph=4 the hand | render ms 15.58/15.65/15.72 | fps 59.7 | hold 1 miss 0 late 0 | gap ms 16.73 | under 0 fill 465 | copy 2522 cy/line 36.16 Mcy/s | synth 3068 cy/pump 44.00 Mcy/s 1833 cy/sample | tri 342 px 47502 part 98 ch 2 | AHASH s=1464000 444d7d03
PROF T t=61 ph=4 the hand frames=60 | clear=44607 sky=517556 floor=0 scene=3994572 flat=0 gouraud=0 chrome=764101 texture=2927039 furnace=0 embers=108799 bloom=0 veil=869 titles=1386 fade=209 | setup=303431 total=4668000
PHRASE t=61.4 bar=32 ph=5 the hand | render ms 14.96/15.52/20.42 | fps 56.8 | hold 2 miss 0 late 44 | gap ms 33.47 | under 0 fill 465 | copy 2518 cy/line 36.11 Mcy/s | synth 3061 cy/pump 43.89 Mcy/s 1829 cy/sample | tri 342 px 47647 part 104 ch 2 | AHASH s=1464000 444d7d03
PROF PHRASE t=61 ph=5 the hand frames=873 | clear=44601 sky=518120 floor=0 scene=3875277 flat=0 gouraud=0 chrome=750409 texture=2838758 furnace=0 embers=106759 bloom=0 veil=70232 titles=13470 fade=211 | setup=286108 total=4628673
T t=62.2 bar=32 ph=5 the hand | render ms 15.62/15.72/15.82 | fps 59.7 | hold 1 miss 0 late 0 | gap ms 16.73 | under 0 fill 465 | copy 2522 cy/line 36.16 Mcy/s | synth 3067 cy/pump 43.98 Mcy/s 1832 cy/sample | tri 342 px 47742 part 104 ch 2 | AHASH s=1488000 941943d6
PROF T t=62 ph=5 the hand frames=60 | clear=44649 sky=517841 floor=0 scene=4009095 flat=0 gouraud=0 chrome=761766 texture=2943785 furnace=0 embers=114995 bloom=0 veil=853 titles=1413 fade=216 | setup=303543 total=4689065
T t=63.2 bar=32 ph=5 the hand | render ms 15.73/15.81/15.89 | fps 59.7 | hold 1 miss 0 late 0 | gap ms 16.73 | under 0 fill 465 | copy 2522 cy/line 36.17 Mcy/s | synth 3068 cy/pump 44.00 Mcy/s 1833 cy/sample | tri 342 px 48256 part 104 ch 2 | AHASH s=1512000 8a2532e6
PROF T t=63 ph=5 the hand frames=60 | clear=44578 sky=519447 floor=0 scene=4033470 flat=0 gouraud=0 chrome=769814 texture=2959424 furnace=0 embers=114905 bloom=0 veil=862 titles=1389 fade=202 | setup=304231 total=4714855
T t=64.2 bar=33 ph=5 the hand | render ms 15.83/15.87/15.94 | fps 59.7 | hold 1 miss 0 late 0 | gap ms 16.73 | under 0 fill 465 | copy 2521 cy/line 36.16 Mcy/s | synth 3069 cy/pump 44.01 Mcy/s 1834 cy/sample | tri 342 px 48440 part 104 ch 2 | AHASH s=1536000 106f9ee9
PROF T t=64 ph=5 the hand frames=60 | clear=44650 sky=520183 floor=0 scene=4053202 flat=0 gouraud=0 chrome=776002 texture=2973333 furnace=0 embers=113856 bloom=0 veil=872 titles=1404 fade=206 | setup=303865 total=4734377
T t=65.2 bar=33 ph=5 the hand | render ms 15.83/15.90/16.02 | fps 59.7 | hold 1 miss 0 late 0 | gap ms 16.73 | under 0 fill 465 | copy 2521 cy/line 36.15 Mcy/s | synth 3069 cy/pump 44.01 Mcy/s 1834 cy/sample | tri 340 px 48560 part 104 ch 2 | AHASH s=1560000 6056688e
PROF T t=65 ph=5 the hand frames=60 | clear=44641 sky=519454 floor=0 scene=4061480 flat=0 gouraud=0 chrome=765170 texture=2992096 furnace=0 embers=114231 bloom=0 veil=862 titles=1405 fade=213 | setup=304214 total=4742289
T t=66.2 bar=34 ph=5 the hand | render ms 15.89/15.95/16.07 | fps 58.7 | hold 2 miss 0 late 1 | gap ms 33.47 | under 0 fill 465 | copy 2522 cy/line 36.17 Mcy/s | synth 3066 cy/pump 43.96 Mcy/s 1832 cy/sample | tri 340 px 48811 part 104 ch 2 | AHASH s=1584000 ff52ffe2
PROF T t=66 ph=5 the hand frames=59 | clear=44624 sky=516677 floor=0 scene=4079369 flat=0 gouraud=0 chrome=766452 texture=3008625 furnace=0 embers=115760 bloom=0 veil=858 titles=1418 fade=219 | setup=304291 total=4758928
T t=67.2 bar=35 ph=5 the hand | render ms 15.97/16.01/16.13 | fps 58.7 | hold 2 miss 0 late 1 | gap ms 33.47 | under 0 fill 465 | copy 2522 cy/line 36.17 Mcy/s | synth 3064 cy/pump 43.95 Mcy/s 1831 cy/sample | tri 340 px 48973 part 104 ch 2 | AHASH s=1608000 83f990b5
PROF T t=67 ph=5 the hand frames=59 | clear=44603 sky=517285 floor=0 scene=4097568 flat=0 gouraud=0 chrome=769185 texture=3024429 furnace=0 embers=115194 bloom=0 veil=858 titles=1387 fade=198 | setup=303953 total=4777097
T t=68.2 bar=35 ph=5 the hand | render ms 15.99/16.08/16.15 | fps 58.7 | hold 2 miss 0 late 1 | gap ms 33.47 | under 0 fill 465 | copy 2522 cy/line 36.17 Mcy/s | synth 3066 cy/pump 43.98 Mcy/s 1832 cy/sample | tri 340 px 49640 part 104 ch 2 | AHASH s=1632000 1317fced
PROF T t=68 ph=5 the hand frames=59 | clear=44592 sky=517902 floor=0 scene=4115206 flat=0 gouraud=0 chrome=768844 texture=3042020 furnace=0 embers=115589 bloom=0 veil=838 titles=1397 fade=215 | setup=304341 total=4795742
T t=69.2 bar=36 ph=5 the hand | render ms 16.07/16.14/16.24 | fps 58.7 | hold 2 miss 0 late 1 | gap ms 33.47 | under 0 fill 465 | copy 2522 cy/line 36.17 Mcy/s | synth 3067 cy/pump 43.99 Mcy/s 1833 cy/sample | tri 340 px 50169 part 105 ch 2 | AHASH s=1656000 3cb02279
PROF T t=69 ph=5 the hand frames=59 | clear=44572 sky=517340 floor=0 scene=4134664 flat=0 gouraud=0 chrome=768381 texture=3063076 furnace=0 embers=115021 bloom=0 veil=874 titles=1402 fade=211 | setup=303206 total=4814086
T t=70.2 bar=36 ph=5 the hand | render ms 16.18/16.24/16.33 | fps 58.7 | hold 2 miss 0 late 1 | gap ms 33.47 | under 0 fill 465 | copy 2522 cy/line 36.17 Mcy/s | synth 3068 cy/pump 43.99 Mcy/s 1833 cy/sample | tri 340 px 50527 part 105 ch 2 | AHASH s=1680000 80101a1c
PROF T t=70 ph=5 the hand frames=59 | clear=44593 sky=516133 floor=0 scene=4163190 flat=0 gouraud=0 chrome=770050 texture=3089447 furnace=0 embers=117152 bloom=0 veil=851 titles=1391 fade=208 | setup=303692 total=4843522
T t=71.2 bar=37 ph=5 the hand | render ms 16.25/16.31/16.42 | fps 58.7 | hold 2 miss 0 late 1 | gap ms 33.47 | under 0 fill 465 | copy 2525 cy/line 36.21 Mcy/s | synth 3069 cy/pump 44.01 Mcy/s 1833 cy/sample | tri 340 px 50783 part 105 ch 2 | AHASH s=1704000 3b94f7bc
PROF T t=71 ph=5 the hand frames=59 | clear=44534 sky=518533 floor=0 scene=4183314 flat=0 gouraud=0 chrome=773776 texture=3105476 furnace=0 embers=115960 bloom=0 veil=854 titles=1400 fade=220 | setup=304061 total=4864817
T t=72.2 bar=37 ph=5 the hand | render ms 16.27/16.42/16.50 | fps 58.7 | hold 2 miss 0 late 1 | gap ms 33.47 | under 0 fill 465 | copy 2524 cy/line 36.20 Mcy/s | synth 3072 cy/pump 44.05 Mcy/s 1835 cy/sample | tri 340 px 51042 part 105 ch 2 | AHASH s=1728000 4db2e8f2
PROF T t=72 ph=5 the hand frames=59 | clear=44589 sky=519363 floor=0 scene=4216151 flat=0 gouraud=0 chrome=785659 texture=3126898 furnace=0 embers=115905 bloom=0 veil=869 titles=1416 fade=219 | setup=303593 total=4898516
T t=73.2 bar=38 ph=5 the hand | render ms 16.39/16.44/16.54 | fps 58.7 | hold 2 miss 0 late 1 | gap ms 33.47 | under 0 fill 465 | copy 2525 cy/line 36.21 Mcy/s | synth 3068 cy/pump 44.00 Mcy/s 1833 cy/sample | tri 340 px 51178 part 106 ch 2 | AHASH s=1752000 d6d05b06
PROF T t=73 ph=5 the hand frames=59 | clear=44585 sky=520137 floor=0 scene=4220542 flat=0 gouraud=0 chrome=781563 texture=3135100 furnace=0 embers=116928 bloom=0 veil=871 titles=1397 fade=202 | setup=303878 total=4904665
T t=74.2 bar=38 ph=5 the hand | render ms 16.35/16.43/16.56 | fps 58.7 | hold 2 miss 0 late 1 | gap ms 33.47 | under 0 fill 465 | copy 2525 cy/line 36.21 Mcy/s | synth 3069 cy/pump 44.02 Mcy/s 1834 cy/sample | tri 340 px 51202 part 106 ch 2 | AHASH s=1776000 22959014
PROF T t=74 ph=5 the hand frames=59 | clear=44615 sky=519760 floor=0 scene=4214286 flat=0 gouraud=0 chrome=776441 texture=3133325 furnace=0 embers=119561 bloom=0 veil=857 titles=1402 fade=222 | setup=304519 total=4900706
T t=75.2 bar=39 ph=5 the hand | render ms 16.36/16.43/16.50 | fps 58.7 | hold 2 miss 0 late 1 | gap ms 33.47 | under 0 fill 465 | copy 2524 cy/line 36.19 Mcy/s | synth 3066 cy/pump 43.97 Mcy/s 1832 cy/sample | tri 340 px 51233 part 107 ch 2 | AHASH s=1800000 1f021550
PROF T t=75 ph=5 the hand frames=59 | clear=44612 sky=519659 floor=0 scene=4214517 flat=0 gouraud=0 chrome=776727 texture=3133182 furnace=0 embers=120111 bloom=0 veil=855 titles=1404 fade=213 | setup=304607 total=4901373
T t=76.2 bar=39 ph=5 the hand | render ms 19.03/20.65/21.52 | fps 29.8 | hold 2 miss 0 late 30 | gap ms 33.47 | under 0 fill 465 | copy 2508 cy/line 35.97 Mcy/s | synth 3017 cy/pump 43.26 Mcy/s 1802 cy/sample | tri 344 px 57600 part 107 ch 2 | AHASH s=1824000 f424dace
PROF T t=76 ph=5 the hand frames=30 | clear=44598 sky=517991 floor=0 scene=4211044 flat=0 gouraud=0 chrome=771600 texture=3401903 furnace=0 embers=118985 bloom=0 veil=1271920 titles=1404 fade=216 | setup=37540 total=6166161
PHRASE t=76.8 bar=40 ph=6 the heart | render ms 15.66/16.38/21.85 | fps 56.1 | hold 2 miss 0 late 55 | gap ms 33.47 | under 0 fill 465 | copy 2521 cy/line 36.16 Mcy/s | synth 3063 cy/pump 43.92 Mcy/s 1830 cy/sample | tri 146 px 39852 part 108 ch 3 | AHASH s=1824000 f424dace
PROF PHRASE t=76 ph=6 the heart frames=863 | clear=44602 sky=518571 floor=0 scene=4132246 flat=84 gouraud=0 chrome=772012 texture=3074835 furnace=0 embers=116262 bloom=37 veil=74629 titles=1402 fade=212 | setup=285313 total=4887964
T t=77.3 bar=40 ph=6 the heart | render ms 15.46/17.72/21.85 | fps 44.8 | hold 2 miss 0 late 15 | gap ms 33.47 | under 0 fill 465 | copy 2519 cy/line 36.13 Mcy/s | synth 3037 cy/pump 43.55 Mcy/s 1814 cy/sample | tri 146 px 37429 part 108 ch 3 | AHASH s=1848000 1f7fa627
PROF T t=77 ph=6 the heart frames=45 | clear=44674 sky=524427 floor=0 scene=2983111 flat=48642 gouraud=0 chrome=569002 texture=2596033 furnace=0 embers=117382 bloom=21501 veil=1596010 titles=1319 fade=216 | setup=0 total=5288644
T t=78.3 bar=40 ph=6 the heart | render ms 10.46/14.60/15.64 | fps 59.7 | hold 1 miss 0 late 0 | gap ms 16.73 | under 0 fill 465 | copy 2520 cy/line 36.14 Mcy/s | synth 3052 cy/pump 43.77 Mcy/s 1824 cy/sample | tri 142 px 31216 part 108 ch 3 | AHASH s=1872000 e386ffeb
PROF T t=78 ph=6 the heart frames=60 | clear=44680 sky=524839 floor=0 scene=2368897 flat=72953 gouraud=0 chrome=465207 texture=1835376 furnace=0 embers=116525 bloom=31346 veil=1256721 titles=8520 fade=219 | setup=0 total=4351751
T t=79.3 bar=41 ph=6 the heart | render ms 10.45/10.49/10.63 | fps 59.7 | hold 1 miss 0 late 0 | gap ms 16.73 | under 0 fill 465 | copy 2503 cy/line 35.89 Mcy/s | synth 3042 cy/pump 43.63 Mcy/s 1818 cy/sample | tri 142 px 31228 part 108 ch 3 | AHASH s=1896000 7ee13529
PROF T t=79 ph=6 the heart frames=60 | clear=44665 sky=524213 floor=0 scene=2374118 flat=72902 gouraud=0 chrome=468504 texture=1571035 furnace=0 embers=116975 bloom=30914 veil=848 titles=28582 fade=211 | setup=261675 total=3120529
T t=80.3 bar=41 ph=6 the heart | render ms 10.46/10.51/10.62 | fps 59.7 | hold 1 miss 0 late 0 | gap ms 16.73 | under 0 fill 465 | copy 2503 cy/line 35.89 Mcy/s | synth 3041 cy/pump 43.61 Mcy/s 1817 cy/sample | tri 144 px 31283 part 108 ch 3 | AHASH s=1920000 1cc1e0a1
PROF T t=80 ph=6 the heart frames=60 | clear=44675 sky=524456 floor=0 scene=2379274 flat=72996 gouraud=0 chrome=472700 texture=1571383 furnace=0 embers=118028 bloom=30993 veil=851 titles=28529 fade=206 | setup=262193 total=3127015
T t=81.3 bar=42 ph=6 the heart | render ms 10.49/10.54/10.66 | fps 59.7 | hold 1 miss 0 late 0 | gap ms 16.73 | under 0 fill 465 | copy 2503 cy/line 35.89 Mcy/s | synth 3040 cy/pump 43.60 Mcy/s 1816 cy/sample | tri 146 px 31322 part 108 ch 3 | AHASH s=1944000 1ffa4469
PROF T t=81 ph=6 the heart frames=60 | clear=44578 sky=524662 floor=0 scene=2385039 flat=72881 gouraud=0 chrome=478965 texture=1571487 furnace=0 embers=119167 bloom=31072 veil=858 titles=28534 fade=208 | setup=261704 total=3134121
T t=82.3 bar=42 ph=6 the heart | render ms 10.53/10.58/10.69 | fps 59.7 | hold 1 miss 0 late 0 | gap ms 16.73 | under 0 fill 465 | copy 2502 cy/line 35.89 Mcy/s | synth 3044 cy/pump 43.66 Mcy/s 1819 cy/sample | tri 146 px 31421 part 108 ch 3 | AHASH s=1968000 a182c235
PROF T t=82 ph=6 the heart frames=60 | clear=44530 sky=524505 floor=0 scene=2395347 flat=72436 gouraud=0 chrome=487746 texture=1572421 furnace=0 embers=120779 bloom=30910 veil=858 titles=28506 fade=207 | setup=262742 total=3145646
T t=83.3 bar=43 ph=6 the heart | render ms 10.54/10.59/10.75 | fps 59.7 | hold 1 miss 0 late 0 | gap ms 16.73 | under 0 fill 465 | copy 2503 cy/line 35.89 Mcy/s | synth 3043 cy/pump 43.64 Mcy/s 1818 cy/sample | tri 148 px 31424 part 108 ch 3 | AHASH s=1992000 5027bfaf
PROF T t=83 ph=6 the heart frames=60 | clear=44643 sky=525131 floor=0 scene=2399430 flat=71387 gouraud=0 chrome=492847 texture=1571937 furnace=0 embers=121004 bloom=30477 veil=856 titles=28581 fade=210 | setup=263257 total=3150336
T t=84.3 bar=43 ph=6 the heart | render ms 10.54/10.59/10.73 | fps 59.7 | hold 1 miss 0 late 0 | gap ms 16.73 | under 0 fill 465 | copy 2503 cy/line 35.90 Mcy/s | synth 3044 cy/pump 43.65 Mcy/s 1818 cy/sample | tri 148 px 31647 part 108 ch 3 | AHASH s=2016000 7a85e49a
PROF T t=84 ph=6 the heart frames=60 | clear=44668 sky=524820 floor=0 scene=2403672 flat=71385 gouraud=0 chrome=495174 texture=1574020 furnace=0 embers=118380 bloom=27927 veil=856 titles=28570 fade=210 | setup=263092 total=3149106
T t=85.3 bar=44 ph=6 the heart | render ms 10.56/10.62/10.76 | fps 59.7 | hold 1 miss 0 late 0 | gap ms 16.73 | under 0 fill 465 | copy 2503 cy/line 35.89 Mcy/s | synth 3043 cy/pump 43.64 Mcy/s 1818 cy/sample | tri 146 px 31907 part 109 ch 3 | AHASH s=2040000 ff39b825
PROF T t=85 ph=6 the heart frames=60 | clear=44683 sky=524975 floor=0 scene=2412089 flat=72898 gouraud=0 chrome=495003 texture=1581008 furnace=0 embers=118511 bloom=29619 veil=839 titles=28564 fade=212 | setup=263179 total=3159496
T t=86.3 bar=44 ph=6 the heart | render ms 10.62/10.67/10.79 | fps 59.7 | hold 1 miss 0 late 0 | gap ms 16.73 | under 0 fill 465 | copy 2503 cy/line 35.89 Mcy/s | synth 3046 cy/pump 43.69 Mcy/s 1820 cy/sample | tri 146 px 31886 part 109 ch 3 | AHASH s=2064000 d6b81d94
PROF T t=86 ph=6 the heart frames=60 | clear=44628 sky=525302 floor=0 scene=2422069 flat=75463 gouraud=0 chrome=495569 texture=1587986 furnace=0 embers=120348 bloom=31064 veil=866 titles=28572 fade=211 | setup=263050 total=3173064
T t=87.3 bar=45 ph=6 the heart | render ms 10.51/10.56/10.80 | fps 59.7 | hold 1 miss 0 late 0 | gap ms 16.73 | under 0 fill 465 | copy 2503 cy/line 35.89 Mcy/s | synth 3042 cy/pump 43.62 Mcy/s 1817 cy/sample | tri 148 px 31813 part 109 ch 3 | AHASH s=2088000 12be213a
PROF T t=87 ph=6 the heart frames=60 | clear=44651 sky=524474 floor=0 scene=2415462 flat=77985 gouraud=0 chrome=489084 texture=1585914 furnace=0 embers=121494 bloom=31638 veil=854 titles=2759 fade=220 | setup=262477 total=3141558
T t=88.3 bar=46 ph=6 the heart | render ms 10.47/10.53/10.68 | fps 59.7 | hold 1 miss 0 late 0 | gap ms 16.73 | under 0 fill 465 | copy 2504 cy/line 35.91 Mcy/s | synth 3045 cy/pump 43.67 Mcy/s 1819 cy/sample | tri 142 px 31828 part 110 ch 3 | AHASH s=2112000 97f87b86
PROF T t=88 ph=6 the heart frames=60 | clear=44674 sky=523088 floor=0 scene=2407741 flat=78938 gouraud=0 chrome=480100 texture=1586277 furnace=0 embers=120587 bloom=32230 veil=856 titles=1410 fade=212 | setup=262423 total=3130802
T t=89.3 bar=46 ph=6 the heart | render ms 10.48/10.52/10.67 | fps 59.7 | hold 1 miss 0 late 0 | gap ms 16.73 | under 0 fill 465 | copy 2504 cy/line 35.91 Mcy/s | synth 3045 cy/pump 43.67 Mcy/s 1819 cy/sample | tri 142 px 31766 part 110 ch 3 | AHASH s=2136000 8830535a
PROF T t=89 ph=6 the heart frames=60 | clear=44651 sky=523068 floor=0 scene=2403119 flat=77858 gouraud=0 chrome=474950 texture=1587096 furnace=0 embers=123569 bloom=31674 veil=841 titles=1405 fade=199 | setup=263213 total=3128529
T t=90.3 bar=47 ph=6 the heart | render ms 10.45/10.50/10.66 | fps 59.7 | hold 1 miss 0 late 0 | gap ms 16.73 | under 0 fill 465 | copy 2504 cy/line 35.91 Mcy/s | synth 3045 cy/pump 43.67 Mcy/s 1819 cy/sample | tri 142 px 32194 part 110 ch 3 | AHASH s=2160000 fc2b037f
PROF T t=90 ph=6 the heart frames=60 | clear=44650 sky=522915 floor=0 scene=2401638 flat=74708 gouraud=0 chrome=471780 texture=1591952 furnace=0 embers=122370 bloom=28239 veil=866 titles=1413 fade=208 | setup=263197 total=3122303
T t=91.3 bar=47 ph=6 the heart | render ms 10.44/10.51/10.66 | fps 59.7 | hold 1 miss 0 late 0 | gap ms 16.73 | under 0 fill 465 | copy 2505 cy/line 35.92 Mcy/s | synth 3047 cy/pump 43.70 Mcy/s 1821 cy/sample | tri 142 px 31981 part 110 ch 3 | AHASH s=2184000 1bc4b39c
PROF T t=91 ph=6 the heart frames=60 | clear=44667 sky=522485 floor=0 scene=2407650 flat=73004 gouraud=0 chrome=468981 texture=1602630 furnace=0 embers=120276 bloom=29817 veil=850 titles=1408 fade=210 | setup=263034 total=3127368
PHRASE t=92.1 bar=48 ph=7 the heart | render ms 10.44/10.98/15.92 | fps 59.7 | hold 1 miss 0 late 0 | gap ms 16.73 | under 0 fill 465 | copy 2505 cy/line 35.93 Mcy/s | synth 3045 cy/pump 43.67 Mcy/s 1819 cy/sample | tri 142 px 31992 part 111 ch 3 | AHASH s=2208000 5dfce50c
PROF PHRASE t=92 ph=7 the heart frames=917 | clear=44651 sky=524189 floor=0 scene=2397165 flat=74127 gouraud=0 chrome=479828 texture=1614057 furnace=0 embers=119900 bloom=30680 veil=133463 titles=16165 fade=211 | setup=229152 total=3266429
T t=92.3 bar=48 ph=7 the heart | render ms 10.44/10.49/10.65 | fps 59.7 | hold 1 miss 0 late 0 | gap ms 16.73 | under 0 fill 465 | copy 2504 cy/line 35.91 Mcy/s | synth 3045 cy/pump 43.68 Mcy/s 1820 cy/sample | tri 142 px 31962 part 111 ch 3 | AHASH s=2208000 5dfce50c
PROF T t=92 ph=7 the heart frames=60 | clear=44786 sky=522889 floor=0 scene=2396006 flat=74832 gouraud=0 chrome=465323 texture=1593719 furnace=0 embers=122281 bloom=31833 veil=840 titles=1369 fade=208 | setup=262131 total=3120217
T t=93.3 bar=48 ph=7 the heart | render ms 10.48/10.52/10.65 | fps 59.7 | hold 1 miss 0 late 0 | gap ms 16.73 | under 0 fill 465 | copy 2504 cy/line 35.91 Mcy/s | synth 3047 cy/pump 43.70 Mcy/s 1821 cy/sample | tri 142 px 31995 part 111 ch 3 | AHASH s=2232000 15641653
PROF T t=93 ph=7 the heart frames=60 | clear=44689 sky=522676 floor=0 scene=2402843 flat=73985 gouraud=0 chrome=472102 texture=1594038 furnace=0 embers=125000 bloom=31277 veil=833 titles=1382 fade=222 | setup=262717 total=3128926
T t=94.3 bar=49 ph=7 the heart | render ms 10.49/10.53/10.65 | fps 59.7 | hold 1 miss 0 late 0 | gap ms 16.73 | under 0 fill 465 | copy 2505 cy/line 35.92 Mcy/s | synth 3045 cy/pump 43.67 Mcy/s 1819 cy/sample | tri 146 px 32052 part 111 ch 3 | AHASH s=2256000 6c2c8fe6
PROF T t=94 ph=7 the heart frames=60 | clear=44686 sky=522907 floor=0 scene=2409240 flat=73122 gouraud=0 chrome=478166 texture=1594850 furnace=0 embers=125085 bloom=28326 veil=853 titles=1389 fade=218 | setup=263101 total=3132708
T t=95.3 bar=49 ph=7 the heart | render ms 10.53/10.61/10.70 | fps 59.7 | hold 1 miss 0 late 0 | gap ms 16.73 | under 0 fill 465 | copy 2505 cy/line 35.92 Mcy/s | synth 3044 cy/pump 43.66 Mcy/s 1819 cy/sample | tri 142 px 32600 part 111 ch 3 | AHASH s=2280000 77459282
PROF T t=95 ph=7 the heart frames=60 | clear=44646 sky=524226 floor=0 scene=2431734 flat=76345 gouraud=0 chrome=485763 texture=1606397 furnace=0 embers=123116 bloom=29866 veil=874 titles=1386 fade=205 | setup=263227 total=3156057
T t=96.3 bar=50 ph=7 the heart | render ms 10.62/10.66/10.81 | fps 59.7 | hold 1 miss 0 late 0 | gap ms 16.73 | under 0 fill 465 | copy 2504 cy/line 35.92 Mcy/s | synth 3045 cy/pump 43.67 Mcy/s 1819 cy/sample | tri 142 px 32613 part 111 ch 3 | AHASH s=2304000 57ad9b3d
PROF T t=96 ph=7 the heart frames=60 | clear=44691 sky=523964 floor=0 scene=2444804 flat=79242 gouraud=0 chrome=490752 texture=1611853 furnace=0 embers=123938 bloom=32225 veil=862 titles=1396 fade=207 | setup=262956 total=3172091
T t=97.3 bar=50 ph=7 the heart | render ms 10.66/10.70/10.82 | fps 59.7 | hold 1 miss 0 late 0 | gap ms 16.73 | under 0 fill 465 | copy 2504 cy/line 35.92 Mcy/s | synth 3048 cy/pump 43.71 Mcy/s 1821 cy/sample | tri 148 px 32715 part 111 ch 3 | AHASH s=2328000 46324a32
PROF T t=97 ph=7 the heart frames=60 | clear=44680 sky=524443 floor=0 scene=2457692 flat=80115 gouraud=0 chrome=501272 texture=1612488 furnace=0 embers=122630 bloom=32197 veil=849 titles=1358 fade=217 | setup=263816 total=3184069
T t=98.3 bar=51 ph=7 the heart | render ms 10.67/10.72/10.84 | fps 59.7 | hold 1 miss 0 late 0 | gap ms 16.73 | under 0 fill 465 | copy 2505 cy/line 35.93 Mcy/s | synth 3045 cy/pump 43.67 Mcy/s 1819 cy/sample | tri 148 px 32726 part 111 ch 3 | AHASH s=2352000 f1166fe6
PROF T t=98 ph=7 the heart frames=60 | clear=44735 sky=524284 floor=0 scene=2463570 flat=79295 gouraud=0 chrome=506859 texture=1613799 furnace=0 embers=121043 bloom=31789 veil=848 titles=1398 fade=220 | setup=263615 total=3187891
T t=99.3 bar=51 ph=7 the heart | render ms 10.67/10.72/10.86 | fps 59.7 | hold 1 miss 0 late 0 | gap ms 16.73 | under 0 fill 465 | copy 2505 cy/line 35.93 Mcy/s | synth 3048 cy/pump 43.72 Mcy/s 1821 cy/sample | tri 148 px 32745 part 111 ch 3 | AHASH s=2376000 3f3f2310
PROF T t=99 ph=7 the heart frames=60 | clear=44642 sky=524399 floor=0 scene=2464975 flat=76923 gouraud=0 chrome=509623 texture=1614396 furnace=0 embers=121254 bloom=30890 veil=846 titles=1388 fade=222 | setup=264030 total=3188619
T t=100.3 bar=52 ph=7 the heart | render ms 10.69/10.76/10.85 | fps 59.7 | hold 1 miss 0 late 0 | gap ms 16.73 | under 0 fill 465 | copy 2505 cy/line 35.93 Mcy/s | synth 3048 cy/pump 43.71 Mcy/s 1821 cy/sample | tri 150 px 33247 part 111 ch 3 | AHASH s=2400000 ae191035
PROF T t=100 ph=7 the heart frames=60 | clear=44661 sky=524328 floor=0 scene=2477621 flat=74771 gouraud=0 chrome=514992 texture=1623291 furnace=0 embers=122490 bloom=29058 veil=856 titles=1394 fade=217 | setup=264566 total=3200628
T t=101.4 bar=52 ph=7 the heart | render ms 10.73/10.79/10.94 | fps 59.7 | hold 1 miss 0 late 0 | gap ms 16.73 | under 0 fill 465 | copy 2505 cy/line 35.92 Mcy/s | synth 3047 cy/pump 43.69 Mcy/s 1820 cy/sample | tri 148 px 33244 part 111 ch 3 | AHASH s=2424000 c9629b28
PROF T t=101 ph=7 the heart frames=60 | clear=44671 sky=524207 floor=0 scene=2485808 flat=73463 gouraud=0 chrome=514976 texture=1633505 furnace=0 embers=122870 bloom=30252 veil=851 titles=1392 fade=198 | setup=263863 total=3210253
T t=102.4 bar=53 ph=7 the heart | render ms 10.74/10.79/10.94 | fps 59.7 | hold 1 miss 0 late 0 | gap ms 16.73 | under 0 fill 465 | copy 2505 cy/line 35.92 Mcy/s | synth 3046 cy/pump 43.68 Mcy/s 1820 cy/sample | tri 148 px 33233 part 111 ch 3 | AHASH s=2448000 0c461bf6
PROF T t=102 ph=7 the heart frames=60 | clear=44682 sky=523723 floor=0 scene=2483737 flat=74129 gouraud=0 chrome=511649 texture=1634258 furnace=0 embers=123722 bloom=30680 veil=864 titles=1391 fade=212 | setup=263699 total=3209015
T t=103.4 bar=53 ph=7 the heart | render ms 10.74/10.78/10.93 | fps 59.7 | hold 1 miss 0 late 0 | gap ms 16.73 | under 0 fill 465 | copy 2505 cy/line 35.93 Mcy/s | synth 3045 cy/pump 43.67 Mcy/s 1819 cy/sample | tri 142 px 33269 part 111 ch 3 | AHASH s=2472000 417189a2
PROF T t=103 ph=7 the heart frames=60 | clear=44655 sky=523246 floor=0 scene=2482423 flat=75364 gouraud=0 chrome=506892 texture=1636200 furnace=0 embers=124275 bloom=31211 veil=864 titles=1403 fade=215 | setup=263965 total=3208296
T t=104.4 bar=54 ph=7 the heart | render ms 10.70/10.75/10.89 | fps 59.7 | hold 1 miss 0 late 0 | gap ms 16.73 | under 0 fill 465 | copy 2506 cy/line 35.94 Mcy/s | synth 3047 cy/pump 43.70 Mcy/s 1821 cy/sample | tri 146 px 33264 part 112 ch 3 | AHASH s=2496000 601664cb
PROF T t=104 ph=7 the heart frames=60 | clear=44654 sky=522936 floor=0 scene=2473476 flat=75428 gouraud=0 chrome=497440 texture=1637282 furnace=0 embers=124310 bloom=31162 veil=858 titles=1381 fade=208 | setup=263325 total=3198987
T t=105.4 bar=54 ph=7 the heart | render ms 10.67/10.73/10.89 | fps 59.7 | hold 1 miss 0 late 0 | gap ms 16.73 | under 0 fill 465 | copy 2505 cy/line 35.92 Mcy/s | synth 3048 cy/pump 43.71 Mcy/s 1821 cy/sample | tri 142 px 33242 part 112 ch 3 | AHASH s=2520000 cf98d3ed
PROF T t=105 ph=7 the heart frames=60 | clear=44739 sky=523108 floor=0 scene=2469808 flat=75375 gouraud=0 chrome=494345 texture=1637092 furnace=0 embers=120299 bloom=31318 veil=849 titles=1385 fade=213 | setup=262994 total=3191722
T t=106.4 bar=55 ph=7 the heart | render ms 10.67/12.19/15.04 | fps 59.7 | hold 1 miss 0 late 0 | gap ms 16.73 | under 0 fill 465 | copy 2511 cy/line 36.01 Mcy/s | synth 3050 cy/pump 43.74 Mcy/s 1822 cy/sample | tri 146 px 34655 part 113 ch 3 | AHASH s=2544000 e435c086
PROF T t=106 ph=7 the heart frames=60 | clear=44678 sky=523669 floor=0 scene=2466007 flat=75208 gouraud=0 chrome=490289 texture=1701552 furnace=0 embers=119281 bloom=30753 veil=445261 titles=1393 fade=217 | setup=198957 total=3631262
T t=107.4 bar=55 ph=7 the heart | render ms 15.07/15.67/16.16 | fps 59.7 | hold 1 miss 0 late 0 | gap ms 16.73 | under 0 fill 465 | copy 2527 cy/line 36.24 Mcy/s | synth 3060 cy/pump 43.88 Mcy/s 1828 cy/sample | tri 146 px 41807 part 113 ch 3 | AHASH s=2568000 7e8bfa36
PROF T t=107 ph=7 the heart frames=60 | clear=44670 sky=524986 floor=0 scene=2455425 flat=75290 gouraud=0 chrome=481736 texture=2052720 furnace=0 embers=119497 bloom=32103 veil=1496412 titles=1376 fade=211 | setup=0 total=4674685
PHRASE t=107.5 bar=56 ph=8 the eye | render ms 10.46/11.15/16.53 | fps 59.6 | hold 2 miss 0 late 1 | gap ms 33.47 | under 0 fill 465 | copy 2507 cy/line 35.95 Mcy/s | synth 3048 cy/pump 43.71 Mcy/s 1821 cy/sample | tri 186 px 50466 part 78 ch 4 | AHASH s=2568000 7e8bfa36
PROF PHRASE t=107 ph=8 the eye frames=917 | clear=44686 sky=523894 floor=0 scene=2457257 flat=75771 gouraud=0 chrome=496416 texture=1655987 furnace=0 embers=122558 bloom=30864 veil=136677 titles=1387 fade=213 | setup=229082 total=3317540
T t=108.4 bar=56 ph=8 the eye | render ms 15.55/16.10/16.58 | fps 57.7 | hold 2 miss 0 late 2 | gap ms 33.47 | under 0 fill 465 | copy 2523 cy/line 36.19 Mcy/s | synth 2925 cy/pump 41.94 Mcy/s 1747 cy/sample | tri 186 px 44706 part 78 ch 4 | AHASH s=2592000 66b373d5
PROF T t=108 ph=8 the eye frames=58 | clear=44660 sky=540454 floor=0 scene=2587407 flat=5160 gouraud=0 chrome=306376 texture=2391999 furnace=0 embers=88421 bloom=2223 veil=1539789 titles=1285 fade=208 | setup=0 total=4804451
T t=109.4 bar=56 ph=8 the eye | render ms 11.04/13.27/15.77 | fps 59.7 | hold 1 miss 0 late 0 | gap ms 16.73 | under 0 fill 465 | copy 2523 cy/line 36.19 Mcy/s | synth 2717 cy/pump 38.97 Mcy/s 1623 cy/sample | tri 182 px 41826 part 78 ch 4 | AHASH s=2616000 c82a5663
PROF T t=109 ph=8 the eye frames=60 | clear=44586 sky=540701 floor=0 scene=2599151 flat=0 gouraud=0 chrome=293899 texture=2072689 furnace=0 embers=85716 bloom=0 veil=667948 titles=16699 fade=203 | setup=232563 total=3955006
T t=110.4 bar=57 ph=8 the eye | render ms 11.04/11.07/11.27 | fps 59.7 | hold 1 miss 0 late 0 | gap ms 16.73 | under 0 fill 465 | copy 2514 cy/line 36.06 Mcy/s | synth 2712 cy/pump 38.89 Mcy/s 1620 cy/sample | tri 182 px 41826 part 78 ch 4 | AHASH s=2640000 9f6ffe38
PROF T t=110 ph=8 the eye frames=60 | clear=44517 sky=540509 floor=0 scene=2599277 flat=0 gouraud=0 chrome=293775 texture=1961542 furnace=0 embers=85871 bloom=0 veil=860 titles=24409 fade=218 | setup=343959 total=3295663
T t=111.4 bar=58 ph=8 the eye | render ms 11.03/11.07/11.27 | fps 59.7 | hold 1 miss 0 late 0 | gap ms 16.73 | under 0 fill 465 | copy 2515 cy/line 36.06 Mcy/s | synth 2709 cy/pump 38.84 Mcy/s 1618 cy/sample | tri 182 px 41826 part 78 ch 4 | AHASH s=2664000 670e852b
PROF T t=111 ph=8 the eye frames=60 | clear=44568 sky=541055 floor=0 scene=2599263 flat=0 gouraud=0 chrome=293772 texture=1961396 furnace=0 embers=85456 bloom=0 veil=864 titles=24379 fade=213 | setup=344094 total=3295801
T t=112.4 bar=58 ph=8 the eye | render ms 11.04/11.08/11.26 | fps 59.7 | hold 1 miss 0 late 0 | gap ms 16.73 | under 0 fill 465 | copy 2514 cy/line 36.06 Mcy/s | synth 2711 cy/pump 38.88 Mcy/s 1620 cy/sample | tri 182 px 41826 part 78 ch 4 | AHASH s=2688000 c39148f0
PROF T t=112 ph=8 the eye frames=60 | clear=44573 sky=541102 floor=0 scene=2598876 flat=0 gouraud=0 chrome=293675 texture=1961701 furnace=0 embers=87489 bloom=0 veil=856 titles=24369 fade=202 | setup=343499 total=3297471
T t=113.4 bar=59 ph=8 the eye | render ms 11.04/11.08/11.26 | fps 59.7 | hold 1 miss 0 late 0 | gap ms 16.73 | under 0 fill 465 | copy 2514 cy/line 36.06 Mcy/s | synth 2712 cy/pump 38.89 Mcy/s 1620 cy/sample | tri 182 px 41826 part 78 ch 4 | AHASH s=2712000 f53583f6
PROF T t=113 ph=8 the eye frames=60 | clear=44581 sky=541034 floor=0 scene=2599602 flat=0 gouraud=0 chrome=293887 texture=1961886 furnace=0 embers=87732 bloom=0 veil=864 titles=24407 fade=212 | setup=343828 total=3298434
T t=114.4 bar=59 ph=8 the eye | render ms 11.03/11.08/11.25 | fps 59.7 | hold 1 miss 0 late 0 | gap ms 16.73 | under 0 fill 465 | copy 2514 cy/line 36.06 Mcy/s | synth 2711 cy/pump 38.88 Mcy/s 1620 cy/sample | tri 182 px 41826 part 78 ch 4 | AHASH s=2736000 500e0439
PROF T t=114 ph=8 the eye frames=60 | clear=44542 sky=541139 floor=0 scene=2598625 flat=0 gouraud=0 chrome=293665 texture=1961683 furnace=0 embers=87469 bloom=0 veil=857 titles=24429 fade=204 | setup=343276 total=3297266
T t=115.4 bar=60 ph=8 the eye | render ms 11.03/11.08/11.24 | fps 59.7 | hold 1 miss 0 late 0 | gap ms 16.73 | under 0 fill 465 | copy 2514 cy/line 36.06 Mcy/s | synth 2710 cy/pump 38.86 Mcy/s 1619 cy/sample | tri 182 px 41826 part 79 ch 4 | AHASH s=2760000 92d069c7
PROF T t=115 ph=8 the eye frames=60 | clear=44543 sky=540978 floor=0 scene=2599117 flat=0 gouraud=0 chrome=293661 texture=1961607 furnace=0 embers=86566 bloom=0 veil=862 titles=24479 fade=205 | setup=343848 total=3296752
T t=116.4 bar=60 ph=8 the eye | render ms 11.04/11.07/11.23 | fps 59.7 | hold 1 miss 0 late 0 | gap ms 16.73 | under 0 fill 465 | copy 2515 cy/line 36.06 Mcy/s | synth 2710 cy/pump 38.86 Mcy/s 1619 cy/sample | tri 182 px 41826 part 79 ch 4 | AHASH s=2784000 3672f781
PROF T t=116 ph=8 the eye frames=60 | clear=44559 sky=540726 floor=0 scene=2599109 flat=0 gouraud=0 chrome=293744 texture=1961525 furnace=0 embers=85106 bloom=0 veil=865 titles=24420 fade=206 | setup=343838 total=3294994
T t=117.4 bar=61 ph=8 the eye | render ms 10.96/11.05/11.25 | fps 59.7 | hold 1 miss 0 late 0 | gap ms 16.73 | under 0 fill 465 | copy 2515 cy/line 36.07 Mcy/s | synth 2709 cy/pump 38.85 Mcy/s 1618 cy/sample | tri 182 px 41826 part 79 ch 4 | AHASH s=2808000 688c7659
PROF T t=117 ph=8 the eye frames=60 | clear=44599 sky=540569 floor=0 scene=2598757 flat=0 gouraud=0 chrome=293775 texture=1961640 furnace=0 embers=86093 bloom=0 veil=857 titles=16335 fade=212 | setup=343340 total=3287425
T t=118.4 bar=61 ph=8 the eye | render ms 10.94/10.99/11.18 | fps 59.7 | hold 1 miss 0 late 0 | gap ms 16.73 | under 0 fill 465 | copy 2515 cy/line 36.07 Mcy/s | synth 2710 cy/pump 38.87 Mcy/s 1619 cy/sample | tri 182 px 41826 part 79 ch 4 | AHASH s=2832000 3e67fc45
PROF T t=118 ph=8 the eye frames=60 | clear=44570 sky=539063 floor=0 scene=2598936 flat=0 gouraud=0 chrome=293718 texture=1961103 furnace=0 embers=85122 bloom=0 veil=864 titles=1413 fade=214 | setup=344114 total=3270185
T t=119.4 bar=62 ph=8 the eye | render ms 10.95/10.99/11.16 | fps 59.7 | hold 1 miss 0 late 0 | gap ms 16.73 | under 0 fill 465 | copy 2515 cy/line 36.07 Mcy/s | synth 2709 cy/pump 38.85 Mcy/s 1618 cy/sample | tri 182 px 41826 part 79 ch 4 | AHASH s=2856000 a1c508fe
PROF T t=119 ph=8 the eye frames=60 | clear=44564 sky=539428 floor=0 scene=2598314 flat=0 gouraud=0 chrome=293888 texture=1960852 furnace=0 embers=85668 bloom=0 veil=858 titles=1377 fade=214 | setup=343573 total=3270426
T t=120.4 bar=62 ph=8 the eye | render ms 10.96/11.00/11.18 | fps 59.7 | hold 1 miss 0 late 0 | gap ms 16.73 | under 0 fill 465 | copy 2516 cy/line 36.08 Mcy/s | synth 2710 cy/pump 38.87 Mcy/s 1619 cy/sample | tri 182 px 41826 part 79 ch 4 | AHASH s=2880000 c01fbcf3
PROF T t=120 ph=8 the eye frames=60 | clear=44569 sky=539709 floor=0 scene=2598140 flat=0 gouraud=0 chrome=293739 texture=1960759 furnace=0 embers=88805 bloom=0 veil=862 titles=1382 fade=212 | setup=343641 total=3273682
T t=121.4 bar=63 ph=8 the eye | render ms 10.96/11.00/11.17 | fps 59.7 | hold 1 miss 0 late 0 | gap ms 16.73 | under 0 fill 465 | copy 2516 cy/line 36.08 Mcy/s | synth 2708 cy/pump 38.84 Mcy/s 1618 cy/sample | tri 182 px 41826 part 80 ch 4 | AHASH s=2904000 bf7e4e19
PROF T t=121 ph=8 the eye frames=60 | clear=44548 sky=539603 floor=0 scene=2597818 flat=0 gouraud=0 chrome=293750 texture=1960796 furnace=0 embers=90109 bloom=0 veil=862 titles=1390 fade=220 | setup=343271 total=3274553
T t=122.4 bar=63 ph=8 the eye | render ms 10.97/11.00/11.19 | fps 59.7 | hold 1 miss 0 late 0 | gap ms 16.73 | under 0 fill 465 | copy 2516 cy/line 36.08 Mcy/s | synth 2711 cy/pump 38.88 Mcy/s 1620 cy/sample | tri 182 px 41826 part 80 ch 4 | AHASH s=2928000 e129bcd7
PROF T t=122 ph=8 the eye frames=60 | clear=44581 sky=539536 floor=0 scene=2597777 flat=0 gouraud=0 chrome=293779 texture=1960819 furnace=0 embers=90505 bloom=0 veil=852 titles=1397 fade=217 | setup=343178 total=3274869
PHRASE t=122.8 bar=64 ph=9 the eye | render ms 10.94/11.48/16.58 | fps 59.6 | hold 2 miss 0 late 1 | gap ms 33.47 | under 0 fill 465 | copy 2516 cy/line 36.08 Mcy/s | synth 2724 cy/pump 39.06 Mcy/s 1627 cy/sample | tri 182 px 41826 part 84 ch 4 | AHASH s=2928000 e129bcd7
PROF PHRASE t=122 ph=9 the eye frames=917 | clear=44569 sky=540425 floor=0 scene=2598670 flat=0 gouraud=0 chrome=293758 texture=1994322 furnace=0 embers=86995 bloom=0 veil=132955 titles=13908 fade=210 | setup=310589 total=3417735
T t=123.4 bar=64 ph=9 the eye | render ms 10.97/11.04/11.21 | fps 59.7 | hold 1 miss 0 late 0 | gap ms 16.73 | under 0 fill 465 | copy 2502 cy/line 35.87 Mcy/s | synth 2922 cy/pump 41.91 Mcy/s 1746 cy/sample | tri 182 px 42374 part 84 ch 4 | AHASH s=2952000 c84c1e21
PROF T t=123 ph=9 the eye frames=60 | clear=44640 sky=540698 floor=0 scene=2603476 flat=0 gouraud=0 chrome=294595 texture=1965115 furnace=0 embers=93130 bloom=0 veil=850 titles=1384 fade=207 | setup=343766 total=3284389
T t=124.4 bar=64 ph=9 the eye | render ms 11.08/11.32/11.59 | fps 59.7 | hold 1 miss 0 late 0 | gap ms 16.73 | under 0 fill 465 | copy 2496 cy/line 35.79 Mcy/s | synth 3036 cy/pump 43.54 Mcy/s 1814 cy/sample | tri 182 px 46384 part 84 ch 4 | AHASH s=2976000 f3539544
PROF T t=124 ph=9 the eye frames=60 | clear=44567 sky=540649 floor=0 scene=2684818 flat=0 gouraud=0 chrome=298778 texture=2042628 furnace=0 embers=95560 bloom=0 veil=858 titles=1394 fade=208 | setup=343411 total=3368057
T t=125.5 bar=65 ph=9 the eye | render ms 11.61/11.89/12.25 | fps 59.7 | hold 1 miss 0 late 0 | gap ms 16.73 | under 0 fill 465 | copy 2498 cy/line 35.83 Mcy/s | synth 3038 cy/pump 43.57 Mcy/s 1815 cy/sample | tri 182 px 51102 part 84 ch 4 | AHASH s=3000000 c4c7db5e
PROF T t=125 ph=9 the eye frames=60 | clear=44562 sky=545669 floor=0 scene=2854480 flat=0 gouraud=0 chrome=313309 texture=2197423 furnace=0 embers=93796 bloom=0 veil=862 titles=1377 fade=201 | setup=343747 total=3540950
T t=126.5 bar=65 ph=9 the eye | render ms 12.25/12.65/12.96 | fps 59.7 | hold 1 miss 0 late 0 | gap ms 16.73 | under 0 fill 465 | copy 2499 cy/line 35.84 Mcy/s | synth 3034 cy/pump 43.52 Mcy/s 1813 cy/sample | tri 182 px 55923 part 84 ch 4 | AHASH s=3024000 689501b6
PROF T t=126 ph=9 the eye frames=60 | clear=44580 sky=556936 floor=0 scene=3071071 flat=0 gouraud=0 chrome=344826 texture=2382853 furnace=0 embers=92595 bloom=0 veil=849 titles=1396 fade=204 | setup=343391 total=3767634
T t=127.5 bar=66 ph=9 the eye | render ms 12.93/13.16/13.33 | fps 59.7 | hold 1 miss 0 late 0 | gap ms 16.73 | under 0 fill 465 | copy 2504 cy/line 35.91 Mcy/s | synth 3032 cy/pump 43.49 Mcy/s 1812 cy/sample | tri 182 px 56462 part 85 ch 4 | AHASH s=3048000 54ddbfb4
PROF T t=127 ph=9 the eye frames=60 | clear=44518 sky=576945 floor=0 scene=3202872 flat=0 gouraud=0 chrome=405525 texture=2452984 furnace=0 embers=93291 bloom=0 veil=862 titles=1413 fade=212 | setup=344361 total=3920114
T t=128.5 bar=66 ph=9 the eye | render ms 13.09/13.43/13.98 | fps 59.7 | hold 1 miss 0 late 0 | gap ms 16.73 | under 0 fill 465 | copy 2507 cy/line 35.95 Mcy/s | synth 3034 cy/pump 43.52 Mcy/s 1813 cy/sample | tri 182 px 58705 part 85 ch 4 | AHASH s=3072000 ff2af1eb
PROF T t=128 ph=9 the eye frames=60 | clear=44520 sky=617416 floor=0 scene=3245217 flat=0 gouraud=0 chrome=532174 texture=2367167 furnace=0 embers=93155 bloom=0 veil=852 titles=1404 fade=203 | setup=345876 total=4002772
T t=129.5 bar=67 ph=9 the eye | render ms 13.32/13.75/14.16 | fps 59.7 | hold 1 miss 0 late 0 | gap ms 16.73 | under 0 fill 465 | copy 2513 cy/line 36.04 Mcy/s | synth 3036 cy/pump 43.53 Mcy/s 1814 cy/sample | tri 182 px 52293 part 85 ch 4 | AHASH s=3096000 bcfb55d3
PROF T t=129 ph=9 the eye frames=60 | clear=44619 sky=719350 floor=0 scene=3240143 flat=0 gouraud=0 chrome=821654 texture=2073007 furnace=0 embers=92331 bloom=0 veil=856 titles=1395 fade=214 | setup=345482 total=4098912
T t=130.5 bar=67 ph=9 the eye | render ms 12.18/12.95/13.56 | fps 59.7 | hold 1 miss 0 late 0 | gap ms 16.73 | under 0 fill 465 | copy 2525 cy/line 36.21 Mcy/s | synth 3030 cy/pump 43.46 Mcy/s 1811 cy/sample | tri 182 px 28396 part 85 ch 4 | AHASH s=3120000 55e3adeb
PROF T t=130 ph=9 the eye frames=60 | clear=44607 sky=1103491 floor=0 scene=2616576 flat=0 gouraud=0 chrome=1260848 texture=1014124 furnace=0 embers=90301 bloom=0 veil=870 titles=1378 fade=210 | setup=341604 total=3857436
T t=131.5 bar=68 ph=9 the eye | render ms 10.55/11.14/12.39 | fps 59.7 | hold 1 miss 0 late 0 | gap ms 16.73 | under 0 fill 465 | copy 2487 cy/line 35.67 Mcy/s | synth 3035 cy/pump 43.52 Mcy/s 1813 cy/sample | tri 182 px 9840 part 87 ch 4 | AHASH s=3144000 776b4edd
PROF T t=131 ph=9 the eye frames=60 | clear=44598 sky=1780282 floor=0 scene=1392444 flat=0 gouraud=0 chrome=223777 texture=827087 furnace=0 embers=95256 bloom=0 veil=882 titles=1414 fade=237 | setup=341579 total=3315117
T t=132.5 bar=69 ph=9 the eye | render ms 10.62/11.02/11.50 | fps 59.7 | hold 1 miss 0 late 0 | gap ms 16.73 | under 0 fill 465 | copy 2484 cy/line 35.62 Mcy/s | synth 3036 cy/pump 43.54 Mcy/s 1814 cy/sample | tri 182 px 15448 part 88 ch 4 | AHASH s=3168000 37750be0
PROF T t=132 ph=9 the eye frames=60 | clear=44555 sky=1803873 floor=0 scene=1331659 flat=0 gouraud=0 chrome=24397 texture=965606 furnace=0 embers=95343 bloom=0 veil=883 titles=1406 fade=224 | setup=341654 total=3277946
T t=133.5 bar=69 ph=9 the eye | render ms 11.48/12.28/13.22 | fps 59.7 | hold 1 miss 0 late 0 | gap ms 16.73 | under 0 fill 465 | copy 2487 cy/line 35.66 Mcy/s | synth 3041 cy/pump 43.61 Mcy/s 1817 cy/sample | tri 182 px 26868 part 88 ch 4 | AHASH s=3192000 13b36c2c
PROF T t=133 ph=9 the eye frames=60 | clear=44573 sky=1804244 floor=0 scene=1709559 flat=0 gouraud=0 chrome=24301 texture=1342501 furnace=0 embers=96213 bloom=0 veil=887 titles=1401 fade=223 | setup=342757 total=3657105
T t=134.5 bar=70 ph=9 the eye | render ms 13.30/14.72/15.98 | fps 59.7 | hold 1 miss 0 late 0 | gap ms 16.73 | under 0 fill 465 | copy 2494 cy/line 35.76 Mcy/s | synth 3047 cy/pump 43.70 Mcy/s 1820 cy/sample | tri 182 px 46664 part 90 ch 4 | AHASH s=3216000 734b9e99
PROF T t=134 ph=9 the eye frames=60 | clear=44601 sky=1804069 floor=0 scene=2439170 flat=0 gouraud=0 chrome=22296 texture=2073429 furnace=0 embers=97752 bloom=0 veil=887 titles=1395 fade=219 | setup=343443 total=4388096
T t=135.5 bar=70 ph=9 the eye | render ms 11.90/14.59/16.34 | fps 58.7 | hold 2 miss 0 late 1 | gap ms 33.47 | under 0 fill 465 | copy 2492 cy/line 35.74 Mcy/s | synth 3046 cy/pump 43.69 Mcy/s 1820 cy/sample | tri 182 px 16692 part 90 ch 4 | AHASH s=3240000 c8e54c97
PROF T t=135 ph=9 the eye frames=59 | clear=44576 sky=1804682 floor=0 scene=2396085 flat=0 gouraud=0 chrome=22317 texture=2031645 furnace=0 embers=100219 bloom=0 veil=881 titles=1401 fade=229 | setup=342122 total=4348078
T t=136.5 bar=71 ph=9 the eye | render ms 11.37/11.62/12.02 | fps 59.7 | hold 1 miss 0 late 0 | gap ms 16.73 | under 0 fill 465 | copy 2485 cy/line 35.64 Mcy/s | synth 3039 cy/pump 43.58 Mcy/s 1815 cy/sample | tri 182 px 17288 part 94 ch 4 | AHASH s=3264000 477858f9
PROF T t=136 ph=9 the eye frames=60 | clear=44604 sky=1804284 floor=0 scene=1505433 flat=0 gouraud=0 chrome=22439 texture=1140954 furnace=0 embers=101431 bloom=0 veil=885 titles=1429 fade=220 | setup=342039 total=3458289
T t=137.5 bar=71 ph=9 the eye | render ms 11.88/15.25/17.17 | fps 50.9 | hold 2 miss 0 late 9 | gap ms 33.47 | under 0 fill 465 | copy 2494 cy/line 35.77 Mcy/s | synth 3033 cy/pump 43.49 Mcy/s 1812 cy/sample | tri 186 px 25496 part 94 ch 4 | AHASH s=3288000 b36904b5
PROF T t=137 ph=9 the eye frames=52 | clear=44634 sky=1807519 floor=0 scene=1642661 flat=0 gouraud=0 chrome=22309 texture=1455527 furnace=0 embers=105113 bloom=0 veil=946579 titles=1426 fade=219 | setup=164824 total=4548153
PHRASE t=138.2 bar=72 ph=10 the load | render ms 10.55/12.85/17.87 | fps 57.7 | hold 2 miss 0 late 30 | gap ms 33.47 | under 0 fill 465 | copy 2497 cy/line 35.81 Mcy/s | synth 3035 cy/pump 43.53 Mcy/s 1814 cy/sample | tri 174 px 26083 part 126 ch 5 | AHASH s=3312000 4417a264
PROF PHRASE t=138 ph=10 the load frames=888 | clear=44586 sky=1211938 floor=0 scene=2380401 flat=0 gouraud=0 chrome=306183 texture=1753434 furnace=62 embers=96053 bloom=39 veil=93845 titles=1402 fade=216 | setup=320721 total=3828483
T t=138.5 bar=72 ph=10 the load | render ms 14.11/15.90/17.87 | fps 39.8 | hold 2 miss 0 late 20 | gap ms 33.47 | under 0 fill 465 | copy 2498 cy/line 35.83 Mcy/s | synth 3017 cy/pump 43.26 Mcy/s 1802 cy/sample | tri 174 px 25087 part 126 ch 5 | AHASH s=3312000 4417a264
PROF T t=138 ph=10 the load frames=40 | clear=44745 sky=1166893 floor=0 scene=1784407 flat=0 gouraud=0 chrome=350717 texture=1630925 furnace=26935 embers=122837 bloom=17728 veil=1603822 titles=1335 fade=225 | setup=0 total=4741995
T t=139.5 bar=72 ph=10 the load | render ms 12.57/13.50/14.22 | fps 59.7 | hold 1 miss 0 late 0 | gap ms 16.73 | under 0 fill 465 | copy 2518 cy/line 36.11 Mcy/s | synth 3046 cy/pump 43.68 Mcy/s 1820 cy/sample | tri 174 px 17909 part 126 ch 5 | AHASH s=3336000 b52e67ca
PROF T t=139 ph=10 the load frames=60 | clear=44591 sky=515179 floor=0 scene=1889551 flat=0 gouraud=0 chrome=680298 texture=1250764 furnace=55878 embers=140515 bloom=35962 veil=1392135 titles=3695 fade=223 | setup=0 total=4021854
T t=140.5 bar=73 ph=10 the load | render ms 8.89/9.36/12.29 | fps 59.7 | hold 1 miss 0 late 0 | gap ms 16.73 | under 0 fill 465 | copy 2509 cy/line 35.98 Mcy/s | synth 2749 cy/pump 39.43 Mcy/s 1642 cy/sample | tri 166 px 17393 part 126 ch 5 | AHASH s=3360000 e8c9be35
PROF T t=140 ph=10 the load frames=60 | clear=44612 sky=516177 floor=0 scene=1891670 flat=0 gouraud=0 chrome=681537 texture=923626 furnace=57983 embers=137922 bloom=36346 veil=128441 titles=25504 fade=216 | setup=228523 total=2780892
T t=141.5 bar=73 ph=10 the load | render ms 8.89/8.93/9.04 | fps 59.7 | hold 1 miss 0 late 0 | gap ms 16.73 | under 0 fill 465 | copy 2514 cy/line 36.05 Mcy/s | synth 2599 cy/pump 37.28 Mcy/s 1553 cy/sample | tri 166 px 17429 part 126 ch 5 | AHASH s=3384000 78ec8b6d
PROF T t=141 ph=10 the load frames=60 | clear=44534 sky=516738 floor=0 scene=1890182 flat=0 gouraud=0 chrome=682770 texture=909922 furnace=57817 embers=138572 bloom=36324 veil=877 titles=25710 fade=219 | setup=239671 total=2653159
T t=142.5 bar=74 ph=10 the load | render ms 8.91/8.94/9.07 | fps 59.7 | hold 1 miss 0 late 0 | gap ms 16.73 | under 0 fill 465 | copy 2513 cy/line 36.04 Mcy/s | synth 2599 cy/pump 37.28 Mcy/s 1553 cy/sample | tri 166 px 17417 part 127 ch 5 | AHASH s=3408000 24e3995f
PROF T t=142 ph=10 the load frames=60 | clear=44572 sky=516151 floor=0 scene=1891302 flat=0 gouraud=0 chrome=684114 texture=909649 furnace=57713 embers=140088 bloom=36369 veil=856 titles=25577 fade=223 | setup=239824 total=2655141
T t=143.5 bar=74 ph=10 the load | render ms 8.89/8.93/9.05 | fps 59.7 | hold 1 miss 0 late 0 | gap ms 16.73 | under 0 fill 465 | copy 2514 cy/line 36.05 Mcy/s | synth 2601 cy/pump 37.31 Mcy/s 1554 cy/sample | tri 164 px 17393 part 127 ch 5 | AHASH s=3432000 a167a78e
PROF T t=143 ph=10 the load frames=60 | clear=44575 sky=515498 floor=0 scene=1889985 flat=0 gouraud=0 chrome=683632 texture=910507 furnace=55836 embers=139901 bloom=36134 veil=863 titles=25687 fade=226 | setup=240009 total=2652873
T t=144.5 bar=75 ph=10 the load | render ms 8.89/8.93/9.06 | fps 59.7 | hold 1 miss 0 late 0 | gap ms 16.73 | under 0 fill 465 | copy 2514 cy/line 36.05 Mcy/s | synth 2599 cy/pump 37.28 Mcy/s 1553 cy/sample | tri 164 px 17461 part 127 ch 5 | AHASH s=3456000 634c61d6
PROF T t=144 ph=10 the load frames=60 | clear=44601 sky=514972 floor=0 scene=1889468 flat=0 gouraud=0 chrome=684816 texture=911727 furnace=53512 embers=141600 bloom=34723 veil=861 titles=25683 fade=221 | setup=239412 total=2652133
T t=145.6 bar=75 ph=10 the load | render ms 8.90/8.94/9.05 | fps 59.7 | hold 1 miss 0 late 0 | gap ms 16.73 | under 0 fill 465 | copy 2514 cy/line 36.05 Mcy/s | synth 2599 cy/pump 37.27 Mcy/s 1553 cy/sample | tri 164 px 17541 part 127 ch 5 | AHASH s=3480000 71fe7714
PROF T t=145 ph=10 the load frames=60 | clear=44589 sky=514906 floor=0 scene=1892227 flat=0 gouraud=0 chrome=686016 texture=913082 furnace=53509 embers=142257 bloom=34116 veil=864 titles=25551 fade=215 | setup=239619 total=2654729
T t=146.6 bar=76 ph=10 the load | render ms 8.91/8.95/9.08 | fps 59.7 | hold 1 miss 0 late 0 | gap ms 16.73 | under 0 fill 465 | copy 2514 cy/line 36.06 Mcy/s | synth 2599 cy/pump 37.27 Mcy/s 1553 cy/sample | tri 162 px 17562 part 127 ch 5 | AHASH s=3504000 1ad90c4d
PROF T t=146 ph=10 the load frames=60 | clear=44585 sky=515024 floor=0 scene=1894929 flat=0 gouraud=0 chrome=684772 texture=914882 furnace=56335 embers=140879 bloom=35680 veil=858 titles=25543 fade=225 | setup=238938 total=2657726
T t=147.6 bar=76 ph=10 the load | render ms 8.94/8.97/9.10 | fps 59.7 | hold 1 miss 0 late 0 | gap ms 16.73 | under 0 fill 465 | copy 2513 cy/line 36.04 Mcy/s | synth 2600 cy/pump 37.28 Mcy/s 1553 cy/sample | tri 164 px 17585 part 127 ch 5 | AHASH s=3528000 8841309f
PROF T t=147 ph=10 the load frames=60 | clear=44572 sky=516040 floor=0 scene=1902151 flat=0 gouraud=0 chrome=688074 texture=915965 furnace=58921 embers=139708 bloom=36370 veil=867 titles=25546 fade=220 | setup=239189 total=2665476
T t=148.6 bar=77 ph=10 the load | render ms 8.87/8.93/9.11 | fps 59.7 | hold 1 miss 0 late 0 | gap ms 16.73 | under 0 fill 465 | copy 2513 cy/line 36.04 Mcy/s | synth 2598 cy/pump 37.25 Mcy/s 1552 cy/sample | tri 164 px 17622 part 127 ch 5 | AHASH s=3552000 dff90dbd
PROF T t=148 ph=10 the load frames=60 | clear=44584 sky=515416 floor=0 scene=1909028 flat=0 gouraud=0 chrome=692748 texture=917264 furnace=60071 embers=138366 bloom=36752 veil=866 titles=6612 fade=215 | setup=238944 total=2651843
T t=149.6 bar=77 ph=10 the load | render ms 8.89/8.93/9.03 | fps 59.7 | hold 1 miss 0 late 0 | gap ms 16.73 | under 0 fill 465 | copy 2514 cy/line 36.06 Mcy/s | synth 2597 cy/pump 37.24 Mcy/s 1551 cy/sample | tri 164 px 17705 part 127 ch 5 | AHASH s=3576000 10ef495b
PROF T t=149 ph=10 the load frames=60 | clear=44607 sky=514651 floor=0 scene=1913952 flat=0 gouraud=0 chrome=695460 texture=919275 furnace=60530 embers=137272 bloom=38354 veil=862 titles=1368 fade=220 | setup=238685 total=2651290
T t=150.6 bar=78 ph=10 the load | render ms 8.91/8.96/9.07 | fps 59.7 | hold 1 miss 0 late 0 | gap ms 16.73 | under 0 fill 465 | copy 2514 cy/line 36.06 Mcy/s | synth 2598 cy/pump 37.25 Mcy/s 1552 cy/sample | tri 164 px 17757 part 127 ch 5 | AHASH s=3600000 a827f115
PROF T t=150 ph=10 the load frames=60 | clear=44573 sky=514882 floor=0 scene=1920603 flat=0 gouraud=0 chrome=696848 texture=922520 furnace=61963 embers=138050 bloom=39670 veil=851 titles=1333 fade=219 | setup=239270 total=2660184
T t=151.6 bar=78 ph=10 the load | render ms 8.93/8.98/9.11 | fps 59.7 | hold 1 miss 0 late 0 | gap ms 16.73 | under 0 fill 465 | copy 2514 cy/line 36.05 Mcy/s | synth 2595 cy/pump 37.21 Mcy/s 1550 cy/sample | tri 164 px 17776 part 127 ch 5 | AHASH s=3624000 70a52061
PROF T t=151 ph=10 the load frames=60 | clear=44592 sky=514725 floor=0 scene=1924221 flat=0 gouraud=0 chrome=696337 texture=924035 furnace=64043 embers=140297 bloom=40310 veil=852 titles=1353 fade=217 | setup=239805 total=2666571
T t=152.6 bar=79 ph=10 the load | render ms 8.93/8.99/9.11 | fps 59.7 | hold 1 miss 0 late 0 | gap ms 16.73 | under 0 fill 465 | copy 2515 cy/line 36.07 Mcy/s | synth 2598 cy/pump 37.26 Mcy/s 1552 cy/sample | tri 160 px 17823 part 127 ch 5 | AHASH s=3648000 83a0cb6b
PROF T t=152 ph=10 the load frames=60 | clear=44570 sky=515056 floor=0 scene=1925417 flat=0 gouraud=0 chrome=695718 texture=923431 furnace=67519 embers=142389 bloom=40864 veil=862 titles=1341 fade=220 | setup=238747 total=2670722
PHRASE t=153.6 bar=80 ph=11 the load | render ms 8.87/9.38/14.45 | fps 59.7 | hold 1 miss 0 late 0 | gap ms 16.73 | under 0 fill 465 | copy 2514 cy/line 36.05 Mcy/s | synth 2644 cy/pump 37.92 Mcy/s 1580 cy/sample | tri 158 px 17862 part 127 ch 5 | AHASH s=3672000 abe9098c
PROF PHRASE t=153 ph=11 the load frames=917 | clear=44585 sky=515427 floor=0 scene=1903026 flat=0 gouraud=0 chrome=688120 texture=949935 furnace=59336 embers=139920 bloom=37255 veil=133756 titles=14537 fade=220 | setup=205632 total=2788729
T t=153.6 bar=80 ph=11 the load | render ms 8.96/9.00/9.12 | fps 59.7 | hold 1 miss 0 late 0 | gap ms 16.73 | under 0 fill 465 | copy 2512 cy/line 36.03 Mcy/s | synth 2557 cy/pump 36.67 Mcy/s 1527 cy/sample | tri 158 px 17843 part 127 ch 5 | AHASH s=3672000 abe9098c
PROF T t=153 ph=11 the load frames=60 | clear=44686 sky=516306 floor=0 scene=1926987 flat=0 gouraud=0 chrome=691729 texture=926197 furnace=70566 embers=140955 bloom=41578 veil=863 titles=1333 fade=225 | setup=238495 total=2672937
T t=154.6 bar=80 ph=11 the load | render ms 8.96/9.01/9.11 | fps 59.7 | hold 1 miss 0 late 0 | gap ms 16.73 | under 0 fill 465 | copy 2514 cy/line 36.05 Mcy/s | synth 2596 cy/pump 37.23 Mcy/s 1551 cy/sample | tri 160 px 17925 part 127 ch 5 | AHASH s=3696000 3176b28e
PROF T t=154 ph=11 the load frames=60 | clear=44540 sky=515233 floor=0 scene=1932503 flat=0 gouraud=0 chrome=694575 texture=928049 furnace=71105 embers=139648 bloom=42167 veil=869 titles=1351 fade=216 | setup=238772 total=2676530
T t=155.6 bar=81 ph=11 the load | render ms 8.99/9.03/9.19 | fps 59.7 | hold 1 miss 0 late 0 | gap ms 16.73 | under 0 fill 465 | copy 2511 cy/line 36.02 Mcy/s | synth 2668 cy/pump 38.26 Mcy/s 1594 cy/sample | tri 160 px 17996 part 127 ch 5 | AHASH s=3720000 95f09d70
PROF T t=155 ph=11 the load frames=60 | clear=44538 sky=515730 floor=0 scene=1939056 flat=0 gouraud=0 chrome=697493 texture=930145 furnace=71830 embers=138579 bloom=42834 veil=869 titles=1347 fade=221 | setup=239585 total=2683178
T t=156.6 bar=81 ph=11 the load | render ms 9.00/9.04/9.17 | fps 59.7 | hold 1 miss 0 late 0 | gap ms 16.73 | under 0 fill 465 | copy 2498 cy/line 35.82 Mcy/s | synth 3030 cy/pump 43.46 Mcy/s 1810 cy/sample | tri 160 px 18027 part 127 ch 5 | AHASH s=3744000 ca1f9b64
PROF T t=156 ph=11 the load frames=60 | clear=44609 sky=515132 floor=0 scene=1940781 flat=0 gouraud=0 chrome=698550 texture=933259 furnace=70757 embers=138991 bloom=43493 veil=865 titles=1349 fade=218 | setup=238215 total=2685442
T t=157.6 bar=82 ph=11 the load | render ms 9.01/9.07/9.20 | fps 59.7 | hold 1 miss 0 late 0 | gap ms 16.73 | under 0 fill 465 | copy 2500 cy/line 35.85 Mcy/s | synth 3032 cy/pump 43.48 Mcy/s 1811 cy/sample | tri 160 px 18140 part 127 ch 5 | AHASH s=3768000 9d415870
PROF T t=157 ph=11 the load frames=60 | clear=44551 sky=515890 floor=0 scene=1945334 flat=0 gouraud=0 chrome=700498 texture=935727 furnace=70999 embers=140635 bloom=44049 veil=869 titles=1369 fade=212 | setup=238109 total=2692912
T t=158.6 bar=82 ph=11 the load | render ms 9.05/9.08/9.23 | fps 59.7 | hold 1 miss 0 late 0 | gap ms 16.73 | under 0 fill 465 | copy 2498 cy/line 35.83 Mcy/s | synth 3033 cy/pump 43.49 Mcy/s 1812 cy/sample | tri 160 px 18221 part 127 ch 5 | AHASH s=3792000 7d3d2864
PROF T t=158 ph=11 the load frames=60 | clear=44582 sky=516174 floor=0 scene=1949333 flat=0 gouraud=0 chrome=701655 texture=938210 furnace=71768 embers=141037 bloom=44177 veil=849 titles=1361 fade=218 | setup=237698 total=2697735
T t=159.6 bar=83 ph=11 the load | render ms 9.05/9.10/9.22 | fps 59.7 | hold 1 miss 0 late 0 | gap ms 16.73 | under 0 fill 465 | copy 2499 cy/line 35.84 Mcy/s | synth 3034 cy/pump 43.51 Mcy/s 1812 cy/sample | tri 164 px 18254 part 127 ch 5 | AHASH s=3816000 deef4d72
PROF T t=159 ph=11 the load frames=60 | clear=44602 sky=515588 floor=0 scene=1954616 flat=0 gouraud=0 chrome=703569 texture=941545 furnace=71143 embers=140748 bloom=44174 veil=870 titles=1345 fade=213 | setup=238357 total=2702159
T t=160.6 bar=83 ph=11 the load | render ms 9.07/9.11/9.25 | fps 59.7 | hold 1 miss 0 late 0 | gap ms 16.73 | under 0 fill 465 | copy 2499 cy/line 35.84 Mcy/s | synth 3033 cy/pump 43.50 Mcy/s 1812 cy/sample | tri 162 px 18346 part 127 ch 5 | AHASH s=3840000 9a42f6cc
PROF T t=160 ph=11 the load frames=60 | clear=44601 sky=515818 floor=0 scene=1960605 flat=0 gouraud=0 chrome=703521 texture=947325 furnace=71848 embers=139126 bloom=44172 veil=864 titles=1370 fade=219 | setup=237909 total=2706778
T t=161.6 bar=84 ph=11 the load | render ms 9.08/9.13/9.27 | fps 59.7 | hold 1 miss 0 late 0 | gap ms 16.73 | under 0 fill 465 | copy 2499 cy/line 35.84 Mcy/s | synth 3034 cy/pump 43.51 Mcy/s 1812 cy/sample | tri 164 px 18443 part 127 ch 5 | AHASH s=3864000 41e70dda
PROF T t=161 ph=11 the load frames=60 | clear=44566 sky=515612 floor=0 scene=1965525 flat=0 gouraud=0 chrome=703701 texture=951352 furnace=72003 embers=138757 bloom=44174 veil=868 titles=1361 fade=218 | setup=238467 total=2711084
T t=162.6 bar=84 ph=11 the load | render ms 9.12/9.16/9.26 | fps 59.7 | hold 1 miss 0 late 0 | gap ms 16.73 | under 0 fill 465 | copy 2499 cy/line 35.84 Mcy/s | synth 3034 cy/pump 43.50 Mcy/s 1812 cy/sample | tri 164 px 18485 part 127 ch 5 | AHASH s=3888000 31bd76a8
PROF T t=162 ph=11 the load frames=60 | clear=44598 sky=514904 floor=0 scene=1973992 flat=0 gouraud=0 chrome=708620 texture=955114 furnace=71518 embers=140093 bloom=44014 veil=869 titles=1358 fade=218 | setup=238739 total=2720049
T t=163.6 bar=85 ph=11 the load | render ms 9.15/9.18/9.31 | fps 59.7 | hold 1 miss 0 late 0 | gap ms 16.73 | under 0 fill 465 | copy 2500 cy/line 35.85 Mcy/s | synth 3035 cy/pump 43.53 Mcy/s 1813 cy/sample | tri 164 px 18580 part 127 ch 5 | AHASH s=3912000 0ad3b991
PROF T t=163 ph=11 the load frames=60 | clear=44546 sky=516223 floor=0 scene=1979292 flat=0 gouraud=0 chrome=708514 texture=958877 furnace=72813 embers=141422 bloom=43575 veil=870 titles=1354 fade=223 | setup=239088 total=2727509
T t=164.6 bar=85 ph=11 the load | render ms 9.14/9.19/9.31 | fps 59.7 | hold 1 miss 0 late 0 | gap ms 16.73 | under 0 fill 465 | copy 2500 cy/line 35.85 Mcy/s | synth 3035 cy/pump 43.53 Mcy/s 1813 cy/sample | tri 164 px 18601 part 127 ch 5 | AHASH s=3936000 b3d08b8f
PROF T t=164 ph=11 the load frames=60 | clear=44546 sky=515693 floor=0 scene=1980570 flat=0 gouraud=0 chrome=709612 texture=960535 furnace=72061 embers=142477 bloom=43234 veil=863 titles=1344 fade=223 | setup=238360 total=2728952
T t=165.6 bar=86 ph=11 the load | render ms 9.15/9.18/9.32 | fps 59.7 | hold 1 miss 0 late 0 | gap ms 16.73 | under 0 fill 465 | copy 2500 cy/line 35.85 Mcy/s | synth 3035 cy/pump 43.52 Mcy/s 1813 cy/sample | tri 164 px 18672 part 127 ch 5 | AHASH s=3960000 d105d087
PROF T t=165 ph=11 the load frames=60 | clear=44601 sky=515252 floor=0 scene=1981873 flat=0 gouraud=0 chrome=709794 texture=962484 furnace=71154 embers=141768 bloom=42808 veil=865 titles=1353 fade=216 | setup=238439 total=2728739
T t=166.6 bar=86 ph=11 the load | render ms 9.13/9.18/9.32 | fps 59.7 | hold 1 miss 0 late 0 | gap ms 16.73 | under 0 fill 465 | copy 2500 cy/line 35.85 Mcy/s | synth 3035 cy/pump 43.52 Mcy/s 1813 cy/sample | tri 164 px 18706 part 127 ch 5 | AHASH s=3984000 a355dacd
PROF T t=166 ph=11 the load frames=60 | clear=44580 sky=515295 floor=0 scene=1982447 flat=0 gouraud=0 chrome=709639 texture=963346 furnace=71036 embers=138656 bloom=42655 veil=864 titles=1358 fade=216 | setup=238424 total=2726074
T t=167.6 bar=87 ph=11 the load | render ms 9.13/9.96/12.99 | fps 59.7 | hold 1 miss 0 late 0 | gap ms 16.73 | under 0 fill 465 | copy 2502 cy/line 35.89 Mcy/s | synth 3033 cy/pump 43.50 Mcy/s 1812 cy/sample | tri 166 px 19232 part 127 ch 5 | AHASH s=4008000 91641358
PROF T t=167 ph=11 the load frames=60 | clear=44610 sky=515867 floor=0 scene=1982759 flat=0 gouraud=0 chrome=709306 texture=990396 furnace=70512 embers=137687 bloom=41946 veil=236460 titles=1336 fade=212 | setup=212543 total=2960880
T t=168.6 bar=87 ph=11 the load | render ms 13.15/13.95/14.57 | fps 59.7 | hold 1 miss 0 late 0 | gap ms 16.73 | under 0 fill 465 | copy 2519 cy/line 36.13 Mcy/s | synth 3048 cy/pump 43.71 Mcy/s 1821 cy/sample | tri 166 px 26921 part 127 ch 5 | AHASH s=4032000 966fd824
PROF T t=168 ph=11 the load frames=60 | clear=44595 sky=517296 floor=0 scene=1977024 flat=0 gouraud=0 chrome=708259 texture=1332771 furnace=66803 embers=138275 bloom=41143 veil=1436809 titles=1366 fade=226 | setup=0 total=4156739
PHRASE t=168.9 bar=88 ph=12 the spine | render ms 8.96/9.58/14.67 | fps 59.7 | hold 1 miss 0 late 0 | gap ms 16.73 | under 0 fill 465 | copy 2503 cy/line 35.90 Mcy/s | synth 2979 cy/pump 42.72 Mcy/s 1780 cy/sample | tri 154 px 18761 part 115 ch 6 | AHASH s=4056000 2a6e3e64
PROF PHRASE t=168 ph=12 the spine frames=918 | clear=44588 sky=515831 floor=0 scene=1962504 flat=0 gouraud=0 chrome=704046 texture=984075 furnace=70948 embers=139839 bloom=43127 veil=138467 titles=1355 fade=218 | setup=203434 total=2845932
T t=169.7 bar=88 ph=12 the spine | render ms 11.33/12.44/14.67 | fps 59.7 | hold 1 miss 0 late 0 | gap ms 16.73 | under 0 fill 465 | copy 2512 cy/line 36.02 Mcy/s | synth 2999 cy/pump 43.01 Mcy/s 1792 cy/sample | tri 158 px 14696 part 115 ch 6 | AHASH s=4056000 2a6e3e64
PROF T t=169 ph=12 the spine frames=60 | clear=44729 sky=504126 floor=0 scene=1437562 flat=0 gouraud=0 chrome=341128 texture=1288331 furnace=15777 embers=130117 bloom=9835 veil=1576893 titles=1312 fade=213 | setup=0 total=3704791
T t=170.7 bar=88 ph=12 the spine | render ms 6.66/9.63/11.49 | fps 59.7 | hold 1 miss 0 late 0 | gap ms 16.73 | under 0 fill 465 | copy 2496 cy/line 35.80 Mcy/s | synth 3027 cy/pump 43.40 Mcy/s 1808 cy/sample | tri 156 px 10987 part 115 ch 6 | AHASH s=4080000 3b693886
PROF T t=170 ph=12 the spine frames=60 | clear=44610 sky=498338 floor=0 scene=1274880 flat=0 gouraud=0 chrome=224849 texture=949699 furnace=0 embers=126810 bloom=0 veil=902894 titles=13944 fade=221 | setup=100331 total=2861701
T t=171.7 bar=89 ph=12 the spine | render ms 6.66/6.73/6.94 | fps 59.7 | hold 1 miss 0 late 0 | gap ms 16.73 | under 0 fill 465 | copy 2484 cy/line 35.63 Mcy/s | synth 3023 cy/pump 43.36 Mcy/s 1806 cy/sample | tri 154 px 10700 part 115 ch 6 | AHASH s=4104000 9dae99f0
PROF T t=171 ph=12 the spine frames=60 | clear=44604 sky=499247 floor=0 scene=1295075 flat=0 gouraud=0 chrome=230122 texture=809472 furnace=0 embers=126370 bloom=0 veil=843 titles=26562 fade=214 | setup=255481 total=1992918
T t=172.7 bar=89 ph=12 the spine | render ms 6.56/6.67/6.84 | fps 59.7 | hold 1 miss 0 late 0 | gap ms 16.73 | under 0 fill 465 | copy 2485 cy/line 35.64 Mcy/s | synth 3022 cy/pump 43.35 Mcy/s 1806 cy/sample | tri 150 px 10545 part 115 ch 6 | AHASH s=4128000 570b885b
PROF T t=172 ph=12 the spine frames=60 | clear=44607 sky=499024 floor=0 scene=1274073 flat=0 gouraud=0 chrome=248503 texture=773267 furnace=0 embers=127277 bloom=0 veil=858 titles=26586 fade=208 | setup=252302 total=1972635
T t=173.7 bar=90 ph=12 the spine | render ms 6.28/6.53/6.89 | fps 59.7 | hold 1 miss 0 late 0 | gap ms 16.73 | under 0 fill 465 | copy 2485 cy/line 35.63 Mcy/s | synth 3022 cy/pump 43.34 Mcy/s 1805 cy/sample | tri 150 px 10392 part 115 ch 6 | AHASH s=4152000 ca16384e
PROF T t=173 ph=12 the spine frames=60 | clear=44610 sky=499033 floor=0 scene=1231673 flat=0 gouraud=0 chrome=245714 texture=776981 furnace=0 embers=129413 bloom=0 veil=852 titles=26566 fade=210 | setup=208977 total=1932361
T t=174.7 bar=91 ph=12 the spine | render ms 6.29/6.41/6.50 | fps 59.7 | hold 1 miss 0 late 0 | gap ms 16.73 | under 0 fill 465 | copy 2485 cy/line 35.64 Mcy/s | synth 3020 cy/pump 43.31 Mcy/s 1804 cy/sample | tri 156 px 10011 part 115 ch 6 | AHASH s=4176000 0d111beb
PROF T t=174 ph=12 the spine frames=60 | clear=44609 sky=498842 floor=0 scene=1194519 flat=0 gouraud=0 chrome=247219 texture=776441 furnace=0 embers=130164 bloom=0 veil=876 titles=26525 fade=204 | setup=170858 total=1895740
T t=175.7 bar=91 ph=12 the spine | render ms 6.24/6.31/6.44 | fps 59.7 | hold 1 miss 0 late 0 | gap ms 16.73 | under 0 fill 465 | copy 2484 cy/line 35.63 Mcy/s | synth 3020 cy/pump 43.31 Mcy/s 1804 cy/sample | tri 156 px 9801 part 115 ch 6 | AHASH s=4200000 b9b23caa
PROF T t=175 ph=12 the spine frames=60 | clear=44597 sky=498273 floor=0 scene=1165974 flat=0 gouraud=0 chrome=237747 texture=756470 furnace=0 embers=129452 bloom=0 veil=854 titles=26550 fade=235 | setup=171755 total=1865939
T t=176.7 bar=92 ph=12 the spine | render ms 6.12/6.21/6.47 | fps 59.7 | hold 1 miss 0 late 0 | gap ms 16.73 | under 0 fill 465 | copy 2485 cy/line 35.63 Mcy/s | synth 3018 cy/pump 43.28 Mcy/s 1803 cy/sample | tri 150 px 9266 part 115 ch 6 | AHASH s=4224000 ec41826b
PROF T t=176 ph=12 the spine frames=60 | clear=44634 sky=498926 floor=0 scene=1136039 flat=0 gouraud=0 chrome=240667 texture=724023 furnace=0 embers=129898 bloom=0 veil=850 titles=26557 fade=238 | setup=171348 total=1837145
T t=177.7 bar=92 ph=12 the spine | render ms 6.04/6.14/6.36 | fps 59.7 | hold 1 miss 0 late 0 | gap ms 16.73 | under 0 fill 465 | copy 2484 cy/line 35.62 Mcy/s | synth 3019 cy/pump 43.30 Mcy/s 1804 cy/sample | tri 150 px 9072 part 115 ch 6 | AHASH s=4248000 a8146d58
PROF T t=177 ph=12 the spine frames=60 | clear=44641 sky=498532 floor=0 scene=1115463 flat=0 gouraud=0 chrome=244885 texture=699158 furnace=0 embers=129448 bloom=0 veil=849 titles=26646 fade=239 | setup=171419 total=1815821
T t=178.7 bar=93 ph=12 the spine | render ms 5.83/6.03/6.34 | fps 59.7 | hold 1 miss 0 late 0 | gap ms 16.73 | under 0 fill 465 | copy 2483 cy/line 35.61 Mcy/s | synth 3015 cy/pump 43.24 Mcy/s 1801 cy/sample | tri 154 px 8290 part 115 ch 6 | AHASH s=4272000 2c216a89
PROF T t=178 ph=12 the spine frames=60 | clear=44622 sky=498184 floor=0 scene=1088058 flat=0 gouraud=0 chrome=241032 texture=675000 furnace=0 embers=127839 bloom=0 veil=868 titles=21976 fade=233 | setup=172025 total=1781783
T t=179.7 bar=93 ph=12 the spine | render ms 5.80/5.90/6.05 | fps 59.7 | hold 1 miss 0 late 0 | gap ms 16.73 | under 0 fill 465 | copy 2483 cy/line 35.61 Mcy/s | synth 3012 cy/pump 43.20 Mcy/s 1800 cy/sample | tri 156 px 8167 part 115 ch 6 | AHASH s=4296000 294d03a0
PROF T t=179 ph=12 the spine frames=60 | clear=44632 sky=496438 floor=0 scene=1072783 flat=0 gouraud=0 chrome=235629 texture=664749 furnace=0 embers=126666 bloom=0 veil=839 titles=1411 fade=221 | setup=172405 total=1742993
T t=180.7 bar=94 ph=12 the spine | render ms 5.80/5.91/6.04 | fps 59.7 | hold 1 miss 0 late 0 | gap ms 16.73 | under 0 fill 465 | copy 2483 cy/line 35.61 Mcy/s | synth 3014 cy/pump 43.23 Mcy/s 1801 cy/sample | tri 150 px 8316 part 115 ch 6 | AHASH s=4320000 c078dc9b
PROF T t=180 ph=12 the spine frames=60 | clear=44601 sky=496800 floor=0 scene=1077588 flat=0 gouraud=0 chrome=236940 texture=668771 furnace=0 embers=125224 bloom=0 veil=856 titles=1391 fade=214 | setup=171876 total=1746677
T t=181.7 bar=94 ph=12 the spine | render ms 5.82/5.92/6.10 | fps 59.7 | hold 1 miss 0 late 0 | gap ms 16.73 | under 0 fill 465 | copy 2483 cy/line 35.61 Mcy/s | synth 3015 cy/pump 43.24 Mcy/s 1801 cy/sample | tri 150 px 8436 part 115 ch 6 | AHASH s=4344000 7b701b47
PROF T t=181 ph=12 the spine frames=60 | clear=44644 sky=496758 floor=0 scene=1080364 flat=0 gouraud=0 chrome=240160 texture=668968 furnace=0 embers=124216 bloom=0 veil=850 titles=1389 fade=201 | setup=171234 total=1748424
T t=182.7 bar=95 ph=12 the spine | render ms 5.86/5.92/6.12 | fps 59.7 | hold 1 miss 0 late 0 | gap ms 16.73 | under 0 fill 465 | copy 2483 cy/line 35.61 Mcy/s | synth 3010 cy/pump 43.17 Mcy/s 1799 cy/sample | tri 150 px 8295 part 115 ch 6 | AHASH s=4368000 db66af5d
PROF T t=182 ph=12 the spine frames=60 | clear=44617 sky=497079 floor=0 scene=1082466 flat=0 gouraud=0 chrome=237479 texture=674016 furnace=0 embers=123026 bloom=0 veil=852 titles=1394 fade=231 | setup=170970 total=1749669
T t=183.7 bar=95 ph=12 the spine | render ms 5.84/5.93/6.10 | fps 59.7 | hold 1 miss 0 late 0 | gap ms 16.73 | under 0 fill 465 | copy 2482 cy/line 35.60 Mcy/s | synth 3014 cy/pump 43.22 Mcy/s 1801 cy/sample | tri 156 px 8169 part 115 ch 6 | AHASH s=4392000 834ccdbe
PROF T t=183 ph=12 the spine frames=60 | clear=44617 sky=496516 floor=0 scene=1082825 flat=0 gouraud=0 chrome=238269 texture=672299 furnace=0 embers=125010 bloom=0 veil=848 titles=1407 fade=220 | setup=172256 total=1751446
PHRASE t=184.3 bar=96 ph=13 the spine | render ms 5.80/6.70/21.96 | fps 59.6 | hold 2 miss 0 late 1 | gap ms 33.47 | under 0 fill 465 | copy 2486 cy/line 35.65 Mcy/s | synth 3019 cy/pump 43.29 Mcy/s 1803 cy/sample | tri 624 px 77043 part 102 ch 6 | AHASH s=4416000 7f5e6d22
PROF PHRASE t=184 ph=13 the spine frames=918 | clear=44623 sky=498000 floor=0 scene=1162525 flat=61 gouraud=0 chrome=238785 texture=759568 furnace=0 embers=127198 bloom=0 veil=134469 titles=15075 fade=219 | setup=164110 total=1982112
T t=184.7 bar=96 ph=13 the spine | render ms 5.87/10.71/22.17 | fps 46.0 | hold 2 miss 0 late 14 | gap ms 33.47 | under 0 fill 465 | copy 2489 cy/line 35.69 Mcy/s | synth 3011 cy/pump 43.19 Mcy/s 1799 cy/sample | tri 622 px 75920 part 102 ch 6 | AHASH s=4416000 7f5e6d22
PROF T t=184 ph=13 the spine frames=47 | clear=44742 sky=506656 floor=0 scene=2508342 flat=17130 gouraud=0 chrome=409339 texture=1722575 furnace=0 embers=123760 bloom=0 veil=846 titles=1412 fade=200 | setup=359296 total=3185961
T t=185.7 bar=96 ph=13 the spine | render ms 21.12/21.49/21.90 | fps 29.8 | hold 2 miss 0 late 30 | gap ms 33.47 | under 0 fill 465 | copy 2495 cy/line 35.79 Mcy/s | synth 3011 cy/pump 43.18 Mcy/s 1799 cy/sample | tri 614 px 72867 part 102 ch 6 | AHASH s=4440000 f6688f25
PROF T t=185 ph=13 the spine frames=30 | clear=44707 sky=529435 floor=0 scene=5725875 flat=63609 gouraud=0 chrome=795263 texture=4067502 furnace=0 embers=114812 bloom=0 veil=870 titles=1432 fade=234 | setup=799500 total=6417367
T t=186.7 bar=97 ph=13 the spine | render ms 20.30/20.80/21.36 | fps 29.8 | hold 2 miss 0 late 30 | gap ms 33.47 | under 0 fill 465 | copy 2492 cy/line 35.74 Mcy/s | synth 3009 cy/pump 43.16 Mcy/s 1798 cy/sample | tri 600 px 69012 part 102 ch 6 | AHASH s=4464000 08a66ad1
PROF T t=186 ph=13 the spine frames=30 | clear=44650 sky=529126 floor=0 scene=5521182 flat=68901 gouraud=0 chrome=780745 texture=3872924 furnace=0 embers=114273 bloom=0 veil=862 titles=1431 fade=226 | setup=798611 total=6211753
T t=187.7 bar=97 ph=13 the spine | render ms 19.77/20.13/20.49 | fps 29.8 | hold 2 miss 0 late 30 | gap ms 33.47 | under 0 fill 465 | copy 2488 cy/line 35.68 Mcy/s | synth 3010 cy/pump 43.17 Mcy/s 1798 cy/sample | tri 614 px 65221 part 102 ch 6 | AHASH s=4488000 d442a545
PROF T t=187 ph=13 the spine frames=30 | clear=44633 sky=529655 floor=0 scene=5320611 flat=68574 gouraud=0 chrome=769825 texture=3681999 furnace=0 embers=113644 bloom=0 veil=835 titles=1430 fade=215 | setup=800212 total=6011026
T t=188.7 bar=98 ph=13 the spine | render ms 19.01/19.41/19.96 | fps 29.8 | hold 2 miss 0 late 30 | gap ms 33.47 | under 0 fill 465 | copy 2485 cy/line 35.64 Mcy/s | synth 3007 cy/pump 43.13 Mcy/s 1797 cy/sample | tri 618 px 60844 part 102 ch 6 | AHASH s=4512000 e4258c4c
PROF T t=188 ph=13 the spine frames=30 | clear=44737 sky=525912 floor=0 scene=5107544 flat=68135 gouraud=0 chrome=758161 texture=3480210 furnace=0 embers=113641 bloom=0 veil=851 titles=1414 fade=218 | setup=801037 total=5794320
T t=189.7 bar=98 ph=13 the spine | render ms 18.34/18.71/19.16 | fps 29.8 | hold 2 miss 0 late 30 | gap ms 33.47 | under 0 fill 465 | copy 2482 cy/line 35.60 Mcy/s | synth 3005 cy/pump 43.10 Mcy/s 1796 cy/sample | tri 616 px 57173 part 102 ch 6 | AHASH s=4536000 3857df0b
PROF T t=189 ph=13 the spine frames=30 | clear=44727 sky=524362 floor=0 scene=4898037 flat=67786 gouraud=0 chrome=743463 texture=3286860 furnace=0 embers=113956 bloom=0 veil=866 titles=1425 fade=222 | setup=799926 total=5583598
T t=190.7 bar=99 ph=13 the spine | render ms 17.93/18.18/18.54 | fps 29.8 | hold 2 miss 0 late 30 | gap ms 33.47 | under 0 fill 465 | copy 2481 cy/line 35.58 Mcy/s | synth 3005 cy/pump 43.09 Mcy/s 1795 cy/sample | tri 638 px 53470 part 102 ch 6 | AHASH s=4560000 34b08260
PROF T t=190 ph=13 the spine frames=30 | clear=44750 sky=524126 floor=0 scene=4739879 flat=72889 gouraud=0 chrome=719935 texture=3144125 furnace=0 embers=113897 bloom=0 veil=850 titles=1442 fade=225 | setup=802929 total=5425172
T t=191.7 bar=99 ph=13 the spine | render ms 17.37/17.67/18.04 | fps 29.8 | hold 2 miss 0 late 30 | gap ms 33.47 | under 0 fill 465 | copy 2481 cy/line 35.58 Mcy/s | synth 3005 cy/pump 43.09 Mcy/s 1795 cy/sample | tri 636 px 49822 part 102 ch 6 | AHASH s=4584000 5c02ea2f
PROF T t=191 ph=13 the spine frames=30 | clear=44697 sky=524029 floor=0 scene=4587481 flat=78830 gouraud=0 chrome=685167 texture=3018928 furnace=0 embers=113739 bloom=0 veil=834 titles=1406 fade=217 | setup=804555 total=5272405
T t=192.7 bar=100 ph=13 the spine | render ms 16.72/17.06/17.49 | fps 29.8 | hold 2 miss 0 late 30 | gap ms 33.47 | under 0 fill 465 | copy 2479 cy/line 35.55 Mcy/s | synth 3003 cy/pump 43.07 Mcy/s 1794 cy/sample | tri 642 px 46214 part 103 ch 6 | AHASH s=4608000 9c8c2e5e
PROF T t=192 ph=13 the spine frames=30 | clear=44703 sky=524758 floor=0 scene=4403023 flat=80068 gouraud=0 chrome=649912 texture=2867569 furnace=0 embers=115105 bloom=0 veil=828 titles=1419 fade=196 | setup=805472 total=5090034
T t=193.8 bar=100 ph=13 the spine | render ms 16.07/16.39/16.79 | fps 57.7 | hold 2 miss 0 late 2 | gap ms 33.47 | under 0 fill 465 | copy 2488 cy/line 35.68 Mcy/s | synth 3053 cy/pump 43.78 Mcy/s 1824 cy/sample | tri 646 px 42896 part 103 ch 6 | AHASH s=4632000 82c359a6
PROF T t=193 ph=13 the spine frames=58 | clear=44616 sky=525330 floor=0 scene=4197341 flat=81082 gouraud=0 chrome=607633 texture=2702171 furnace=0 embers=117566 bloom=0 veil=852 titles=1436 fade=217 | setup=806453 total=4887361
T t=194.8 bar=101 ph=13 the spine | render ms 15.67/15.88/16.20 | fps 58.7 | hold 2 miss 0 late 1 | gap ms 33.47 | under 0 fill 465 | copy 2486 cy/line 35.65 Mcy/s | synth 3053 cy/pump 43.78 Mcy/s 1824 cy/sample | tri 642 px 40487 part 103 ch 6 | AHASH s=4656000 cc213693
PROF T t=194 ph=13 the spine frames=59 | clear=44595 sky=525425 floor=0 scene=4044825 flat=81010 gouraud=0 chrome=575664 texture=2582041 furnace=0 embers=117585 bloom=0 veil=856 titles=1428 fade=219 | setup=806108 total=4734935
T t=195.8 bar=101 ph=13 the spine | render ms 15.37/15.54/15.80 | fps 59.7 | hold 1 miss 0 late 0 | gap ms 16.73 | under 0 fill 465 | copy 2484 cy/line 35.63 Mcy/s | synth 3055 cy/pump 43.81 Mcy/s 1825 cy/sample | tri 646 px 38551 part 103 ch 6 | AHASH s=4680000 bc62e6e7
PROF T t=195 ph=13 the spine frames=60 | clear=44604 sky=525343 floor=0 scene=3945707 flat=82495 gouraud=0 chrome=558215 texture=2498468 furnace=0 embers=115617 bloom=0 veil=836 titles=1429 fade=223 | setup=806526 total=4633761
T t=196.8 bar=102 ph=13 the spine | render ms 15.04/15.23/15.49 | fps 59.7 | hold 1 miss 0 late 0 | gap ms 16.73 | under 0 fill 465 | copy 2483 cy/line 35.61 Mcy/s | synth 3051 cy/pump 43.75 Mcy/s 1823 cy/sample | tri 654 px 36851 part 104 ch 6 | AHASH s=4704000 f071fff0
PROF T t=196 ph=13 the spine frames=60 | clear=44525 sky=526078 floor=0 scene=3851634 flat=84611 gouraud=0 chrome=547427 texture=2413758 furnace=0 embers=115923 bloom=0 veil=870 titles=1429 fade=210 | setup=805836 total=4540672
T t=197.8 bar=103 ph=13 the spine | render ms 14.61/14.87/15.18 | fps 59.7 | hold 1 miss 0 late 0 | gap ms 16.73 | under 0 fill 465 | copy 2482 cy/line 35.59 Mcy/s | synth 3051 cy/pump 43.75 Mcy/s 1823 cy/sample | tri 650 px 34941 part 106 ch 6 | AHASH s=4728000 9599cf61
PROF T t=197 ph=13 the spine frames=60 | clear=44600 sky=525388 floor=0 scene=3745847 flat=86833 gouraud=0 chrome=531641 texture=2322066 furnace=0 embers=114218 bloom=0 veil=860 titles=1404 fade=215 | setup=805305 total=4432534
T t=198.8 bar=103 ph=13 the spine | render ms 14.13/14.38/14.78 | fps 59.7 | hold 1 miss 0 late 0 | gap ms 16.73 | under 0 fill 465 | copy 2479 cy/line 35.55 Mcy/s | synth 3048 cy/pump 43.71 Mcy/s 1821 cy/sample | tri 644 px 32517 part 106 ch 6 | AHASH s=4752000 150d43de
PROF T t=198 ph=13 the spine frames=60 | clear=44518 sky=525278 floor=0 scene=3596573 flat=89016 gouraud=0 chrome=510201 texture=2193000 furnace=0 embers=117434 bloom=0 veil=852 titles=1433 fade=219 | setup=804355 total=4286311
PHRASE t=199.6 bar=104 ph=14 the spine | render ms 13.71/16.77/22.17 | fps 43.0 | hold 2 miss 0 late 256 | gap ms 33.47 | under 0 fill 465 | copy 2485 cy/line 35.63 Mcy/s | synth 3027 cy/pump 43.41 Mcy/s 1808 cy/sample | tri 644 px 30481 part 115 ch 6 | AHASH s=4776000 625e270e
PROF PHRASE t=199 ph=14 the spine frames=661 | clear=44626 sky=525896 floor=0 scene=4315007 flat=79431 gouraud=0 chrome=621437 texture=2810242 furnace=0 embers=115669 bloom=0 veil=852 titles=1425 fade=217 | setup=803896 total=5003696
T t=199.8 bar=104 ph=14 the spine | render ms 13.67/13.89/14.22 | fps 59.7 | hold 1 miss 0 late 0 | gap ms 16.73 | under 0 fill 465 | copy 2477 cy/line 35.52 Mcy/s | synth 3046 cy/pump 43.68 Mcy/s 1820 cy/sample | tri 648 px 30048 part 115 ch 6 | AHASH s=4776000 625e270e
PROF T t=199 ph=14 the spine frames=60 | clear=44646 sky=525620 floor=0 scene=3447334 flat=90975 gouraud=0 chrome=490483 texture=2063041 furnace=0 embers=119505 bloom=0 veil=855 titles=1417 fade=218 | setup=802833 total=4139598
T t=200.8 bar=104 ph=14 the spine | render ms 13.16/13.43/13.77 | fps 59.7 | hold 1 miss 0 late 0 | gap ms 16.73 | under 0 fill 465 | copy 2475 cy/line 35.49 Mcy/s | synth 3048 cy/pump 43.72 Mcy/s 1821 cy/sample | tri 650 px 27311 part 115 ch 6 | AHASH s=4800000 a7f2d6fb
PROF T t=200 ph=14 the spine frames=60 | clear=44584 sky=524738 floor=0 scene=3304232 flat=92627 gouraud=0 chrome=478387 texture=1929989 furnace=0 embers=125845 bloom=0 veil=854 titles=1427 fade=220 | setup=803227 total=4001903
T t=201.8 bar=105 ph=14 the spine | render ms 12.65/12.92/13.29 | fps 59.7 | hold 1 miss 0 late 0 | gap ms 16.73 | under 0 fill 465 | copy 2472 cy/line 35.45 Mcy/s | synth 3045 cy/pump 43.67 Mcy/s 1819 cy/sample | tri 652 px 24678 part 115 ch 6 | AHASH s=4824000 b075041f
PROF T t=201 ph=14 the spine frames=60 | clear=44567 sky=523894 floor=0 scene=3150672 flat=94466 gouraud=0 chrome=462494 texture=1789638 furnace=0 embers=124996 bloom=0 veil=835 titles=1424 fade=224 | setup=804071 total=3846615
T t=202.8 bar=105 ph=14 the spine | render ms 12.02/12.35/12.73 | fps 59.7 | hold 1 miss 0 late 0 | gap ms 16.73 | under 0 fill 465 | copy 2469 cy/line 35.40 Mcy/s | synth 3038 cy/pump 43.57 Mcy/s 1815 cy/sample | tri 642 px 21739 part 115 ch 6 | AHASH s=4848000 f021a5d9
PROF T t=202 ph=14 the spine frames=60 | clear=44588 sky=521044 floor=0 scene=2984307 flat=98564 gouraud=0 chrome=428827 texture=1654311 furnace=0 embers=124085 bloom=0 veil=850 titles=1437 fade=216 | setup=802603 total=3676530
T t=203.8 bar=106 ph=14 the spine | render ms 11.47/11.74/12.13 | fps 59.7 | hold 1 miss 0 late 0 | gap ms 16.73 | under 0 fill 465 | copy 2466 cy/line 35.37 Mcy/s | synth 3024 cy/pump 43.37 Mcy/s 1807 cy/sample | tri 646 px 18876 part 115 ch 6 | AHASH s=4872000 a990b9de
PROF T t=203 ph=14 the spine frames=60 | clear=44596 sky=512315 floor=0 scene=2809111 flat=97404 gouraud=0 chrome=363637 texture=1544768 furnace=0 embers=125106 bloom=0 veil=858 titles=1406 fade=222 | setup=803300 total=3493618
T t=204.8 bar=106 ph=14 the spine | render ms 11.05/11.25/11.61 | fps 59.7 | hold 1 miss 0 late 0 | gap ms 16.73 | under 0 fill 465 | copy 2464 cy/line 35.34 Mcy/s | synth 3024 cy/pump 43.36 Mcy/s 1806 cy/sample | tri 644 px 16332 part 115 ch 6 | AHASH s=4896000 d9ad139a
PROF T t=204 ph=14 the spine frames=60 | clear=44553 sky=508242 floor=0 scene=2664120 flat=92546 gouraud=0 chrome=327148 texture=1441522 furnace=0 embers=128903 bloom=0 veil=864 titles=1407 fade=224 | setup=802903 total=3348316
T t=205.8 bar=107 ph=14 the spine | render ms 10.64/10.86/11.18 | fps 59.7 | hold 1 miss 0 late 0 | gap ms 16.73 | under 0 fill 465 | copy 2463 cy/line 35.32 Mcy/s | synth 3018 cy/pump 43.29 Mcy/s 1803 cy/sample | tri 648 px 13896 part 115 ch 6 | AHASH s=4920000 bca9eaa2
PROF T t=205 ph=14 the spine frames=60 | clear=44538 sky=507531 floor=0 scene=2545309 flat=87752 gouraud=0 chrome=312090 texture=1342661 furnace=0 embers=129727 bloom=0 veil=854 titles=1406 fade=210 | setup=802804 total=3229580
T t=206.8 bar=107 ph=14 the spine | render ms 10.26/10.46/10.80 | fps 59.7 | hold 1 miss 0 late 0 | gap ms 16.73 | under 0 fill 465 | copy 2462 cy/line 35.31 Mcy/s | synth 3019 cy/pump 43.29 Mcy/s 1804 cy/sample | tri 652 px 11745 part 115 ch 6 | AHASH s=4944000 4e29cf8b
PROF T t=206 ph=14 the spine frames=60 | clear=44558 sky=507570 floor=0 scene=2427332 flat=83465 gouraud=0 chrome=310867 texture=1230578 furnace=0 embers=128161 bloom=0 veil=831 titles=1432 fade=221 | setup=802421 total=3110108
T t=207.8 bar=108 ph=14 the spine | render ms 9.94/10.11/10.44 | fps 59.7 | hold 1 miss 0 late 0 | gap ms 16.73 | under 0 fill 465 | copy 2460 cy/line 35.29 Mcy/s | synth 3018 cy/pump 43.29 Mcy/s 1803 cy/sample | tri 648 px 10012 part 115 ch 6 | AHASH s=4968000 e967a20a
PROF T t=207 ph=14 the spine frames=60 | clear=44543 sky=507042 floor=0 scene=2323557 flat=79367 gouraud=0 chrome=308057 texture=1134004 furnace=0 embers=127814 bloom=0 veil=856 titles=1415 fade=214 | setup=802129 total=3005443
T t=208.8 bar=108 ph=14 the spine | render ms 9.70/9.84/10.07 | fps 59.7 | hold 1 miss 0 late 0 | gap ms 16.73 | under 0 fill 465 | copy 2459 cy/line 35.27 Mcy/s | synth 3019 cy/pump 43.29 Mcy/s 1804 cy/sample | tri 650 px 8902 part 115 ch 6 | AHASH s=4992000 2c73c629
PROF T t=208 ph=14 the spine frames=60 | clear=44537 sky=506483 floor=0 scene=2241229 flat=75940 gouraud=0 chrome=300503 texture=1063327 furnace=0 embers=128557 bloom=0 veil=864 titles=1395 fade=211 | setup=801458 total=2923280
T t=209.8 bar=109 ph=14 the spine | render ms 9.57/9.65/9.88 | fps 59.7 | hold 1 miss 0 late 0 | gap ms 16.73 | under 0 fill 465 | copy 2459 cy/line 35.26 Mcy/s | synth 3018 cy/pump 43.28 Mcy/s 1803 cy/sample | tri 650 px 8211 part 115 ch 6 | AHASH s=5016000 da8972a4
PROF T t=209 ph=14 the spine frames=60 | clear=44480 sky=506084 floor=0 scene=2186327 flat=72533 gouraud=0 chrome=289231 texture=1021208 furnace=0 embers=126537 bloom=0 veil=868 titles=1427 fade=220 | setup=803353 total=2865947
T t=210.8 bar=109 ph=14 the spine | render ms 9.41/9.50/9.72 | fps 59.7 | hold 1 miss 0 late 0 | gap ms 16.73 | under 0 fill 465 | copy 2459 cy/line 35.27 Mcy/s | synth 3015 cy/pump 43.23 Mcy/s 1801 cy/sample | tri 652 px 7517 part 115 ch 6 | AHASH s=5040000 fb19c748
PROF T t=210 ph=14 the spine frames=60 | clear=44579 sky=505508 floor=0 scene=2143987 flat=66477 gouraud=0 chrome=289293 texture=985471 furnace=0 embers=124741 bloom=0 veil=854 titles=1452 fade=219 | setup=802744 total=2821344
T t=211.8 bar=110 ph=14 the spine | render ms 9.27/9.36/9.58 | fps 59.7 | hold 1 miss 0 late 0 | gap ms 16.73 | under 0 fill 465 | copy 2458 cy/line 35.25 Mcy/s | synth 3012 cy/pump 43.19 Mcy/s 1799 cy/sample | tri 652 px 6984 part 115 ch 6 | AHASH s=5064000 87a5ee77
PROF T t=211 ph=14 the spine frames=60 | clear=44567 sky=505348 floor=0 scene=2103796 flat=58344 gouraud=0 chrome=286246 texture=956052 furnace=0 embers=124334 bloom=0 veil=859 titles=1411 fade=218 | setup=803152 total=2780536
T t=212.8 bar=110 ph=14 the spine | render ms 9.15/9.23/9.43 | fps 59.7 | hold 1 miss 0 late 0 | gap ms 16.73 | under 0 fill 465 | copy 2458 cy/line 35.24 Mcy/s | synth 3014 cy/pump 43.23 Mcy/s 1801 cy/sample | tri 652 px 6548 part 115 ch 6 | AHASH s=5088000 949206dd
PROF T t=212 ph=14 the spine frames=60 | clear=44544 sky=505626 floor=0 scene=2065958 flat=51006 gouraud=0 chrome=283831 texture=928955 furnace=0 embers=123921 bloom=0 veil=852 titles=1409 fade=213 | setup=802165 total=2742527
T t=213.9 bar=111 ph=14 the spine | render ms 9.10/10.40/13.36 | fps 59.7 | hold 1 miss 0 late 0 | gap ms 16.73 | under 0 fill 465 | copy 2461 cy/line 35.30 Mcy/s | synth 3018 cy/pump 43.28 Mcy/s 1803 cy/sample | tri 654 px 7577 part 115 ch 6 | AHASH s=5112000 c792daea
PROF T t=213 ph=14 the spine frames=60 | clear=44541 sky=505396 floor=0 scene=2032904 flat=45985 gouraud=0 chrome=278701 texture=958068 furnace=0 embers=125155 bloom=0 veil=383772 titles=1413 fade=215 | setup=750149 total=3093399
T t=214.9 bar=111 ph=14 the spine | render ms 13.32/13.96/14.43 | fps 59.7 | hold 1 miss 0 late 0 | gap ms 16.73 | under 0 fill 465 | copy 2478 cy/line 35.53 Mcy/s | synth 3028 cy/pump 43.42 Mcy/s 1809 cy/sample | tri 656 px 14357 part 115 ch 6 | AHASH s=5136000 82409aa2
PROF T t=214 ph=14 the spine frames=60 | clear=44569 sky=506698 floor=0 scene=1997907 flat=39436 gouraud=0 chrome=275384 texture=1286657 furnace=0 embers=126518 bloom=0 veil=1481427 titles=1399 fade=220 | setup=396429 total=4158741
PHRASE t=215.0 bar=112 ph=15 the crown | render ms 9.10/11.06/14.53 | fps 59.7 | hold 1 miss 0 late 0 | gap ms 16.73 | under 0 fill 465 | copy 2465 cy/line 35.34 Mcy/s | synth 3024 cy/pump 43.37 Mcy/s 1807 cy/sample | tri 36 px 27451 part 115 ch 7 | AHASH s=5160000 708f258d
PROF PHRASE t=215 ph=15 the crown frames=917 | clear=44569 sky=510427 floor=0 scene=2469287 flat=75599 gouraud=0 chrome=333667 texture=1292752 furnace=0 embers=126303 bloom=0 veil=137001 titles=1418 fade=218 | setup=767268 total=3289226
T t=215.9 bar=112 ph=15 the crown | render ms 10.73/11.60/14.53 | fps 59.7 | hold 1 miss 0 late 0 | gap ms 16.73 | under 0 fill 465 | copy 2511 cy/line 36.01 Mcy/s | synth 3035 cy/pump 43.53 Mcy/s 1813 cy/sample | tri 36 px 22170 part 115 ch 7 | AHASH s=5160000 708f258d
PROF T t=215 ph=15 the crown frames=60 | clear=44690 sky=491970 floor=0 scene=1237177 flat=88552 gouraud=0 chrome=32263 texture=1415893 furnace=0 embers=128711 bloom=0 veil=1550341 titles=1299 fade=218 | setup=0 total=3454410
T t=216.9 bar=112 ph=15 the crown | render ms 6.16/8.55/10.93 | fps 59.7 | hold 1 miss 0 late 0 | gap ms 16.73 | under 0 fill 465 | copy 2501 cy/line 35.87 Mcy/s | synth 3030 cy/pump 43.45 Mcy/s 1810 cy/sample | tri 32 px 18811 part 115 ch 7 | AHASH s=5184000 7cd93894
PROF T t=216 ph=15 the crown frames=60 | clear=44575 sky=488668 floor=0 scene=1141197 flat=95905 gouraud=0 chrome=0 texture=1087291 furnace=0 embers=129044 bloom=0 veil=717266 titles=18392 fade=217 | setup=0 total=2539362
T t=217.9 bar=113 ph=15 the crown | render ms 6.16/6.20/6.35 | fps 59.7 | hold 1 miss 0 late 0 | gap ms 16.73 | under 0 fill 465 | copy 2490 cy/line 35.70 Mcy/s | synth 3023 cy/pump 43.35 Mcy/s 1806 cy/sample | tri 32 px 18823 part 115 ch 7 | AHASH s=5208000 9aba97dc
PROF T t=217 ph=15 the crown frames=60 | clear=44508 sky=489061 floor=0 scene=1142179 flat=95790 gouraud=0 chrome=0 texture=966027 furnace=0 embers=128035 bloom=0 veil=846 titles=28288 fade=221 | setup=80360 total=1833140
T t=218.9 bar=114 ph=15 the crown | render ms 6.15/6.20/6.35 | fps 59.7 | hold 1 miss 0 late 0 | gap ms 16.73 | under 0 fill 465 | copy 2489 cy/line 35.70 Mcy/s | synth 3025 cy/pump 43.38 Mcy/s 1807 cy/sample | tri 32 px 18811 part 115 ch 7 | AHASH s=5232000 a7d6fe01
PROF T t=218 ph=15 the crown frames=60 | clear=44485 sky=488829 floor=0 scene=1141326 flat=95663 gouraud=0 chrome=0 texture=965057 furnace=0 embers=129607 bloom=0 veil=840 titles=28331 fade=199 | setup=80605 total=1833619
T t=219.9 bar=114 ph=15 the crown | render ms 6.15/6.20/6.38 | fps 59.7 | hold 1 miss 0 late 0 | gap ms 16.73 | under 0 fill 465 | copy 2490 cy/line 35.71 Mcy/s | synth 3023 cy/pump 43.36 Mcy/s 1806 cy/sample | tri 32 px 18813 part 115 ch 7 | AHASH s=5256000 8deb41c9
PROF T t=219 ph=15 the crown frames=60 | clear=44553 sky=488850 floor=0 scene=1140889 flat=94969 gouraud=0 chrome=0 texture=965592 furnace=0 embers=129251 bloom=0 veil=862 titles=28395 fade=201 | setup=80327 total=1833003
T t=220.9 bar=115 ph=15 the crown | render ms 6.15/6.20/6.39 | fps 59.7 | hold 1 miss 0 late 0 | gap ms 16.73 | under 0 fill 465 | copy 2490 cy/line 35.70 Mcy/s | synth 3027 cy/pump 43.41 Mcy/s 1809 cy/sample | tri 32 px 18799 part 115 ch 7 | AHASH s=5280000 cbd7f221
PROF T t=220 ph=15 the crown frames=60 | clear=44442 sky=489124 floor=0 scene=1141435 flat=95580 gouraud=0 chrome=0 texture=965054 furnace=0 embers=128619 bloom=0 veil=873 titles=28410 fade=208 | setup=80799 total=1833113
T t=221.9 bar=115 ph=15 the crown | render ms 6.16/6.20/6.33 | fps 59.7 | hold 1 miss 0 late 0 | gap ms 16.73 | under 0 fill 465 | copy 2489 cy/line 35.70 Mcy/s | synth 3026 cy/pump 43.39 Mcy/s 1808 cy/sample | tri 32 px 18808 part 115 ch 7 | AHASH s=5304000 dc9eb509
PROF T t=221 ph=15 the crown frames=60 | clear=44555 sky=488739 floor=0 scene=1141729 flat=95129 gouraud=0 chrome=0 texture=965906 furnace=0 embers=127842 bloom=0 veil=854 titles=28322 fade=211 | setup=80692 total=1832254
T t=222.9 bar=116 ph=15 the crown | render ms 6.14/6.19/6.35 | fps 59.7 | hold 1 miss 0 late 0 | gap ms 16.73 | under 0 fill 465 | copy 2490 cy/line 35.71 Mcy/s | synth 3026 cy/pump 43.40 Mcy/s 1808 cy/sample | tri 32 px 18813 part 115 ch 7 | AHASH s=5328000 f353331d
PROF T t=222 ph=15 the crown frames=60 | clear=44559 sky=489223 floor=0 scene=1140562 flat=95127 gouraud=0 chrome=0 texture=964966 furnace=0 embers=126461 bloom=0 veil=858 titles=28377 fade=216 | setup=80467 total=1830259
T t=223.9 bar=116 ph=15 the crown | render ms 6.14/6.19/6.35 | fps 59.7 | hold 1 miss 0 late 0 | gap ms 16.73 | under 0 fill 465 | copy 2489 cy/line 35.70 Mcy/s | synth 3026 cy/pump 43.40 Mcy/s 1808 cy/sample | tri 32 px 18809 part 115 ch 7 | AHASH s=5352000 2435ec76
PROF T t=223 ph=15 the crown frames=60 | clear=44590 sky=488833 floor=0 scene=1141206 flat=95279 gouraud=0 chrome=0 texture=965390 furnace=0 embers=125478 bloom=0 veil=854 titles=28338 fade=200 | setup=80535 total=1829501
T t=224.9 bar=117 ph=15 the crown | render ms 6.06/6.16/6.34 | fps 59.7 | hold 1 miss 0 late 0 | gap ms 16.73 | under 0 fill 465 | copy 2490 cy/line 35.71 Mcy/s | synth 3025 cy/pump 43.38 Mcy/s 1807 cy/sample | tri 32 px 18806 part 115 ch 7 | AHASH s=5376000 3cd040bd
PROF T t=224 ph=15 the crown frames=60 | clear=44535 sky=488720 floor=0 scene=1140293 flat=95475 gouraud=0 chrome=0 texture=964590 furnace=0 embers=128366 bloom=0 veil=859 titles=19822 fade=204 | setup=80227 total=1822802
T t=225.9 bar=117 ph=15 the crown | render ms 6.05/6.10/6.28 | fps 59.7 | hold 1 miss 0 late 0 | gap ms 16.73 | under 0 fill 465 | copy 2490 cy/line 35.71 Mcy/s | synth 3021 cy/pump 43.32 Mcy/s 1805 cy/sample | tri 32 px 18810 part 115 ch 7 | AHASH s=5400000 290ccdfd
PROF T t=225 ph=15 the crown frames=60 | clear=44546 sky=487287 floor=0 scene=1138584 flat=95190 gouraud=0 chrome=0 texture=963568 furnace=0 embers=131055 bloom=0 veil=852 titles=1395 fade=207 | setup=79825 total=1803929
T t=226.9 bar=118 ph=15 the crown | render ms 6.05/6.10/6.26 | fps 59.7 | hold 1 miss 0 late 0 | gap ms 16.73 | under 0 fill 465 | copy 2490 cy/line 35.71 Mcy/s | synth 3021 cy/pump 43.32 Mcy/s 1805 cy/sample | tri 32 px 18823 part 115 ch 7 | AHASH s=5424000 d6d55e3e
PROF T t=226 ph=15 the crown frames=60 | clear=44492 sky=487369 floor=0 scene=1138323 flat=95178 gouraud=0 chrome=0 texture=963187 furnace=0 embers=129803 bloom=0 veil=853 titles=1377 fade=217 | setup=79957 total=1802437
T t=227.9 bar=118 ph=15 the crown | render ms 6.04/6.09/6.27 | fps 59.7 | hold 1 miss 0 late 0 | gap ms 16.73 | under 0 fill 465 | copy 2490 cy/line 35.71 Mcy/s | synth 3022 cy/pump 43.33 Mcy/s 1805 cy/sample | tri 32 px 18829 part 115 ch 7 | AHASH s=5448000 752152cf
PROF T t=227 ph=15 the crown frames=60 | clear=44541 sky=487450 floor=0 scene=1138195 flat=95150 gouraud=0 chrome=0 texture=963300 furnace=0 embers=128612 bloom=0 veil=866 titles=1401 fade=196 | setup=79743 total=1801263
T t=228.9 bar=119 ph=15 the crown | render ms 6.05/6.10/6.28 | fps 59.7 | hold 1 miss 0 late 0 | gap ms 16.73 | under 0 fill 465 | copy 2490 cy/line 35.71 Mcy/s | synth 3022 cy/pump 43.34 Mcy/s 1806 cy/sample | tri 32 px 18839 part 115 ch 7 | AHASH s=5496000 4c6b10cb
PROF T t=228 ph=15 the crown frames=60 | clear=44539 sky=487514 floor=0 scene=1139331 flat=95108 gouraud=0 chrome=0 texture=964204 furnace=0 embers=130189 bloom=0 veil=844 titles=1403 fade=206 | setup=80019 total=1804028
T t=229.9 bar=119 ph=15 the crown | render ms 6.06/6.09/6.28 | fps 59.7 | hold 1 miss 0 late 0 | gap ms 16.73 | under 0 fill 465 | copy 2490 cy/line 35.72 Mcy/s | synth 3021 cy/pump 43.33 Mcy/s 1805 cy/sample | tri 32 px 18849 part 115 ch 7 | AHASH s=5520000 b862e7f1
PROF T t=229 ph=15 the crown frames=60 | clear=44559 sky=487205 floor=0 scene=1138798 flat=95062 gouraud=0 chrome=0 texture=964225 furnace=0 embers=129065 bloom=0 veil=859 titles=1398 fade=224 | setup=79509 total=1802110
PHRASE t=230.4 bar=120 ph=16 the crown | render ms 6.04/6.60/11.67 | fps 59.7 | hold 1 miss 0 late 0 | gap ms 16.73 | under 0 fill 465 | copy 2492 cy/line 35.74 Mcy/s | synth 3025 cy/pump 43.38 Mcy/s 1807 cy/sample | tri 32 px 18841 part 115 ch 7 | AHASH s=5520000 b862e7f1
PROF PHRASE t=230 ph=16 the crown frames=918 | clear=44541 sky=488392 floor=0 scene=1140182 flat=95343 gouraud=0 chrome=0 texture=998249 furnace=0 embers=128654 bloom=0 veil=134751 titles=16037 fade=210 | setup=46589 total=1952770
T t=230.9 bar=120 ph=16 the crown | render ms 6.05/6.09/6.27 | fps 59.7 | hold 1 miss 0 late 0 | gap ms 16.73 | under 0 fill 465 | copy 2490 cy/line 35.72 Mcy/s | synth 3020 cy/pump 43.31 Mcy/s 1804 cy/sample | tri 32 px 18857 part 115 ch 7 | AHASH s=5544000 84661a73
PROF T t=230 ph=16 the crown frames=60 | clear=44545 sky=488266 floor=0 scene=1139320 flat=95006 gouraud=0 chrome=0 texture=964688 furnace=0 embers=127483 bloom=0 veil=865 titles=1413 fade=212 | setup=79625 total=1802107
T t=231.9 bar=120 ph=16 the crown | render ms 6.04/6.09/6.26 | fps 59.7 | hold 1 miss 0 late 0 | gap ms 16.73 | under 0 fill 465 | copy 2490 cy/line 35.71 Mcy/s | synth 3025 cy/pump 43.38 Mcy/s 1807 cy/sample | tri 32 px 18869 part 115 ch 7 | AHASH s=5568000 681533e2
PROF T t=231 ph=16 the crown frames=60 | clear=44532 sky=487296 floor=0 scene=1140018 flat=94988 gouraud=0 chrome=0 texture=964994 furnace=0 embers=127799 bloom=0 veil=846 titles=1432 fade=236 | setup=80035 total=1802161
T t=232.9 bar=121 ph=16 the crown | render ms 6.05/6.10/6.28 | fps 59.7 | hold 1 miss 0 late 0 | gap ms 16.73 | under 0 fill 465 | copy 2490 cy/line 35.72 Mcy/s | synth 3022 cy/pump 43.34 Mcy/s 1806 cy/sample | tri 32 px 18882 part 115 ch 7 | AHASH s=5592000 64407f3f
PROF T t=232 ph=16 the crown frames=60 | clear=44544 sky=487471 floor=0 scene=1140893 flat=94971 gouraud=0 chrome=0 texture=965716 furnace=0 embers=126837 bloom=0 veil=852 titles=1422 fade=210 | setup=80205 total=1802234
T t=233.9 bar=121 ph=16 the crown | render ms 6.06/6.10/6.26 | fps 59.7 | hold 1 miss 0 late 0 | gap ms 16.73 | under 0 fill 465 | copy 2490 cy/line 35.72 Mcy/s | synth 3024 cy/pump 43.36 Mcy/s 1806 cy/sample | tri 32 px 18892 part 115 ch 7 | AHASH s=5616000 7c38cb85
PROF T t=233 ph=16 the crown frames=60 | clear=44487 sky=487143 floor=0 scene=1141656 flat=95120 gouraud=0 chrome=0 texture=966266 furnace=0 embers=128778 bloom=0 veil=854 titles=1430 fade=211 | setup=80270 total=1804561
T t=234.9 bar=122 ph=16 the crown | render ms 6.07/6.11/6.26 | fps 59.7 | hold 1 miss 0 late 0 | gap ms 16.73 | under 0 fill 465 | copy 2490 cy/line 35.71 Mcy/s | synth 3023 cy/pump 43.36 Mcy/s 1806 cy/sample | tri 32 px 18909 part 115 ch 7 | AHASH s=5640000 9db84134
PROF T t=234 ph=16 the crown frames=60 | clear=44578 sky=487196 floor=0 scene=1142976 flat=95235 gouraud=0 chrome=0 texture=967256 furnace=0 embers=128747 bloom=0 veil=866 titles=1404 fade=220 | setup=80485 total=1805991
T t=235.9 bar=122 ph=16 the crown | render ms 6.06/6.11/6.28 | fps 59.7 | hold 1 miss 0 late 0 | gap ms 16.73 | under 0 fill 465 | copy 2490 cy/line 35.72 Mcy/s | synth 3026 cy/pump 43.39 Mcy/s 1808 cy/sample | tri 32 px 18926 part 115 ch 7 | AHASH s=5664000 6c183dfc
PROF T t=235 ph=16 the crown frames=60 | clear=44560 sky=487614 floor=0 scene=1142978 flat=94866 gouraud=0 chrome=0 texture=967667 furnace=0 embers=129208 bloom=0 veil=849 titles=1392 fade=217 | setup=80445 total=1806821
T t=236.9 bar=123 ph=16 the crown | render ms 6.05/6.11/6.27 | fps 59.7 | hold 1 miss 0 late 0 | gap ms 16.73 | under 0 fill 465 | copy 2490 cy/line 35.72 Mcy/s | synth 3026 cy/pump 43.39 Mcy/s 1808 cy/sample | tri 32 px 18950 part 115 ch 7 | AHASH s=5688000 05d539ef
PROF T t=236 ph=16 the crown frames=60 | clear=44539 sky=487320 floor=0 scene=1143497 flat=94820 gouraud=0 chrome=0 texture=968514 furnace=0 embers=129453 bloom=0 veil=852 titles=1410 fade=214 | setup=80162 total=1807287
T t=238.0 bar=123 ph=16 the crown | render ms 6.07/6.11/6.27 | fps 59.7 | hold 1 miss 0 late 0 | gap ms 16.73 | under 0 fill 465 | copy 2490 cy/line 35.71 Mcy/s | synth 3025 cy/pump 43.39 Mcy/s 1807 cy/sample | tri 32 px 18961 part 115 ch 7 | AHASH s=5712000 31cbeeea
PROF T t=238 ph=16 the crown frames=60 | clear=44562 sky=487315 floor=0 scene=1144339 flat=94822 gouraud=0 chrome=0 texture=969345 furnace=0 embers=128983 bloom=0 veil=835 titles=1404 fade=218 | setup=80171 total=1807660
T t=239.0 bar=124 ph=16 the crown | render ms 6.07/6.11/6.27 | fps 59.7 | hold 1 miss 0 late 0 | gap ms 16.73 | under 0 fill 465 | copy 2490 cy/line 35.72 Mcy/s | synth 3024 cy/pump 43.36 Mcy/s 1807 cy/sample | tri 32 px 18976 part 115 ch 7 | AHASH s=5736000 c81eba09
PROF T t=239 ph=16 the crown frames=60 | clear=44576 sky=487036 floor=0 scene=1145350 flat=95275 gouraud=0 chrome=0 texture=969551 furnace=0 embers=128551 bloom=0 veil=838 titles=1424 fade=210 | setup=80523 total=1807987
T t=240.0 bar=125 ph=16 the crown | render ms 6.07/6.12/6.28 | fps 59.7 | hold 1 miss 0 late 0 | gap ms 16.73 | under 0 fill 465 | copy 2490 cy/line 35.71 Mcy/s | synth 3024 cy/pump 43.37 Mcy/s 1807 cy/sample | tri 32 px 18989 part 115 ch 7 | AHASH s=5760000 2c68c39b
PROF T t=240 ph=16 the crown frames=60 | clear=44566 sky=487337 floor=0 scene=1145141 flat=94622 gouraud=0 chrome=0 texture=970084 furnace=0 embers=128668 bloom=0 veil=869 titles=1425 fade=219 | setup=80433 total=1808227
T t=241.0 bar=125 ph=16 the crown | render ms 6.06/6.11/6.26 | fps 59.7 | hold 1 miss 0 late 0 | gap ms 16.73 | under 0 fill 465 | copy 2490 cy/line 35.71 Mcy/s | synth 3023 cy/pump 43.35 Mcy/s 1806 cy/sample | tri 32 px 19002 part 115 ch 7 | AHASH s=5784000 41cf35c7
PROF T t=241 ph=16 the crown frames=60 | clear=44574 sky=487068 floor=0 scene=1144830 flat=94287 gouraud=0 chrome=0 texture=970331 furnace=0 embers=128163 bloom=0 veil=848 titles=1391 fade=226 | setup=80212 total=1807103
T t=242.0 bar=126 ph=16 the crown | render ms 6.07/6.12/6.27 | fps 59.7 | hold 1 miss 0 late 0 | gap ms 16.73 | under 0 fill 465 | copy 2490 cy/line 35.72 Mcy/s | synth 3024 cy/pump 43.37 Mcy/s 1807 cy/sample | tri 32 px 19015 part 115 ch 7 | AHASH s=5808000 32b03b3d
PROF T t=242 ph=16 the crown frames=60 | clear=44597 sky=487478 floor=0 scene=1145961 flat=94914 gouraud=0 chrome=0 texture=970645 furnace=0 embers=127834 bloom=0 veil=865 titles=1394 fade=201 | setup=80401 total=1808332
T t=243.0 bar=126 ph=16 the crown | render ms 6.07/6.11/6.26 | fps 59.7 | hold 1 miss 0 late 0 | gap ms 16.73 | under 0 fill 465 | copy 2490 cy/line 35.71 Mcy/s | synth 3026 cy/pump 43.40 Mcy/s 1808 cy/sample | tri 32 px 19020 part 115 ch 7 | AHASH s=5832000 f1d57bbc
PROF T t=243 ph=16 the crown frames=60 | clear=44536 sky=487338 floor=0 scene=1146421 flat=95030 gouraud=0 chrome=0 texture=971085 furnace=0 embers=127155 bloom=0 veil=857 titles=1406 fade=210 | setup=80304 total=1807924
T t=244.0 bar=127 ph=16 the crown | render ms 6.07/6.12/6.28 | fps 59.7 | hold 1 miss 0 late 0 | gap ms 16.73 | under 0 fill 465 | copy 2491 cy/line 35.72 Mcy/s | synth 3023 cy/pump 43.36 Mcy/s 1806 cy/sample | tri 32 px 19035 part 115 ch 7 | AHASH s=5856000 1e801b8d
PROF T t=244 ph=16 the crown frames=60 | clear=44459 sky=487100 floor=0 scene=1146082 flat=93500 gouraud=0 chrome=0 texture=972440 furnace=0 embers=128611 bloom=0 veil=856 titles=1409 fade=223 | setup=80141 total=1808743
T t=245.0 bar=127 ph=16 the crown | render ms 6.08/9.28/10.97 | fps 59.7 | hold 1 miss 0 late 0 | gap ms 16.73 | under 0 fill 465 | copy 2505 cy/line 35.92 Mcy/s | synth 3033 cy/pump 43.50 Mcy/s 1812 cy/sample | tri 36 px 23357 part 115 ch 7 | AHASH s=5880000 a4ba12db
PROF T t=245 ph=16 the crown frames=60 | clear=44445 sky=487737 floor=0 scene=1146381 flat=94954 gouraud=0 chrome=0 texture=1150832 furnace=0 embers=126854 bloom=0 veil=951098 titles=1377 fade=218 | setup=0 total=2758111
PHRASE t=245.7 bar=128 ph=17 the colossus | render ms 6.04/6.58/24.14 | fps 59.6 | hold 2 miss 0 late 1 | gap ms 33.47 | under 0 fill 465 | copy 2493 cy/line 35.75 Mcy/s | synth 3025 cy/pump 43.39 Mcy/s 1807 cy/sample | tri 496 px 44418 part 115 ch 8 | AHASH s=5880000 a4ba12db
PROF PHRASE t=245 ph=17 the colossus frames=918 | clear=44539 sky=487419 floor=1369 scene=1146709 flat=94775 gouraud=0 chrome=561 texture=1005149 furnace=0 embers=128229 bloom=0 veil=137979 titles=1409 fade=216 | setup=46223 total=1947872
T t=246.0 bar=128 ph=17 the colossus | render ms 10.98/13.56/24.32 | fps 50.9 | hold 2 miss 0 late 9 | gap ms 33.47 | under 0 fill 465 | copy 2511 cy/line 36.02 Mcy/s | synth 3032 cy/pump 43.48 Mcy/s 1811 cy/sample | tri 496 px 43309 part 115 ch 8 | AHASH s=5904000 c4f406e2
PROF T t=246 ph=17 the colossus frames=52 | clear=44696 sky=497052 floor=215771 scene=1581635 flat=87368 gouraud=0 chrome=88650 texture=1716541 furnace=0 embers=127966 bloom=0 veil=1573594 titles=1346 fade=212 | setup=0 total=4042274
T t=247.0 bar=128 ph=17 the colossus | render ms 22.75/23.56/24.19 | fps 29.8 | hold 2 miss 0 late 30 | gap ms 33.47 | under 0 fill 465 | copy 2501 cy/line 35.87 Mcy/s | synth 3017 cy/pump 43.27 Mcy/s 1802 cy/sample | tri 496 px 36773 part 115 ch 8 | AHASH s=5928000 383eb593
PROF T t=247 ph=17 the colossus frames=30 | clear=44668 sky=538535 floor=1243786 scene=3676117 flat=46533 gouraud=0 chrome=516406 texture=2840610 furnace=0 embers=125330 bloom=0 veil=1411166 titles=1045 fade=219 | setup=272568 total=7040869
T t=248.0 bar=129 ph=17 the colossus | render ms 19.12/19.95/22.76 | fps 29.8 | hold 2 miss 0 late 30 | gap ms 33.47 | under 0 fill 465 | copy 2482 cy/line 35.60 Mcy/s | synth 3008 cy/pump 43.14 Mcy/s 1797 cy/sample | tri 486 px 36922 part 115 ch 8 | AHASH s=5952000 baab71cd
PROF T t=248 ph=17 the colossus frames=30 | clear=44598 sky=538143 floor=1244653 scene=3818116 flat=43995 gouraud=0 chrome=563924 texture=2609500 furnace=0 embers=125075 bloom=0 veil=184685 titles=1044 fade=209 | setup=600696 total=5956526
T t=249.0 bar=129 ph=17 the colossus | render ms 19.62/19.94/20.20 | fps 29.8 | hold 2 miss 0 late 30 | gap ms 33.47 | under 0 fill 465 | copy 2483 cy/line 35.60 Mcy/s | synth 3012 cy/pump 43.19 Mcy/s 1799 cy/sample | tri 484 px 35152 part 115 ch 8 | AHASH s=5976000 8380b23d
PROF T t=249 ph=17 the colossus frames=30 | clear=44670 sky=537306 floor=1245321 scene=3999376 flat=41247 gouraud=0 chrome=653679 texture=2683345 furnace=0 embers=126566 bloom=0 veil=870 titles=1032 fade=205 | setup=621105 total=5955350
T t=250.0 bar=130 ph=17 the colossus | render ms 19.74/20.01/20.16 | fps 29.8 | hold 2 miss 0 late 30 | gap ms 33.47 | under 0 fill 465 | copy 2484 cy/line 35.62 Mcy/s | synth 3016 cy/pump 43.25 Mcy/s 1802 cy/sample | tri 480 px 31571 part 115 ch 8 | AHASH s=6000000 138c9b24
PROF T t=250 ph=17 the colossus frames=30 | clear=44687 sky=537571 floor=1245444 scene=4017893 flat=37922 gouraud=0 chrome=684030 texture=2671950 furnace=0 embers=127226 bloom=0 veil=863 titles=1032 fade=206 | setup=623990 total=5974924
T t=251.0 bar=130 ph=17 the colossus | render ms 18.72/19.18/19.77 | fps 29.8 | hold 2 miss 0 late 30 | gap ms 33.47 | under 0 fill 465 | copy 2480 cy/line 35.56 Mcy/s | synth 3011 cy/pump 43.18 Mcy/s 1799 cy/sample | tri 476 px 26739 part 115 ch 8 | AHASH s=6024000 47ca3d94
PROF T t=251 ph=17 the colossus frames=30 | clear=44713 sky=537286 floor=1245203 scene=3768800 flat=34781 gouraud=0 chrome=634734 texture=2475701 furnace=0 embers=127348 bloom=0 veil=867 titles=1039 fade=214 | setup=623582 total=5725472
T t=252.0 bar=131 ph=17 the colossus | render ms 17.72/18.19/18.70 | fps 29.8 | hold 2 miss 0 late 30 | gap ms 33.47 | under 0 fill 465 | copy 2478 cy/line 35.54 Mcy/s | synth 3010 cy/pump 43.17 Mcy/s 1799 cy/sample | tri 480 px 22292 part 115 ch 8 | AHASH s=6048000 8b47c525
PROF T t=252 ph=17 the colossus frames=30 | clear=44483 sky=537229 floor=1246245 scene=3473996 flat=32189 gouraud=0 chrome=581295 texture=2236914 furnace=0 embers=125826 bloom=0 veil=866 titles=1037 fade=215 | setup=623597 total=5429901
T t=253.0 bar=131 ph=17 the colossus | render ms 17.06/17.40/17.83 | fps 29.8 | hold 2 miss 0 late 30 | gap ms 33.47 | under 0 fill 465 | copy 2476 cy/line 35.51 Mcy/s | synth 3009 cy/pump 43.16 Mcy/s 1798 cy/sample | tri 478 px 19370 part 115 ch 8 | AHASH s=6072000 f3391ce0
PROF T t=253 ph=17 the colossus frames=30 | clear=44697 sky=537370 floor=1246287 scene=3235956 flat=24094 gouraud=0 chrome=539504 texture=2050444 furnace=0 embers=126502 bloom=0 veil=874 titles=1028 fade=224 | setup=621912 total=5192942
T t=254.0 bar=132 ph=17 the colossus | render ms 16.63/16.88/17.16 | fps 34.8 | hold 2 miss 0 late 25 | gap ms 33.47 | under 0 fill 465 | copy 2476 cy/line 35.51 Mcy/s | synth 3014 cy/pump 43.23 Mcy/s 1801 cy/sample | tri 470 px 17067 part 115 ch 8 | AHASH s=6096000 de4ce337
PROF T t=254 ph=17 the colossus frames=35 | clear=44653 sky=537390 floor=1261469 scene=3060845 flat=21688 gouraud=0 chrome=497586 texture=1920682 furnace=0 embers=128065 bloom=0 veil=880 titles=1049 fade=223 | setup=620887 total=5034577
T t=255.0 bar=132 ph=17 the colossus | render ms 16.17/16.38/16.79 | fps 58.7 | hold 2 miss 0 late 1 | gap ms 33.47 | under 0 fill 465 | copy 2482 cy/line 35.60 Mcy/s | synth 3056 cy/pump 43.83 Mcy/s 1826 cy/sample | tri 436 px 15515 part 115 ch 8 | AHASH s=6120000 a8a5e1d0
PROF T t=255 ph=17 the colossus frames=59 | clear=44562 sky=537328 floor=1285439 scene=2887952 flat=20383 gouraud=0 chrome=453619 texture=1797548 furnace=0 embers=127593 bloom=0 veil=874 titles=1039 fade=211 | setup=616400 total=4885000
T t=256.0 bar=133 ph=17 the colossus | render ms 15.77/16.01/16.26 | fps 58.7 | hold 2 miss 0 late 1 | gap ms 33.47 | under 0 fill 465 | copy 2481 cy/line 35.58 Mcy/s | synth 3053 cy/pump 43.79 Mcy/s 1824 cy/sample | tri 432 px 13929 part 115 ch 8 | AHASH s=6144000 59f4b5c6
PROF T t=256 ph=17 the colossus frames=59 | clear=44644 sky=536733 floor=1300397 scene=2764359 flat=19665 gouraud=0 chrome=429055 texture=1699991 furnace=0 embers=128147 bloom=0 veil=869 titles=1041 fade=218 | setup=615646 total=4776412
T t=257.0 bar=133 ph=17 the colossus | render ms 15.48/15.66/15.90 | fps 59.7 | hold 1 miss 0 late 0 | gap ms 16.73 | under 0 fill 465 | copy 2479 cy/line 35.55 Mcy/s | synth 3052 cy/pump 43.76 Mcy/s 1823 cy/sample | tri 450 px 12765 part 115 ch 8 | AHASH s=6168000 2863794b
PROF T t=257 ph=17 the colossus frames=60 | clear=44589 sky=536604 floor=1297101 scene=2660762 flat=18817 gouraud=0 chrome=404556 texture=1622544 furnace=0 embers=128355 bloom=0 veil=875 titles=1045 fade=212 | setup=614844 total=4669547
T t=258.1 bar=134 ph=17 the colossus | render ms 15.42/15.53/15.69 | fps 59.7 | hold 1 miss 0 late 0 | gap ms 16.73 | under 0 fill 465 | copy 2477 cy/line 35.52 Mcy/s | synth 3054 cy/pump 43.80 Mcy/s 1825 cy/sample | tri 474 px 12066 part 115 ch 8 | AHASH s=6192000 79d74958
PROF T t=258 ph=17 the colossus frames=60 | clear=44599 sky=536796 floor=1291448 scene=2629414 flat=18245 gouraud=0 chrome=406187 texture=1585216 furnace=0 embers=126255 bloom=0 veil=862 titles=1040 fade=213 | setup=619765 total=4630630
T t=259.1 bar=134 ph=17 the colossus | render ms 15.32/15.38/15.58 | fps 59.7 | hold 1 miss 0 late 0 | gap ms 16.73 | under 0 fill 465 | copy 2475 cy/line 35.50 Mcy/s | synth 3050 cy/pump 43.73 Mcy/s 1822 cy/sample | tri 474 px 11722 part 115 ch 8 | AHASH s=6216000 48d65178
PROF T t=259 ph=17 the colossus frames=60 | clear=44548 sky=536287 floor=1287724 scene=2591052 flat=17248 gouraud=0 chrome=405870 texture=1548925 furnace=0 embers=125268 bloom=0 veil=868 titles=1042 fade=217 | setup=619008 total=4587010
T t=260.1 bar=135 ph=17 the colossus | render ms 15.32/15.37/15.47 | fps 59.7 | hold 1 miss 0 late 0 | gap ms 16.73 | under 0 fill 465 | copy 2476 cy/line 35.51 Mcy/s | synth 3051 cy/pump 43.76 Mcy/s 1823 cy/sample | tri 474 px 11722 part 115 ch 8 | AHASH s=6240000 a573fad9
PROF T t=260 ph=17 the colossus frames=60 | clear=44546 sky=536125 floor=1288325 scene=2585487 flat=17213 gouraud=0 chrome=405136 texture=1544101 furnace=0 embers=126298 bloom=0 veil=876 titles=1041 fade=210 | setup=619036 total=4582910
T t=261.1 bar=135 ph=17 the colossus | render ms 15.32/15.37/15.52 | fps 59.7 | hold 1 miss 0 late 0 | gap ms 16.73 | under 0 fill 465 | copy 2476 cy/line 35.51 Mcy/s | synth 3052 cy/pump 43.77 Mcy/s 1823 cy/sample | tri 474 px 11700 part 115 ch 8 | AHASH s=6264000 695c5400
PROF T t=261 ph=17 the colossus frames=60 | clear=44562 sky=536253 floor=1288164 scene=2585326 flat=17220 gouraud=0 chrome=405491 texture=1544578 furnace=0 embers=127315 bloom=0 veil=870 titles=1041 fade=215 | setup=618035 total=4583747
PHRASE t=261.1 bar=136 ph=18 the colossus | render ms 15.32/17.11/24.32 | fps 43.7 | hold 2 miss 0 late 245 | gap ms 33.47 | under 0 fill 465 | copy 2481 cy/line 35.58 Mcy/s | synth 3031 cy/pump 43.46 Mcy/s 1811 cy/sample | tri 474 px 11705 part 115 ch 8 | AHASH s=6264000 695c5400
PROF PHRASE t=261 ph=18 the colossus frames=672 | clear=44619 sky=537038 floor=1274772 scene=3028769 flat=24841 gouraud=0 chrome=477436 texture=1929940 furnace=0 embers=126843 bloom=0 veil=91256 titles=1040 fade=214 | setup=596551 total=5104554
T t=262.1 bar=136 ph=18 the colossus | render ms 15.31/15.36/15.51 | fps 59.7 | hold 1 miss 0 late 0 | gap ms 16.73 | under 0 fill 465 | copy 2475 cy/line 35.50 Mcy/s | synth 3049 cy/pump 43.72 Mcy/s 1821 cy/sample | tri 474 px 11710 part 115 ch 8 | AHASH s=6288000 305069cf
PROF T t=262 ph=18 the colossus frames=60 | clear=44645 sky=536300 floor=1288454 scene=2581093 flat=17216 gouraud=0 chrome=404332 texture=1542082 furnace=0 embers=127450 bloom=0 veil=883 titles=1039 fade=203 | setup=617460 total=4580069
T t=263.1 bar=137 ph=18 the colossus | render ms 15.32/15.36/15.47 | fps 59.7 | hold 1 miss 0 late 0 | gap ms 16.73 | under 0 fill 465 | copy 2475 cy/line 35.50 Mcy/s | synth 3050 cy/pump 43.74 Mcy/s 1822 cy/sample | tri 474 px 11707 part 115 ch 8 | AHASH s=6312000 828dd9c1
PROF T t=263 ph=18 the colossus frames=60 | clear=44577 sky=535868 floor=1288119 scene=2582213 flat=17217 gouraud=0 chrome=404256 texture=1542110 furnace=0 embers=128156 bloom=0 veil=874 titles=1036 fade=207 | setup=618628 total=4581053
T t=264.1 bar=137 ph=18 the colossus | render ms 15.32/15.37/15.51 | fps 59.7 | hold 1 miss 0 late 0 | gap ms 16.73 | under 0 fill 465 | copy 2476 cy/line 35.50 Mcy/s | synth 3048 cy/pump 43.71 Mcy/s 1821 cy/sample | tri 474 px 11698 part 115 ch 8 | AHASH s=6336000 7059147f
PROF T t=264 ph=18 the colossus frames=60 | clear=44567 sky=535903 floor=1288271 scene=2581637 flat=17208 gouraud=0 chrome=404509 texture=1541466 furnace=0 embers=129581 bloom=0 veil=877 titles=1040 fade=207 | setup=618452 total=4582087
T t=265.1 bar=138 ph=18 the colossus | render ms 15.32/15.37/15.47 | fps 59.7 | hold 1 miss 0 late 0 | gap ms 16.73 | under 0 fill 465 | copy 2476 cy/line 35.51 Mcy/s | synth 3048 cy/pump 43.71 Mcy/s 1821 cy/sample | tri 474 px 11702 part 115 ch 8 | AHASH s=6360000 7aa6dded
PROF T t=265 ph=18 the colossus frames=60 | clear=44537 sky=535728 floor=1288008 scene=2583104 flat=17215 gouraud=0 chrome=404571 texture=1542387 furnace=0 embers=128580 bloom=0 veil=876 titles=1040 fade=209 | setup=618930 total=4582086
T t=266.1 bar=138 ph=18 the colossus | render ms 15.31/15.36/15.49 | fps 59.7 | hold 1 miss 0 late 0 | gap ms 16.73 | under 0 fill 465 | copy 2476 cy/line 35.51 Mcy/s | synth 3052 cy/pump 43.77 Mcy/s 1823 cy/sample | tri 474 px 11697 part 115 ch 8 | AHASH s=6384000 81e2d431
PROF T t=266 ph=18 the colossus frames=60 | clear=44535 sky=535945 floor=1288078 scene=2583011 flat=17212 gouraud=0 chrome=404536 texture=1542171 furnace=0 embers=126722 bloom=0 veil=884 titles=1040 fade=222 | setup=619091 total=4580439
T t=267.1 bar=139 ph=18 the colossus | render ms 15.31/15.62/16.40 | fps 59.7 | hold 1 miss 0 late 0 | gap ms 16.73 | under 0 fill 465 | copy 2474 cy/line 35.48 Mcy/s | synth 3053 cy/pump 43.78 Mcy/s 1824 cy/sample | tri 474 px 11706 part 115 ch 8 | AHASH s=6408000 ef30adf0
PROF T t=267 ph=18 the colossus frames=60 | clear=44601 sky=538807 floor=1288473 scene=2584548 flat=17216 gouraud=0 chrome=404732 texture=1543404 furnace=0 embers=124244 bloom=0 veil=880 titles=75706 fade=213 | setup=619195 total=4657474
T t=268.1 bar=139 ph=18 the colossus | render ms 16.31/16.35/16.46 | fps 58.7 | hold 2 miss 0 late 1 | gap ms 33.47 | under 0 fill 465 | copy 2468 cy/line 35.40 Mcy/s | synth 3066 cy/pump 43.96 Mcy/s 1832 cy/sample | tri 474 px 11710 part 115 ch 8 | AHASH s=6432000 60062f57
PROF T t=268 ph=18 the colossus frames=59 | clear=44576 sky=547747 floor=1289971 scene=2591099 flat=17210 gouraud=0 chrome=405241 texture=1547340 furnace=0 embers=121399 bloom=0 veil=886 titles=281207 fade=225 | setup=621306 total=4877112
T t=269.1 bar=140 ph=18 the colossus | render ms 16.30/16.35/16.41 | fps 58.7 | hold 2 miss 0 late 1 | gap ms 33.47 | under 0 fill 465 | copy 2469 cy/line 35.41 Mcy/s | synth 3064 cy/pump 43.94 Mcy/s 1830 cy/sample | tri 474 px 11707 part 115 ch 8 | AHASH s=6456000 7b930143
PROF T t=269 ph=18 the colossus frames=59 | clear=44580 sky=547790 floor=1289906 scene=2591117 flat=17214 gouraud=0 chrome=405549 texture=1548129 furnace=0 embers=119654 bloom=0 veil=878 titles=281030 fade=221 | setup=620223 total=4875178
T t=270.1 bar=140 ph=18 the colossus | render ms 16.31/16.36/16.45 | fps 58.7 | hold 2 miss 0 late 1 | gap ms 33.47 | under 0 fill 465 | copy 2469 cy/line 35.41 Mcy/s | synth 3067 cy/pump 43.98 Mcy/s 1832 cy/sample | tri 474 px 11730 part 115 ch 8 | AHASH s=6480000 2adcb194
PROF T t=270 ph=18 the colossus frames=59 | clear=44613 sky=548041 floor=1289876 scene=2592911 flat=17215 gouraud=0 chrome=405586 texture=1549802 furnace=0 embers=122402 bloom=0 veil=879 titles=281434 fade=215 | setup=620306 total=4880374
T t=271.1 bar=141 ph=18 the colossus | render ms 16.31/16.36/16.43 | fps 58.7 | hold 2 miss 0 late 1 | gap ms 33.47 | under 0 fill 465 | copy 2468 cy/line 35.39 Mcy/s | synth 3061 cy/pump 43.90 Mcy/s 1829 cy/sample | tri 474 px 11722 part 115 ch 8 | AHASH s=6504000 17007f35
PROF T t=271 ph=18 the colossus frames=59 | clear=44596 sky=547754 floor=1289371 scene=2592797 flat=17215 gouraud=0 chrome=405498 texture=1549073 furnace=0 embers=123957 bloom=0 veil=889 titles=281266 fade=223 | setup=621010 total=4880857
T t=272.1 bar=141 ph=18 the colossus | render ms 16.33/16.38/16.47 | fps 58.7 | hold 2 miss 0 late 1 | gap ms 33.47 | under 0 fill 465 | copy 2468 cy/line 35.40 Mcy/s | synth 3061 cy/pump 43.90 Mcy/s 1829 cy/sample | tri 474 px 11709 part 115 ch 8 | AHASH s=6528000 b433fa00
PROF T t=272 ph=18 the colossus frames=59 | clear=44546 sky=547915 floor=1289779 scene=2591590 flat=17208 gouraud=0 chrome=404869 texture=1549184 furnace=0 embers=127625 bloom=0 veil=870 titles=281488 fade=225 | setup=620329 total=4884042
T t=273.1 bar=142 ph=18 the colossus | render ms 16.33/16.37/16.42 | fps 58.7 | hold 2 miss 0 late 1 | gap ms 33.47 | under 0 fill 465 | copy 2469 cy/line 35.40 Mcy/s | synth 3060 cy/pump 43.88 Mcy/s 1828 cy/sample | tri 474 px 11712 part 115 ch 8 | AHASH s=6552000 4fefd826
PROF T t=273 ph=18 the colossus frames=59 | clear=44573 sky=547794 floor=1290019 scene=2591093 flat=17217 gouraud=0 chrome=404674 texture=1548672 furnace=0 embers=127315 bloom=0 veil=893 titles=281265 fade=214 | setup=620529 total=4883170
T t=274.1 bar=142 ph=18 the colossus | render ms 16.32/16.37/16.46 | fps 58.7 | hold 2 miss 0 late 1 | gap ms 33.47 | under 0 fill 465 | copy 2468 cy/line 35.39 Mcy/s | synth 3065 cy/pump 43.95 Mcy/s 1831 cy/sample | tri 474 px 11718 part 115 ch 8 | AHASH s=6576000 cef0dd1d
PROF T t=274 ph=18 the colossus frames=59 | clear=44624 sky=547787 floor=1290085 scene=2591850 flat=17219 gouraud=0 chrome=404755 texture=1549286 furnace=0 embers=126931 bloom=0 veil=879 titles=281481 fade=216 | setup=620589 total=4883856
T t=275.1 bar=143 ph=18 the colossus | render ms 16.33/16.69/19.30 | fps 52.7 | hold 2 miss 0 late 7 | gap ms 33.47 | under 0 fill 465 | copy 2469 cy/line 35.41 Mcy/s | synth 3051 cy/pump 43.76 Mcy/s 1823 cy/sample | tri 478 px 11734 part 115 ch 8 | AHASH s=6600000 9e70d01d
PROF T t=275 ph=18 the colossus frames=53 | clear=44608 sky=547777 floor=1289778 scene=2592536 flat=17216 gouraud=0 chrome=405714 texture=1556948 furnace=0 embers=128667 bloom=0 veil=92808 titles=281503 fade=226 | setup=612656 total=4977906
T t=276.1 bar=143 ph=18 the colossus | render ms 19.55/20.51/20.92 | fps 29.8 | hold 2 miss 0 late 30 | gap ms 33.47 | under 0 fill 465 | copy 2478 cy/line 35.53 Mcy/s | synth 3014 cy/pump 43.22 Mcy/s 1801 cy/sample | tri 478 px 14588 part 115 ch 8 | AHASH s=6624000 c64f2443
PROF T t=276 ph=18 the colossus frames=30 | clear=44694 sky=547450 floor=1289648 scene=2591888 flat=17216 gouraud=0 chrome=405844 texture=1776122 furnace=0 embers=128373 bloom=0 veil=1241113 titles=281355 fade=213 | setup=392704 total=6124736
PHRASE t=276.4 bar=144 ph=19 coda | render ms 15.31/16.18/21.07 | fps 56.2 | hold 2 miss 0 late 54 | gap ms 33.47 | under 0 fill 465 | copy 2472 cy/line 35.45 Mcy/s | synth 3053 cy/pump 43.78 Mcy/s 1824 cy/sample | tri 478 px 14571 part 64 ch 9 | AHASH s=6624000 c64f2443
PROF PHRASE t=276 ph=19 coda frames=865 | clear=44587 sky=543069 floor=1289169 scene=2588002 flat=17214 gouraud=0 chrome=404960 texture=1558007 furnace=0 embers=125943 bloom=0 veil=65404 titles=169956 fade=216 | setup=607820 total=4826349
T t=277.1 bar=144 ph=19 coda | render ms 19.76/20.25/21.07 | fps 29.8 | hold 2 miss 0 late 30 | gap ms 33.47 | under 0 fill 465 | copy 2481 cy/line 35.59 Mcy/s | synth 3009 cy/pump 43.15 Mcy/s 1798 cy/sample | tri 478 px 13631 part 64 ch 9 | AHASH s=6648000 cb7a3c0a
PROF T t=277 ph=19 coda frames=30 | clear=44889 sky=541789 floor=1288964 scene=2584410 flat=17213 gouraud=0 chrome=404839 texture=1843184 furnace=0 embers=89026 bloom=0 veil=1359807 titles=138353 fade=217 | setup=319172 total=6047459
T t=278.1 bar=144 ph=19 coda | render ms 15.40/17.84/19.84 | fps 35.8 | hold 2 miss 0 late 24 | gap ms 33.47 | under 0 fill 465 | copy 2477 cy/line 35.52 Mcy/s | synth 3012 cy/pump 43.20 Mcy/s 1800 cy/sample | tri 474 px 11695 part 64 ch 9 | AHASH s=6672000 1b3cb947
PROF T t=278 ph=19 coda frames=36 | clear=44659 sky=536702 floor=1288547 scene=2582171 flat=17221 gouraud=0 chrome=404040 texture=1650300 furnace=0 embers=71917 bloom=0 veil=724141 titles=76684 fade=227 | setup=510609 total=5325053
T t=279.1 bar=145 ph=19 coda | render ms 15.37/15.42/15.55 | fps 59.7 | hold 1 miss 0 late 0 | gap ms 16.73 | under 0 fill 465 | copy 2473 cy/line 35.47 Mcy/s | synth 3044 cy/pump 43.65 Mcy/s 1819 cy/sample | tri 474 px 11695 part 64 ch 9 | AHASH s=6696000 c33b0199
PROF T t=279 ph=19 coda frames=60 | clear=44529 sky=536047 floor=1288344 scene=2581998 flat=17218 gouraud=0 chrome=403016 texture=1543716 furnace=0 embers=70913 bloom=0 veil=872 titles=76637 fade=223 | setup=618046 total=4599566
T t=280.1 bar=145 ph=19 coda | render ms 15.36/15.42/15.55 | fps 59.7 | hold 1 miss 0 late 0 | gap ms 16.73 | under 0 fill 465 | copy 2473 cy/line 35.47 Mcy/s | synth 3047 cy/pump 43.70 Mcy/s 1820 cy/sample | tri 474 px 11698 part 64 ch 9 | AHASH s=6720000 24c69270
PROF T t=280 ph=19 coda frames=60 | clear=44599 sky=536353 floor=1288020 scene=2582942 flat=17216 gouraud=0 chrome=404412 texture=1543038 furnace=0 embers=68793 bloom=0 veil=860 titles=76635 fade=207 | setup=618274 total=4598414
T t=281.1 bar=146 ph=19 coda | render ms 15.38/15.42/15.52 | fps 59.7 | hold 1 miss 0 late 0 | gap ms 16.73 | under 0 fill 465 | copy 2475 cy/line 35.49 Mcy/s | synth 3048 cy/pump 43.70 Mcy/s 1821 cy/sample | tri 474 px 11696 part 64 ch 9 | AHASH s=6744000 a7bea33b
PROF T t=281 ph=19 coda frames=60 | clear=44615 sky=536421 floor=1288127 scene=2583006 flat=17212 gouraud=0 chrome=404086 texture=1543341 furnace=0 embers=69262 bloom=0 veil=880 titles=76645 fade=207 | setup=618364 total=4599167
T t=282.2 bar=146 ph=19 coda | render ms 15.38/15.43/15.56 | fps 59.7 | hold 1 miss 0 late 0 | gap ms 16.73 | under 0 fill 465 | copy 2475 cy/line 35.49 Mcy/s | synth 3051 cy/pump 43.75 Mcy/s 1823 cy/sample | tri 474 px 11693 part 64 ch 9 | AHASH s=6768000 5f3af91b
PROF T t=282 ph=19 coda frames=60 | clear=44580 sky=536212 floor=1288258 scene=2582652 flat=17218 gouraud=0 chrome=403263 texture=1543963 furnace=0 embers=71782 bloom=0 veil=870 titles=76625 fade=210 | setup=618207 total=4601194
T t=283.2 bar=147 ph=19 coda | render ms 15.35/15.40/15.56 | fps 59.7 | hold 1 miss 0 late 0 | gap ms 16.73 | under 0 fill 465 | copy 2474 cy/line 35.48 Mcy/s | synth 3050 cy/pump 43.74 Mcy/s 1822 cy/sample | tri 474 px 11707 part 64 ch 9 | AHASH s=6792000 950631a6
PROF T t=283 ph=19 coda frames=60 | clear=44608 sky=536165 floor=1288496 scene=2584252 flat=17214 gouraud=0 chrome=403986 texture=1544232 furnace=0 embers=72727 bloom=0 veil=866 titles=64543 fade=211 | setup=618819 total=4591871
T t=284.2 bar=148 ph=19 coda | render ms 15.33/15.39/15.51 | fps 59.7 | hold 1 miss 0 late 0 | gap ms 16.73 | under 0 fill 465 | copy 2475 cy/line 35.49 Mcy/s | synth 3050 cy/pump 43.74 Mcy/s 1822 cy/sample | tri 466 px 11683 part 64 ch 9 | AHASH s=6816000 147dbfff
PROF T t=284 ph=19 coda frames=60 | clear=44603 sky=536648 floor=1287838 scene=2582219 flat=17215 gouraud=0 chrome=403072 texture=1543870 furnace=0 embers=73394 bloom=0 veil=880 titles=64135 fade=207 | setup=618061 total=4589928
T t=285.2 bar=148 ph=19 coda | render ms 15.30/15.35/15.49 | fps 59.7 | hold 1 miss 0 late 0 | gap ms 16.73 | under 0 fill 465 | copy 2474 cy/line 35.48 Mcy/s | synth 3051 cy/pump 43.76 Mcy/s 1823 cy/sample | tri 466 px 11703 part 64 ch 9 | AHASH s=6840000 00406ffd
PROF T t=285 ph=19 coda frames=60 | clear=44549 sky=536193 floor=1288248 scene=2570191 flat=17215 gouraud=0 chrome=392947 texture=1542734 furnace=0 embers=73565 bloom=0 veil=880 titles=64120 fade=212 | setup=617294 total=4577962
T t=286.2 bar=149 ph=19 coda | render ms 15.17/15.30/15.46 | fps 59.7 | hold 1 miss 0 late 0 | gap ms 16.73 | under 0 fill 465 | copy 2475 cy/line 35.49 Mcy/s | synth 3051 cy/pump 43.76 Mcy/s 1823 cy/sample | tri 442 px 11703 part 64 ch 9 | AHASH s=6864000 6a0d4962
PROF T t=286 ph=19 coda frames=60 | clear=44592 sky=536430 floor=1288330 scene=2556877 flat=17214 gouraud=0 chrome=388631 texture=1534591 furnace=0 embers=71658 bloom=0 veil=878 titles=64157 fade=212 | setup=616439 total=4563137
T t=287.2 bar=149 ph=19 coda | render ms 15.16/15.21/15.34 | fps 59.7 | hold 1 miss 0 late 0 | gap ms 16.73 | under 0 fill 465 | copy 2475 cy/line 35.49 Mcy/s | synth 3049 cy/pump 43.73 Mcy/s 1822 cy/sample | tri 442 px 11694 part 64 ch 9 | AHASH s=6888000 9b63138c
PROF T t=287 ph=19 coda frames=60 | clear=44603 sky=536173 floor=1287897 scene=2533207 flat=17216 gouraud=0 chrome=380890 texture=1520617 furnace=0 embers=69609 bloom=0 veil=875 titles=64356 fade=211 | setup=614483 total=4536935
T t=288.2 bar=150 ph=19 coda | render ms 15.17/15.23/15.33 | fps 59.7 | hold 1 miss 0 late 0 | gap ms 16.73 | under 0 fill 465 | copy 2475 cy/line 35.50 Mcy/s | synth 3051 cy/pump 43.75 Mcy/s 1823 cy/sample | tri 446 px 11685 part 64 ch 9 | AHASH s=6912000 829f894d
PROF T t=288 ph=19 coda frames=60 | clear=44601 sky=536320 floor=1288046 scene=2534797 flat=17218 gouraud=0 chrome=382440 texture=1520191 furnace=0 embers=70107 bloom=0 veil=885 titles=65380 fade=204 | setup=614946 total=4540344
T t=289.2 bar=150 ph=19 coda | render ms 15.19/15.24/15.38 | fps 59.7 | hold 1 miss 0 late 0 | gap ms 16.73 | under 0 fill 465 | copy 2475 cy/line 35.49 Mcy/s | synth 3051 cy/pump 43.76 Mcy/s 1823 cy/sample | tri 442 px 11691 part 64 ch 9 | AHASH s=6936000 1f23e7aa
PROF T t=289 ph=19 coda frames=60 | clear=44595 sky=536351 floor=1288361 scene=2533558 flat=17213 gouraud=0 chrome=381233 texture=1519906 furnace=0 embers=71542 bloom=0 veil=868 titles=69100 fade=213 | setup=615204 total=4544591
T t=290.2 bar=151 ph=19 coda | render ms 15.20/15.24/15.35 | fps 59.7 | hold 1 miss 0 late 0 | gap ms 16.73 | under 0 fill 465 | copy 2475 cy/line 35.49 Mcy/s | synth 3054 cy/pump 43.80 Mcy/s 1825 cy/sample | tri 442 px 11700 part 64 ch 9 | AHASH s=6960000 2faf33e5
PROF T t=290 ph=19 coda frames=60 | clear=44528 sky=536198 floor=1288277 scene=2534134 flat=17221 gouraud=0 chrome=381873 texture=1520252 furnace=0 embers=71824 bloom=0 veil=885 titles=69089 fade=222 | setup=614787 total=4545161
T t=291.2 bar=151 ph=19 coda | render ms 15.19/15.24/15.38 | fps 59.7 | hold 1 miss 0 late 0 | gap ms 16.73 | under 0 fill 465 | copy 2475 cy/line 35.50 Mcy/s | synth 3053 cy/pump 43.79 Mcy/s 1824 cy/sample | tri 442 px 11680 part 64 ch 9 | AHASH s=6984000 c239b3d9
PROF T t=291 ph=19 coda frames=60 | clear=44581 sky=536211 floor=1288187 scene=2533097 flat=17214 gouraud=0 chrome=382278 texture=1519644 furnace=0 embers=71605 bloom=0 veil=880 titles=69083 fade=207 | setup=613960 total=4543854
PHRASE t=291.8 bar=152 ph=20 coda | render ms 15.16/15.54/20.14 | fps 56.8 | hold 2 miss 0 late 44 | gap ms 33.47 | under 0 fill 465 | copy 2475 cy/line 35.49 Mcy/s | synth 3046 cy/pump 43.68 Mcy/s 1820 cy/sample | tri 442 px 11678 part 64 ch 9 | AHASH s=6984000 c239b3d9
PROF PHRASE t=291 ph=20 coda frames=872 | clear=44589 sky=536358 floor=1288215 scene=2561162 flat=17216 gouraud=0 chrome=393449 texture=1545003 furnace=0 embers=71323 bloom=0 veil=61738 titles=69735 fade=212 | setup=605492 total=4633336
T t=292.2 bar=152 ph=20 coda | render ms 15.18/15.23/15.36 | fps 59.7 | hold 1 miss 0 late 0 | gap ms 16.73 | under 0 fill 465 | copy 2475 cy/line 35.50 Mcy/s | synth 3052 cy/pump 43.77 Mcy/s 1823 cy/sample | tri 442 px 11683 part 64 ch 9 | AHASH s=7008000 704099c2
PROF T t=292 ph=20 coda frames=60 | clear=44607 sky=536685 floor=1288231 scene=2532633 flat=17217 gouraud=0 chrome=381589 texture=1519265 furnace=0 embers=70801 bloom=0 veil=876 titles=69036 fade=220 | setup=614560 total=4543092
T t=293.2 bar=152 ph=20 coda | render ms 15.20/15.23/15.35 | fps 59.7 | hold 1 miss 0 late 0 | gap ms 16.73 | under 0 fill 465 | copy 2474 cy/line 35.49 Mcy/s | synth 3050 cy/pump 43.74 Mcy/s 1822 cy/sample | tri 442 px 11700 part 64 ch 9 | AHASH s=7032000 995b0358
PROF T t=293 ph=20 coda frames=60 | clear=44565 sky=536558 floor=1288234 scene=2532303 flat=17213 gouraud=0 chrome=380373 texture=1520801 furnace=0 embers=70710 bloom=0 veil=874 titles=69200 fade=211 | setup=613914 total=4542660
T t=294.2 bar=153 ph=20 coda | render ms 15.16/15.26/15.40 | fps 59.7 | hold 1 miss 0 late 0 | gap ms 16.73 | under 0 fill 465 | copy 2474 cy/line 35.49 Mcy/s | synth 3050 cy/pump 43.75 Mcy/s 1822 cy/sample | tri 454 px 11695 part 64 ch 9 | AHASH s=7056000 2f66bfb1
PROF T t=294 ph=20 coda frames=60 | clear=44591 sky=536587 floor=1288072 scene=2544298 flat=17216 gouraud=0 chrome=384410 texture=1527935 furnace=0 embers=71845 bloom=0 veil=875 titles=62902 fade=219 | setup=614736 total=4549392
T t=295.2 bar=153 ph=20 coda | render ms 15.19/15.25/15.35 | fps 59.7 | hold 1 miss 0 late 0 | gap ms 16.73 | under 0 fill 465 | copy 2475 cy/line 35.49 Mcy/s | synth 3049 cy/pump 43.72 Mcy/s 1821 cy/sample | tri 454 px 11700 part 64 ch 9 | AHASH s=7080000 e194e682
PROF T t=295 ph=20 coda frames=60 | clear=44573 sky=536258 floor=1288521 scene=2548377 flat=17214 gouraud=0 chrome=385307 texture=1530415 furnace=0 embers=72102 bloom=0 veil=870 titles=56724 fade=207 | setup=615440 total=4547635
T t=296.2 bar=154 ph=20 coda | render ms 15.16/15.22/15.36 | fps 59.7 | hold 1 miss 0 late 0 | gap ms 16.73 | under 0 fill 465 | copy 2477 cy/line 35.52 Mcy/s | synth 3004 cy/pump 43.08 Mcy/s 1795 cy/sample | tri 442 px 11692 part 64 ch 9 | AHASH s=7104000 564c453e
PROF T t=296 ph=20 coda frames=60 | clear=44576 sky=536026 floor=1288126 scene=2540393 flat=17214 gouraud=0 chrome=382876 texture=1525192 furnace=0 embers=72797 bloom=0 veil=872 titles=56696 fade=223 | setup=615109 total=4539710
T t=297.2 bar=154 ph=20 coda | render ms 15.16/15.21/15.31 | fps 59.7 | hold 1 miss 0 late 0 | gap ms 16.73 | under 0 fill 465 | copy 2493 cy/line 35.75 Mcy/s | synth 2731 cy/pump 39.16 Mcy/s 1631 cy/sample | tri 442 px 11699 part 64 ch 9 | AHASH s=7128000 eb476912
PROF T t=297 ph=20 coda frames=60 | clear=44591 sky=536045 floor=1287955 scene=2535583 flat=17216 gouraud=0 chrome=381491 texture=1522756 furnace=0 embers=72437 bloom=0 veil=876 titles=56782 fade=212 | setup=614118 total=4534485
T t=298.2 bar=155 ph=20 coda | render ms 15.15/15.20/15.31 | fps 59.7 | hold 1 miss 0 late 0 | gap ms 16.73 | under 0 fill 465 | copy 2492 cy/line 35.74 Mcy/s | synth 2731 cy/pump 39.17 Mcy/s 1632 cy/sample | tri 442 px 11685 part 64 ch 9 | AHASH s=7152000 94ebcd29
PROF T t=298 ph=20 coda frames=60 | clear=44542 sky=536377 floor=1288212 scene=2533867 flat=17218 gouraud=0 chrome=380777 texture=1522070 furnace=0 embers=72572 bloom=0 veil=864 titles=56817 fade=209 | setup=613801 total=4533464
T t=299.2 bar=155 ph=20 coda | render ms 15.14/15.20/15.34 | fps 59.7 | hold 1 miss 0 late 0 | gap ms 16.73 | under 0 fill 465 | copy 2493 cy/line 35.75 Mcy/s | synth 2732 cy/pump 39.18 Mcy/s 1632 cy/sample | tri 442 px 11678 part 64 ch 9 | AHASH s=7176000 688e80ce
PROF T t=299 ph=20 coda frames=60 | clear=44565 sky=535934 floor=1288244 scene=2532271 flat=17215 gouraud=0 chrome=381120 texture=1520031 furnace=0 embers=72706 bloom=0 veil=874 titles=56976 fade=221 | setup=613904 total=4531794
T t=300.2 bar=156 ph=20 coda | render ms 15.16/15.61/15.78 | fps 59.7 | hold 1 miss 0 late 0 | gap ms 16.73 | under 0 fill 465 | copy 2490 cy/line 35.71 Mcy/s | synth 2738 cy/pump 39.26 Mcy/s 1636 cy/sample | tri 446 px 11661 part 64 ch 9 | AHASH s=7200000 595bd6d6
PROF T t=300 ph=20 coda frames=60 | clear=44602 sky=542922 floor=1289079 scene=2537816 flat=17213 gouraud=0 chrome=383094 texture=1522032 furnace=0 embers=72208 bloom=0 veil=890 titles=167135 fade=222 | setup=615476 total=4654877
T t=301.2 bar=156 ph=20 coda | render ms 15.70/15.75/15.83 | fps 59.7 | hold 1 miss 0 late 0 | gap ms 16.73 | under 0 fill 465 | copy 2485 cy/line 35.64 Mcy/s | synth 2594 cy/pump 37.20 Mcy/s 1550 cy/sample | tri 450 px 11679 part 64 ch 9 | AHASH s=7224000 9b690296
PROF T t=301 ph=20 coda frames=60 | clear=44608 sky=545238 floor=1288502 scene=2545460 flat=17218 gouraud=0 chrome=390441 texture=1521623 furnace=0 embers=71222 bloom=0 veil=874 titles=201084 fade=228 | setup=616177 total=4697219
T t=302.2 bar=157 ph=20 coda | render ms 15.70/15.75/15.86 | fps 59.7 | hold 1 miss 0 late 0 | gap ms 16.73 | under 0 fill 465 | copy 2478 cy/line 35.53 Mcy/s | synth 2307 cy/pump 33.08 Mcy/s 1378 cy/sample | tri 450 px 11681 part 64 ch 9 | AHASH s=7248000 06c26f09
PROF T t=302 ph=20 coda frames=60 | clear=44584 sky=545246 floor=1288496 scene=2547660 flat=17218 gouraud=0 chrome=393281 texture=1521487 furnace=0 embers=69998 bloom=0 veil=869 titles=200724 fade=220 | setup=615672 total=4697800
T t=303.2 bar=157 ph=20 coda | render ms 15.70/15.75/15.83 | fps 59.7 | hold 1 miss 0 late 0 | gap ms 16.73 | under 0 fill 465 | copy 2477 cy/line 35.52 Mcy/s | synth 2306 cy/pump 33.07 Mcy/s 1378 cy/sample | tri 450 px 11679 part 64 ch 9 | AHASH s=7272000 59a672b8
PROF T t=303 ph=20 coda frames=60 | clear=44613 sky=545099 floor=1288143 scene=2547911 flat=17216 gouraud=0 chrome=393392 texture=1521448 furnace=0 embers=70730 bloom=0 veil=888 titles=200498 fade=223 | setup=615853 total=4698109
T t=304.2 bar=158 ph=20 coda | render ms 15.71/15.76/15.85 | fps 59.7 | hold 1 miss 0 late 0 | gap ms 16.73 | under 0 fill 465 | copy 2477 cy/line 35.52 Mcy/s | synth 2306 cy/pump 33.07 Mcy/s 1378 cy/sample | tri 450 px 11664 part 64 ch 9 | AHASH s=7296000 1cf1f220
PROF T t=304 ph=20 coda frames=60 | clear=44595 sky=545182 floor=1288330 scene=2547586 flat=17215 gouraud=0 chrome=393915 texture=1521082 furnace=0 embers=72122 bloom=0 veil=877 titles=200868 fade=225 | setup=615373 total=4699790
T t=305.2 bar=159 ph=20 coda | render ms 15.70/15.84/20.50 | fps 58.7 | hold 2 miss 0 late 1 | gap ms 33.47 | under 0 fill 465 | copy 2477 cy/line 35.52 Mcy/s | synth 2305 cy/pump 33.05 Mcy/s 1377 cy/sample | tri 450 px 11667 part 64 ch 9 | AHASH s=7320000 1c41b916
PROF T t=305 ph=20 coda frames=59 | clear=44604 sky=545745 floor=1288474 scene=2548243 flat=17217 gouraud=0 chrome=394278 texture=1520962 furnace=0 embers=72534 bloom=0 veil=875 titles=200548 fade=24179 | setup=615784 total=4725206
T t=306.2 bar=159 ph=20 coda | render ms 20.39/20.45/20.53 | fps 29.8 | hold 2 miss 0 late 30 | gap ms 33.47 | under 0 fill 465 | copy 2487 cy/line 35.66 Mcy/s | synth 2261 cy/pump 32.42 Mcy/s 1351 cy/sample | tri 450 px 11671 part 64 ch 9 | AHASH s=7344000 024e2125
PROF T t=306 ph=20 coda frames=30 | clear=44553 sky=545616 floor=1288247 scene=2547865 flat=17215 gouraud=0 chrome=393957 texture=1521920 furnace=0 embers=73371 bloom=0 veil=874 titles=200941 fade=1407081 | setup=614772 total=6108553
PHRASE t=307.1 bar=159 ph=20 coda | render ms 15.14/15.79/20.53 | fps 55.9 | hold 2 miss 0 late 58 | gap ms 33.47 | under 0 fill 465 | copy 2482 cy/line 35.60 Mcy/s | synth 2642 cy/pump 37.88 Mcy/s 1578 cy/sample | tri 450 px 11668 part 64 ch 9 | AHASH s=7368000 cc1dbcdf
PROF PHRASE t=307 ph=20 coda frames=860 | clear=44591 sky=540487 floor=1288307 scene=2541800 flat=17216 gouraud=0 chrome=386859 texture=1522727 furnace=0 embers=71892 bloom=0 veil=875 titles=125727 fade=95097 | setup=614997 total=4708779
DONE frames=17566 render_max_us=24322 gap_max_us=33474 miss=0 late=792 under=0 min_fill=465 copy_worst_cy=3184 pump_worst_cy=96913 vsyncs=18362 heap_free=36864 peak=29914
