
=== COLOSSUS / LATENT / 2026 === sys_clk=300000000
BOOT heap_region=50868 heap_free=50868 ballast=0 total_samples=7372800 bars=160
BOOT heap_free_after_init=50868
BOOT heap_free_after_video=36864 scanout_lines=240
T t=0.9 bar=0 ph=1 overture | render ms 7.88/7.93/7.99 | fps 59.7 | hold 2 miss 0 late 1 | gap ms 16.76 | under 0 fill 464 | copy 2452 cy/line 35.77 Mcy/s | synth 2275 cy/pump 32.65 Mcy/s 1360 cy/sample | tri 0 px 0 part 66 ch 0 | AHASH s=24000 45de1a0f
PROF T t=0 ph=1 overture frames=60 | clear=44048 sky=517581 floor=0 scene=7871 flat=0 gouraud=0 chrome=0 texture=0 furnace=0 embers=76595 bloom=0 veil=849 titles=297703 fade=1408153 | setup=7871 total=2352804
T t=1.9 bar=1 ph=1 overture | render ms 3.22/7.55/8.09 | fps 59.7 | hold 1 miss 0 late 0 | gap ms 16.73 | under 0 fill 464 | copy 2448 cy/line 35.11 Mcy/s | synth 2277 cy/pump 32.66 Mcy/s 1360 cy/sample | tri 0 px 0 part 66 ch 0 | AHASH s=48000 a2fc1ab4
PROF T t=1 ph=1 overture frames=60 | clear=44115 sky=518669 floor=0 scene=7729 flat=0 gouraud=0 chrome=0 texture=0 furnace=0 embers=78012 bloom=0 veil=855 titles=298002 fade=1290811 | setup=7729 total=2238197
T t=2.9 bar=1 ph=1 overture | render ms 3.22/3.24/3.38 | fps 59.7 | hold 1 miss 0 late 0 | gap ms 16.73 | under 0 fill 464 | copy 2398 cy/line 34.38 Mcy/s | synth 2274 cy/pump 32.61 Mcy/s 1358 cy/sample | tri 0 px 0 part 66 ch 0 | AHASH s=72000 27282b38
PROF T t=2 ph=1 overture frames=60 | clear=44095 sky=518559 floor=0 scene=8367 flat=0 gouraud=0 chrome=0 texture=0 furnace=0 embers=77385 bloom=0 veil=857 titles=297917 fade=226 | setup=8367 total=947409
T t=4.0 bar=2 ph=1 overture | render ms 3.22/3.25/3.39 | fps 59.7 | hold 1 miss 0 late 0 | gap ms 16.73 | under 0 fill 464 | copy 2400 cy/line 34.42 Mcy/s | synth 2331 cy/pump 33.43 Mcy/s 1393 cy/sample | tri 0 px 0 part 67 ch 0 | AHASH s=96000 7defff26
PROF T t=4 ph=1 overture frames=60 | clear=44102 sky=518653 floor=0 scene=9034 flat=0 gouraud=0 chrome=0 texture=0 furnace=0 embers=78447 bloom=0 veil=854 titles=298149 fade=224 | setup=9034 total=949466
T t=5.0 bar=2 ph=1 overture | render ms 3.23/3.25/3.41 | fps 59.7 | hold 1 miss 0 late 0 | gap ms 16.73 | under 0 fill 464 | copy 2413 cy/line 34.61 Mcy/s | synth 2574 cy/pump 36.91 Mcy/s 1538 cy/sample | tri 0 px 0 part 67 ch 0 | AHASH s=120000 586f7958
PROF T t=5 ph=1 overture frames=60 | clear=44099 sky=518213 floor=0 scene=8619 flat=0 gouraud=0 chrome=0 texture=0 furnace=0 embers=79554 bloom=0 veil=862 titles=298526 fade=222 | setup=8619 total=950097
T t=6.0 bar=3 ph=1 overture | render ms 3.22/3.25/3.41 | fps 59.7 | hold 1 miss 0 late 0 | gap ms 16.73 | under 0 fill 464 | copy 2413 cy/line 34.61 Mcy/s | synth 2575 cy/pump 36.93 Mcy/s 1538 cy/sample | tri 0 px 0 part 68 ch 0 | AHASH s=144000 3f1c7235
PROF T t=6 ph=1 overture frames=60 | clear=44108 sky=518536 floor=0 scene=8586 flat=0 gouraud=0 chrome=0 texture=0 furnace=0 embers=79697 bloom=0 veil=837 titles=297931 fade=236 | setup=8586 total=949934
T t=7.0 bar=3 ph=1 overture | render ms 3.22/3.25/3.38 | fps 59.7 | hold 1 miss 0 late 0 | gap ms 16.73 | under 0 fill 464 | copy 2413 cy/line 34.61 Mcy/s | synth 2577 cy/pump 36.96 Mcy/s 1540 cy/sample | tri 0 px 0 part 68 ch 0 | AHASH s=168000 9f2cdd11
PROF T t=7 ph=1 overture frames=60 | clear=44092 sky=517941 floor=0 scene=8661 flat=0 gouraud=0 chrome=0 texture=0 furnace=0 embers=79343 bloom=0 veil=852 titles=298294 fade=222 | setup=8661 total=949408
T t=8.0 bar=4 ph=1 overture | render ms 3.23/3.25/3.38 | fps 59.7 | hold 1 miss 0 late 0 | gap ms 16.73 | under 0 fill 464 | copy 2408 cy/line 34.53 Mcy/s | synth 2741 cy/pump 39.31 Mcy/s 1638 cy/sample | tri 0 px 0 part 69 ch 0 | AHASH s=192000 cbe11e82
PROF T t=8 ph=1 overture frames=60 | clear=44112 sky=518137 floor=0 scene=8528 flat=0 gouraud=0 chrome=0 texture=0 furnace=0 embers=79903 bloom=0 veil=861 titles=298431 fade=227 | setup=8528 total=950202
T t=9.0 bar=4 ph=1 overture | render ms 3.23/3.26/3.40 | fps 59.7 | hold 1 miss 0 late 0 | gap ms 16.73 | under 0 fill 464 | copy 2399 cy/line 34.40 Mcy/s | synth 3015 cy/pump 43.23 Mcy/s 1801 cy/sample | tri 0 px 0 part 69 ch 0 | AHASH s=216000 e3ba8e4b
PROF T t=9 ph=1 overture frames=60 | clear=44087 sky=517867 floor=0 scene=8185 flat=0 gouraud=0 chrome=0 texture=0 furnace=0 embers=81823 bloom=0 veil=846 titles=298551 fade=231 | setup=8185 total=951592
T t=10.0 bar=5 ph=1 overture | render ms 3.23/3.37/3.54 | fps 59.7 | hold 1 miss 0 late 0 | gap ms 16.73 | under 0 fill 464 | copy 2400 cy/line 34.41 Mcy/s | synth 3021 cy/pump 43.32 Mcy/s 1805 cy/sample | tri 4 px 173 part 70 ch 0 | AHASH s=240000 67cd6e7a
PROF T t=10 ph=1 overture frames=60 | clear=44115 sky=520358 floor=0 scene=38532 flat=0 gouraud=0 chrome=0 texture=21459 furnace=0 embers=80378 bloom=0 veil=845 titles=300156 fade=217 | setup=17072 total=984603
T t=11.0 bar=5 ph=1 overture | render ms 3.48/3.52/3.64 | fps 59.7 | hold 1 miss 0 late 0 | gap ms 16.73 | under 0 fill 464 | copy 2400 cy/line 34.42 Mcy/s | synth 3027 cy/pump 43.41 Mcy/s 1808 cy/sample | tri 4 px 173 part 70 ch 0 | AHASH s=264000 893f3166
PROF T t=11 ph=1 overture frames=60 | clear=44098 sky=523251 floor=0 scene=77977 flat=0 gouraud=0 chrome=0 texture=49514 furnace=0 embers=79859 bloom=0 veil=842 titles=302540 fade=224 | setup=28463 total=1028794
T t=12.0 bar=6 ph=1 overture | render ms 3.49/3.52/3.64 | fps 59.7 | hold 1 miss 0 late 0 | gap ms 16.73 | under 0 fill 464 | copy 2400 cy/line 34.43 Mcy/s | synth 3024 cy/pump 43.37 Mcy/s 1807 cy/sample | tri 4 px 173 part 71 ch 0 | AHASH s=288000 6e17375a
PROF T t=12 ph=1 overture frames=60 | clear=44115 sky=523952 floor=0 scene=78041 flat=0 gouraud=0 chrome=0 texture=49564 furnace=0 embers=80964 bloom=0 veil=853 titles=302581 fade=219 | setup=28476 total=1030727
T t=13.0 bar=6 ph=1 overture | render ms 3.49/3.52/3.65 | fps 59.7 | hold 1 miss 0 late 0 | gap ms 16.73 | under 0 fill 464 | copy 2400 cy/line 34.43 Mcy/s | synth 3028 cy/pump 43.42 Mcy/s 1809 cy/sample | tri 4 px 173 part 71 ch 0 | AHASH s=312000 c2bd4215
PROF T t=13 ph=1 overture frames=60 | clear=44143 sky=523701 floor=0 scene=77947 flat=0 gouraud=0 chrome=0 texture=49572 furnace=0 embers=79933 bloom=0 veil=841 titles=302356 fade=220 | setup=28374 total=1029146
T t=14.0 bar=7 ph=1 overture | render ms 3.48/3.52/3.66 | fps 59.7 | hold 1 miss 0 late 0 | gap ms 16.73 | under 0 fill 464 | copy 2401 cy/line 34.43 Mcy/s | synth 3025 cy/pump 43.39 Mcy/s 1807 cy/sample | tri 4 px 173 part 72 ch 0 | AHASH s=336000 1968032c
PROF T t=14 ph=1 overture frames=60 | clear=44119 sky=523591 floor=0 scene=78084 flat=0 gouraud=0 chrome=0 texture=49675 furnace=0 embers=81073 bloom=0 veil=843 titles=302379 fade=222 | setup=28408 total=1030313
T t=15.0 bar=7 ph=1 overture | render ms 3.50/4.16/7.29 | fps 59.7 | hold 1 miss 0 late 0 | gap ms 16.73 | under 0 fill 464 | copy 2406 cy/line 34.51 Mcy/s | synth 3028 cy/pump 43.43 Mcy/s 1809 cy/sample | tri 4 px 173 part 72 ch 0 | AHASH s=360000 e3a69d4c
PROF T t=15 ph=1 overture frames=60 | clear=44103 sky=523649 floor=0 scene=77971 flat=0 gouraud=0 chrome=0 texture=49589 furnace=0 embers=82302 bloom=0 veil=191036 titles=302413 fade=225 | setup=28381 total=1221702
PHRASE t=15.3 bar=8 ph=2 the plain | render ms 3.22/4.06/12.41 | fps 59.7 | hold 2 miss 0 late 1 | gap ms 16.76 | under 0 fill 464 | copy 2411 cy/line 34.58 Mcy/s | synth 2726 cy/pump 39.10 Mcy/s 1629 cy/sample | tri 72 px 3864 part 75 ch 1 | AHASH s=360000 e3a69d4c
PROF PHRASE t=15 ph=2 the plain frames=919 | clear=44107 sky=520269 floor=1369 scene=35120 flat=0 gouraud=0 chrome=26 texture=19072 furnace=0 embers=79731 bloom=0 veil=37151 titles=299447 fade=176406 | setup=16021 total=1193604
T t=16.0 bar=8 ph=2 the plain | render ms 7.33/9.97/12.42 | fps 59.7 | hold 1 miss 0 late 0 | gap ms 16.73 | under 0 fill 464 | copy 2451 cy/line 35.15 Mcy/s | synth 3047 cy/pump 43.69 Mcy/s 1820 cy/sample | tri 72 px 3873 part 75 ch 1 | AHASH s=384000 d7159f11
PROF T t=16 ph=2 the plain frames=60 | clear=44134 sky=522454 floor=874023 scene=448893 flat=0 gouraud=0 chrome=17108 texture=342728 furnace=0 embers=85398 bloom=0 veil=898956 titles=91445 fade=219 | setup=89057 total=2965526
T t=17.0 bar=8 ph=2 the plain | render ms 8.41/8.51/8.61 | fps 59.7 | hold 1 miss 0 late 0 | gap ms 16.73 | under 0 fill 464 | copy 2431 cy/line 34.87 Mcy/s | synth 3040 cy/pump 43.59 Mcy/s 1816 cy/sample | tri 72 px 3883 part 75 ch 1 | AHASH s=408000 61dc6c0f
PROF T t=17 ph=2 the plain frames=60 | clear=44004 sky=523290 floor=1249203 scene=607072 flat=0 gouraud=0 chrome=24471 texture=468503 furnace=0 embers=87182 bloom=0 veil=859 titles=12620 fade=221 | setup=114097 total=2524454
T t=18.0 bar=9 ph=2 the plain | render ms 8.51/8.56/8.70 | fps 59.7 | hold 1 miss 0 late 0 | gap ms 16.73 | under 0 fill 464 | copy 2431 cy/line 34.87 Mcy/s | synth 3041 cy/pump 43.61 Mcy/s 1817 cy/sample | tri 72 px 3911 part 75 ch 1 | AHASH s=432000 2e15854e
PROF T t=18 ph=2 the plain frames=60 | clear=44039 sky=525611 floor=1249569 scene=607144 flat=0 gouraud=0 chrome=24498 texture=468163 furnace=0 embers=86953 bloom=0 veil=859 titles=26349 fade=222 | setup=114481 total=2540750
T t=19.0 bar=9 ph=2 the plain | render ms 8.53/8.57/8.72 | fps 59.7 | hold 1 miss 0 late 0 | gap ms 16.73 | under 0 fill 464 | copy 2431 cy/line 34.86 Mcy/s | synth 3039 cy/pump 43.58 Mcy/s 1815 cy/sample | tri 72 px 3917 part 75 ch 1 | AHASH s=456000 0fee5aae
PROF T t=19 ph=2 the plain frames=60 | clear=43997 sky=525298 floor=1249527 scene=611771 flat=0 gouraud=0 chrome=24381 texture=473016 furnace=0 embers=86561 bloom=0 veil=854 titles=26370 fade=226 | setup=114373 total=2544608
T t=20.0 bar=10 ph=2 the plain | render ms 8.52/8.57/8.71 | fps 59.7 | hold 1 miss 0 late 0 | gap ms 16.73 | under 0 fill 464 | copy 2431 cy/line 34.87 Mcy/s | synth 3041 cy/pump 43.62 Mcy/s 1817 cy/sample | tri 72 px 3953 part 75 ch 1 | AHASH s=480000 024f13e5
PROF T t=20 ph=2 the plain frames=60 | clear=44027 sky=525182 floor=1249827 scene=612751 flat=0 gouraud=0 chrome=24284 texture=473089 furnace=0 embers=84912 bloom=0 veil=847 titles=26374 fade=221 | setup=115377 total=2544144
T t=21.0 bar=10 ph=2 the plain | render ms 8.52/8.57/8.70 | fps 59.7 | hold 1 miss 0 late 0 | gap ms 16.73 | under 0 fill 464 | copy 2430 cy/line 34.86 Mcy/s | synth 3041 cy/pump 43.61 Mcy/s 1817 cy/sample | tri 72 px 3967 part 75 ch 1 | AHASH s=504000 6bc4f7f9
PROF T t=21 ph=2 the plain frames=60 | clear=44036 sky=524856 floor=1249539 scene=614382 flat=0 gouraud=0 chrome=24356 texture=474927 furnace=0 embers=84659 bloom=0 veil=862 titles=26312 fade=222 | setup=115097 total=2544871
T t=22.0 bar=11 ph=2 the plain | render ms 8.53/8.59/8.70 | fps 59.7 | hold 1 miss 0 late 0 | gap ms 16.73 | under 0 fill 464 | copy 2432 cy/line 34.87 Mcy/s | synth 3039 cy/pump 43.58 Mcy/s 1816 cy/sample | tri 72 px 4091 part 76 ch 1 | AHASH s=528000 6c7867f1
PROF T t=22 ph=2 the plain frames=60 | clear=43983 sky=525638 floor=1250168 scene=618009 flat=0 gouraud=0 chrome=24439 texture=478824 furnace=0 embers=85683 bloom=0 veil=863 titles=26370 fade=212 | setup=114744 total=2550929
T t=23.0 bar=12 ph=2 the plain | render ms 8.56/8.62/8.75 | fps 59.7 | hold 1 miss 0 late 0 | gap ms 16.73 | under 0 fill 464 | copy 2432 cy/line 34.88 Mcy/s | synth 3041 cy/pump 43.61 Mcy/s 1817 cy/sample | tri 72 px 4201 part 77 ch 1 | AHASH s=552000 4c4ba436
PROF T t=23 ph=2 the plain frames=60 | clear=44033 sky=525319 floor=1250293 scene=624145 flat=0 gouraud=0 chrome=24367 texture=484858 furnace=0 embers=87112 bloom=0 veil=869 titles=26447 fade=226 | setup=114919 total=2558446
T t=24.0 bar=12 ph=2 the plain | render ms 8.59/8.63/8.77 | fps 59.7 | hold 1 miss 0 late 0 | gap ms 16.73 | under 0 fill 464 | copy 2432 cy/line 34.87 Mcy/s | synth 3037 cy/pump 43.55 Mcy/s 1814 cy/sample | tri 72 px 4246 part 77 ch 1 | AHASH s=576000 dd9eff28
PROF T t=24 ph=2 the plain frames=60 | clear=44008 sky=524948 floor=1249867 scene=627651 flat=0 gouraud=0 chrome=24287 texture=489109 furnace=0 embers=88869 bloom=0 veil=853 titles=26368 fade=220 | setup=114254 total=2562788
T t=25.0 bar=13 ph=2 the plain | render ms 8.51/8.63/8.78 | fps 59.7 | hold 1 miss 0 late 0 | gap ms 16.73 | under 0 fill 464 | copy 2432 cy/line 34.87 Mcy/s | synth 3038 cy/pump 43.57 Mcy/s 1815 cy/sample | tri 72 px 4255 part 77 ch 1 | AHASH s=600000 77d6e64d
PROF T t=25 ph=2 the plain frames=60 | clear=44023 sky=525015 floor=1249711 scene=628727 flat=0 gouraud=0 chrome=24433 texture=489205 furnace=0 embers=88984 bloom=0 veil=863 titles=23062 fade=227 | setup=115088 total=2560614
T t=26.0 bar=13 ph=2 the plain | render ms 8.49/8.54/8.65 | fps 59.7 | hold 1 miss 0 late 0 | gap ms 16.73 | under 0 fill 464 | copy 2432 cy/line 34.87 Mcy/s | synth 3041 cy/pump 43.62 Mcy/s 1817 cy/sample | tri 72 px 4383 part 77 ch 1 | AHASH s=624000 5b6cb012
PROF T t=26 ph=2 the plain frames=60 | clear=44033 sky=521940 floor=1248419 scene=629869 flat=0 gouraud=0 chrome=24477 texture=490229 furnace=0 embers=89402 bloom=0 veil=839 titles=1382 fade=229 | setup=115162 total=2536118
T t=27.0 bar=14 ph=2 the plain | render ms 8.52/8.57/8.70 | fps 59.7 | hold 1 miss 0 late 0 | gap ms 16.73 | under 0 fill 464 | copy 2432 cy/line 34.88 Mcy/s | synth 3038 cy/pump 43.57 Mcy/s 1815 cy/sample | tri 72 px 4457 part 78 ch 1 | AHASH s=648000 6b7bf1ef
PROF T t=27 ph=2 the plain frames=60 | clear=44024 sky=521894 floor=1248455 scene=639979 flat=0 gouraud=0 chrome=24445 texture=500367 furnace=0 embers=88003 bloom=0 veil=861 titles=1389 fade=219 | setup=115166 total=2544828
T t=28.1 bar=14 ph=2 the plain | render ms 8.53/8.58/8.72 | fps 59.7 | hold 1 miss 0 late 0 | gap ms 16.73 | under 0 fill 464 | copy 2432 cy/line 34.88 Mcy/s | synth 3040 cy/pump 43.60 Mcy/s 1816 cy/sample | tri 72 px 4459 part 78 ch 1 | AHASH s=672000 ffe2d472
PROF T t=28 ph=2 the plain frames=60 | clear=44006 sky=521606 floor=1248557 scene=643401 flat=0 gouraud=0 chrome=24522 texture=504009 furnace=0 embers=86230 bloom=0 veil=856 titles=1396 fade=216 | setup=114869 total=2546271
T t=29.1 bar=15 ph=2 the plain | render ms 8.54/8.59/8.71 | fps 59.7 | hold 1 miss 0 late 0 | gap ms 16.73 | under 0 fill 464 | copy 2432 cy/line 34.88 Mcy/s | synth 3040 cy/pump 43.59 Mcy/s 1816 cy/sample | tri 72 px 4500 part 79 ch 1 | AHASH s=696000 f6db67eb
PROF T t=29 ph=2 the plain frames=60 | clear=44095 sky=521675 floor=1248810 scene=644627 flat=0 gouraud=0 chrome=24455 texture=505622 furnace=0 embers=87045 bloom=0 veil=852 titles=1354 fade=220 | setup=114549 total=2548680
T t=30.1 bar=15 ph=2 the plain | render ms 8.56/8.62/8.73 | fps 59.7 | hold 1 miss 0 late 0 | gap ms 16.73 | under 0 fill 464 | copy 2433 cy/line 34.89 Mcy/s | synth 3037 cy/pump 43.56 Mcy/s 1815 cy/sample | tri 72 px 4640 part 79 ch 1 | AHASH s=720000 f5803255
PROF T t=30 ph=2 the plain frames=60 | clear=44025 sky=521539 floor=1249032 scene=653627 flat=0 gouraud=0 chrome=24541 texture=514705 furnace=0 embers=89115 bloom=0 veil=861 titles=1373 fade=221 | setup=114380 total=2559797
PHRASE t=30.7 bar=16 ph=3 the plain | render ms 8.41/8.70/12.42 | fps 59.7 | hold 1 miss 0 late 0 | gap ms 16.73 | under 0 fill 464 | copy 2433 cy/line 34.89 Mcy/s | synth 3040 cy/pump 43.60 Mcy/s 1816 cy/sample | tri 72 px 4824 part 82 ch 1 | AHASH s=720000 f5803255
PROF PHRASE t=30 ph=3 the plain frames=918 | clear=44028 sky=523638 floor=1249301 scene=626501 flat=0 gouraud=0 chrome=24434 texture=487278 furnace=0 embers=87222 bloom=0 veil=35646 titles=14958 fade=221 | setup=114789 total=2581520
T t=31.1 bar=16 ph=3 the plain | render ms 8.58/8.65/8.76 | fps 59.7 | hold 1 miss 0 late 0 | gap ms 16.73 | under 0 fill 464 | copy 2433 cy/line 34.89 Mcy/s | synth 3043 cy/pump 43.63 Mcy/s 1818 cy/sample | tri 72 px 4844 part 82 ch 1 | AHASH s=744000 81431960
PROF T t=31 ph=3 the plain frames=60 | clear=44117 sky=521793 floor=1248791 scene=663020 flat=0 gouraud=0 chrome=24610 texture=522783 furnace=0 embers=88972 bloom=0 veil=861 titles=1371 fade=217 | setup=115626 total=2569146
T t=32.1 bar=16 ph=3 the plain | render ms 8.61/8.68/8.80 | fps 59.7 | hold 1 miss 0 late 0 | gap ms 16.73 | under 0 fill 464 | copy 2433 cy/line 34.89 Mcy/s | synth 3040 cy/pump 43.60 Mcy/s 1816 cy/sample | tri 72 px 4887 part 82 ch 1 | AHASH s=768000 2e36c2ff
PROF T t=32 ph=3 the plain frames=60 | clear=44035 sky=521771 floor=1248894 scene=669123 flat=0 gouraud=0 chrome=24298 texture=529910 furnace=0 embers=89343 bloom=0 veil=845 titles=1381 fade=226 | setup=114914 total=2575622
T t=33.1 bar=17 ph=3 the plain | render ms 8.64/8.69/8.83 | fps 59.7 | hold 1 miss 0 late 0 | gap ms 16.73 | under 0 fill 464 | copy 2433 cy/line 34.90 Mcy/s | synth 3038 cy/pump 43.57 Mcy/s 1815 cy/sample | tri 72 px 4962 part 82 ch 1 | AHASH s=792000 db9f6da3
PROF T t=33 ph=3 the plain frames=60 | clear=44036 sky=521293 floor=1248724 scene=673442 flat=0 gouraud=0 chrome=24287 texture=534119 furnace=0 embers=90006 bloom=0 veil=865 titles=1412 fade=220 | setup=115035 total=2580001
T t=34.1 bar=17 ph=3 the plain | render ms 8.65/8.72/8.81 | fps 59.7 | hold 1 miss 0 late 0 | gap ms 16.73 | under 0 fill 464 | copy 2434 cy/line 34.91 Mcy/s | synth 3041 cy/pump 43.61 Mcy/s 1817 cy/sample | tri 72 px 5135 part 82 ch 1 | AHASH s=816000 fe2692d6
PROF T t=34 ph=3 the plain frames=60 | clear=44014 sky=521800 floor=1248529 scene=679215 flat=0 gouraud=0 chrome=24337 texture=540188 furnace=0 embers=91660 bloom=0 veil=871 titles=1377 fade=227 | setup=114688 total=2587696
T t=35.1 bar=18 ph=3 the plain | render ms 8.72/8.76/8.88 | fps 59.7 | hold 1 miss 0 late 0 | gap ms 16.73 | under 0 fill 464 | copy 2434 cy/line 34.91 Mcy/s | synth 3039 cy/pump 43.59 Mcy/s 1816 cy/sample | tri 72 px 5312 part 83 ch 1 | AHASH s=840000 c7922fc0
PROF T t=35 ph=3 the plain frames=60 | clear=44013 sky=521787 floor=1248117 scene=692793 flat=0 gouraud=0 chrome=24418 texture=553611 furnace=0 embers=91162 bloom=0 veil=874 titles=1392 fade=220 | setup=114763 total=2600362
T t=36.1 bar=18 ph=3 the plain | render ms 8.73/8.78/8.89 | fps 59.7 | hold 1 miss 0 late 0 | gap ms 16.73 | under 0 fill 464 | copy 2435 cy/line 34.92 Mcy/s | synth 3043 cy/pump 43.64 Mcy/s 1818 cy/sample | tri 72 px 5375 part 83 ch 1 | AHASH s=864000 197a6d81
PROF T t=36 ph=3 the plain frames=60 | clear=44019 sky=521868 floor=1248082 scene=698152 flat=0 gouraud=0 chrome=24486 texture=558696 furnace=0 embers=93811 bloom=0 veil=871 titles=1368 fade=222 | setup=114970 total=2608397
T t=37.1 bar=19 ph=3 the plain | render ms 8.75/8.81/8.94 | fps 59.7 | hold 1 miss 0 late 0 | gap ms 16.73 | under 0 fill 464 | copy 2435 cy/line 34.92 Mcy/s | synth 3043 cy/pump 43.64 Mcy/s 1818 cy/sample | tri 72 px 5582 part 84 ch 1 | AHASH s=888000 7489a231
PROF T t=37 ph=3 the plain frames=60 | clear=44018 sky=522135 floor=1248603 scene=702869 flat=0 gouraud=0 chrome=24475 texture=563949 furnace=0 embers=96841 bloom=0 veil=870 titles=1407 fade=221 | setup=114445 total=2616969
T t=38.1 bar=19 ph=3 the plain | render ms 8.79/8.85/8.98 | fps 59.7 | hold 1 miss 0 late 0 | gap ms 16.73 | under 0 fill 464 | copy 2435 cy/line 34.93 Mcy/s | synth 3040 cy/pump 43.60 Mcy/s 1816 cy/sample | tri 72 px 5770 part 84 ch 1 | AHASH s=912000 f1caa5b0
PROF T t=38 ph=3 the plain frames=60 | clear=44030 sky=521845 floor=1248837 scene=713032 flat=0 gouraud=0 chrome=24591 texture=573804 furnace=0 embers=97059 bloom=0 veil=875 titles=1401 fade=224 | setup=114636 total=2627307
T t=39.1 bar=20 ph=3 the plain | render ms 8.83/8.89/9.02 | fps 59.7 | hold 1 miss 0 late 0 | gap ms 16.73 | under 0 fill 464 | copy 2436 cy/line 34.94 Mcy/s | synth 3044 cy/pump 43.65 Mcy/s 1819 cy/sample | tri 72 px 6014 part 86 ch 1 | AHASH s=936000 6502a091
PROF T t=39 ph=3 the plain frames=60 | clear=44023 sky=521776 floor=1248490 scene=725708 flat=0 gouraud=0 chrome=24696 texture=586282 furnace=0 embers=97409 bloom=0 veil=847 titles=1385 fade=225 | setup=114729 total=2639867
T t=40.1 bar=20 ph=3 the plain | render ms 8.88/8.93/9.07 | fps 59.7 | hold 1 miss 0 late 0 | gap ms 16.73 | under 0 fill 464 | copy 2437 cy/line 34.95 Mcy/s | synth 3040 cy/pump 43.60 Mcy/s 1816 cy/sample | tri 72 px 6089 part 86 ch 1 | AHASH s=960000 343dd2f7
PROF T t=40 ph=3 the plain frames=60 | clear=44029 sky=522273 floor=1249034 scene=737896 flat=0 gouraud=0 chrome=24468 texture=598833 furnace=0 embers=97343 bloom=0 veil=853 titles=1366 fade=216 | setup=114593 total=2653013
T t=41.1 bar=21 ph=3 the plain | render ms 8.90/8.96/9.09 | fps 59.7 | hold 1 miss 0 late 0 | gap ms 16.73 | under 0 fill 464 | copy 2437 cy/line 34.95 Mcy/s | synth 3039 cy/pump 43.59 Mcy/s 1816 cy/sample | tri 72 px 6350 part 86 ch 1 | AHASH s=984000 1856fdf2
PROF T t=41 ph=3 the plain frames=60 | clear=44037 sky=521757 floor=1248462 scene=746385 flat=0 gouraud=0 chrome=24447 texture=607131 furnace=0 embers=97910 bloom=0 veil=861 titles=1368 fade=220 | setup=114806 total=2661002
T t=42.1 bar=21 ph=3 the plain | render ms 8.94/8.99/9.11 | fps 59.7 | hold 1 miss 0 late 0 | gap ms 16.73 | under 0 fill 464 | copy 2437 cy/line 34.95 Mcy/s | synth 3043 cy/pump 43.63 Mcy/s 1818 cy/sample | tri 72 px 6602 part 86 ch 1 | AHASH s=1008000 a0412651
PROF T t=42 ph=3 the plain frames=60 | clear=43997 sky=521874 floor=1248880 scene=757773 flat=0 gouraud=0 chrome=24467 texture=618550 furnace=0 embers=96139 bloom=0 veil=849 titles=1394 fade=230 | setup=114754 total=2671139
T t=43.1 bar=22 ph=3 the plain | render ms 8.99/9.04/9.16 | fps 59.7 | hold 1 miss 0 late 0 | gap ms 16.73 | under 0 fill 464 | copy 2438 cy/line 34.97 Mcy/s | synth 3040 cy/pump 43.60 Mcy/s 1817 cy/sample | tri 72 px 6660 part 87 ch 1 | AHASH s=1032000 aaebaad7
PROF T t=43 ph=3 the plain frames=60 | clear=44062 sky=521635 floor=1248587 scene=770326 flat=0 gouraud=0 chrome=24308 texture=630986 furnace=0 embers=96627 bloom=0 veil=869 titles=1396 fade=217 | setup=115032 total=2683723
T t=44.1 bar=23 ph=3 the plain | render ms 9.00/9.07/9.20 | fps 59.7 | hold 1 miss 0 late 0 | gap ms 16.73 | under 0 fill 464 | copy 2438 cy/line 34.96 Mcy/s | synth 3044 cy/pump 43.66 Mcy/s 1819 cy/sample | tri 72 px 6786 part 89 ch 1 | AHASH s=1056000 b6aeddef
PROF T t=44 ph=3 the plain frames=60 | clear=44040 sky=521684 floor=1249509 scene=777541 flat=0 gouraud=0 chrome=24355 texture=637758 furnace=0 embers=98296 bloom=0 veil=865 titles=1401 fade=220 | setup=115427 total=2693560
T t=45.1 bar=23 ph=3 the plain | render ms 9.02/9.09/9.21 | fps 59.7 | hold 1 miss 0 late 0 | gap ms 16.73 | under 0 fill 464 | copy 2438 cy/line 34.97 Mcy/s | synth 3043 cy/pump 43.63 Mcy/s 1818 cy/sample | tri 72 px 6958 part 89 ch 1 | AHASH s=1080000 3c3b7676
PROF T t=45 ph=3 the plain frames=60 | clear=44049 sky=521819 floor=1248875 scene=782703 flat=0 gouraud=0 chrome=24302 texture=644074 furnace=0 embers=99145 bloom=0 veil=841 titles=1376 fade=222 | setup=114325 total=2699033
PHRASE t=46.0 bar=24 ph=4 the hand | render ms 8.61/9.02/20.64 | fps 59.6 | hold 2 miss 0 late 1 | gap ms 33.47 | under 0 fill 464 | copy 2437 cy/line 34.95 Mcy/s | synth 3042 cy/pump 43.62 Mcy/s 1817 cy/sample | tri 384 px 47016 part 94 ch 2 | AHASH s=1104000 159985cb
PROF PHRASE t=46 ph=4 the hand frames=918 | clear=44034 sky=521819 floor=1247322 scene=729717 flat=0 gouraud=0 chrome=25195 texture=589774 furnace=0 embers=95328 bloom=0 veil=38523 titles=1386 fade=222 | setup=114746 total=2678355
T t=46.1 bar=24 ph=4 the hand | render ms 9.07/11.66/20.69 | fps 56.7 | hold 2 miss 0 late 3 | gap ms 33.47 | under 0 fill 464 | copy 2458 cy/line 35.25 Mcy/s | synth 3045 cy/pump 43.67 Mcy/s 1819 cy/sample | tri 366 px 45786 part 94 ch 2 | AHASH s=1104000 159985cb
PROF T t=46 ph=4 the hand frames=57 | clear=44132 sky=522099 floor=1183056 scene=964329 flat=0 gouraud=0 chrome=61720 texture=789783 furnace=0 embers=99647 bloom=0 veil=656725 titles=1369 fade=221 | setup=112825 total=3471581
T t=47.1 bar=24 ph=4 the hand | render ms 15.70/16.66/20.17 | fps 47.8 | hold 2 miss 0 late 12 | gap ms 33.47 | under 0 fill 464 | copy 2491 cy/line 35.72 Mcy/s | synth 3048 cy/pump 43.71 Mcy/s 1821 cy/sample | tri 342 px 43766 part 94 ch 2 | AHASH s=1128000 a507af95
PROF T t=47 ph=4 the hand frames=48 | clear=44131 sky=515715 floor=0 scene=4026187 flat=0 gouraud=0 chrome=732636 texture=2973849 furnace=0 embers=104995 bloom=0 veil=277119 titles=1261 fade=225 | setup=319701 total=4969637
T t=48.1 bar=25 ph=4 the hand | render ms 15.72/15.84/15.89 | fps 59.7 | hold 1 miss 0 late 0 | gap ms 16.73 | under 0 fill 464 | copy 2505 cy/line 35.92 Mcy/s | synth 3074 cy/pump 44.09 Mcy/s 1837 cy/sample | tri 342 px 43851 part 94 ch 2 | AHASH s=1152000 fea4f11a
PROF T t=48 ph=4 the hand frames=60 | clear=44099 sky=518985 floor=0 scene=4036031 flat=0 gouraud=0 chrome=736939 texture=2974334 furnace=0 embers=104383 bloom=0 veil=819 titles=19751 fade=226 | setup=324758 total=4724298
T t=49.1 bar=25 ph=4 the hand | render ms 15.83/15.87/15.96 | fps 59.7 | hold 1 miss 0 late 0 | gap ms 16.73 | under 0 fill 464 | copy 2506 cy/line 35.94 Mcy/s | synth 3072 cy/pump 44.06 Mcy/s 1836 cy/sample | tri 342 px 43975 part 94 ch 2 | AHASH s=1176000 ac690a5a
PROF T t=49 ph=4 the hand frames=60 | clear=44078 sky=519959 floor=0 scene=4041515 flat=0 gouraud=0 chrome=739219 texture=2978035 furnace=0 embers=105010 bloom=0 veil=820 titles=22499 fade=231 | setup=324260 total=4734113
T t=50.1 bar=26 ph=4 the hand | render ms 15.89/15.93/16.00 | fps 58.7 | hold 2 miss 0 late 1 | gap ms 33.47 | under 0 fill 464 | copy 2505 cy/line 35.92 Mcy/s | synth 3071 cy/pump 44.03 Mcy/s 1834 cy/sample | tri 342 px 44183 part 94 ch 2 | AHASH s=1200000 f873dd08
PROF T t=50 ph=4 the hand frames=59 | clear=44076 sky=519060 floor=0 scene=4059562 flat=0 gouraud=0 chrome=741364 texture=2993161 furnace=0 embers=104759 bloom=0 veil=828 titles=22536 fade=234 | setup=325036 total=4751058
T t=51.1 bar=26 ph=4 the hand | render ms 15.90/15.94/16.04 | fps 58.7 | hold 2 miss 0 late 1 | gap ms 33.47 | under 0 fill 464 | copy 2505 cy/line 35.92 Mcy/s | synth 3070 cy/pump 44.02 Mcy/s 1834 cy/sample | tri 342 px 44108 part 94 ch 2 | AHASH s=1224000 c3b4bb76
PROF T t=51 ph=4 the hand frames=59 | clear=44095 sky=518925 floor=0 scene=4062408 flat=0 gouraud=0 chrome=737775 texture=3000411 furnace=0 embers=105075 bloom=0 veil=846 titles=22556 fade=228 | setup=324221 total=4754135
T t=52.2 bar=27 ph=4 the hand | render ms 15.93/15.99/16.10 | fps 58.7 | hold 2 miss 0 late 1 | gap ms 33.47 | under 0 fill 464 | copy 2506 cy/line 35.94 Mcy/s | synth 3074 cy/pump 44.09 Mcy/s 1837 cy/sample | tri 342 px 44623 part 94 ch 2 | AHASH s=1248000 05745f6b
PROF T t=52 ph=4 the hand frames=59 | clear=44099 sky=518419 floor=0 scene=4078485 flat=0 gouraud=0 chrome=739349 texture=3014290 furnace=0 embers=105880 bloom=0 veil=834 titles=22524 fade=235 | setup=324845 total=4770479
T t=53.2 bar=27 ph=4 the hand | render ms 16.00/16.05/16.14 | fps 58.7 | hold 2 miss 0 late 1 | gap ms 33.47 | under 0 fill 464 | copy 2505 cy/line 35.92 Mcy/s | synth 3076 cy/pump 44.11 Mcy/s 1838 cy/sample | tri 342 px 44902 part 94 ch 2 | AHASH s=1272000 a13b2140
PROF T t=53 ph=4 the hand frames=59 | clear=44107 sky=518631 floor=0 scene=4096037 flat=0 gouraud=0 chrome=741916 texture=3031134 furnace=0 embers=105119 bloom=0 veil=828 titles=22532 fade=233 | setup=322986 total=4787489
T t=54.2 bar=28 ph=4 the hand | render ms 16.04/16.12/16.22 | fps 58.7 | hold 2 miss 0 late 1 | gap ms 33.47 | under 0 fill 464 | copy 2508 cy/line 35.96 Mcy/s | synth 3073 cy/pump 44.07 Mcy/s 1836 cy/sample | tri 342 px 45310 part 95 ch 2 | AHASH s=1296000 78105b3c
PROF T t=54 ph=4 the hand frames=59 | clear=44079 sky=518284 floor=0 scene=4116716 flat=0 gouraud=0 chrome=744421 texture=3049661 furnace=0 embers=106264 bloom=0 veil=810 titles=22506 fade=224 | setup=322633 total=4808887
T t=55.2 bar=28 ph=4 the hand | render ms 16.15/16.22/16.29 | fps 58.7 | hold 2 miss 0 late 1 | gap ms 33.47 | under 0 fill 464 | copy 2507 cy/line 35.96 Mcy/s | synth 3072 cy/pump 44.05 Mcy/s 1835 cy/sample | tri 342 px 45650 part 95 ch 2 | AHASH s=1320000 afedece0
PROF T t=55 ph=4 the hand frames=59 | clear=44089 sky=518694 floor=0 scene=4147741 flat=0 gouraud=0 chrome=752125 texture=3071133 furnace=0 embers=105705 bloom=0 veil=790 titles=22556 fade=231 | setup=324482 total=4839808
T t=56.2 bar=29 ph=4 the hand | render ms 16.20/16.27/16.38 | fps 58.7 | hold 2 miss 0 late 1 | gap ms 33.47 | under 0 fill 464 | copy 2508 cy/line 35.97 Mcy/s | synth 3070 cy/pump 44.02 Mcy/s 1834 cy/sample | tri 342 px 46101 part 95 ch 2 | AHASH s=1344000 5b477c1e
PROF T t=56 ph=4 the hand frames=59 | clear=44087 sky=517311 floor=0 scene=4175363 flat=0 gouraud=0 chrome=756987 texture=3093814 furnace=0 embers=105572 bloom=0 veil=828 titles=10739 fade=227 | setup=324561 total=4854129
T t=57.2 bar=29 ph=4 the hand | render ms 16.25/16.31/16.40 | fps 58.7 | hold 2 miss 0 late 1 | gap ms 33.47 | under 0 fill 464 | copy 2509 cy/line 35.99 Mcy/s | synth 3068 cy/pump 43.99 Mcy/s 1833 cy/sample | tri 342 px 46536 part 95 ch 2 | AHASH s=1368000 812c4246
PROF T t=57 ph=4 the hand frames=59 | clear=44080 sky=516316 floor=0 scene=4197307 flat=0 gouraud=0 chrome=762343 texture=3110793 furnace=0 embers=106443 bloom=0 veil=828 titles=1395 fade=234 | setup=324170 total=4866605
T t=58.2 bar=30 ph=4 the hand | render ms 16.33/16.42/16.49 | fps 58.7 | hold 2 miss 0 late 1 | gap ms 33.47 | under 0 fill 464 | copy 2511 cy/line 36.01 Mcy/s | synth 3072 cy/pump 44.06 Mcy/s 1836 cy/sample | tri 342 px 46804 part 96 ch 2 | AHASH s=1392000 bd966cf3
PROF T t=58 ph=4 the hand frames=59 | clear=44115 sky=516537 floor=0 scene=4227610 flat=0 gouraud=0 chrome=765749 texture=3136737 furnace=0 embers=108521 bloom=0 veil=814 titles=1392 fade=223 | setup=325122 total=4899214
T t=59.2 bar=30 ph=4 the hand | render ms 16.37/16.44/16.53 | fps 58.7 | hold 2 miss 0 late 1 | gap ms 33.47 | under 0 fill 464 | copy 2511 cy/line 36.01 Mcy/s | synth 3073 cy/pump 44.07 Mcy/s 1836 cy/sample | tri 342 px 47155 part 96 ch 2 | AHASH s=1416000 6495f6fb
PROF T t=59 ph=4 the hand frames=59 | clear=44105 sky=515902 floor=0 scene=4233198 flat=0 gouraud=0 chrome=760172 texture=3147060 furnace=0 embers=108768 bloom=0 veil=815 titles=1363 fade=230 | setup=325965 total=4904384
T t=60.2 bar=31 ph=4 the hand | render ms 16.46/16.52/16.62 | fps 58.7 | hold 2 miss 0 late 1 | gap ms 33.47 | under 0 fill 464 | copy 2513 cy/line 36.03 Mcy/s | synth 3074 cy/pump 44.08 Mcy/s 1836 cy/sample | tri 342 px 47389 part 98 ch 2 | AHASH s=1440000 3f5f9a21
PROF T t=60 ph=4 the hand frames=59 | clear=44100 sky=514220 floor=0 scene=4260957 flat=0 gouraud=0 chrome=757474 texture=3177126 furnace=0 embers=107997 bloom=0 veil=834 titles=1350 fade=231 | setup=326356 total=4929693
T t=61.2 bar=31 ph=4 the hand | render ms 16.53/16.58/16.66 | fps 58.7 | hold 2 miss 0 late 1 | gap ms 33.47 | under 0 fill 464 | copy 2512 cy/line 36.03 Mcy/s | synth 3072 cy/pump 44.06 Mcy/s 1836 cy/sample | tri 342 px 47497 part 98 ch 2 | AHASH s=1464000 444d7d03
PROF T t=61 ph=4 the hand frames=59 | clear=44099 sky=515053 floor=0 scene=4276287 flat=0 gouraud=0 chrome=763011 texture=3186858 furnace=0 embers=108559 bloom=0 veil=840 titles=1357 fade=231 | setup=326418 total=4946428
PHRASE t=61.4 bar=32 ph=5 the hand | render ms 15.70/16.22/20.69 | fps 57.9 | hold 2 miss 0 late 27 | gap ms 33.47 | under 0 fill 464 | copy 2507 cy/line 35.95 Mcy/s | synth 3070 cy/pump 44.03 Mcy/s 1834 cy/sample | tri 342 px 47639 part 104 ch 2 | AHASH s=1464000 444d7d03
PROF PHRASE t=61 ph=5 the hand frames=890 | clear=44104 sky=517520 floor=0 scene=4138507 flat=0 gouraud=0 chrome=749041 texture=3065508 furnace=0 embers=106260 bloom=0 veil=18884 titles=13067 fade=230 | setup=323957 total=4838574
T t=62.2 bar=32 ph=5 the hand | render ms 16.55/16.65/16.75 | fps 51.7 | hold 2 miss 0 late 8 | gap ms 33.47 | under 0 fill 464 | copy 2501 cy/line 35.87 Mcy/s | synth 3060 cy/pump 43.88 Mcy/s 1828 cy/sample | tri 342 px 47745 part 104 ch 2 | AHASH s=1488000 941943d6
PROF T t=62 ph=5 the hand frames=52 | clear=44195 sky=515559 floor=0 scene=4292425 flat=0 gouraud=0 chrome=760753 texture=3203585 furnace=0 embers=114108 bloom=0 veil=838 titles=1349 fade=228 | setup=328087 total=4968705
T t=63.2 bar=32 ph=5 the hand | render ms 16.67/16.75/16.83 | fps 32.8 | hold 2 miss 0 late 27 | gap ms 33.47 | under 0 fill 464 | copy 2467 cy/line 35.37 Mcy/s | synth 3024 cy/pump 43.37 Mcy/s 1807 cy/sample | tri 342 px 48244 part 104 ch 2 | AHASH s=1512000 8a2532e6
PROF T t=63 ph=5 the hand frames=33 | clear=44177 sky=517197 floor=0 scene=4319351 flat=0 gouraud=0 chrome=768471 texture=3222165 furnace=0 embers=113961 bloom=0 veil=809 titles=1376 fade=231 | setup=328715 total=4997106
T t=64.2 bar=33 ph=5 the hand | render ms 16.76/16.82/16.87 | fps 29.8 | hold 2 miss 0 late 30 | gap ms 33.47 | under 0 fill 464 | copy 2459 cy/line 35.26 Mcy/s | synth 3014 cy/pump 43.23 Mcy/s 1801 cy/sample | tri 342 px 48435 part 104 ch 2 | AHASH s=1536000 106f9ee9
PROF T t=64 ph=5 the hand frames=30 | clear=44151 sky=518415 floor=0 scene=4339316 flat=0 gouraud=0 chrome=775263 texture=3238105 furnace=0 embers=113178 bloom=0 veil=836 titles=1382 fade=216 | setup=325947 total=5017498
T t=65.2 bar=33 ph=5 the hand | render ms 16.79/16.85/16.97 | fps 29.8 | hold 2 miss 0 late 30 | gap ms 33.47 | under 0 fill 464 | copy 2459 cy/line 35.27 Mcy/s | synth 3017 cy/pump 43.26 Mcy/s 1802 cy/sample | tri 340 px 48546 part 104 ch 2 | AHASH s=1560000 6056688e
PROF T t=65 ph=5 the hand frames=30 | clear=44181 sky=517909 floor=0 scene=4350567 flat=0 gouraud=0 chrome=764151 texture=3259019 furnace=0 embers=113308 bloom=0 veil=822 titles=1375 fade=230 | setup=327397 total=5028394
T t=66.2 bar=34 ph=5 the hand | render ms 16.86/16.91/16.99 | fps 29.8 | hold 2 miss 0 late 30 | gap ms 33.47 | under 0 fill 464 | copy 2460 cy/line 35.27 Mcy/s | synth 3016 cy/pump 43.25 Mcy/s 1802 cy/sample | tri 340 px 48815 part 104 ch 2 | AHASH s=1584000 ff52ffe2
PROF T t=66 ph=5 the hand frames=30 | clear=44164 sky=515721 floor=0 scene=4369161 flat=0 gouraud=0 chrome=765413 texture=3277334 furnace=0 embers=114444 bloom=0 veil=825 titles=1352 fade=231 | setup=326413 total=5045901
T t=67.2 bar=35 ph=5 the hand | render ms 16.94/16.97/17.02 | fps 29.8 | hold 2 miss 0 late 30 | gap ms 33.47 | under 0 fill 464 | copy 2460 cy/line 35.28 Mcy/s | synth 3016 cy/pump 43.25 Mcy/s 1802 cy/sample | tri 340 px 48966 part 104 ch 2 | AHASH s=1608000 83f990b5
PROF T t=67 ph=5 the hand frames=30 | clear=44190 sky=515890 floor=0 scene=4387481 flat=0 gouraud=0 chrome=767737 texture=3294447 furnace=0 embers=114313 bloom=0 veil=822 titles=1381 fade=222 | setup=325297 total=5064303
T t=68.2 bar=35 ph=5 the hand | render ms 16.92/17.04/17.12 | fps 29.8 | hold 2 miss 0 late 30 | gap ms 33.47 | under 0 fill 464 | copy 2460 cy/line 35.28 Mcy/s | synth 3018 cy/pump 43.28 Mcy/s 1803 cy/sample | tri 340 px 49625 part 104 ch 2 | AHASH s=1632000 1317fced
PROF T t=68 ph=5 the hand frames=30 | clear=44151 sky=516062 floor=0 scene=4407907 flat=0 gouraud=0 chrome=768106 texture=3314233 furnace=0 embers=114391 bloom=0 veil=809 titles=1375 fade=236 | setup=325567 total=5084935
T t=69.2 bar=36 ph=5 the hand | render ms 17.06/17.12/17.20 | fps 29.8 | hold 2 miss 0 late 30 | gap ms 33.47 | under 0 fill 464 | copy 2460 cy/line 35.28 Mcy/s | synth 3017 cy/pump 43.26 Mcy/s 1802 cy/sample | tri 340 px 50160 part 105 ch 2 | AHASH s=1656000 3cb02279
PROF T t=69 ph=5 the hand frames=30 | clear=44218 sky=516264 floor=0 scene=4430583 flat=0 gouraud=0 chrome=767166 texture=3338981 furnace=0 embers=114217 bloom=0 veil=826 titles=1402 fade=219 | setup=324435 total=5107732
T t=70.2 bar=36 ph=5 the hand | render ms 17.18/17.22/17.30 | fps 29.8 | hold 2 miss 0 late 30 | gap ms 33.47 | under 0 fill 464 | copy 2461 cy/line 35.29 Mcy/s | synth 3014 cy/pump 43.23 Mcy/s 1801 cy/sample | tri 340 px 50530 part 105 ch 2 | AHASH s=1680000 80101a1c
PROF T t=70 ph=5 the hand frames=30 | clear=44166 sky=515135 floor=0 scene=4461360 flat=0 gouraud=0 chrome=768299 texture=3368205 furnace=0 embers=116230 bloom=0 veil=797 titles=1368 fade=225 | setup=324854 total=5139284
T t=71.2 bar=37 ph=5 the hand | render ms 17.25/17.30/17.44 | fps 29.8 | hold 2 miss 0 late 30 | gap ms 33.47 | under 0 fill 464 | copy 2461 cy/line 35.29 Mcy/s | synth 3013 cy/pump 43.21 Mcy/s 1800 cy/sample | tri 340 px 50779 part 105 ch 2 | AHASH s=1704000 3b94f7bc
PROF T t=71 ph=5 the hand frames=30 | clear=44315 sky=517643 floor=0 scene=4482545 flat=0 gouraud=0 chrome=772287 texture=3385083 furnace=0 embers=115144 bloom=0 veil=830 titles=1364 fade=222 | setup=325175 total=5162066
T t=72.2 bar=37 ph=5 the hand | render ms 17.28/17.41/17.48 | fps 29.8 | hold 2 miss 0 late 30 | gap ms 33.47 | under 0 fill 464 | copy 2462 cy/line 35.30 Mcy/s | synth 3014 cy/pump 43.23 Mcy/s 1801 cy/sample | tri 340 px 51048 part 105 ch 2 | AHASH s=1728000 4db2e8f2
PROF T t=72 ph=5 the hand frames=30 | clear=44171 sky=518224 floor=0 scene=4515465 flat=0 gouraud=0 chrome=783901 texture=3407619 furnace=0 embers=115020 bloom=0 veil=805 titles=1382 fade=231 | setup=323943 total=5195300
T t=73.2 bar=38 ph=5 the hand | render ms 17.37/17.44/17.54 | fps 29.8 | hold 2 miss 0 late 30 | gap ms 33.47 | under 0 fill 464 | copy 2462 cy/line 35.31 Mcy/s | synth 3014 cy/pump 43.22 Mcy/s 1801 cy/sample | tri 340 px 51170 part 106 ch 2 | AHASH s=1752000 d6d05b06
PROF T t=73 ph=5 the hand frames=30 | clear=44200 sky=519319 floor=0 scene=4521369 flat=0 gouraud=0 chrome=780358 texture=3417824 furnace=0 embers=116311 bloom=0 veil=810 titles=1348 fade=229 | setup=323186 total=5203588
T t=74.2 bar=38 ph=5 the hand | render ms 17.35/17.43/17.52 | fps 29.8 | hold 2 miss 0 late 30 | gap ms 33.47 | under 0 fill 464 | copy 2462 cy/line 35.30 Mcy/s | synth 3016 cy/pump 43.25 Mcy/s 1802 cy/sample | tri 340 px 51184 part 106 ch 2 | AHASH s=1776000 22959014
PROF T t=74 ph=5 the hand frames=30 | clear=44201 sky=518489 floor=0 scene=4517108 flat=0 gouraud=0 chrome=774973 texture=3415655 furnace=0 embers=118661 bloom=0 veil=825 titles=1342 fade=228 | setup=326479 total=5200858
T t=75.2 bar=39 ph=5 the hand | render ms 17.38/17.44/17.49 | fps 29.8 | hold 2 miss 0 late 30 | gap ms 33.47 | under 0 fill 464 | copy 2461 cy/line 35.30 Mcy/s | synth 3011 cy/pump 43.18 Mcy/s 1799 cy/sample | tri 340 px 51230 part 107 ch 2 | AHASH s=1800000 1f021550
PROF T t=75 ph=5 the hand frames=30 | clear=44268 sky=518164 floor=0 scene=4518932 flat=0 gouraud=0 chrome=775298 texture=3416935 furnace=0 embers=119417 bloom=0 veil=835 titles=1358 fade=220 | setup=326698 total=5203198
T t=76.2 bar=39 ph=5 the hand | render ms 17.31/17.40/17.53 | fps 29.8 | hold 2 miss 0 late 30 | gap ms 33.47 | under 0 fill 464 | copy 2462 cy/line 35.31 Mcy/s | synth 3009 cy/pump 43.15 Mcy/s 1797 cy/sample | tri 340 px 51353 part 107 ch 2 | AHASH s=1824000 f424dace
PROF T t=76 ph=5 the hand frames=30 | clear=44126 sky=515933 floor=0 scene=4513699 flat=0 gouraud=0 chrome=770024 texture=3418877 furnace=0 embers=117705 bloom=0 veil=818 titles=1349 fade=219 | setup=324796 total=5193852
PHRASE t=76.8 bar=40 ph=6 the heart | render ms 15.10/17.23/21.28 | fps 31.1 | hold 2 miss 0 late 439 | gap ms 33.47 | under 0 fill 464 | copy 2463 cy/line 35.33 Mcy/s | synth 3017 cy/pump 43.27 Mcy/s 1803 cy/sample | tri 142 px 31211 part 108 ch 3 | AHASH s=1824000 f424dace
PROF PHRASE t=76 ph=6 the heart frames=479 | clear=44191 sky=517020 floor=0 scene=4424344 flat=153 gouraud=0 chrome=770174 texture=3328321 furnace=0 embers=115424 bloom=94 veil=37792 titles=1366 fade=226 | setup=325695 total=5140460
T t=77.3 bar=40 ph=6 the heart | render ms 11.22/16.89/21.28 | fps 44.8 | hold 2 miss 0 late 15 | gap ms 33.47 | under 0 fill 464 | copy 2491 cy/line 35.72 Mcy/s | synth 3037 cy/pump 43.55 Mcy/s 1814 cy/sample | tri 142 px 31190 part 108 ch 3 | AHASH s=1848000 1f7fa627
PROF T t=77 ph=6 the heart frames=45 | clear=44262 sky=522335 floor=0 scene=3247351 flat=48907 gouraud=0 chrome=570164 texture=2339629 furnace=0 embers=116033 bloom=30223 veil=1078098 titles=1253 fade=226 | setup=288649 total=5039785
T t=78.3 bar=40 ph=6 the heart | render ms 11.19/11.26/11.37 | fps 59.7 | hold 1 miss 0 late 0 | gap ms 16.73 | under 0 fill 464 | copy 2477 cy/line 35.52 Mcy/s | synth 3050 cy/pump 43.75 Mcy/s 1822 cy/sample | tri 144 px 31219 part 108 ch 3 | AHASH s=1872000 e386ffeb
PROF T t=78 ph=6 the heart frames=60 | clear=44130 sky=524318 floor=0 scene=2612883 flat=73322 gouraud=0 chrome=468144 texture=1800525 furnace=0 embers=115030 bloom=44018 veil=851 titles=8496 fade=225 | setup=270890 total=3349953
T t=79.3 bar=41 ph=6 the heart | render ms 11.31/11.35/11.47 | fps 59.7 | hold 1 miss 0 late 0 | gap ms 16.73 | under 0 fill 464 | copy 2476 cy/line 35.51 Mcy/s | synth 3053 cy/pump 43.78 Mcy/s 1824 cy/sample | tri 142 px 31227 part 108 ch 3 | AHASH s=1896000 7ee13529
PROF T t=79 ph=6 the heart frames=60 | clear=44157 sky=527598 floor=0 scene=2616959 flat=73330 gouraud=0 chrome=471455 texture=1800970 furnace=0 embers=115698 bloom=43378 veil=841 titles=28458 fade=223 | setup=271202 total=3377315
T t=80.3 bar=41 ph=6 the heart | render ms 11.33/11.37/11.49 | fps 59.7 | hold 1 miss 0 late 0 | gap ms 16.73 | under 0 fill 464 | copy 2476 cy/line 35.52 Mcy/s | synth 3054 cy/pump 43.80 Mcy/s 1825 cy/sample | tri 144 px 31281 part 108 ch 3 | AHASH s=1920000 1cc1e0a1
PROF T t=80 ph=6 the heart frames=60 | clear=44169 sky=527609 floor=0 scene=2621792 flat=73428 gouraud=0 chrome=475999 texture=1801123 furnace=0 embers=116729 bloom=43515 veil=841 titles=28440 fade=228 | setup=271240 total=3383326
T t=81.3 bar=42 ph=6 the heart | render ms 11.35/11.39/11.50 | fps 59.7 | hold 1 miss 0 late 0 | gap ms 16.73 | under 0 fill 464 | copy 2476 cy/line 35.51 Mcy/s | synth 3054 cy/pump 43.80 Mcy/s 1825 cy/sample | tri 146 px 31324 part 108 ch 3 | AHASH s=1944000 1ffa4469
PROF T t=81 ph=6 the heart frames=60 | clear=44153 sky=527425 floor=0 scene=2628907 flat=73354 gouraud=0 chrome=482148 texture=1801931 furnace=0 embers=117659 bloom=43653 veil=859 titles=28435 fade=225 | setup=271473 total=3391319
T t=82.3 bar=42 ph=6 the heart | render ms 11.39/11.43/11.56 | fps 59.7 | hold 1 miss 0 late 0 | gap ms 16.73 | under 0 fill 464 | copy 2476 cy/line 35.51 Mcy/s | synth 3054 cy/pump 43.80 Mcy/s 1825 cy/sample | tri 146 px 31421 part 108 ch 3 | AHASH s=1968000 a182c235
PROF T t=82 ph=6 the heart frames=60 | clear=44160 sky=527291 floor=0 scene=2637996 flat=72878 gouraud=0 chrome=490666 texture=1802522 furnace=0 embers=119384 bloom=43396 veil=863 titles=28446 fade=224 | setup=271927 total=3401764
T t=83.3 bar=43 ph=6 the heart | render ms 11.40/11.44/11.58 | fps 59.7 | hold 1 miss 0 late 0 | gap ms 16.73 | under 0 fill 464 | copy 2477 cy/line 35.52 Mcy/s | synth 3054 cy/pump 43.80 Mcy/s 1825 cy/sample | tri 146 px 31423 part 108 ch 3 | AHASH s=1992000 5027bfaf
PROF T t=83 ph=6 the heart frames=60 | clear=44154 sky=527850 floor=0 scene=2641834 flat=71768 gouraud=0 chrome=495898 texture=1802043 furnace=0 embers=119890 bloom=42758 veil=837 titles=28391 fade=225 | setup=272122 total=3405941
T t=84.3 bar=43 ph=6 the heart | render ms 11.38/11.44/11.58 | fps 59.7 | hold 1 miss 0 late 0 | gap ms 16.73 | under 0 fill 464 | copy 2477 cy/line 35.52 Mcy/s | synth 3059 cy/pump 43.87 Mcy/s 1828 cy/sample | tri 146 px 31646 part 108 ch 3 | AHASH s=2016000 7a85e49a
PROF T t=84 ph=6 the heart frames=60 | clear=44132 sky=527750 floor=0 scene=2647553 flat=71743 gouraud=0 chrome=497695 texture=1805542 furnace=0 embers=116946 bloom=39094 veil=855 titles=28487 fade=224 | setup=272572 total=3405045
T t=85.3 bar=44 ph=6 the heart | render ms 11.44/11.49/11.61 | fps 59.7 | hold 1 miss 0 late 0 | gap ms 16.73 | under 0 fill 464 | copy 2479 cy/line 35.55 Mcy/s | synth 3058 cy/pump 43.85 Mcy/s 1827 cy/sample | tri 146 px 31907 part 109 ch 3 | AHASH s=2040000 ff39b825
PROF T t=85 ph=6 the heart frames=60 | clear=44126 sky=527837 floor=0 scene=2660311 flat=73381 gouraud=0 chrome=498113 texture=1815822 furnace=0 embers=116948 bloom=41511 veil=847 titles=28454 fade=226 | setup=272993 total=3420263
T t=86.3 bar=44 ph=6 the heart | render ms 11.50/11.54/11.66 | fps 59.7 | hold 1 miss 0 late 0 | gap ms 16.73 | under 0 fill 464 | copy 2480 cy/line 35.56 Mcy/s | synth 3056 cy/pump 43.83 Mcy/s 1826 cy/sample | tri 146 px 31885 part 109 ch 3 | AHASH s=2064000 d6b81d94
PROF T t=86 ph=6 the heart frames=60 | clear=44145 sky=527689 floor=0 scene=2671874 flat=76095 gouraud=0 chrome=498960 texture=1823551 furnace=0 embers=118975 bloom=43614 veil=845 titles=28497 fade=226 | setup=273267 total=3435870
T t=87.3 bar=45 ph=6 the heart | render ms 11.37/11.43/11.67 | fps 59.7 | hold 1 miss 0 late 0 | gap ms 16.73 | under 0 fill 464 | copy 2479 cy/line 35.55 Mcy/s | synth 3057 cy/pump 43.84 Mcy/s 1826 cy/sample | tri 148 px 31813 part 109 ch 3 | AHASH s=2088000 12be213a
PROF T t=87 ph=6 the heart frames=60 | clear=44152 sky=523587 floor=0 scene=2665679 flat=78756 gouraud=0 chrome=491799 texture=1821916 furnace=0 embers=120151 bloom=44513 veil=850 titles=2708 fade=224 | setup=273207 total=3401868
T t=88.3 bar=46 ph=6 the heart | render ms 11.35/11.40/11.54 | fps 59.7 | hold 1 miss 0 late 0 | gap ms 16.73 | under 0 fill 464 | copy 2479 cy/line 35.55 Mcy/s | synth 3054 cy/pump 43.80 Mcy/s 1825 cy/sample | tri 142 px 31826 part 110 ch 3 | AHASH s=2112000 97f87b86
PROF T t=88 ph=6 the heart frames=60 | clear=44124 sky=522748 floor=0 scene=2657710 flat=79739 gouraud=0 chrome=482843 texture=1822510 furnace=0 embers=119161 bloom=45333 veil=855 titles=1336 fade=227 | setup=272617 total=3391498
T t=89.3 bar=46 ph=6 the heart | render ms 11.34/11.38/11.52 | fps 59.7 | hold 1 miss 0 late 0 | gap ms 16.73 | under 0 fill 464 | copy 2479 cy/line 35.55 Mcy/s | synth 3054 cy/pump 43.80 Mcy/s 1825 cy/sample | tri 146 px 31764 part 110 ch 3 | AHASH s=2136000 8830535a
PROF T t=89 ph=6 the heart frames=60 | clear=44145 sky=522843 floor=0 scene=2650686 flat=78547 gouraud=0 chrome=477182 texture=1822739 furnace=0 embers=122493 bloom=44535 veil=853 titles=1325 fade=227 | setup=272217 total=3387111
T t=90.3 bar=47 ph=6 the heart | render ms 11.31/11.36/11.51 | fps 59.7 | hold 1 miss 0 late 0 | gap ms 16.73 | under 0 fill 464 | copy 2478 cy/line 35.54 Mcy/s | synth 3056 cy/pump 43.82 Mcy/s 1826 cy/sample | tri 142 px 32194 part 110 ch 3 | AHASH s=2160000 fc2b037f
PROF T t=90 ph=6 the heart frames=60 | clear=44141 sky=523010 floor=0 scene=2649912 flat=75219 gouraud=0 chrome=474084 texture=1829102 furnace=0 embers=121484 bloom=39650 veil=854 titles=1335 fade=227 | setup=271505 total=3380616
T t=91.3 bar=47 ph=6 the heart | render ms 11.31/11.39/11.52 | fps 59.7 | hold 1 miss 0 late 0 | gap ms 16.73 | under 0 fill 464 | copy 2479 cy/line 35.56 Mcy/s | synth 3055 cy/pump 43.81 Mcy/s 1825 cy/sample | tri 142 px 31983 part 110 ch 3 | AHASH s=2184000 1bc4b39c
PROF T t=91 ph=6 the heart frames=60 | clear=44123 sky=522668 floor=0 scene=2658840 flat=73481 gouraud=0 chrome=471180 texture=1842386 furnace=0 embers=118882 bloom=41924 veil=833 titles=1357 fade=225 | setup=271792 total=3388856
PHRASE t=92.1 bar=48 ph=7 the heart | render ms 11.19/11.51/15.22 | fps 59.7 | hold 1 miss 0 late 0 | gap ms 16.73 | under 0 fill 464 | copy 2479 cy/line 35.55 Mcy/s | synth 3055 cy/pump 43.81 Mcy/s 1825 cy/sample | tri 142 px 31991 part 111 ch 3 | AHASH s=2208000 5dfce50c
PROF PHRASE t=92 ph=7 the heart frames=917 | clear=44147 sky=525556 floor=0 scene=2643514 flat=74639 gouraud=0 chrome=482608 texture=1814268 furnace=0 embers=118559 bloom=43088 veil=34402 titles=16084 fade=225 | setup=271998 total=3425579
T t=92.3 bar=48 ph=7 the heart | render ms 11.31/11.36/11.52 | fps 59.7 | hold 1 miss 0 late 0 | gap ms 16.73 | under 0 fill 464 | copy 2480 cy/line 35.56 Mcy/s | synth 3054 cy/pump 43.80 Mcy/s 1825 cy/sample | tri 146 px 31960 part 111 ch 3 | AHASH s=2208000 5dfce50c
PROF T t=92 ph=7 the heart frames=60 | clear=44139 sky=523194 floor=0 scene=2646313 flat=75316 gouraud=0 chrome=467720 texture=1831848 furnace=0 embers=120878 bloom=44791 veil=863 titles=1343 fade=224 | setup=271428 total=3381748
T t=93.3 bar=48 ph=7 the heart | render ms 11.35/11.39/11.52 | fps 59.7 | hold 1 miss 0 late 0 | gap ms 16.73 | under 0 fill 464 | copy 2480 cy/line 35.56 Mcy/s | synth 3054 cy/pump 43.79 Mcy/s 1824 cy/sample | tri 144 px 31995 part 111 ch 3 | AHASH s=2232000 15641653
PROF T t=93 ph=7 the heart frames=60 | clear=44123 sky=522589 floor=0 scene=2654145 flat=74450 gouraud=0 chrome=474950 texture=1833106 furnace=0 embers=124064 bloom=43959 veil=849 titles=1343 fade=225 | setup=271637 total=3391299
T t=94.3 bar=49 ph=7 the heart | render ms 11.35/11.40/11.52 | fps 59.7 | hold 1 miss 0 late 0 | gap ms 16.73 | under 0 fill 464 | copy 2480 cy/line 35.56 Mcy/s | synth 3054 cy/pump 43.80 Mcy/s 1825 cy/sample | tri 142 px 32054 part 111 ch 3 | AHASH s=2256000 6c2c8fe6
PROF T t=94 ph=7 the heart frames=60 | clear=44127 sky=522534 floor=0 scene=2660047 flat=73522 gouraud=0 chrome=481193 texture=1833065 furnace=0 embers=124285 bloom=39764 veil=869 titles=1346 fade=228 | setup=272266 total=3393203
T t=95.3 bar=49 ph=7 the heart | render ms 11.41/11.49/11.59 | fps 59.7 | hold 1 miss 0 late 0 | gap ms 16.73 | under 0 fill 464 | copy 2479 cy/line 35.55 Mcy/s | synth 3058 cy/pump 43.86 Mcy/s 1827 cy/sample | tri 142 px 32599 part 111 ch 3 | AHASH s=2280000 77459282
PROF T t=95 ph=7 the heart frames=60 | clear=44146 sky=523309 floor=0 scene=2686033 flat=77030 gouraud=0 chrome=488637 texture=1847071 furnace=0 embers=122225 bloom=42126 veil=840 titles=1349 fade=226 | setup=273294 total=3420258
T t=96.3 bar=50 ph=7 the heart | render ms 11.52/11.55/11.68 | fps 59.7 | hold 1 miss 0 late 0 | gap ms 16.73 | under 0 fill 464 | copy 2479 cy/line 35.56 Mcy/s | synth 3056 cy/pump 43.83 Mcy/s 1826 cy/sample | tri 144 px 32614 part 111 ch 3 | AHASH s=2304000 57ad9b3d
PROF T t=96 ph=7 the heart frames=60 | clear=44140 sky=524251 floor=0 scene=2700071 flat=80112 gouraud=0 chrome=493601 texture=1853795 furnace=0 embers=123041 bloom=45476 veil=835 titles=1337 fade=226 | setup=272561 total=3439381
T t=97.3 bar=50 ph=7 the heart | render ms 11.55/11.60/11.68 | fps 59.7 | hold 1 miss 0 late 0 | gap ms 16.73 | under 0 fill 464 | copy 2480 cy/line 35.57 Mcy/s | synth 3057 cy/pump 43.83 Mcy/s 1826 cy/sample | tri 148 px 32714 part 111 ch 3 | AHASH s=2328000 46324a32
PROF T t=97 ph=7 the heart frames=60 | clear=44155 sky=523976 floor=0 scene=2713236 flat=80915 gouraud=0 chrome=504110 texture=1855062 furnace=0 embers=121811 bloom=45709 veil=843 titles=1340 fade=226 | setup=273147 total=3451299
T t=98.3 bar=51 ph=7 the heart | render ms 11.56/11.60/11.74 | fps 59.7 | hold 1 miss 0 late 0 | gap ms 16.73 | under 0 fill 464 | copy 2481 cy/line 35.58 Mcy/s | synth 3058 cy/pump 43.85 Mcy/s 1827 cy/sample | tri 150 px 32726 part 111 ch 3 | AHASH s=2352000 f1166fe6
PROF T t=98 ph=7 the heart frames=60 | clear=44163 sky=524087 floor=0 scene=2718108 flat=79903 gouraud=0 chrome=509342 texture=1855589 furnace=0 embers=119976 bloom=45142 veil=855 titles=1367 fade=225 | setup=273273 total=3453927
T t=99.3 bar=51 ph=7 the heart | render ms 11.57/11.61/11.73 | fps 59.7 | hold 1 miss 0 late 0 | gap ms 16.73 | under 0 fill 464 | copy 2480 cy/line 35.57 Mcy/s | synth 3060 cy/pump 43.89 Mcy/s 1828 cy/sample | tri 148 px 32748 part 111 ch 3 | AHASH s=2376000 3f3f2310
PROF T t=99 ph=7 the heart frames=60 | clear=44134 sky=523988 floor=0 scene=2719878 flat=77327 gouraud=0 chrome=512223 texture=1856898 furnace=0 embers=120241 bloom=43748 veil=854 titles=1340 fade=230 | setup=273428 total=3454417
T t=100.4 bar=52 ph=7 the heart | render ms 11.57/11.65/11.74 | fps 59.7 | hold 1 miss 0 late 0 | gap ms 16.73 | under 0 fill 464 | copy 2482 cy/line 35.59 Mcy/s | synth 3057 cy/pump 43.84 Mcy/s 1826 cy/sample | tri 150 px 33244 part 111 ch 3 | AHASH s=2400000 ae191035
PROF T t=100 ph=7 the heart frames=60 | clear=44130 sky=524500 floor=0 scene=2733696 flat=75167 gouraud=0 chrome=518068 texture=1867284 furnace=0 embers=121451 bloom=41021 veil=839 titles=1337 fade=225 | setup=273175 total=3467204
T t=101.4 bar=52 ph=7 the heart | render ms 11.64/11.70/11.81 | fps 59.7 | hold 1 miss 0 late 0 | gap ms 16.73 | under 0 fill 464 | copy 2483 cy/line 35.60 Mcy/s | synth 3056 cy/pump 43.82 Mcy/s 1826 cy/sample | tri 148 px 33243 part 111 ch 3 | AHASH s=2424000 c9629b28
PROF T t=101 ph=7 the heart frames=60 | clear=44132 sky=524078 floor=0 scene=2746445 flat=73679 gouraud=0 chrome=518030 texture=1880984 furnace=0 embers=122110 bloom=42738 veil=851 titles=1340 fade=221 | setup=273750 total=3481917
T t=102.4 bar=53 ph=7 the heart | render ms 11.64/11.69/11.81 | fps 59.7 | hold 1 miss 0 late 0 | gap ms 16.73 | under 0 fill 464 | copy 2482 cy/line 35.60 Mcy/s | synth 3051 cy/pump 43.75 Mcy/s 1823 cy/sample | tri 148 px 33234 part 111 ch 3 | AHASH s=2448000 0c461bf6
PROF T t=102 ph=7 the heart frames=60 | clear=44146 sky=523735 floor=0 scene=2743858 flat=74454 gouraud=0 chrome=514644 texture=1881378 furnace=0 embers=122846 bloom=43395 veil=851 titles=1343 fade=225 | setup=273380 total=3480402
T t=103.4 bar=53 ph=7 the heart | render ms 11.63/11.68/11.82 | fps 59.7 | hold 1 miss 0 late 0 | gap ms 16.73 | under 0 fill 464 | copy 2481 cy/line 35.59 Mcy/s | synth 3050 cy/pump 43.74 Mcy/s 1822 cy/sample | tri 146 px 33269 part 111 ch 3 | AHASH s=2472000 417189a2
PROF T t=103 ph=7 the heart frames=60 | clear=44129 sky=523526 floor=0 scene=2740484 flat=75688 gouraud=0 chrome=509225 texture=1882905 furnace=0 embers=123663 bloom=44149 veil=855 titles=1351 fade=222 | setup=272664 total=3478382
T t=104.4 bar=54 ph=7 the heart | render ms 11.61/11.66/11.82 | fps 59.7 | hold 1 miss 0 late 0 | gap ms 16.73 | under 0 fill 464 | copy 2481 cy/line 35.58 Mcy/s | synth 3052 cy/pump 43.76 Mcy/s 1823 cy/sample | tri 144 px 33260 part 112 ch 3 | AHASH s=2496000 601664cb
PROF T t=104 ph=7 the heart frames=60 | clear=44158 sky=523686 floor=0 scene=2732870 flat=75840 gouraud=0 chrome=500020 texture=1884463 furnace=0 embers=123400 bloom=44191 veil=838 titles=1349 fade=225 | setup=272545 total=3470719
T t=105.4 bar=54 ph=7 the heart | render ms 11.58/11.63/11.79 | fps 59.7 | hold 1 miss 0 late 0 | gap ms 16.73 | under 0 fill 464 | copy 2481 cy/line 35.58 Mcy/s | synth 3051 cy/pump 43.76 Mcy/s 1823 cy/sample | tri 146 px 33247 part 112 ch 3 | AHASH s=2520000 cf98d3ed
PROF T t=105 ph=7 the heart frames=60 | clear=44126 sky=523675 floor=0 scene=2729135 flat=75751 gouraud=0 chrome=496839 texture=1884563 furnace=0 embers=119367 bloom=44469 veil=859 titles=1342 fade=226 | setup=271981 total=3463202
T t=106.4 bar=55 ph=7 the heart | render ms 11.57/11.61/11.74 | fps 59.7 | hold 1 miss 0 late 0 | gap ms 16.73 | under 0 fill 464 | copy 2481 cy/line 35.58 Mcy/s | synth 3052 cy/pump 43.77 Mcy/s 1823 cy/sample | tri 142 px 33214 part 113 ch 3 | AHASH s=2544000 e435c086
PROF T t=106 ph=7 the heart frames=60 | clear=44112 sky=523815 floor=0 scene=2724622 flat=75612 gouraud=0 chrome=492349 texture=1884570 furnace=0 embers=118346 bloom=43577 veil=851 titles=1368 fade=225 | setup=272090 total=3456920
T t=107.4 bar=55 ph=7 the heart | render ms 11.55/13.11/15.45 | fps 59.7 | hold 1 miss 0 late 0 | gap ms 16.73 | under 0 fill 464 | copy 2495 cy/line 35.77 Mcy/s | synth 3058 cy/pump 43.85 Mcy/s 1827 cy/sample | tri 144 px 33166 part 113 ch 3 | AHASH s=2568000 7e8bfa36
PROF T t=107 ph=7 the heart frames=60 | clear=44131 sky=523788 floor=0 scene=2716585 flat=75705 gouraud=0 chrome=484013 texture=1884848 furnace=0 embers=118447 bloom=45515 veil=456602 titles=1327 fade=226 | setup=272018 total=3906625
PHRASE t=107.5 bar=56 ph=8 the eye | render ms 11.34/11.71/15.91 | fps 59.7 | hold 1 miss 0 late 0 | gap ms 16.73 | under 0 fill 464 | copy 2482 cy/line 35.59 Mcy/s | synth 3055 cy/pump 43.81 Mcy/s 1825 cy/sample | tri 182 px 41826 part 78 ch 4 | AHASH s=2568000 7e8bfa36
PROF PHRASE t=107 ph=8 the eye frames=918 | clear=44139 sky=523772 floor=0 scene=2713961 flat=76243 gouraud=0 chrome=499093 texture=1865818 furnace=0 embers=121648 bloom=43651 veil=38221 titles=1345 fade=225 | setup=272806 total=3486967
T t=108.4 bar=56 ph=8 the eye | render ms 11.97/14.04/16.01 | fps 58.7 | hold 2 miss 0 late 1 | gap ms 33.47 | under 0 fill 464 | copy 2507 cy/line 35.96 Mcy/s | synth 2927 cy/pump 41.98 Mcy/s 1749 cy/sample | tri 182 px 41826 part 78 ch 4 | AHASH s=2592000 66b373d5
PROF T t=108 ph=8 the eye frames=59 | clear=44099 sky=543393 floor=0 scene=2881107 flat=6379 gouraud=0 chrome=309970 texture=2224782 furnace=0 embers=87919 bloom=3876 veil=623650 titles=1278 fade=216 | setup=339974 total=4185542
T t=109.4 bar=57 ph=8 the eye | render ms 11.98/12.06/12.14 | fps 59.7 | hold 1 miss 0 late 0 | gap ms 16.73 | under 0 fill 464 | copy 2503 cy/line 35.89 Mcy/s | synth 2724 cy/pump 39.07 Mcy/s 1628 cy/sample | tri 182 px 41826 part 78 ch 4 | AHASH s=2616000 c82a5663
PROF T t=109 ph=8 the eye frames=60 | clear=43982 sky=548221 floor=0 scene=2896839 flat=0 gouraud=0 chrome=294328 texture=2256941 furnace=0 embers=84911 bloom=0 veil=853 titles=16636 fade=215 | setup=345569 total=3591659
T t=110.4 bar=57 ph=8 the eye | render ms 12.06/12.09/12.21 | fps 59.7 | hold 1 miss 0 late 0 | gap ms 16.73 | under 0 fill 464 | copy 2503 cy/line 35.89 Mcy/s | synth 2720 cy/pump 39.00 Mcy/s 1625 cy/sample | tri 182 px 41826 part 78 ch 4 | AHASH s=2640000 9f6ffe38
PROF T t=110 ph=8 the eye frames=60 | clear=43997 sky=550521 floor=0 scene=2896588 flat=0 gouraud=0 chrome=294309 texture=2256976 furnace=0 embers=85042 bloom=0 veil=859 titles=23785 fade=228 | setup=345302 total=3601024
T t=111.4 bar=58 ph=8 the eye | render ms 12.07/12.09/12.21 | fps 59.7 | hold 1 miss 0 late 0 | gap ms 16.73 | under 0 fill 464 | copy 2502 cy/line 35.88 Mcy/s | synth 2720 cy/pump 39.01 Mcy/s 1625 cy/sample | tri 182 px 41826 part 78 ch 4 | AHASH s=2664000 670e852b
PROF T t=111 ph=8 the eye frames=60 | clear=44000 sky=550167 floor=0 scene=2896318 flat=0 gouraud=0 chrome=294397 texture=2256864 furnace=0 embers=84501 bloom=0 veil=839 titles=23740 fade=223 | setup=345055 total=3599790
T t=112.4 bar=58 ph=8 the eye | render ms 12.06/12.10/12.22 | fps 59.7 | hold 1 miss 0 late 0 | gap ms 16.73 | under 0 fill 464 | copy 2502 cy/line 35.88 Mcy/s | synth 2724 cy/pump 39.07 Mcy/s 1628 cy/sample | tri 182 px 41826 part 78 ch 4 | AHASH s=2688000 c39148f0
PROF T t=112 ph=8 the eye frames=60 | clear=44040 sky=550258 floor=0 scene=2898007 flat=0 gouraud=0 chrome=294387 texture=2257659 furnace=0 embers=86459 bloom=0 veil=857 titles=23756 fade=213 | setup=345960 total=3603594
T t=113.4 bar=59 ph=8 the eye | render ms 12.07/12.10/12.25 | fps 59.7 | hold 1 miss 0 late 0 | gap ms 16.73 | under 0 fill 464 | copy 2502 cy/line 35.88 Mcy/s | synth 2721 cy/pump 39.02 Mcy/s 1626 cy/sample | tri 182 px 41826 part 78 ch 4 | AHASH s=2712000 f53583f6
PROF T t=113 ph=8 the eye frames=60 | clear=44024 sky=550500 floor=0 scene=2897447 flat=0 gouraud=0 chrome=294307 texture=2257565 furnace=0 embers=86704 bloom=0 veil=855 titles=23752 fade=226 | setup=345574 total=3603512
T t=114.4 bar=59 ph=8 the eye | render ms 12.07/12.10/12.24 | fps 59.7 | hold 1 miss 0 late 0 | gap ms 16.73 | under 0 fill 464 | copy 2502 cy/line 35.88 Mcy/s | synth 2724 cy/pump 39.07 Mcy/s 1627 cy/sample | tri 182 px 41826 part 78 ch 4 | AHASH s=2736000 500e0439
PROF T t=114 ph=8 the eye frames=60 | clear=44016 sky=549765 floor=0 scene=2896988 flat=0 gouraud=0 chrome=294351 texture=2257231 furnace=0 embers=86669 bloom=0 veil=851 titles=23773 fade=215 | setup=345405 total=3602280
T t=115.4 bar=60 ph=8 the eye | render ms 12.06/12.09/12.22 | fps 59.7 | hold 1 miss 0 late 0 | gap ms 16.73 | under 0 fill 464 | copy 2502 cy/line 35.88 Mcy/s | synth 2722 cy/pump 39.04 Mcy/s 1627 cy/sample | tri 182 px 41826 part 79 ch 4 | AHASH s=2760000 92d069c7
PROF T t=115 ph=8 the eye frames=60 | clear=44023 sky=550162 floor=0 scene=2897082 flat=0 gouraud=0 chrome=294267 texture=2257394 furnace=0 embers=85494 bloom=0 veil=863 titles=23860 fade=221 | setup=345420 total=3601707
T t=116.4 bar=60 ph=8 the eye | render ms 12.05/12.09/12.21 | fps 59.7 | hold 1 miss 0 late 0 | gap ms 16.73 | under 0 fill 464 | copy 2503 cy/line 35.89 Mcy/s | synth 2723 cy/pump 39.06 Mcy/s 1627 cy/sample | tri 182 px 41826 part 79 ch 4 | AHASH s=2784000 3672f781
PROF T t=116 ph=8 the eye frames=60 | clear=44017 sky=550102 floor=0 scene=2897752 flat=0 gouraud=0 chrome=294293 texture=2257632 furnace=0 embers=83982 bloom=0 veil=862 titles=23743 fade=216 | setup=345826 total=3600676
T t=117.4 bar=61 ph=8 the eye | render ms 11.96/12.06/12.22 | fps 59.7 | hold 1 miss 0 late 0 | gap ms 16.73 | under 0 fill 464 | copy 2502 cy/line 35.88 Mcy/s | synth 2721 cy/pump 39.02 Mcy/s 1626 cy/sample | tri 182 px 41826 part 79 ch 4 | AHASH s=2808000 688c7659
PROF T t=117 ph=8 the eye frames=60 | clear=44028 sky=548204 floor=0 scene=2896557 flat=0 gouraud=0 chrome=294239 texture=2256984 furnace=0 embers=85127 bloom=0 veil=845 titles=15577 fade=220 | setup=345334 total=3590561
T t=118.4 bar=61 ph=8 the eye | render ms 11.96/11.99/12.12 | fps 59.7 | hold 1 miss 0 late 0 | gap ms 16.73 | under 0 fill 464 | copy 2502 cy/line 35.88 Mcy/s | synth 2725 cy/pump 39.08 Mcy/s 1628 cy/sample | tri 182 px 41826 part 79 ch 4 | AHASH s=2832000 3e67fc45
PROF T t=118 ph=8 the eye frames=60 | clear=44000 sky=544758 floor=0 scene=2895969 flat=0 gouraud=0 chrome=294118 texture=2256205 furnace=0 embers=84373 bloom=0 veil=858 titles=1399 fade=229 | setup=345645 total=3571588
T t=119.4 bar=62 ph=8 the eye | render ms 11.97/11.99/12.11 | fps 59.7 | hold 1 miss 0 late 0 | gap ms 16.73 | under 0 fill 464 | copy 2501 cy/line 35.87 Mcy/s | synth 2723 cy/pump 39.05 Mcy/s 1627 cy/sample | tri 182 px 41826 part 79 ch 4 | AHASH s=2856000 a1c508fe
PROF T t=119 ph=8 the eye frames=60 | clear=44060 sky=544363 floor=0 scene=2895941 flat=0 gouraud=0 chrome=294116 texture=2256435 furnace=0 embers=84865 bloom=0 veil=858 titles=1388 fade=230 | setup=345389 total=3571708
T t=120.4 bar=62 ph=8 the eye | render ms 11.97/12.00/12.12 | fps 59.7 | hold 1 miss 0 late 0 | gap ms 16.73 | under 0 fill 464 | copy 2502 cy/line 35.88 Mcy/s | synth 2724 cy/pump 39.07 Mcy/s 1627 cy/sample | tri 182 px 41826 part 79 ch 4 | AHASH s=2880000 c01fbcf3
PROF T t=120 ph=8 the eye frames=60 | clear=44028 sky=544362 floor=0 scene=2895480 flat=0 gouraud=0 chrome=294148 texture=2256063 furnace=0 embers=87828 bloom=0 veil=860 titles=1376 fade=220 | setup=345268 total=3574156
T t=121.4 bar=63 ph=8 the eye | render ms 11.98/12.01/12.14 | fps 59.7 | hold 1 miss 0 late 0 | gap ms 16.73 | under 0 fill 464 | copy 2502 cy/line 35.88 Mcy/s | synth 2719 cy/pump 38.99 Mcy/s 1624 cy/sample | tri 182 px 41826 part 80 ch 4 | AHASH s=2904000 bf7e4e19
PROF T t=121 ph=8 the eye frames=60 | clear=44025 sky=544785 floor=0 scene=2895254 flat=0 gouraud=0 chrome=294130 texture=2255987 furnace=0 embers=89276 bloom=0 veil=856 titles=1404 fade=219 | setup=345136 total=3575822
T t=122.4 bar=63 ph=8 the eye | render ms 11.98/12.01/12.13 | fps 59.7 | hold 1 miss 0 late 0 | gap ms 16.73 | under 0 fill 464 | copy 2503 cy/line 35.89 Mcy/s | synth 2723 cy/pump 39.04 Mcy/s 1627 cy/sample | tri 182 px 41826 part 80 ch 4 | AHASH s=2928000 e129bcd7
PROF T t=122 ph=8 the eye frames=60 | clear=44033 sky=544458 floor=0 scene=2895929 flat=0 gouraud=0 chrome=294230 texture=2256211 furnace=0 embers=89384 bloom=0 veil=861 titles=1389 fade=220 | setup=345487 total=3576277
PHRASE t=122.8 bar=64 ph=9 the eye | render ms 11.96/12.16/16.01 | fps 59.6 | hold 2 miss 0 late 1 | gap ms 33.47 | under 0 fill 464 | copy 2502 cy/line 35.89 Mcy/s | synth 2734 cy/pump 39.21 Mcy/s 1634 cy/sample | tri 182 px 41826 part 84 ch 4 | AHASH s=2928000 e129bcd7
PROF PHRASE t=122 ph=9 the eye frames=916 | clear=44025 sky=547639 floor=0 scene=2896597 flat=0 gouraud=0 chrome=294252 texture=2256823 furnace=0 embers=86044 bloom=0 veil=33370 titles=13574 fade=221 | setup=345521 total=3621473
T t=123.5 bar=64 ph=9 the eye | render ms 11.98/12.04/12.18 | fps 59.7 | hold 1 miss 0 late 0 | gap ms 16.73 | under 0 fill 464 | copy 2490 cy/line 35.71 Mcy/s | synth 2935 cy/pump 42.08 Mcy/s 1753 cy/sample | tri 182 px 42384 part 84 ch 4 | AHASH s=2952000 c84c1e21
PROF T t=123 ph=9 the eye frames=60 | clear=44120 sky=544946 floor=0 scene=2902145 flat=0 gouraud=0 chrome=295153 texture=2261009 furnace=0 embers=92106 bloom=0 veil=864 titles=1390 fade=221 | setup=345983 total=3585796
T t=124.5 bar=64 ph=9 the eye | render ms 12.11/12.38/12.71 | fps 59.7 | hold 1 miss 0 late 0 | gap ms 16.73 | under 0 fill 464 | copy 2486 cy/line 35.65 Mcy/s | synth 3048 cy/pump 43.72 Mcy/s 1821 cy/sample | tri 182 px 46410 part 84 ch 4 | AHASH s=2976000 f3539544
PROF T t=124 ph=9 the eye frames=60 | clear=44012 sky=545653 floor=0 scene=3000637 flat=0 gouraud=0 chrome=299271 texture=2355541 furnace=0 embers=94340 bloom=0 veil=860 titles=1403 fade=216 | setup=345824 total=3687124
T t=125.5 bar=65 ph=9 the eye | render ms 12.73/13.06/13.48 | fps 59.7 | hold 1 miss 0 late 0 | gap ms 16.73 | under 0 fill 464 | copy 2493 cy/line 35.76 Mcy/s | synth 3052 cy/pump 43.77 Mcy/s 1824 cy/sample | tri 182 px 50877 part 84 ch 4 | AHASH s=3000000 c4c7db5e
PROF T t=125 ph=9 the eye frames=60 | clear=44019 sky=550948 floor=0 scene=3202495 flat=0 gouraud=0 chrome=313982 texture=2542955 furnace=0 embers=92776 bloom=0 veil=840 titles=1377 fade=220 | setup=345556 total=3892677
T t=126.5 bar=65 ph=9 the eye | render ms 13.46/13.95/14.36 | fps 59.7 | hold 1 miss 0 late 0 | gap ms 16.73 | under 0 fill 464 | copy 2504 cy/line 35.91 Mcy/s | synth 3046 cy/pump 43.69 Mcy/s 1820 cy/sample | tri 182 px 55649 part 84 ch 4 | AHASH s=3024000 689501b6
PROF T t=126 ph=9 the eye frames=60 | clear=44028 sky=561835 floor=0 scene=3459880 flat=0 gouraud=0 chrome=345528 texture=2769492 furnace=0 embers=91558 bloom=0 veil=851 titles=1407 fade=219 | setup=344859 total=4159781
T t=127.5 bar=66 ph=9 the eye | render ms 14.32/14.52/14.75 | fps 59.7 | hold 1 miss 0 late 0 | gap ms 16.73 | under 0 fill 464 | copy 2512 cy/line 36.03 Mcy/s | synth 3040 cy/pump 43.59 Mcy/s 1816 cy/sample | tri 182 px 56552 part 85 ch 4 | AHASH s=3048000 54ddbfb4
PROF T t=127 ph=9 the eye frames=60 | clear=44043 sky=581991 floor=0 scene=3607579 flat=0 gouraud=0 chrome=406874 texture=2856239 furnace=0 embers=92190 bloom=0 veil=855 titles=1397 fade=221 | setup=344464 total=4328279
T t=128.5 bar=66 ph=9 the eye | render ms 14.41/14.78/15.38 | fps 59.7 | hold 1 miss 0 late 0 | gap ms 16.73 | under 0 fill 464 | copy 2515 cy/line 36.07 Mcy/s | synth 3041 cy/pump 43.61 Mcy/s 1817 cy/sample | tri 182 px 58746 part 85 ch 4 | AHASH s=3072000 ff2af1eb
PROF T t=128 ph=9 the eye frames=60 | clear=44060 sky=622780 floor=0 scene=3645545 flat=0 gouraud=0 chrome=534168 texture=2765837 furnace=0 embers=91860 bloom=0 veil=855 titles=1386 fade=223 | setup=345539 total=4406711
T t=129.5 bar=67 ph=9 the eye | render ms 14.15/14.88/15.45 | fps 59.7 | hold 1 miss 0 late 0 | gap ms 16.73 | under 0 fill 464 | copy 2517 cy/line 36.10 Mcy/s | synth 3045 cy/pump 43.67 Mcy/s 1819 cy/sample | tri 182 px 52290 part 85 ch 4 | AHASH s=3096000 bcfb55d3
PROF T t=129 ph=9 the eye frames=60 | clear=44029 sky=724008 floor=0 scene=3574931 flat=0 gouraud=0 chrome=826132 texture=2405045 furnace=0 embers=91299 bloom=0 veil=863 titles=1411 fade=214 | setup=343754 total=4436756
T t=130.5 bar=67 ph=9 the eye | render ms 12.32/13.28/14.25 | fps 59.7 | hold 1 miss 0 late 0 | gap ms 16.73 | under 0 fill 464 | copy 2502 cy/line 35.88 Mcy/s | synth 3042 cy/pump 43.62 Mcy/s 1817 cy/sample | tri 182 px 27840 part 85 ch 4 | AHASH s=3120000 55e3adeb
PROF T t=130 ph=9 the eye frames=60 | clear=44040 sky=1110596 floor=0 scene=2710196 flat=0 gouraud=0 chrome=1257934 texture=1113650 furnace=0 embers=89247 bloom=0 veil=875 titles=1422 fade=227 | setup=338610 total=3956605
T t=131.5 bar=68 ph=9 the eye | render ms 10.85/11.33/12.51 | fps 59.7 | hold 1 miss 0 late 0 | gap ms 16.73 | under 0 fill 464 | copy 2460 cy/line 35.27 Mcy/s | synth 3046 cy/pump 43.68 Mcy/s 1820 cy/sample | tri 182 px 9944 part 87 ch 4 | AHASH s=3144000 776b4edd
PROF T t=131 ph=9 the eye frames=60 | clear=44126 sky=1786180 floor=0 scene=1442828 flat=0 gouraud=0 chrome=215368 texture=889806 furnace=0 embers=93869 bloom=0 veil=885 titles=1428 fade=221 | setup=337654 total=3369541
T t=132.5 bar=69 ph=9 the eye | render ms 10.92/11.37/11.94 | fps 59.7 | hold 1 miss 0 late 0 | gap ms 16.73 | under 0 fill 464 | copy 2460 cy/line 35.28 Mcy/s | synth 3048 cy/pump 43.72 Mcy/s 1821 cy/sample | tri 182 px 15448 part 88 ch 4 | AHASH s=3168000 37750be0
PROF T t=132 ph=9 the eye frames=60 | clear=44138 sky=1810776 floor=0 scene=1432468 flat=0 gouraud=0 chrome=24457 texture=1070501 furnace=0 embers=93678 bloom=0 veil=885 titles=1434 fade=217 | setup=337510 total=3383599
T t=133.5 bar=69 ph=9 the eye | render ms 11.98/12.88/14.04 | fps 59.7 | hold 1 miss 0 late 0 | gap ms 16.73 | under 0 fill 464 | copy 2476 cy/line 35.52 Mcy/s | synth 3051 cy/pump 43.76 Mcy/s 1823 cy/sample | tri 182 px 26964 part 88 ch 4 | AHASH s=3192000 13b36c2c
PROF T t=133 ph=9 the eye frames=60 | clear=44113 sky=1810761 floor=0 scene=1883692 flat=0 gouraud=0 chrome=24291 texture=1521598 furnace=0 embers=94435 bloom=0 veil=885 titles=1429 fade=226 | setup=337803 total=3835543
T t=134.5 bar=70 ph=9 the eye | render ms 14.14/15.66/17.40 | fps 51.9 | hold 2 miss 0 late 8 | gap ms 33.47 | under 0 fill 464 | copy 2493 cy/line 35.75 Mcy/s | synth 3044 cy/pump 43.65 Mcy/s 1818 cy/sample | tri 182 px 46952 part 90 ch 4 | AHASH s=3216000 734b9e99
PROF T t=134 ph=9 the eye frames=53 | clear=44110 sky=1811499 floor=0 scene=2716887 flat=0 gouraud=0 chrome=22401 texture=2357058 furnace=0 embers=95760 bloom=0 veil=898 titles=1451 fade=229 | setup=337428 total=4670839
T t=135.5 bar=70 ph=9 the eye | render ms 12.19/15.15/17.68 | fps 48.7 | hold 2 miss 0 late 11 | gap ms 33.47 | under 0 fill 464 | copy 2484 cy/line 35.62 Mcy/s | synth 3037 cy/pump 43.55 Mcy/s 1814 cy/sample | tri 182 px 15972 part 90 ch 4 | AHASH s=3240000 c8e54c97
PROF T t=135 ph=9 the eye frames=49 | clear=44098 sky=1810799 floor=0 scene=2560754 flat=0 gouraud=0 chrome=22429 texture=2200705 furnace=0 embers=98493 bloom=0 veil=881 titles=1439 fade=223 | setup=337619 total=4516690
T t=136.5 bar=71 ph=9 the eye | render ms 11.78/12.06/12.40 | fps 59.7 | hold 1 miss 0 late 0 | gap ms 16.73 | under 0 fill 464 | copy 2468 cy/line 35.39 Mcy/s | synth 3051 cy/pump 43.75 Mcy/s 1823 cy/sample | tri 182 px 17360 part 94 ch 4 | AHASH s=3264000 477858f9
PROF T t=136 ph=9 the eye frames=60 | clear=44126 sky=1810737 floor=0 scene=1632531 flat=0 gouraud=0 chrome=22322 texture=1272548 furnace=0 embers=99451 bloom=0 veil=889 titles=1419 fade=223 | setup=337660 total=3589379
T t=137.5 bar=71 ph=9 the eye | render ms 12.43/12.65/12.84 | fps 59.7 | hold 1 miss 0 late 0 | gap ms 16.73 | under 0 fill 464 | copy 2474 cy/line 35.48 Mcy/s | synth 3051 cy/pump 43.75 Mcy/s 1823 cy/sample | tri 182 px 20736 part 94 ch 4 | AHASH s=3288000 b36904b5
PROF T t=137 ph=9 the eye frames=60 | clear=44153 sky=1810932 floor=0 scene=1805144 flat=0 gouraud=0 chrome=22353 texture=1445443 furnace=0 embers=103060 bloom=0 veil=885 titles=1418 fade=227 | setup=337347 total=3765822
PHRASE t=138.2 bar=72 ph=10 the load | render ms 10.85/13.40/17.68 | fps 57.9 | hold 2 miss 0 late 28 | gap ms 33.47 | under 0 fill 464 | copy 2488 cy/line 35.68 Mcy/s | synth 3045 cy/pump 43.67 Mcy/s 1819 cy/sample | tri 170 px 43155 part 126 ch 5 | AHASH s=3312000 4417a264
PROF PHRASE t=138 ph=10 the load frames=892 | clear=44083 sky=1218592 floor=0 scene=2604930 flat=0 gouraud=0 chrome=304940 texture=1958943 furnace=159 embers=94746 bloom=96 veil=29252 titles=1414 fade=222 | setup=340887 total=3993339
T t=138.5 bar=72 ph=10 the load | render ms 12.76/15.77/17.24 | fps 41.8 | hold 2 miss 0 late 18 | gap ms 33.47 | under 0 fill 464 | copy 2476 cy/line 35.50 Mcy/s | synth 3026 cy/pump 43.39 Mcy/s 1808 cy/sample | tri 170 px 43483 part 126 ch 5 | AHASH s=3312000 4417a264
PROF T t=138 ph=10 the load frames=42 | clear=44289 sky=1502266 floor=0 scene=2172615 flat=0 gouraud=0 chrome=136745 texture=1686789 furnace=32837 embers=111658 bloom=20350 veil=850117 titles=1376 fade=225 | setup=316243 total=4702901
T t=139.5 bar=72 ph=10 the load | render ms 13.28/13.65/17.13 | fps 56.7 | hold 2 miss 0 late 3 | gap ms 33.47 | under 0 fill 464 | copy 2495 cy/line 35.79 Mcy/s | synth 3040 cy/pump 43.60 Mcy/s 1816 cy/sample | tri 168 px 44775 part 126 ch 5 | AHASH s=3336000 b52e67ca
PROF T t=139 ph=10 the load frames=57 | clear=44144 sky=510379 floor=0 scene=3200721 flat=0 gouraud=0 chrome=519204 texture=2304996 furnace=128605 embers=138358 bloom=83192 veil=87692 titles=3754 fade=225 | setup=247914 total=4068469
T t=140.5 bar=73 ph=10 the load | render ms 13.51/13.59/13.68 | fps 59.7 | hold 1 miss 0 late 0 | gap ms 16.73 | under 0 fill 464 | copy 2512 cy/line 36.02 Mcy/s | synth 2755 cy/pump 39.50 Mcy/s 1646 cy/sample | tri 168 px 46191 part 126 ch 5 | AHASH s=3360000 e8c9be35
PROF T t=140 ph=10 the load frames=60 | clear=44134 sky=514882 floor=0 scene=3256649 flat=0 gouraud=0 chrome=545675 texture=2347310 furnace=115462 embers=135468 bloom=70513 veil=870 titles=25665 fade=223 | setup=248201 total=4048407
T t=141.5 bar=73 ph=10 the load | render ms 13.67/13.80/13.96 | fps 59.7 | hold 1 miss 0 late 0 | gap ms 16.73 | under 0 fill 464 | copy 2521 cy/line 36.16 Mcy/s | synth 2608 cy/pump 37.40 Mcy/s 1558 cy/sample | tri 170 px 47447 part 126 ch 5 | AHASH s=3384000 78ec8b6d
PROF T t=141 ph=10 the load frames=60 | clear=44126 sky=515019 floor=0 scene=3324937 flat=0 gouraud=0 chrome=573449 texture=2390090 furnace=113244 embers=135585 bloom=67539 veil=877 titles=25764 fade=227 | setup=248152 total=4114079
T t=142.5 bar=74 ph=10 the load | render ms 13.95/14.08/14.20 | fps 59.7 | hold 1 miss 0 late 0 | gap ms 16.73 | under 0 fill 464 | copy 2524 cy/line 36.19 Mcy/s | synth 2604 cy/pump 37.35 Mcy/s 1556 cy/sample | tri 170 px 48431 part 127 ch 5 | AHASH s=3408000 24e3995f
PROF T t=142 ph=10 the load frames=60 | clear=44128 sky=516237 floor=0 scene=3395092 flat=0 gouraud=0 chrome=591209 texture=2431498 furnace=124036 embers=137082 bloom=77497 veil=873 titles=25613 fade=221 | setup=248347 total=4196747
T t=143.6 bar=74 ph=10 the load | render ms 14.22/14.34/14.45 | fps 59.7 | hold 1 miss 0 late 0 | gap ms 16.73 | under 0 fill 464 | copy 2526 cy/line 36.23 Mcy/s | synth 2614 cy/pump 37.49 Mcy/s 1562 cy/sample | tri 170 px 49516 part 127 ch 5 | AHASH s=3432000 a167a78e
PROF T t=143 ph=10 the load frames=60 | clear=44143 sky=517232 floor=0 scene=3466099 flat=0 gouraud=0 chrome=607139 texture=2474428 furnace=135784 embers=136857 bloom=84416 veil=876 titles=25858 fade=225 | setup=248746 total=4275710
T t=144.6 bar=75 ph=10 the load | render ms 14.42/14.53/14.65 | fps 59.7 | hold 1 miss 0 late 0 | gap ms 16.73 | under 0 fill 464 | copy 2528 cy/line 36.25 Mcy/s | synth 2611 cy/pump 37.44 Mcy/s 1560 cy/sample | tri 170 px 50563 part 127 ch 5 | AHASH s=3456000 634c61d6
PROF T t=144 ph=10 the load frames=60 | clear=44146 sky=516798 floor=0 scene=3521381 flat=0 gouraud=0 chrome=622953 texture=2514852 furnace=135844 embers=138036 bloom=85607 veil=869 titles=25620 fade=223 | setup=247731 total=4332684
T t=145.6 bar=75 ph=10 the load | render ms 14.62/14.72/14.80 | fps 59.7 | hold 1 miss 0 late 0 | gap ms 16.73 | under 0 fill 464 | copy 2529 cy/line 36.27 Mcy/s | synth 2613 cy/pump 37.48 Mcy/s 1561 cy/sample | tri 170 px 51589 part 127 ch 5 | AHASH s=3480000 71fe7714
PROF T t=145 ph=10 the load frames=60 | clear=44124 sky=516512 floor=0 scene=3576519 flat=0 gouraud=0 chrome=639783 texture=2555263 furnace=133769 embers=139629 bloom=84040 veil=871 titles=25586 fade=224 | setup=247702 total=4387509
T t=146.6 bar=76 ph=10 the load | render ms 14.79/14.89/14.98 | fps 59.7 | hold 1 miss 0 late 0 | gap ms 16.73 | under 0 fill 464 | copy 2533 cy/line 36.32 Mcy/s | synth 2611 cy/pump 37.45 Mcy/s 1560 cy/sample | tri 170 px 53008 part 127 ch 5 | AHASH s=3504000 1ad90c4d
PROF T t=146 ph=10 the load frames=60 | clear=44136 sky=514398 floor=0 scene=3633730 flat=0 gouraud=0 chrome=664449 texture=2595852 furnace=124875 embers=138359 bloom=81888 veil=869 titles=25645 fade=225 | setup=248553 total=4439254
T t=147.6 bar=76 ph=10 the load | render ms 14.95/15.03/15.11 | fps 59.7 | hold 1 miss 0 late 0 | gap ms 16.73 | under 0 fill 464 | copy 2535 cy/line 36.35 Mcy/s | synth 2612 cy/pump 37.46 Mcy/s 1561 cy/sample | tri 168 px 54558 part 127 ch 5 | AHASH s=3528000 8841309f
PROF T t=147 ph=10 the load frames=60 | clear=44136 sky=514357 floor=0 scene=3689408 flat=0 gouraud=0 chrome=692636 texture=2636855 furnace=111516 embers=136404 bloom=69518 veil=863 titles=25793 fade=230 | setup=248400 total=4480713
T t=148.6 bar=77 ph=10 the load | render ms 15.01/15.13/15.25 | fps 59.7 | hold 1 miss 0 late 0 | gap ms 16.73 | under 0 fill 464 | copy 2537 cy/line 36.39 Mcy/s | synth 2609 cy/pump 37.41 Mcy/s 1559 cy/sample | tri 166 px 56149 part 127 ch 5 | AHASH s=3552000 dff90dbd
PROF T t=148 ph=10 the load frames=60 | clear=44131 sky=509876 floor=0 scene=3754172 flat=0 gouraud=0 chrome=725467 texture=2674472 furnace=105723 embers=135361 bloom=59904 veil=869 titles=6577 fade=225 | setup=248509 total=4511119
T t=149.6 bar=77 ph=10 the load | render ms 15.22/15.40/15.55 | fps 59.7 | hold 1 miss 0 late 0 | gap ms 16.73 | under 0 fill 464 | copy 2541 cy/line 36.44 Mcy/s | synth 2605 cy/pump 37.36 Mcy/s 1556 cy/sample | tri 166 px 57277 part 127 ch 5 | AHASH s=3576000 10ef495b
PROF T t=149 ph=10 the load frames=60 | clear=44135 sky=509583 floor=0 scene=3832347 flat=0 gouraud=0 chrome=754569 texture=2721102 furnace=108229 embers=135685 bloom=67676 veil=867 titles=1364 fade=230 | setup=248446 total=4591890
T t=150.6 bar=78 ph=10 the load | render ms 15.50/15.59/15.69 | fps 59.7 | hold 1 miss 0 late 0 | gap ms 16.73 | under 0 fill 464 | copy 2543 cy/line 36.47 Mcy/s | synth 2609 cy/pump 37.41 Mcy/s 1559 cy/sample | tri 166 px 57672 part 127 ch 5 | AHASH s=3600000 a827f115
PROF T t=150 ph=10 the load frames=60 | clear=44121 sky=509660 floor=0 scene=3882646 flat=0 gouraud=0 chrome=774802 texture=2740110 furnace=119368 embers=136229 bloom=75823 veil=880 titles=1340 fade=228 | setup=248364 total=4650931
T t=151.6 bar=78 ph=10 the load | render ms 15.59/15.64/15.79 | fps 59.7 | hold 1 miss 0 late 0 | gap ms 16.73 | under 0 fill 464 | copy 2545 cy/line 36.49 Mcy/s | synth 2611 cy/pump 37.44 Mcy/s 1560 cy/sample | tri 166 px 57753 part 127 ch 5 | AHASH s=3624000 70a52061
PROF T t=151 ph=10 the load frames=60 | clear=44125 sky=509649 floor=0 scene=3894343 flat=0 gouraud=0 chrome=787969 texture=2739565 furnace=119001 embers=138293 bloom=75759 veil=876 titles=1348 fade=232 | setup=247806 total=4664630
T t=152.6 bar=79 ph=10 the load | render ms 15.59/15.64/15.83 | fps 59.7 | hold 1 miss 0 late 0 | gap ms 16.73 | under 0 fill 464 | copy 2543 cy/line 36.47 Mcy/s | synth 2611 cy/pump 37.45 Mcy/s 1560 cy/sample | tri 166 px 57565 part 127 ch 5 | AHASH s=3648000 83a0cb6b
PROF T t=152 ph=10 the load frames=60 | clear=44123 sky=508983 floor=0 scene=3893537 flat=0 gouraud=0 chrome=791410 texture=2738558 furnace=115525 embers=140286 bloom=74806 veil=884 titles=1339 fade=234 | setup=248043 total=4664195
PHRASE t=153.6 bar=80 ph=11 the load | render ms 13.28/14.80/17.24 | fps 58.9 | hold 2 miss 0 late 12 | gap ms 33.47 | under 0 fill 464 | copy 2529 cy/line 36.27 Mcy/s | synth 2653 cy/pump 38.05 Mcy/s 1585 cy/sample | tri 166 px 57007 part 127 ch 5 | AHASH s=3672000 abe9098c
PROF PHRASE t=153 ph=11 the load frames=904 | clear=44135 sky=512882 floor=0 scene=3609866 flat=0 gouraud=0 chrome=670074 texture=2571039 furnace=120527 embers=137378 bloom=75585 veil=17799 titles=14770 fade=227 | setup=248225 total=4412645
T t=153.6 bar=80 ph=11 the load | render ms 15.52/15.59/15.78 | fps 59.7 | hold 1 miss 0 late 0 | gap ms 16.73 | under 0 fill 464 | copy 2541 cy/line 36.44 Mcy/s | synth 2572 cy/pump 36.89 Mcy/s 1537 cy/sample | tri 166 px 57065 part 127 ch 5 | AHASH s=3672000 abe9098c
PROF T t=153 ph=11 the load frames=60 | clear=44175 sky=509729 floor=0 scene=3881621 flat=0 gouraud=0 chrome=781611 texture=2736975 furnace=114548 embers=138939 bloom=74370 veil=875 titles=1311 fade=225 | setup=248486 total=4651249
T t=154.6 bar=80 ph=11 the load | render ms 15.50/15.55/15.72 | fps 59.7 | hold 1 miss 0 late 0 | gap ms 16.73 | under 0 fill 464 | copy 2542 cy/line 36.46 Mcy/s | synth 2607 cy/pump 37.38 Mcy/s 1557 cy/sample | tri 164 px 56561 part 127 ch 5 | AHASH s=3696000 3176b28e
PROF T t=154 ph=11 the load frames=60 | clear=44130 sky=507987 floor=0 scene=3874252 flat=0 gouraud=0 chrome=771190 texture=2738931 furnace=115963 embers=135984 bloom=74471 veil=867 titles=1313 fade=230 | setup=248167 total=4639236
T t=155.6 bar=81 ph=11 the load | render ms 15.54/15.61/15.73 | fps 59.7 | hold 1 miss 0 late 0 | gap ms 16.73 | under 0 fill 464 | copy 2539 cy/line 36.42 Mcy/s | synth 2686 cy/pump 38.52 Mcy/s 1605 cy/sample | tri 166 px 56468 part 127 ch 5 | AHASH s=3720000 95f09d70
PROF T t=155 ph=11 the load frames=60 | clear=44130 sky=508904 floor=0 scene=3883722 flat=0 gouraud=0 chrome=766202 texture=2740642 furnace=128357 embers=134412 bloom=81308 veil=877 titles=1353 fade=224 | setup=248519 total=4654933
T t=156.6 bar=81 ph=11 the load | render ms 15.57/15.63/15.79 | fps 59.7 | hold 1 miss 0 late 0 | gap ms 16.73 | under 0 fill 464 | copy 2523 cy/line 36.18 Mcy/s | synth 3048 cy/pump 43.71 Mcy/s 1821 cy/sample | tri 166 px 56495 part 127 ch 5 | AHASH s=3744000 ca1f9b64
PROF T t=156 ph=11 the load frames=60 | clear=44131 sky=508350 floor=0 scene=3889668 flat=0 gouraud=0 chrome=772357 texture=2741222 furnace=127525 embers=135773 bloom=82177 veil=879 titles=1330 fade=227 | setup=248562 total=4662539
T t=157.6 bar=82 ph=11 the load | render ms 15.59/15.64/15.81 | fps 59.7 | hold 1 miss 0 late 0 | gap ms 16.73 | under 0 fill 464 | copy 2526 cy/line 36.22 Mcy/s | synth 3047 cy/pump 43.70 Mcy/s 1820 cy/sample | tri 166 px 56468 part 127 ch 5 | AHASH s=3768000 9d415870
PROF T t=157 ph=11 the load frames=60 | clear=44130 sky=508336 floor=0 scene=3891758 flat=0 gouraud=0 chrome=775355 texture=2744385 furnace=124004 embers=136837 bloom=81939 veil=879 titles=1353 fade=223 | setup=248012 total=4665459
T t=158.6 bar=82 ph=11 the load | render ms 15.58/15.64/15.81 | fps 59.7 | hold 1 miss 0 late 0 | gap ms 16.73 | under 0 fill 464 | copy 2525 cy/line 36.21 Mcy/s | synth 3049 cy/pump 43.72 Mcy/s 1822 cy/sample | tri 166 px 56509 part 127 ch 5 | AHASH s=3792000 7d3d2864
PROF T t=158 ph=11 the load frames=60 | clear=44127 sky=508411 floor=0 scene=3893210 flat=0 gouraud=0 chrome=778827 texture=2745298 furnace=120694 embers=137564 bloom=80084 veil=863 titles=1336 fade=236 | setup=248390 total=4665835
T t=159.6 bar=83 ph=11 the load | render ms 15.49/15.59/15.82 | fps 59.7 | hold 1 miss 0 late 0 | gap ms 16.73 | under 0 fill 464 | copy 2525 cy/line 36.21 Mcy/s | synth 3047 cy/pump 43.70 Mcy/s 1820 cy/sample | tri 166 px 55878 part 127 ch 5 | AHASH s=3816000 deef4d72
PROF T t=159 ph=11 the load frames=60 | clear=44144 sky=507374 floor=0 scene=3879911 flat=0 gouraud=0 chrome=771443 texture=2743608 furnace=116924 embers=136714 bloom=78069 veil=879 titles=1325 fade=225 | setup=247934 total=4648644
T t=160.6 bar=83 ph=11 the load | render ms 15.41/15.50/15.73 | fps 59.7 | hold 1 miss 0 late 0 | gap ms 16.73 | under 0 fill 464 | copy 2524 cy/line 36.19 Mcy/s | synth 3049 cy/pump 43.72 Mcy/s 1822 cy/sample | tri 166 px 55265 part 127 ch 5 | AHASH s=3840000 9a42f6cc
PROF T t=160 ph=11 the load frames=60 | clear=44113 sky=507290 floor=0 scene=3858503 flat=0 gouraud=0 chrome=752715 texture=2744443 furnace=113259 embers=134753 bloom=76368 veil=875 titles=1339 fade=224 | setup=248085 total=4623468
T t=161.6 bar=84 ph=11 the load | render ms 15.34/15.42/15.64 | fps 59.7 | hold 1 miss 0 late 0 | gap ms 16.73 | under 0 fill 464 | copy 2523 cy/line 36.19 Mcy/s | synth 3050 cy/pump 43.74 Mcy/s 1822 cy/sample | tri 164 px 54772 part 127 ch 5 | AHASH s=3864000 41e70dda
PROF T t=161 ph=11 the load frames=60 | clear=44139 sky=507089 floor=0 scene=3835849 flat=0 gouraud=0 chrome=733522 texture=2744858 furnace=109872 embers=133876 bloom=74731 veil=875 titles=1314 fade=232 | setup=247597 total=4598108
T t=162.6 bar=84 ph=11 the load | render ms 15.32/15.38/15.57 | fps 59.7 | hold 1 miss 0 late 0 | gap ms 16.73 | under 0 fill 464 | copy 2523 cy/line 36.18 Mcy/s | synth 3048 cy/pump 43.72 Mcy/s 1821 cy/sample | tri 166 px 54611 part 127 ch 5 | AHASH s=3888000 31bd76a8
PROF T t=162 ph=11 the load frames=60 | clear=44120 sky=507010 floor=0 scene=3826178 flat=0 gouraud=0 chrome=728479 texture=2743953 furnace=106714 embers=134986 bloom=73276 veil=871 titles=1348 fade=232 | setup=247030 total=4588023
T t=163.6 bar=85 ph=11 the load | render ms 15.33/15.39/15.55 | fps 59.7 | hold 1 miss 0 late 0 | gap ms 16.73 | under 0 fill 464 | copy 2523 cy/line 36.18 Mcy/s | synth 3046 cy/pump 43.69 Mcy/s 1820 cy/sample | tri 166 px 54613 part 127 ch 5 | AHASH s=3912000 0ad3b991
PROF T t=163 ph=11 the load frames=60 | clear=44127 sky=507247 floor=0 scene=3829145 flat=0 gouraud=0 chrome=734492 texture=2742823 furnace=103949 embers=135908 bloom=71931 veil=875 titles=1326 fade=231 | setup=247880 total=4590793
T t=164.6 bar=85 ph=11 the load | render ms 15.33/15.39/15.57 | fps 59.7 | hold 1 miss 0 late 0 | gap ms 16.73 | under 0 fill 464 | copy 2521 cy/line 36.16 Mcy/s | synth 3047 cy/pump 43.70 Mcy/s 1821 cy/sample | tri 166 px 54563 part 127 ch 5 | AHASH s=3936000 b3d08b8f
PROF T t=164 ph=11 the load frames=60 | clear=44173 sky=506820 floor=0 scene=3828391 flat=0 gouraud=0 chrome=737880 texture=2740636 furnace=102067 embers=138039 bloom=70812 veil=865 titles=1308 fade=227 | setup=247807 total=4590638
T t=165.6 bar=86 ph=11 the load | render ms 15.26/15.36/15.57 | fps 59.7 | hold 1 miss 0 late 0 | gap ms 16.73 | under 0 fill 464 | copy 2521 cy/line 36.16 Mcy/s | synth 3048 cy/pump 43.71 Mcy/s 1821 cy/sample | tri 166 px 54457 part 127 ch 5 | AHASH s=3960000 d105d087
PROF T t=165 ph=11 the load frames=60 | clear=44108 sky=506730 floor=0 scene=3822462 flat=0 gouraud=0 chrome=740078 texture=2740626 furnace=93723 embers=138970 bloom=65486 veil=879 titles=1360 fade=226 | setup=248034 total=4580225
T t=166.7 bar=86 ph=11 the load | render ms 14.95/15.14/15.47 | fps 59.7 | hold 1 miss 0 late 0 | gap ms 16.73 | under 0 fill 464 | copy 2520 cy/line 36.14 Mcy/s | synth 3047 cy/pump 43.69 Mcy/s 1820 cy/sample | tri 166 px 53165 part 127 ch 5 | AHASH s=3984000 a355dacd
PROF T t=166 ph=11 the load frames=60 | clear=44096 sky=505103 floor=0 scene=3778535 flat=0 gouraud=0 chrome=727237 texture=2726276 furnace=77789 embers=136605 bloom=50072 veil=877 titles=1371 fade=233 | setup=247232 total=4516896
T t=167.7 bar=87 ph=11 the load | render ms 14.73/14.88/15.19 | fps 59.7 | hold 1 miss 0 late 0 | gap ms 16.73 | under 0 fill 464 | copy 2516 cy/line 36.09 Mcy/s | synth 3044 cy/pump 43.65 Mcy/s 1818 cy/sample | tri 166 px 51855 part 127 ch 5 | AHASH s=4008000 91641358
PROF T t=167 ph=11 the load frames=60 | clear=44104 sky=503854 floor=0 scene=3712019 flat=0 gouraud=0 chrome=707424 texture=2683854 furnace=73360 embers=133750 bloom=42589 veil=873 titles=1354 fade=227 | setup=247379 total=4438772
T t=168.7 bar=87 ph=11 the load | render ms 14.57/15.20/18.43 | fps 51.9 | hold 2 miss 0 late 8 | gap ms 33.47 | under 0 fill 464 | copy 2503 cy/line 35.90 Mcy/s | synth 3032 cy/pump 43.48 Mcy/s 1811 cy/sample | tri 168 px 50613 part 127 ch 5 | AHASH s=4032000 966fd824
PROF T t=168 ph=11 the load frames=53 | clear=44135 sky=504744 floor=0 scene=3651445 flat=0 gouraud=0 chrome=687723 texture=2645092 furnace=71034 embers=132667 bloom=40360 veil=159220 titles=1349 fade=224 | setup=247594 total=4534147
PHRASE t=168.9 bar=88 ph=12 the spine | render ms 10.82/15.44/18.53 | fps 58.7 | hold 2 miss 0 late 15 | gap ms 33.47 | under 0 fill 464 | copy 2523 cy/line 36.18 Mcy/s | synth 2990 cy/pump 42.88 Mcy/s 1786 cy/sample | tri 150 px 10122 part 115 ch 6 | AHASH s=4056000 2a6e3e64
PROF PHRASE t=168 ph=12 the spine frames=903 | clear=44137 sky=507118 floor=0 scene=3827465 flat=0 gouraud=0 chrome=745124 texture=2728786 furnace=105567 embers=135807 bloom=69498 veil=20411 titles=1339 fade=228 | setup=247987 total=4606005
T t=169.7 bar=88 ph=12 the spine | render ms 6.72/10.34/18.53 | fps 52.7 | hold 2 miss 0 late 7 | gap ms 33.47 | under 0 fill 464 | copy 2454 cy/line 35.20 Mcy/s | synth 2980 cy/pump 42.73 Mcy/s 1780 cy/sample | tri 154 px 10360 part 115 ch 6 | AHASH s=4056000 2a6e3e64
PROF T t=169 ph=12 the spine frames=53 | clear=44262 sky=498622 floor=0 scene=1639900 flat=0 gouraud=0 chrome=280001 texture=1058457 furnace=9127 embers=127336 bloom=5202 veil=758354 titles=1314 fade=234 | setup=292313 total=3075228
T t=170.7 bar=88 ph=12 the spine | render ms 6.78/6.92/7.12 | fps 59.7 | hold 1 miss 0 late 0 | gap ms 16.73 | under 0 fill 464 | copy 2429 cy/line 34.83 Mcy/s | synth 3019 cy/pump 43.30 Mcy/s 1804 cy/sample | tri 156 px 11071 part 115 ch 6 | AHASH s=4080000 3b693886
PROF T t=170 ph=12 the spine frames=60 | clear=44130 sky=499704 floor=0 scene=1363824 flat=0 gouraud=0 chrome=225625 texture=863654 furnace=0 embers=126018 bloom=0 veil=823 titles=14638 fade=235 | setup=274543 total=2049376
T t=171.7 bar=89 ph=12 the spine | render ms 6.96/7.03/7.24 | fps 59.7 | hold 1 miss 0 late 0 | gap ms 16.73 | under 0 fill 464 | copy 2429 cy/line 34.84 Mcy/s | synth 3015 cy/pump 43.23 Mcy/s 1801 cy/sample | tri 154 px 10696 part 115 ch 6 | AHASH s=4104000 9dae99f0
PROF T t=171 ph=12 the spine frames=60 | clear=44130 sky=502888 floor=0 scene=1382683 flat=0 gouraud=0 chrome=230684 texture=890408 furnace=0 embers=125489 bloom=0 veil=818 titles=26260 fade=234 | setup=261590 total=2082505
T t=172.7 bar=89 ph=12 the spine | render ms 6.84/6.96/7.10 | fps 59.7 | hold 1 miss 0 late 0 | gap ms 16.73 | under 0 fill 464 | copy 2428 cy/line 34.83 Mcy/s | synth 3017 cy/pump 43.26 Mcy/s 1802 cy/sample | tri 150 px 10537 part 115 ch 6 | AHASH s=4128000 570b885b
PROF T t=172 ph=12 the spine frames=60 | clear=44132 sky=502911 floor=0 scene=1359856 flat=0 gouraud=0 chrome=250328 texture=849300 furnace=0 embers=126303 bloom=0 veil=794 titles=26306 fade=228 | setup=260227 total=2060534
T t=173.7 bar=90 ph=12 the spine | render ms 6.61/6.82/7.16 | fps 59.7 | hold 1 miss 0 late 0 | gap ms 16.73 | under 0 fill 464 | copy 2429 cy/line 34.83 Mcy/s | synth 3015 cy/pump 43.24 Mcy/s 1801 cy/sample | tri 150 px 10327 part 115 ch 6 | AHASH s=4152000 ca16384e
PROF T t=173 ph=12 the spine frames=60 | clear=44112 sky=502695 floor=0 scene=1315710 flat=0 gouraud=0 chrome=245978 texture=854010 furnace=0 embers=128681 bloom=0 veil=822 titles=26283 fade=229 | setup=215720 total=2018536
T t=174.7 bar=91 ph=12 the spine | render ms 6.59/6.72/6.82 | fps 59.7 | hold 1 miss 0 late 0 | gap ms 16.73 | under 0 fill 464 | copy 2430 cy/line 34.85 Mcy/s | synth 3018 cy/pump 43.29 Mcy/s 1803 cy/sample | tri 156 px 10027 part 115 ch 6 | AHASH s=4176000 0d111beb
PROF T t=174 ph=12 the spine frames=60 | clear=44108 sky=502464 floor=0 scene=1286991 flat=0 gouraud=0 chrome=248302 texture=854721 furnace=0 embers=129367 bloom=0 veil=817 titles=26377 fade=230 | setup=183967 total=1990357
T t=175.7 bar=91 ph=12 the spine | render ms 6.57/6.62/6.75 | fps 59.7 | hold 1 miss 0 late 0 | gap ms 16.73 | under 0 fill 464 | copy 2428 cy/line 34.82 Mcy/s | synth 3017 cy/pump 43.27 Mcy/s 1803 cy/sample | tri 154 px 9746 part 115 ch 6 | AHASH s=4200000 b9b23caa
PROF T t=175 ph=12 the spine frames=60 | clear=44138 sky=502277 floor=0 scene=1257241 flat=0 gouraud=0 chrome=239354 texture=831463 furnace=0 embers=128256 bloom=0 veil=824 titles=26270 fade=230 | setup=186423 total=1959238
T t=176.7 bar=92 ph=12 the spine | render ms 6.42/6.51/6.75 | fps 59.7 | hold 1 miss 0 late 0 | gap ms 16.73 | under 0 fill 464 | copy 2427 cy/line 34.81 Mcy/s | synth 3015 cy/pump 43.24 Mcy/s 1801 cy/sample | tri 150 px 9238 part 115 ch 6 | AHASH s=4224000 ec41826b
PROF T t=176 ph=12 the spine frames=60 | clear=44138 sky=502531 floor=0 scene=1222253 flat=0 gouraud=0 chrome=240926 texture=795357 furnace=0 embers=128935 bloom=0 veil=808 titles=26301 fade=231 | setup=185969 total=1925200
T t=177.7 bar=92 ph=12 the spine | render ms 6.33/6.43/6.64 | fps 59.7 | hold 1 miss 0 late 0 | gap ms 16.73 | under 0 fill 464 | copy 2426 cy/line 34.79 Mcy/s | synth 3015 cy/pump 43.25 Mcy/s 1802 cy/sample | tri 150 px 9026 part 115 ch 6 | AHASH s=4248000 a8146d58
PROF T t=177 ph=12 the spine frames=60 | clear=44084 sky=502621 floor=0 scene=1200985 flat=0 gouraud=0 chrome=245714 texture=768762 furnace=0 embers=128542 bloom=0 veil=802 titles=26249 fade=226 | setup=186507 total=1903512
T t=178.7 bar=93 ph=12 the spine | render ms 6.07/6.29/6.63 | fps 59.7 | hold 1 miss 0 late 0 | gap ms 16.73 | under 0 fill 464 | copy 2425 cy/line 34.78 Mcy/s | synth 3017 cy/pump 43.26 Mcy/s 1802 cy/sample | tri 154 px 8323 part 115 ch 6 | AHASH s=4272000 2c216a89
PROF T t=178 ph=12 the spine frames=60 | clear=44112 sky=500940 floor=0 scene=1165993 flat=0 gouraud=0 chrome=239958 texture=739779 furnace=0 embers=126977 bloom=0 veil=824 titles=20896 fade=233 | setup=186255 total=1859979
T t=179.7 bar=93 ph=12 the spine | render ms 6.05/6.16/6.33 | fps 59.7 | hold 1 miss 0 late 0 | gap ms 16.73 | under 0 fill 464 | copy 2425 cy/line 34.78 Mcy/s | synth 3019 cy/pump 43.30 Mcy/s 1804 cy/sample | tri 156 px 8162 part 115 ch 6 | AHASH s=4296000 294d03a0
PROF T t=179 ph=12 the spine frames=60 | clear=44106 sky=496067 floor=0 scene=1153620 flat=0 gouraud=0 chrome=236404 texture=728355 furnace=0 embers=125663 bloom=0 veil=822 titles=1360 fade=238 | setup=188859 total=1821877
T t=180.7 bar=94 ph=12 the spine | render ms 6.08/6.18/6.27 | fps 59.7 | hold 1 miss 0 late 0 | gap ms 16.73 | under 0 fill 464 | copy 2425 cy/line 34.77 Mcy/s | synth 3020 cy/pump 43.31 Mcy/s 1804 cy/sample | tri 150 px 8353 part 115 ch 6 | AHASH s=4320000 c078dc9b
PROF T t=180 ph=12 the spine frames=60 | clear=44132 sky=495924 floor=0 scene=1160314 flat=0 gouraud=0 chrome=238333 texture=732571 furnace=0 embers=124218 bloom=0 veil=814 titles=1383 fade=225 | setup=189409 total=1827012
T t=181.7 bar=94 ph=12 the spine | render ms 6.08/6.19/6.39 | fps 59.7 | hold 1 miss 0 late 0 | gap ms 16.73 | under 0 fill 464 | copy 2425 cy/line 34.78 Mcy/s | synth 3021 cy/pump 43.32 Mcy/s 1805 cy/sample | tri 150 px 8502 part 115 ch 6 | AHASH s=4344000 7b701b47
PROF T t=181 ph=12 the spine frames=60 | clear=44122 sky=495632 floor=0 scene=1163571 flat=0 gouraud=0 chrome=240557 texture=734240 furnace=0 embers=123435 bloom=0 veil=803 titles=1385 fade=232 | setup=188773 total=1829184
T t=182.7 bar=95 ph=12 the spine | render ms 6.12/6.19/6.38 | fps 59.7 | hold 1 miss 0 late 0 | gap ms 16.73 | under 0 fill 464 | copy 2425 cy/line 34.78 Mcy/s | synth 3017 cy/pump 43.27 Mcy/s 1802 cy/sample | tri 150 px 8202 part 115 ch 6 | AHASH s=4368000 db66af5d
PROF T t=182 ph=12 the spine frames=60 | clear=44149 sky=495562 floor=0 scene=1165583 flat=0 gouraud=0 chrome=238502 texture=737840 furnace=0 embers=122068 bloom=0 veil=802 titles=1393 fade=221 | setup=189239 total=1829780
T t=183.7 bar=95 ph=12 the spine | render ms 6.12/6.20/6.36 | fps 59.7 | hold 1 miss 0 late 0 | gap ms 16.73 | under 0 fill 464 | copy 2425 cy/line 34.77 Mcy/s | synth 3020 cy/pump 43.30 Mcy/s 1804 cy/sample | tri 156 px 8145 part 115 ch 6 | AHASH s=4392000 834ccdbe
PROF T t=183 ph=12 the spine frames=60 | clear=44136 sky=496016 floor=0 scene=1166290 flat=0 gouraud=0 chrome=238800 texture=736905 furnace=0 embers=124426 bloom=0 veil=798 titles=1389 fade=224 | setup=190584 total=1833281
PHRASE t=184.3 bar=96 ph=13 the spine | render ms 6.05/6.65/23.82 | fps 59.6 | hold 2 miss 0 late 1 | gap ms 33.47 | under 0 fill 464 | copy 2428 cy/line 34.82 Mcy/s | synth 3018 cy/pump 43.28 Mcy/s 1803 cy/sample | tri 624 px 76928 part 102 ch 6 | AHASH s=4416000 7f5e6d22
PROF PHRASE t=184 ph=13 the spine frames=917 | clear=44129 sky=499599 floor=0 scene=1248236 flat=61 gouraud=0 chrome=239482 texture=797716 furnace=0 embers=126307 bloom=0 veil=34508 titles=14932 fade=230 | setup=210975 total=1967942
T t=184.7 bar=96 ph=13 the spine | render ms 6.14/11.96/24.13 | fps 45.0 | hold 2 miss 0 late 15 | gap ms 33.47 | under 0 fill 464 | copy 2450 cy/line 35.13 Mcy/s | synth 3024 cy/pump 43.36 Mcy/s 1807 cy/sample | tri 622 px 75748 part 102 ch 6 | AHASH s=4416000 7f5e6d22
PROF T t=184 ph=13 the spine frames=46 | clear=44240 sky=505989 floor=0 scene=2884998 flat=18964 gouraud=0 chrome=424254 texture=2036804 furnace=0 embers=122532 bloom=0 veil=808 titles=1399 fade=224 | setup=404974 total=3560193
T t=185.7 bar=96 ph=13 the spine | render ms 22.92/23.32/23.75 | fps 29.8 | hold 2 miss 0 late 30 | gap ms 33.47 | under 0 fill 464 | copy 2474 cy/line 35.48 Mcy/s | synth 3025 cy/pump 43.38 Mcy/s 1807 cy/sample | tri 614 px 72700 part 102 ch 6 | AHASH s=4440000 f6688f25
PROF T t=185 ph=13 the spine frames=30 | clear=44125 sky=525396 floor=0 scene=6280783 flat=64475 gouraud=0 chrome=790441 texture=4577755 furnace=0 embers=113919 bloom=0 veil=850 titles=1424 fade=224 | setup=848110 total=6966723
T t=186.8 bar=97 ph=13 the spine | render ms 22.01/22.54/23.13 | fps 29.8 | hold 2 miss 0 late 30 | gap ms 33.47 | under 0 fill 464 | copy 2471 cy/line 35.44 Mcy/s | synth 3022 cy/pump 43.34 Mcy/s 1806 cy/sample | tri 600 px 68913 part 102 ch 6 | AHASH s=4464000 08a66ad1
PROF T t=186 ph=13 the spine frames=30 | clear=44213 sky=525212 floor=0 scene=6047589 flat=69468 gouraud=0 chrome=776457 texture=4354652 furnace=0 embers=113367 bloom=0 veil=838 titles=1416 fade=224 | setup=847010 total=6732861
T t=187.8 bar=97 ph=13 the spine | render ms 21.34/21.77/22.28 | fps 29.8 | hold 2 miss 0 late 30 | gap ms 33.47 | under 0 fill 464 | copy 2469 cy/line 35.41 Mcy/s | synth 3022 cy/pump 43.33 Mcy/s 1805 cy/sample | tri 614 px 64844 part 102 ch 6 | AHASH s=4488000 d442a545
PROF T t=187 ph=13 the spine frames=30 | clear=44194 sky=525104 floor=0 scene=5816883 flat=69221 gouraud=0 chrome=767203 texture=4134876 furnace=0 embers=112604 bloom=0 veil=846 titles=1410 fade=232 | setup=845581 total=6501277
T t=188.8 bar=98 ph=13 the spine | render ms 20.52/20.97/21.56 | fps 29.8 | hold 2 miss 0 late 30 | gap ms 33.47 | under 0 fill 464 | copy 2464 cy/line 35.34 Mcy/s | synth 3020 cy/pump 43.31 Mcy/s 1804 cy/sample | tri 618 px 60773 part 102 ch 6 | AHASH s=4512000 e4258c4c
PROF T t=188 ph=13 the spine frames=30 | clear=44195 sky=522070 floor=0 scene=5580760 flat=68697 gouraud=0 chrome=756075 texture=3908554 furnace=0 embers=112648 bloom=0 veil=862 titles=1417 fade=222 | setup=847432 total=6262176
T t=189.8 bar=98 ph=13 the spine | render ms 19.79/20.18/20.69 | fps 29.8 | hold 2 miss 0 late 30 | gap ms 33.47 | under 0 fill 464 | copy 2459 cy/line 35.27 Mcy/s | synth 3021 cy/pump 43.32 Mcy/s 1805 cy/sample | tri 616 px 57441 part 102 ch 6 | AHASH s=4536000 3857df0b
PROF T t=189 ph=13 the spine frames=30 | clear=44205 sky=520643 floor=0 scene=5346248 flat=68429 gouraud=0 chrome=739243 texture=3691145 furnace=0 embers=112876 bloom=0 veil=841 titles=1405 fade=234 | setup=847429 total=6026455
T t=190.8 bar=99 ph=13 the spine | render ms 19.21/19.58/20.02 | fps 29.8 | hold 2 miss 0 late 30 | gap ms 33.47 | under 0 fill 464 | copy 2456 cy/line 35.22 Mcy/s | synth 3021 cy/pump 43.32 Mcy/s 1805 cy/sample | tri 638 px 53402 part 102 ch 6 | AHASH s=4560000 34b08260
PROF T t=190 ph=13 the spine frames=30 | clear=44165 sky=520279 floor=0 scene=5164582 flat=73253 gouraud=0 chrome=717124 texture=3525204 furnace=0 embers=113243 bloom=0 veil=869 titles=1431 fade=232 | setup=849000 total=5844803
T t=191.8 bar=99 ph=13 the spine | render ms 18.60/18.98/19.46 | fps 29.8 | hold 2 miss 0 late 30 | gap ms 33.47 | under 0 fill 464 | copy 2453 cy/line 35.18 Mcy/s | synth 3017 cy/pump 43.26 Mcy/s 1802 cy/sample | tri 636 px 49550 part 102 ch 6 | AHASH s=4584000 5c02ea2f
PROF T t=191 ph=13 the spine frames=30 | clear=44219 sky=520554 floor=0 scene=4986860 flat=79005 gouraud=0 chrome=683679 texture=3375403 furnace=0 embers=113242 bloom=0 veil=830 titles=1406 fade=223 | setup=848771 total=5667336
T t=192.8 bar=100 ph=13 the spine | render ms 17.82/18.29/18.77 | fps 29.8 | hold 2 miss 0 late 30 | gap ms 33.47 | under 0 fill 464 | copy 2451 cy/line 35.15 Mcy/s | synth 3015 cy/pump 43.24 Mcy/s 1801 cy/sample | tri 642 px 45917 part 103 ch 6 | AHASH s=4608000 9c8c2e5e
PROF T t=192 ph=13 the spine frames=30 | clear=44215 sky=521335 floor=0 scene=4775264 flat=80137 gouraud=0 chrome=645636 texture=3199980 furnace=0 embers=114048 bloom=0 veil=841 titles=1423 fade=222 | setup=849509 total=5457351
T t=193.8 bar=100 ph=13 the spine | render ms 17.18/17.56/17.97 | fps 29.8 | hold 2 miss 0 late 30 | gap ms 33.47 | under 0 fill 464 | copy 2450 cy/line 35.13 Mcy/s | synth 3016 cy/pump 43.25 Mcy/s 1802 cy/sample | tri 646 px 42859 part 103 ch 6 | AHASH s=4632000 82c359a6
PROF T t=193 ph=13 the spine frames=30 | clear=44191 sky=522009 floor=0 scene=4553156 flat=81390 gouraud=0 chrome=606456 texture=3015984 furnace=0 embers=116460 bloom=0 veil=869 titles=1432 fade=231 | setup=849324 total=5238349
T t=194.8 bar=101 ph=13 the spine | render ms 16.76/16.97/17.33 | fps 29.8 | hold 2 miss 0 late 30 | gap ms 33.47 | under 0 fill 464 | copy 2447 cy/line 35.10 Mcy/s | synth 3011 cy/pump 43.19 Mcy/s 1799 cy/sample | tri 642 px 40454 part 103 ch 6 | AHASH s=4656000 cc213693
PROF T t=194 ph=13 the spine frames=30 | clear=44188 sky=522655 floor=0 scene=4378032 flat=81400 gouraud=0 chrome=573771 texture=2876067 furnace=0 embers=116369 bloom=0 veil=866 titles=1437 fade=224 | setup=846792 total=5063773
T t=195.8 bar=102 ph=13 the spine | render ms 16.35/16.56/16.94 | fps 54.7 | hold 2 miss 0 late 5 | gap ms 33.47 | under 0 fill 464 | copy 2483 cy/line 35.61 Mcy/s | synth 3060 cy/pump 43.89 Mcy/s 1828 cy/sample | tri 646 px 38536 part 104 ch 6 | AHASH s=4680000 bc62e6e7
PROF T t=195 ph=13 the spine frames=55 | clear=44132 sky=522784 floor=0 scene=4254943 flat=82877 gouraud=0 chrome=555368 texture=2770275 furnace=0 embers=114707 bloom=0 veil=855 titles=1435 fade=239 | setup=846420 total=4939099
T t=196.8 bar=102 ph=13 the spine | render ms 16.02/16.22/16.51 | fps 58.7 | hold 2 miss 0 late 1 | gap ms 33.47 | under 0 fill 464 | copy 2484 cy/line 35.62 Mcy/s | synth 3072 cy/pump 44.06 Mcy/s 1835 cy/sample | tri 654 px 36778 part 104 ch 6 | AHASH s=4704000 f071fff0
PROF T t=196 ph=13 the spine frames=59 | clear=44151 sky=523304 floor=0 scene=4154146 flat=85127 gouraud=0 chrome=545445 texture=2676917 furnace=0 embers=114843 bloom=0 veil=854 titles=1408 fade=229 | setup=846656 total=4838937
T t=197.8 bar=103 ph=13 the spine | render ms 15.54/15.82/16.16 | fps 58.7 | hold 2 miss 0 late 1 | gap ms 33.47 | under 0 fill 464 | copy 2480 cy/line 35.57 Mcy/s | synth 3070 cy/pump 44.03 Mcy/s 1834 cy/sample | tri 650 px 34829 part 106 ch 6 | AHASH s=4728000 9599cf61
PROF T t=197 ph=13 the spine frames=59 | clear=44141 sky=522373 floor=0 scene=4034390 flat=87322 gouraud=0 chrome=528635 texture=2572799 furnace=0 embers=113508 bloom=0 veil=859 titles=1424 fade=231 | setup=845632 total=4716929
T t=198.8 bar=103 ph=13 the spine | render ms 14.97/15.26/15.67 | fps 59.7 | hold 1 miss 0 late 0 | gap ms 16.73 | under 0 fill 464 | copy 2476 cy/line 35.50 Mcy/s | synth 3074 cy/pump 44.08 Mcy/s 1836 cy/sample | tri 644 px 32475 part 106 ch 6 | AHASH s=4752000 150d43de
PROF T t=198 ph=13 the spine frames=60 | clear=44132 sky=522362 floor=0 scene=3864591 flat=89386 gouraud=0 chrome=507206 texture=2424114 furnace=0 embers=116297 bloom=0 veil=842 titles=1402 fade=229 | setup=843884 total=4549857
PHRASE t=199.6 bar=104 ph=14 the spine | render ms 14.55/18.08/24.13 | fps 38.8 | hold 2 miss 0 late 321 | gap ms 33.47 | under 0 fill 464 | copy 2466 cy/line 35.37 Mcy/s | synth 3035 cy/pump 43.52 Mcy/s 1813 cy/sample | tri 644 px 30490 part 115 ch 6 | AHASH s=4776000 625e270e
PROF PHRASE t=199 ph=14 the spine frames=596 | clear=44171 sky=522703 floor=0 scene=4713117 flat=79590 gouraud=0 chrome=623115 texture=3163886 furnace=0 embers=114517 bloom=0 veil=851 titles=1418 fade=228 | setup=846524 total=5397008
T t=199.8 bar=104 ph=14 the spine | render ms 14.48/14.71/15.05 | fps 59.7 | hold 1 miss 0 late 0 | gap ms 16.73 | under 0 fill 464 | copy 2469 cy/line 35.41 Mcy/s | synth 3068 cy/pump 44.00 Mcy/s 1833 cy/sample | tri 648 px 30065 part 115 ch 6 | AHASH s=4776000 625e270e
PROF T t=199 ph=14 the spine frames=60 | clear=44152 sky=522734 floor=0 scene=3697454 flat=91216 gouraud=0 chrome=488986 texture=2275324 furnace=0 embers=118840 bloom=0 veil=853 titles=1412 fade=226 | setup=841927 total=4385674
T t=200.8 bar=104 ph=14 the spine | render ms 13.86/14.17/14.57 | fps 59.7 | hold 1 miss 0 late 0 | gap ms 16.73 | under 0 fill 464 | copy 2463 cy/line 35.33 Mcy/s | synth 3070 cy/pump 44.03 Mcy/s 1834 cy/sample | tri 650 px 27277 part 115 ch 6 | AHASH s=4800000 a7f2d6fb
PROF T t=200 ph=14 the spine frames=60 | clear=44131 sky=521960 floor=0 scene=3530448 flat=93215 gouraud=0 chrome=477055 texture=2119520 furnace=0 embers=124908 bloom=0 veil=855 titles=1422 fade=227 | setup=840657 total=4223954
T t=201.8 bar=105 ph=14 the spine | render ms 13.25/13.57/13.98 | fps 59.7 | hold 1 miss 0 late 0 | gap ms 16.73 | under 0 fill 464 | copy 2456 cy/line 35.23 Mcy/s | synth 3063 cy/pump 43.93 Mcy/s 1830 cy/sample | tri 652 px 24530 part 115 ch 6 | AHASH s=4824000 b075041f
PROF T t=201 ph=14 the spine frames=60 | clear=44111 sky=521388 floor=0 scene=3351798 flat=95144 gouraud=0 chrome=461563 texture=1955535 furnace=0 embers=124224 bloom=0 veil=843 titles=1399 fade=228 | setup=839554 total=4043994
T t=202.8 bar=105 ph=14 the spine | render ms 12.57/12.93/13.35 | fps 59.7 | hold 1 miss 0 late 0 | gap ms 16.73 | under 0 fill 464 | copy 2450 cy/line 35.13 Mcy/s | synth 3059 cy/pump 43.87 Mcy/s 1827 cy/sample | tri 642 px 21696 part 115 ch 6 | AHASH s=4848000 f021a5d9
PROF T t=202 ph=14 the spine frames=60 | clear=44086 sky=518222 floor=0 scene=3164290 flat=99236 gouraud=0 chrome=426956 texture=1800924 furnace=0 embers=123227 bloom=0 veil=851 titles=1399 fade=232 | setup=837172 total=3852311
T t=203.8 bar=106 ph=14 the spine | render ms 11.97/12.26/12.66 | fps 59.7 | hold 1 miss 0 late 0 | gap ms 16.73 | under 0 fill 464 | copy 2444 cy/line 35.05 Mcy/s | synth 3052 cy/pump 43.77 Mcy/s 1824 cy/sample | tri 646 px 18767 part 115 ch 6 | AHASH s=4872000 a990b9de
PROF T t=203 ph=14 the spine frames=60 | clear=44092 sky=508062 floor=0 scene=2970383 flat=97831 gouraud=0 chrome=361193 texture=1674070 furnace=0 embers=123794 bloom=0 veil=861 titles=1390 fade=215 | setup=837288 total=3648800
T t=204.8 bar=106 ph=14 the spine | render ms 11.49/11.71/12.10 | fps 59.7 | hold 1 miss 0 late 0 | gap ms 16.73 | under 0 fill 464 | copy 2439 cy/line 34.98 Mcy/s | synth 3050 cy/pump 43.75 Mcy/s 1822 cy/sample | tri 644 px 16272 part 115 ch 6 | AHASH s=4896000 d9ad139a
PROF T t=204 ph=14 the spine frames=60 | clear=44073 sky=503368 floor=0 scene=2808948 flat=92962 gouraud=0 chrome=325670 texture=1553616 furnace=0 embers=127874 bloom=0 veil=855 titles=1381 fade=222 | setup=836698 total=3486725
T t=205.8 bar=107 ph=14 the spine | render ms 11.03/11.26/11.65 | fps 59.7 | hold 1 miss 0 late 0 | gap ms 16.73 | under 0 fill 464 | copy 2435 cy/line 34.91 Mcy/s | synth 3045 cy/pump 43.67 Mcy/s 1819 cy/sample | tri 648 px 13833 part 115 ch 6 | AHASH s=4920000 bca9eaa2
PROF T t=205 ph=14 the spine frames=60 | clear=44082 sky=502464 floor=0 scene=2672266 flat=88065 gouraud=0 chrome=310754 texture=1438737 furnace=0 embers=128849 bloom=0 veil=845 titles=1389 fade=208 | setup=834709 total=3350106
T t=206.9 bar=107 ph=14 the spine | render ms 10.58/10.80/11.17 | fps 59.7 | hold 1 miss 0 late 0 | gap ms 16.73 | under 0 fill 464 | copy 2430 cy/line 34.85 Mcy/s | synth 3043 cy/pump 43.64 Mcy/s 1818 cy/sample | tri 652 px 11692 part 115 ch 6 | AHASH s=4944000 4e29cf8b
PROF T t=206 ph=14 the spine frames=60 | clear=44089 sky=502224 floor=0 scene=2535916 flat=83508 gouraud=0 chrome=309985 texture=1308863 furnace=0 embers=127212 bloom=0 veil=861 titles=1371 fade=218 | setup=833560 total=3211894
T t=207.9 bar=108 ph=14 the spine | render ms 10.20/10.39/10.76 | fps 59.7 | hold 1 miss 0 late 0 | gap ms 16.73 | under 0 fill 464 | copy 2426 cy/line 34.80 Mcy/s | synth 3035 cy/pump 43.53 Mcy/s 1813 cy/sample | tri 648 px 9983 part 115 ch 6 | AHASH s=4968000 e967a20a
PROF T t=207 ph=14 the spine frames=60 | clear=44048 sky=501579 floor=0 scene=2414844 flat=79410 gouraud=0 chrome=307113 texture=1197654 furnace=0 embers=126735 bloom=0 veil=864 titles=1353 fade=217 | setup=830665 total=3089643
T t=208.9 bar=108 ph=14 the spine | render ms 9.97/10.09/10.33 | fps 59.7 | hold 1 miss 0 late 0 | gap ms 16.73 | under 0 fill 464 | copy 2423 cy/line 34.75 Mcy/s | synth 3035 cy/pump 43.53 Mcy/s 1813 cy/sample | tri 650 px 8881 part 115 ch 6 | AHASH s=4992000 2c73c629
PROF T t=208 ph=14 the spine frames=60 | clear=44041 sky=501282 floor=0 scene=2323833 flat=75793 gouraud=0 chrome=299620 texture=1119332 furnace=0 embers=127782 bloom=0 veil=843 titles=1383 fade=227 | setup=829087 total=2999394
T t=209.9 bar=109 ph=14 the spine | render ms 9.78/9.87/10.12 | fps 59.7 | hold 1 miss 0 late 0 | gap ms 16.73 | under 0 fill 464 | copy 2421 cy/line 34.72 Mcy/s | synth 3034 cy/pump 43.51 Mcy/s 1813 cy/sample | tri 650 px 8196 part 115 ch 6 | AHASH s=5016000 da8972a4
PROF T t=209 ph=14 the spine frames=60 | clear=44064 sky=500649 floor=0 scene=2261886 flat=72257 gouraud=0 chrome=288743 texture=1071312 furnace=0 embers=125501 bloom=0 veil=851 titles=1373 fade=218 | setup=829572 total=2934544
T t=210.9 bar=109 ph=14 the spine | render ms 9.63/9.71/9.94 | fps 59.7 | hold 1 miss 0 late 0 | gap ms 16.73 | under 0 fill 464 | copy 2420 cy/line 34.71 Mcy/s | synth 3032 cy/pump 43.48 Mcy/s 1812 cy/sample | tri 652 px 7503 part 115 ch 6 | AHASH s=5040000 fb19c748
PROF T t=210 ph=14 the spine frames=60 | clear=44057 sky=500428 floor=0 scene=2215626 flat=66090 gouraud=0 chrome=288713 texture=1031781 furnace=0 embers=123939 bloom=0 veil=865 titles=1375 fade=225 | setup=829040 total=2886517
T t=211.9 bar=110 ph=14 the spine | render ms 9.48/9.57/9.83 | fps 59.7 | hold 1 miss 0 late 0 | gap ms 16.73 | under 0 fill 464 | copy 2419 cy/line 34.70 Mcy/s | synth 3036 cy/pump 43.54 Mcy/s 1814 cy/sample | tri 652 px 6967 part 115 ch 6 | AHASH s=5064000 87a5ee77
PROF T t=211 ph=14 the spine frames=60 | clear=44063 sky=500438 floor=0 scene=2172592 flat=58068 gouraud=0 chrome=285663 texture=999105 furnace=0 embers=123756 bloom=0 veil=857 titles=1370 fade=228 | setup=829755 total=2843307
T t=212.9 bar=110 ph=14 the spine | render ms 9.36/9.43/9.65 | fps 59.7 | hold 1 miss 0 late 0 | gap ms 16.73 | under 0 fill 464 | copy 2418 cy/line 34.68 Mcy/s | synth 3033 cy/pump 43.50 Mcy/s 1812 cy/sample | tri 652 px 6536 part 115 ch 6 | AHASH s=5088000 949206dd
PROF T t=212 ph=14 the spine frames=60 | clear=44053 sky=500151 floor=0 scene=2132694 flat=50701 gouraud=0 chrome=283315 texture=969589 furnace=0 embers=123534 bloom=0 veil=845 titles=1387 fade=230 | setup=829087 total=2802897
T t=213.9 bar=111 ph=14 the spine | render ms 9.23/9.32/9.51 | fps 59.7 | hold 1 miss 0 late 0 | gap ms 16.73 | under 0 fill 464 | copy 2417 cy/line 34.66 Mcy/s | synth 3035 cy/pump 43.53 Mcy/s 1813 cy/sample | tri 650 px 6136 part 115 ch 6 | AHASH s=5112000 c792daea
PROF T t=213 ph=14 the spine frames=60 | clear=44036 sky=500084 floor=0 scene=2095839 flat=45722 gouraud=0 chrome=278223 texture=943720 furnace=0 embers=124722 bloom=0 veil=847 titles=1385 fade=215 | setup=828173 total=2767131
T t=214.9 bar=111 ph=14 the spine | render ms 9.17/10.61/13.02 | fps 59.7 | hold 1 miss 0 late 0 | gap ms 16.73 | under 0 fill 464 | copy 2429 cy/line 34.84 Mcy/s | synth 3039 cy/pump 43.58 Mcy/s 1816 cy/sample | tri 652 px 5699 part 115 ch 6 | AHASH s=5136000 82409aa2
PROF T t=214 ph=14 the spine frames=60 | clear=44061 sky=499962 floor=0 scene=2058929 flat=39121 gouraud=0 chrome=275413 texture=917094 furnace=0 embers=126016 bloom=0 veil=423936 titles=1372 fade=216 | setup=827300 total=3154495
PHRASE t=215.0 bar=112 ph=15 the crown | render ms 9.17/11.11/18.14 | fps 59.6 | hold 2 miss 0 late 1 | gap ms 33.47 | under 0 fill 464 | copy 2433 cy/line 34.90 Mcy/s | synth 3044 cy/pump 43.66 Mcy/s 1819 cy/sample | tri 328 px 47932 part 115 ch 7 | AHASH s=5160000 708f258d
PROF PHRASE t=215 ph=15 the crown frames=918 | clear=44078 sky=505706 floor=0 scene=2590806 flat=76224 gouraud=0 chrome=333076 texture=1348936 furnace=0 embers=125484 bloom=23 veil=37355 titles=1384 fade=222 | setup=832568 total=3305062
T t=215.9 bar=112 ph=15 the crown | render ms 12.98/15.35/18.31 | fps 44.8 | hold 2 miss 0 late 15 | gap ms 33.47 | under 0 fill 464 | copy 2470 cy/line 35.43 Mcy/s | synth 3031 cy/pump 43.46 Mcy/s 1811 cy/sample | tri 328 px 47937 part 115 ch 7 | AHASH s=5160000 708f258d
PROF T t=215 ph=15 the crown frames=45 | clear=44067 sky=503234 floor=0 scene=3357536 flat=457374 gouraud=0 chrome=36877 texture=2279208 furnace=0 embers=126113 bloom=18945 veil=523553 titles=1270 fade=226 | setup=584075 total=4574946
T t=216.9 bar=112 ph=15 the crown | render ms 14.25/14.37/14.45 | fps 59.7 | hold 1 miss 0 late 0 | gap ms 16.73 | under 0 fill 464 | copy 2488 cy/line 35.68 Mcy/s | synth 3061 cy/pump 43.90 Mcy/s 1829 cy/sample | tri 328 px 47932 part 115 ch 7 | AHASH s=5184000 7cd93894
PROF T t=216 ph=15 the crown frames=60 | clear=44029 sky=505336 floor=0 scene=3562755 flat=522669 gouraud=0 chrome=0 texture=2493063 furnace=0 embers=126079 bloom=21947 veil=831 titles=19440 fade=216 | setup=547023 total=4280636
T t=217.9 bar=113 ph=15 the crown | render ms 14.35/14.40/14.54 | fps 59.7 | hold 1 miss 0 late 0 | gap ms 16.73 | under 0 fill 464 | copy 2488 cy/line 35.68 Mcy/s | synth 3060 cy/pump 43.89 Mcy/s 1828 cy/sample | tri 328 px 47901 part 115 ch 7 | AHASH s=5208000 9aba97dc
PROF T t=217 ph=15 the crown frames=60 | clear=44013 sky=506473 floor=0 scene=3562341 flat=522842 gouraud=0 chrome=0 texture=2492536 furnace=0 embers=124954 bloom=21941 veil=869 titles=28565 fade=224 | setup=546962 total=4289383
T t=218.9 bar=114 ph=15 the crown | render ms 14.35/14.40/14.54 | fps 59.7 | hold 1 miss 0 late 0 | gap ms 16.73 | under 0 fill 464 | copy 2489 cy/line 35.70 Mcy/s | synth 3058 cy/pump 43.86 Mcy/s 1827 cy/sample | tri 328 px 47856 part 115 ch 7 | AHASH s=5232000 a7d6fe01
PROF T t=218 ph=15 the crown frames=60 | clear=44002 sky=507032 floor=0 scene=3559617 flat=522990 gouraud=0 chrome=0 texture=2489710 furnace=0 embers=126790 bloom=21947 veil=839 titles=28675 fade=210 | setup=546916 total=4289117
T t=219.9 bar=114 ph=15 the crown | render ms 14.33/14.38/14.57 | fps 59.7 | hold 1 miss 0 late 0 | gap ms 16.73 | under 0 fill 464 | copy 2488 cy/line 35.68 Mcy/s | synth 3061 cy/pump 43.90 Mcy/s 1829 cy/sample | tri 328 px 47799 part 115 ch 7 | AHASH s=5256000 8deb41c9
PROF T t=219 ph=15 the crown frames=60 | clear=44004 sky=506792 floor=0 scene=3557218 flat=522325 gouraud=0 chrome=0 texture=2487403 furnace=0 embers=126100 bloom=21958 veil=853 titles=28437 fade=219 | setup=547489 total=4285584
T t=220.9 bar=115 ph=15 the crown | render ms 14.32/14.37/14.51 | fps 59.7 | hold 1 miss 0 late 0 | gap ms 16.73 | under 0 fill 464 | copy 2489 cy/line 35.70 Mcy/s | synth 3060 cy/pump 43.88 Mcy/s 1828 cy/sample | tri 328 px 47723 part 115 ch 7 | AHASH s=5280000 cbd7f221
PROF T t=220 ph=15 the crown frames=60 | clear=44019 sky=506925 floor=0 scene=3553168 flat=520804 gouraud=0 chrome=0 texture=2485127 furnace=0 embers=125998 bloom=21836 veil=864 titles=28513 fade=220 | setup=547236 total=4281547
T t=221.9 bar=115 ph=15 the crown | render ms 14.32/14.36/14.51 | fps 59.7 | hold 1 miss 0 late 0 | gap ms 16.73 | under 0 fill 464 | copy 2488 cy/line 35.69 Mcy/s | synth 3063 cy/pump 43.93 Mcy/s 1830 cy/sample | tri 326 px 47621 part 115 ch 7 | AHASH s=5328000 f353331d
PROF T t=221 ph=15 the crown frames=60 | clear=43986 sky=506763 floor=0 scene=3550138 flat=520118 gouraud=0 chrome=0 texture=2482892 furnace=0 embers=124908 bloom=21889 veil=852 titles=28473 fade=216 | setup=547126 total=4277229
T t=222.9 bar=116 ph=15 the crown | render ms 14.26/14.32/14.50 | fps 59.7 | hold 1 miss 0 late 0 | gap ms 16.73 | under 0 fill 464 | copy 2488 cy/line 35.68 Mcy/s | synth 3060 cy/pump 43.88 Mcy/s 1828 cy/sample | tri 322 px 47670 part 115 ch 7 | AHASH s=5352000 2435ec76
PROF T t=222 ph=15 the crown frames=60 | clear=44015 sky=506373 floor=0 scene=3541631 flat=518467 gouraud=0 chrome=0 texture=2476579 furnace=0 embers=123632 bloom=21803 veil=866 titles=28506 fade=223 | setup=546584 total=4267052
T t=223.9 bar=116 ph=15 the crown | render ms 14.27/14.32/14.47 | fps 59.7 | hold 1 miss 0 late 0 | gap ms 16.73 | under 0 fill 464 | copy 2488 cy/line 35.68 Mcy/s | synth 3061 cy/pump 43.89 Mcy/s 1829 cy/sample | tri 322 px 47572 part 115 ch 7 | AHASH s=5376000 3cd040bd
PROF T t=223 ph=15 the crown frames=60 | clear=44022 sky=506632 floor=0 scene=3539626 flat=519509 gouraud=0 chrome=0 texture=2473410 furnace=0 embers=122730 bloom=22289 veil=855 titles=28565 fade=218 | setup=546706 total=4264940
T t=224.9 bar=117 ph=15 the crown | render ms 14.14/14.27/14.46 | fps 59.7 | hold 1 miss 0 late 0 | gap ms 16.73 | under 0 fill 464 | copy 2488 cy/line 35.68 Mcy/s | synth 3057 cy/pump 43.85 Mcy/s 1827 cy/sample | tri 322 px 47427 part 115 ch 7 | AHASH s=5400000 290ccdfd
PROF T t=224 ph=15 the crown frames=60 | clear=44006 sky=505339 floor=0 scene=3532868 flat=518907 gouraud=0 chrome=0 texture=2467534 furnace=0 embers=125413 bloom=22482 veil=857 titles=18968 fade=226 | setup=546426 total=4250162
T t=225.9 bar=117 ph=15 the crown | render ms 14.14/14.20/14.37 | fps 59.7 | hold 1 miss 0 late 0 | gap ms 16.73 | under 0 fill 464 | copy 2488 cy/line 35.68 Mcy/s | synth 3051 cy/pump 43.76 Mcy/s 1823 cy/sample | tri 322 px 47370 part 115 ch 7 | AHASH s=5424000 d6d55e3e
PROF T t=225 ph=15 the crown frames=60 | clear=44000 sky=502429 floor=0 scene=3529806 flat=518041 gouraud=0 chrome=0 texture=2466118 furnace=0 embers=128474 bloom=22477 veil=855 titles=1390 fade=222 | setup=545646 total=4229657
T t=226.9 bar=118 ph=15 the crown | render ms 14.14/14.18/14.35 | fps 59.7 | hold 1 miss 0 late 0 | gap ms 16.73 | under 0 fill 464 | copy 2488 cy/line 35.67 Mcy/s | synth 3055 cy/pump 43.81 Mcy/s 1825 cy/sample | tri 322 px 47329 part 115 ch 7 | AHASH s=5448000 752152cf
PROF T t=226 ph=15 the crown frames=60 | clear=43989 sky=502239 floor=0 scene=3528103 flat=519133 gouraud=0 chrome=0 texture=2462993 furnace=0 embers=126996 bloom=21748 veil=858 titles=1373 fade=223 | setup=545977 total=4225532
T t=227.9 bar=118 ph=15 the crown | render ms 14.10/14.16/14.34 | fps 59.7 | hold 1 miss 0 late 0 | gap ms 16.73 | under 0 fill 464 | copy 2488 cy/line 35.68 Mcy/s | synth 3055 cy/pump 43.82 Mcy/s 1825 cy/sample | tri 322 px 47254 part 115 ch 7 | AHASH s=5472000 141e2680
PROF T t=227 ph=15 the crown frames=60 | clear=44027 sky=502219 floor=0 scene=3524601 flat=518723 gouraud=0 chrome=0 texture=2460387 furnace=0 embers=125777 bloom=19434 veil=848 titles=1384 fade=218 | setup=545489 total=4218511
T t=228.9 bar=119 ph=15 the crown | render ms 14.12/14.16/14.30 | fps 59.7 | hold 1 miss 0 late 0 | gap ms 16.73 | under 0 fill 464 | copy 2488 cy/line 35.68 Mcy/s | synth 3057 cy/pump 43.85 Mcy/s 1827 cy/sample | tri 322 px 47166 part 115 ch 7 | AHASH s=5496000 4c6b10cb
PROF T t=228 ph=15 the crown frames=60 | clear=44026 sky=502367 floor=0 scene=3523077 flat=518609 gouraud=0 chrome=0 texture=2458910 furnace=0 embers=127379 bloom=19430 veil=849 titles=1356 fade=222 | setup=545556 total=4218709
T t=229.9 bar=119 ph=15 the crown | render ms 14.10/14.15/14.31 | fps 59.7 | hold 1 miss 0 late 0 | gap ms 16.73 | under 0 fill 464 | copy 2487 cy/line 35.67 Mcy/s | synth 3061 cy/pump 43.90 Mcy/s 1829 cy/sample | tri 322 px 47089 part 115 ch 7 | AHASH s=5520000 b862e7f1
PROF T t=229 ph=15 the crown frames=60 | clear=44026 sky=502364 floor=0 scene=3519974 flat=517971 gouraud=0 chrome=0 texture=2455402 furnace=0 embers=125885 bloom=19914 veil=855 titles=1374 fade=218 | setup=546600 total=4214614
PHRASE t=230.4 bar=120 ph=16 the crown | render ms 14.10/14.34/18.31 | fps 58.8 | hold 2 miss 0 late 14 | gap ms 33.47 | under 0 fill 464 | copy 2487 cy/line 35.67 Mcy/s | synth 3057 cy/pump 43.84 Mcy/s 1826 cy/sample | tri 322 px 47078 part 115 ch 7 | AHASH s=5520000 b862e7f1
PROF PHRASE t=230 ph=16 the crown frames=903 | clear=44013 sky=504812 floor=0 scene=3541943 flat=520124 gouraud=0 chrome=0 texture=2475261 furnace=0 embers=125770 bloom=21529 veil=17905 titles=16371 fade=220 | setup=546558 total=4272567
T t=231.0 bar=120 ph=16 the crown | render ms 14.10/14.15/14.31 | fps 59.7 | hold 1 miss 0 late 0 | gap ms 16.73 | under 0 fill 464 | copy 2488 cy/line 35.68 Mcy/s | synth 3059 cy/pump 43.86 Mcy/s 1827 cy/sample | tri 322 px 47029 part 115 ch 7 | AHASH s=5544000 84661a73
PROF T t=231 ph=16 the crown frames=60 | clear=44097 sky=503083 floor=0 scene=3518350 flat=518218 gouraud=0 chrome=0 texture=2453739 furnace=0 embers=124652 bloom=21798 veil=851 titles=1393 fade=227 | setup=546391 total=4214454
T t=232.0 bar=120 ph=16 the crown | render ms 14.08/14.13/14.29 | fps 59.7 | hold 1 miss 0 late 0 | gap ms 16.73 | under 0 fill 464 | copy 2488 cy/line 35.67 Mcy/s | synth 3060 cy/pump 43.88 Mcy/s 1828 cy/sample | tri 322 px 46945 part 115 ch 7 | AHASH s=5568000 681533e2
PROF T t=232 ph=16 the crown frames=60 | clear=43976 sky=502245 floor=0 scene=3513114 flat=518271 gouraud=0 chrome=0 texture=2449003 furnace=0 embers=124911 bloom=21804 veil=851 titles=1375 fade=213 | setup=545839 total=4208493
T t=233.0 bar=121 ph=16 the crown | render ms 14.08/14.12/14.28 | fps 59.7 | hold 1 miss 0 late 0 | gap ms 16.73 | under 0 fill 464 | copy 2488 cy/line 35.68 Mcy/s | synth 3055 cy/pump 43.81 Mcy/s 1825 cy/sample | tri 322 px 46863 part 115 ch 7 | AHASH s=5592000 64407f3f
PROF T t=233 ph=16 the crown frames=60 | clear=44036 sky=502652 floor=0 scene=3511093 flat=517409 gouraud=0 chrome=0 texture=2447879 furnace=0 embers=124273 bloom=22146 veil=855 titles=1392 fade=214 | setup=545804 total=4206665
T t=234.0 bar=121 ph=16 the crown | render ms 14.06/14.11/14.29 | fps 59.7 | hold 1 miss 0 late 0 | gap ms 16.73 | under 0 fill 464 | copy 2488 cy/line 35.68 Mcy/s | synth 3057 cy/pump 43.83 Mcy/s 1826 cy/sample | tri 322 px 46823 part 115 ch 7 | AHASH s=5616000 7c38cb85
PROF T t=234 ph=16 the crown frames=60 | clear=44009 sky=502411 floor=0 scene=3505193 flat=517007 gouraud=0 chrome=0 texture=2443475 furnace=0 embers=126320 bloom=22475 veil=854 titles=1399 fade=226 | setup=544710 total=4202891
T t=235.0 bar=122 ph=16 the crown | render ms 14.05/14.10/14.26 | fps 59.7 | hold 1 miss 0 late 0 | gap ms 16.73 | under 0 fill 464 | copy 2489 cy/line 35.70 Mcy/s | synth 3057 cy/pump 43.83 Mcy/s 1826 cy/sample | tri 322 px 46768 part 115 ch 7 | AHASH s=5640000 9db84134
PROF T t=235 ph=16 the crown frames=60 | clear=44042 sky=502348 floor=0 scene=3502396 flat=517869 gouraud=0 chrome=0 texture=2440000 furnace=0 embers=126077 bloom=22475 veil=850 titles=1390 fade=221 | setup=544527 total=4199801
T t=236.0 bar=122 ph=16 the crown | render ms 14.04/14.10/14.27 | fps 59.7 | hold 1 miss 0 late 0 | gap ms 16.73 | under 0 fill 464 | copy 2489 cy/line 35.69 Mcy/s | synth 3058 cy/pump 43.85 Mcy/s 1827 cy/sample | tri 322 px 46726 part 115 ch 7 | AHASH s=5664000 6c183dfc
PROF T t=236 ph=16 the crown frames=60 | clear=44019 sky=502284 floor=0 scene=3501296 flat=518453 gouraud=0 chrome=0 texture=2437949 furnace=0 embers=126107 bloom=22858 veil=850 titles=1377 fade=225 | setup=544893 total=4199018
T t=237.0 bar=123 ph=16 the crown | render ms 14.05/14.10/14.25 | fps 59.7 | hold 1 miss 0 late 0 | gap ms 16.73 | under 0 fill 464 | copy 2488 cy/line 35.68 Mcy/s | synth 3057 cy/pump 43.84 Mcy/s 1826 cy/sample | tri 322 px 46714 part 115 ch 7 | AHASH s=5688000 05d539ef
PROF T t=237 ph=16 the crown frames=60 | clear=44004 sky=502848 floor=0 scene=3500803 flat=519519 gouraud=0 chrome=0 texture=2436462 furnace=0 embers=126534 bloom=23154 veil=849 titles=1380 fade=213 | setup=544821 total=4199787
T t=238.0 bar=123 ph=16 the crown | render ms 14.04/14.09/14.24 | fps 59.7 | hold 1 miss 0 late 0 | gap ms 16.73 | under 0 fill 464 | copy 2489 cy/line 35.69 Mcy/s | synth 3057 cy/pump 43.84 Mcy/s 1826 cy/sample | tri 322 px 46712 part 115 ch 7 | AHASH s=5712000 31cbeeea
PROF T t=238 ph=16 the crown frames=60 | clear=43979 sky=502646 floor=0 scene=3499072 flat=519604 gouraud=0 chrome=0 texture=2434783 furnace=0 embers=125893 bloom=23144 veil=865 titles=1370 fade=212 | setup=544684 total=4197184
T t=239.0 bar=124 ph=16 the crown | render ms 14.04/14.09/14.26 | fps 59.7 | hold 1 miss 0 late 0 | gap ms 16.73 | under 0 fill 464 | copy 2487 cy/line 35.67 Mcy/s | synth 3057 cy/pump 43.84 Mcy/s 1826 cy/sample | tri 322 px 46712 part 115 ch 7 | AHASH s=5736000 c81eba09
PROF T t=239 ph=16 the crown frames=60 | clear=43995 sky=502375 floor=0 scene=3499455 flat=519559 gouraud=0 chrome=0 texture=2435041 furnace=0 embers=125364 bloom=23149 veil=837 titles=1369 fade=215 | setup=544854 total=4196762
T t=240.0 bar=125 ph=16 the crown | render ms 14.05/14.09/14.26 | fps 59.7 | hold 1 miss 0 late 0 | gap ms 16.73 | under 0 fill 464 | copy 2488 cy/line 35.69 Mcy/s | synth 3058 cy/pump 43.85 Mcy/s 1827 cy/sample | tri 322 px 46712 part 115 ch 7 | AHASH s=5760000 2c68c39b
PROF T t=240 ph=16 the crown frames=60 | clear=44026 sky=502377 floor=0 scene=3498449 flat=519531 gouraud=0 chrome=0 texture=2434524 furnace=0 embers=125887 bloom=23160 veil=849 titles=1397 fade=218 | setup=544393 total=4196368
T t=241.0 bar=125 ph=16 the crown | render ms 14.04/14.09/14.25 | fps 59.7 | hold 1 miss 0 late 0 | gap ms 16.73 | under 0 fill 464 | copy 2488 cy/line 35.69 Mcy/s | synth 3053 cy/pump 43.79 Mcy/s 1824 cy/sample | tri 322 px 46712 part 115 ch 7 | AHASH s=5784000 41cf35c7
PROF T t=241 ph=16 the crown frames=60 | clear=43987 sky=502690 floor=0 scene=3498380 flat=519772 gouraud=0 chrome=0 texture=2434345 furnace=0 embers=125433 bloom=23150 veil=833 titles=1379 fade=215 | setup=544263 total=4196071
T t=242.0 bar=126 ph=16 the crown | render ms 14.04/14.08/14.24 | fps 59.7 | hold 1 miss 0 late 0 | gap ms 16.73 | under 0 fill 464 | copy 2488 cy/line 35.68 Mcy/s | synth 3055 cy/pump 43.82 Mcy/s 1825 cy/sample | tri 322 px 46712 part 115 ch 7 | AHASH s=5808000 32b03b3d
PROF T t=242 ph=16 the crown frames=60 | clear=43964 sky=502554 floor=0 scene=3498273 flat=519585 gouraud=0 chrome=0 texture=2434444 furnace=0 embers=124849 bloom=23155 veil=875 titles=1412 fade=216 | setup=544243 total=4195301
T t=243.0 bar=126 ph=16 the crown | render ms 14.04/14.08/14.21 | fps 59.7 | hold 1 miss 0 late 0 | gap ms 16.73 | under 0 fill 464 | copy 2489 cy/line 35.69 Mcy/s | synth 3058 cy/pump 43.85 Mcy/s 1827 cy/sample | tri 322 px 46712 part 115 ch 7 | AHASH s=5832000 f1d57bbc
PROF T t=243 ph=16 the crown frames=60 | clear=44008 sky=502786 floor=0 scene=3498635 flat=519558 gouraud=0 chrome=0 texture=2434603 furnace=0 embers=124320 bloom=23150 veil=849 titles=1388 fade=220 | setup=544473 total=4195359
T t=244.0 bar=127 ph=16 the crown | render ms 14.03/14.09/14.24 | fps 59.7 | hold 1 miss 0 late 0 | gap ms 16.73 | under 0 fill 464 | copy 2488 cy/line 35.68 Mcy/s | synth 3056 cy/pump 43.82 Mcy/s 1826 cy/sample | tri 322 px 46712 part 115 ch 7 | AHASH s=5856000 1e801b8d
PROF T t=244 ph=16 the crown frames=60 | clear=43988 sky=502408 floor=0 scene=3498225 flat=519547 gouraud=0 chrome=0 texture=2434178 furnace=0 embers=125695 bloom=23150 veil=855 titles=1386 fade=222 | setup=544500 total=4195932
T t=245.0 bar=127 ph=16 the crown | render ms 14.02/14.08/14.25 | fps 59.7 | hold 1 miss 0 late 0 | gap ms 16.73 | under 0 fill 464 | copy 2488 cy/line 35.67 Mcy/s | synth 3052 cy/pump 43.77 Mcy/s 1824 cy/sample | tri 322 px 46712 part 115 ch 7 | AHASH s=5880000 a4ba12db
PROF T t=245 ph=16 the crown frames=60 | clear=44006 sky=502825 floor=0 scene=3496819 flat=519535 gouraud=0 chrome=0 texture=2433671 furnace=0 embers=123940 bloom=23156 veil=850 titles=1389 fade=221 | setup=543612 total=4193209
PHRASE t=245.7 bar=128 ph=17 the colossus | render ms 14.02/14.17/23.34 | fps 58.7 | hold 2 miss 0 late 15 | gap ms 33.47 | under 0 fill 464 | copy 2487 cy/line 35.67 Mcy/s | synth 3055 cy/pump 43.81 Mcy/s 1825 cy/sample | tri 546 px 45233 part 115 ch 8 | AHASH s=5880000 a4ba12db
PROF PHRASE t=245 ph=17 the colossus frames=903 | clear=44009 sky=502578 floor=1386 scene=3502394 flat=518646 gouraud=0 chrome=323 texture=2438399 furnace=0 embers=125369 bloom=22834 veil=20218 titles=1386 fade=218 | setup=545025 total=4220397
T t=246.0 bar=128 ph=17 the colossus | render ms 14.03/18.07/23.53 | fps 36.2 | hold 2 miss 0 late 24 | gap ms 33.47 | under 0 fill 464 | copy 2468 cy/line 35.40 Mcy/s | synth 3020 cy/pump 43.32 Mcy/s 1805 cy/sample | tri 546 px 45216 part 115 ch 8 | AHASH s=5904000 c4f406e2
PROF T t=246 ph=17 the colossus frames=37 | clear=44201 sky=511385 floor=335734 scene=3597782 flat=448729 gouraud=0 chrome=78674 texture=2451215 furnace=0 embers=125557 bloom=23137 veil=753876 titles=1296 fade=219 | setup=619163 total=5393190
T t=247.0 bar=128 ph=17 the colossus | render ms 19.38/20.07/23.43 | fps 29.8 | hold 2 miss 0 late 30 | gap ms 33.47 | under 0 fill 464 | copy 2450 cy/line 35.13 Mcy/s | synth 3013 cy/pump 43.20 Mcy/s 1800 cy/sample | tri 542 px 43744 part 115 ch 8 | AHASH s=5928000 383eb593
PROF T t=247 ph=17 the colossus frames=30 | clear=44212 sky=533240 floor=1242045 scene=3851754 flat=254527 gouraud=0 chrome=289868 texture=2482991 furnace=0 embers=124587 bloom=22130 veil=172791 titles=1032 fade=220 | setup=824366 total=5992014
T t=248.0 bar=129 ph=17 the colossus | render ms 19.27/19.63/20.16 | fps 29.8 | hold 2 miss 0 late 30 | gap ms 33.47 | under 0 fill 464 | copy 2447 cy/line 35.10 Mcy/s | synth 3012 cy/pump 43.19 Mcy/s 1799 cy/sample | tri 536 px 47313 part 115 ch 8 | AHASH s=5952000 baab71cd
PROF T t=248 ph=17 the colossus frames=30 | clear=44193 sky=533744 floor=1243494 scene=3891385 flat=241867 gouraud=0 chrome=287782 texture=2537511 furnace=0 embers=124517 bloom=21421 veil=870 titles=1049 fade=217 | setup=824224 total=5860893
T t=249.0 bar=129 ph=17 the colossus | render ms 20.23/20.77/21.13 | fps 29.8 | hold 2 miss 0 late 30 | gap ms 33.47 | under 0 fill 464 | copy 2451 cy/line 35.15 Mcy/s | synth 3015 cy/pump 43.23 Mcy/s 1801 cy/sample | tri 540 px 51496 part 115 ch 8 | AHASH s=5976000 8380b23d
PROF T t=249 ph=17 the colossus frames=30 | clear=44180 sky=533968 floor=1242957 scene=4234225 flat=224927 gouraud=0 chrome=297460 texture=2885862 furnace=0 embers=126076 bloom=20109 veil=877 titles=1037 fade=233 | setup=825975 total=6203666
T t=250.0 bar=130 ph=17 the colossus | render ms 21.05/21.19/21.29 | fps 29.8 | hold 2 miss 0 late 30 | gap ms 33.47 | under 0 fill 464 | copy 2453 cy/line 35.18 Mcy/s | synth 3013 cy/pump 43.21 Mcy/s 1800 cy/sample | tri 538 px 48601 part 115 ch 8 | AHASH s=6000000 138c9b24
PROF T t=250 ph=17 the colossus frames=30 | clear=44204 sky=535119 floor=1241642 scene=4363248 flat=203491 gouraud=0 chrome=317333 texture=3014029 furnace=0 embers=126275 bloom=17179 veil=862 titles=1049 fade=220 | setup=828393 total=6329801
T t=251.0 bar=130 ph=17 the colossus | render ms 20.92/21.08/21.20 | fps 29.8 | hold 2 miss 0 late 30 | gap ms 33.47 | under 0 fill 464 | copy 2452 cy/line 35.17 Mcy/s | synth 3016 cy/pump 43.25 Mcy/s 1802 cy/sample | tri 536 px 44898 part 115 ch 8 | AHASH s=6024000 47ca3d94
PROF T t=251 ph=17 the colossus frames=30 | clear=44198 sky=534414 floor=1243145 scene=4331220 flat=179485 gouraud=0 chrome=359569 texture=2963925 furnace=0 embers=126695 bloom=13949 veil=885 titles=1035 fade=226 | setup=828240 total=6295771
T t=252.0 bar=131 ph=17 the colossus | render ms 20.34/20.64/21.01 | fps 29.8 | hold 2 miss 0 late 30 | gap ms 33.47 | under 0 fill 464 | copy 2450 cy/line 35.13 Mcy/s | synth 3015 cy/pump 43.23 Mcy/s 1801 cy/sample | tri 526 px 38618 part 115 ch 8 | AHASH s=6048000 8b47c525
PROF T t=252 ph=17 the colossus frames=30 | clear=44232 sky=535442 floor=1243807 scene=4202264 flat=157603 gouraud=0 chrome=436087 texture=2779371 furnace=0 embers=125107 bloom=10844 veil=873 titles=1042 fade=218 | setup=829201 total=6163834
T t=253.0 bar=131 ph=17 the colossus | render ms 20.28/20.61/21.01 | fps 29.8 | hold 2 miss 0 late 30 | gap ms 33.47 | under 0 fill 464 | copy 2450 cy/line 35.13 Mcy/s | synth 3015 cy/pump 43.24 Mcy/s 1801 cy/sample | tri 530 px 38665 part 115 ch 8 | AHASH s=6072000 f3391ce0
PROF T t=253 ph=17 the colossus frames=30 | clear=44334 sky=538491 floor=1244058 scene=4189334 flat=138065 gouraud=0 chrome=498495 texture=2722875 furnace=0 embers=125885 bloom=8804 veil=886 titles=1052 fade=222 | setup=829897 total=6153069
T t=254.0 bar=132 ph=17 the colossus | render ms 20.97/21.23/21.58 | fps 29.8 | hold 2 miss 0 late 30 | gap ms 33.47 | under 0 fill 464 | copy 2452 cy/line 35.16 Mcy/s | synth 3017 cy/pump 43.27 Mcy/s 1802 cy/sample | tri 540 px 33859 part 115 ch 8 | AHASH s=6096000 de4ce337
PROF T t=254 ph=17 the colossus frames=30 | clear=44229 sky=538963 floor=1245192 scene=4374441 flat=123038 gouraud=0 chrome=576424 texture=2843066 furnace=0 embers=127607 bloom=7929 veil=873 titles=1048 fade=226 | setup=831912 total=6340513
T t=255.1 bar=132 ph=17 the colossus | render ms 20.09/21.04/21.69 | fps 29.8 | hold 2 miss 0 late 30 | gap ms 33.47 | under 0 fill 464 | copy 2451 cy/line 35.15 Mcy/s | synth 3019 cy/pump 43.29 Mcy/s 1803 cy/sample | tri 504 px 26244 part 115 ch 8 | AHASH s=6120000 a8a5e1d0
PROF T t=255 ph=17 the colossus frames=30 | clear=44223 sky=538833 floor=1245726 scene=4320321 flat=111573 gouraud=0 chrome=634031 texture=2739709 furnace=0 embers=127851 bloom=3609 veil=885 titles=1036 fade=227 | setup=835007 total=6282716
T t=256.1 bar=133 ph=17 the colossus | render ms 18.17/18.98/20.05 | fps 29.8 | hold 2 miss 0 late 30 | gap ms 33.47 | under 0 fill 464 | copy 2444 cy/line 35.04 Mcy/s | synth 3013 cy/pump 43.21 Mcy/s 1800 cy/sample | tri 478 px 19241 part 115 ch 8 | AHASH s=6144000 59f4b5c6
PROF T t=256 ph=17 the colossus frames=30 | clear=44238 sky=538553 floor=1246067 scene=3704609 flat=103654 gouraud=0 chrome=531813 texture=2241559 furnace=0 embers=127838 bloom=2687 veil=884 titles=1046 fade=228 | setup=827581 total=5666154
T t=257.1 bar=133 ph=17 the colossus | render ms 17.60/17.88/18.24 | fps 29.8 | hold 2 miss 0 late 30 | gap ms 33.47 | under 0 fill 464 | copy 2440 cy/line 34.99 Mcy/s | synth 3011 cy/pump 43.18 Mcy/s 1799 cy/sample | tri 492 px 15687 part 115 ch 8 | AHASH s=6168000 2863794b
PROF T t=257 ph=17 the colossus frames=30 | clear=44208 sky=538441 floor=1275190 scene=3343060 flat=93065 gouraud=0 chrome=463488 texture=1963834 furnace=0 embers=128034 bloom=4958 veil=873 titles=1047 fade=228 | setup=822671 total=5336043
T t=258.1 bar=134 ph=17 the colossus | render ms 16.91/17.27/17.76 | fps 29.8 | hold 2 miss 0 late 30 | gap ms 33.47 | under 0 fill 464 | copy 2437 cy/line 34.95 Mcy/s | synth 3011 cy/pump 43.18 Mcy/s 1799 cy/sample | tri 524 px 12788 part 115 ch 8 | AHASH s=6192000 79d74958
PROF T t=258 ph=17 the colossus frames=30 | clear=44229 sky=538373 floor=1297554 scene=3138449 flat=90645 gouraud=0 chrome=428255 texture=1795185 furnace=0 embers=125562 bloom=6839 veil=877 titles=1040 fade=228 | setup=824363 total=5153156
T t=259.1 bar=134 ph=17 the colossus | render ms 16.54/16.69/17.01 | fps 45.8 | hold 2 miss 0 late 14 | gap ms 33.47 | under 0 fill 464 | copy 2453 cy/line 35.17 Mcy/s | synth 3042 cy/pump 43.62 Mcy/s 1817 cy/sample | tri 524 px 11738 part 115 ch 8 | AHASH s=6216000 48d65178
PROF T t=259 ph=17 the colossus frames=46 | clear=44147 sky=537178 floor=1289340 scene=2980463 flat=87581 gouraud=0 chrome=405116 texture=1662850 furnace=0 embers=124481 bloom=0 veil=880 titles=1042 fade=230 | setup=824914 total=4977763
T t=260.1 bar=135 ph=17 the colossus | render ms 16.21/16.27/16.67 | fps 58.7 | hold 2 miss 0 late 1 | gap ms 33.47 | under 0 fill 464 | copy 2467 cy/line 35.38 Mcy/s | synth 3061 cy/pump 43.90 Mcy/s 1829 cy/sample | tri 522 px 11727 part 115 ch 8 | AHASH s=6240000 a573fad9
PROF T t=260 ph=17 the colossus frames=59 | clear=44147 sky=537343 floor=1287140 scene=2857357 flat=87147 gouraud=0 chrome=403301 texture=1630590 furnace=0 embers=125465 bloom=0 veil=879 titles=1041 fade=234 | setup=736317 total=4853608
PHRASE t=261.1 bar=136 ph=18 the colossus | render ms 16.21/18.97/23.53 | fps 34.6 | hold 2 miss 0 late 385 | gap ms 33.47 | under 0 fill 464 | copy 2451 cy/line 35.15 Mcy/s | synth 3022 cy/pump 43.34 Mcy/s 1806 cy/sample | tri 522 px 11706 part 115 ch 8 | AHASH s=6264000 695c5400
PROF PHRASE t=261 ph=18 the colossus frames=532 | clear=44204 sky=536712 floor=1262079 scene=3654845 flat=139468 gouraud=0 chrome=417441 texture=2291155 furnace=0 embers=126134 bloom=8310 veil=30071 titles=1042 fade=226 | setup=806780 total=5663627
T t=261.1 bar=136 ph=18 the colossus | render ms 16.21/16.27/16.36 | fps 57.7 | hold 2 miss 0 late 2 | gap ms 33.47 | under 0 fill 464 | copy 2467 cy/line 35.38 Mcy/s | synth 3062 cy/pump 43.92 Mcy/s 1830 cy/sample | tri 522 px 11709 part 115 ch 8 | AHASH s=6264000 695c5400
PROF T t=261 ph=18 the colossus frames=59 | clear=44242 sky=537695 floor=1287486 scene=2854018 flat=87111 gouraud=0 chrome=403670 texture=1631248 furnace=0 embers=126755 bloom=0 veil=869 titles=1037 fade=230 | setup=731987 total=4852335
T t=262.1 bar=136 ph=18 the colossus | render ms 16.20/16.25/16.36 | fps 58.7 | hold 2 miss 0 late 1 | gap ms 33.47 | under 0 fill 464 | copy 2467 cy/line 35.37 Mcy/s | synth 3063 cy/pump 43.92 Mcy/s 1830 cy/sample | tri 522 px 11713 part 115 ch 8 | AHASH s=6288000 305069cf
PROF T t=262 ph=18 the colossus frames=59 | clear=44143 sky=537040 floor=1287020 scene=2850128 flat=87142 gouraud=0 chrome=402466 texture=1628640 furnace=0 embers=127033 bloom=0 veil=863 titles=1043 fade=240 | setup=731879 total=4847513
T t=263.1 bar=137 ph=18 the colossus | render ms 16.22/16.26/16.32 | fps 58.7 | hold 2 miss 0 late 1 | gap ms 33.47 | under 0 fill 464 | copy 2468 cy/line 35.39 Mcy/s | synth 3062 cy/pump 43.91 Mcy/s 1829 cy/sample | tri 522 px 11713 part 115 ch 8 | AHASH s=6312000 828dd9c1
PROF T t=263 ph=18 the colossus frames=59 | clear=44148 sky=537304 floor=1287194 scene=2850363 flat=87133 gouraud=0 chrome=402272 texture=1628408 furnace=0 embers=127905 bloom=0 veil=883 titles=1038 fade=233 | setup=732548 total=4849071
T t=264.1 bar=137 ph=18 the colossus | render ms 16.21/16.26/16.36 | fps 58.7 | hold 2 miss 0 late 1 | gap ms 33.47 | under 0 fill 464 | copy 2466 cy/line 35.37 Mcy/s | synth 3061 cy/pump 43.90 Mcy/s 1829 cy/sample | tri 522 px 11703 part 115 ch 8 | AHASH s=6336000 7059147f
PROF T t=264 ph=18 the colossus frames=59 | clear=44153 sky=537113 floor=1287172 scene=2850956 flat=87196 gouraud=0 chrome=402655 texture=1628712 furnace=0 embers=129039 bloom=0 veil=877 titles=1041 fade=237 | setup=732391 total=4850592
T t=265.1 bar=138 ph=18 the colossus | render ms 16.22/16.26/16.34 | fps 58.7 | hold 2 miss 0 late 1 | gap ms 33.47 | under 0 fill 464 | copy 2468 cy/line 35.40 Mcy/s | synth 3061 cy/pump 43.90 Mcy/s 1829 cy/sample | tri 522 px 11707 part 115 ch 8 | AHASH s=6360000 7aa6dded
PROF T t=265 ph=18 the colossus frames=59 | clear=44138 sky=537082 floor=1287431 scene=2851203 flat=87141 gouraud=0 chrome=402614 texture=1629026 furnace=0 embers=128163 bloom=0 veil=883 titles=1036 fade=232 | setup=732420 total=4850170
T t=266.1 bar=138 ph=18 the colossus | render ms 16.20/16.25/16.36 | fps 58.7 | hold 2 miss 0 late 1 | gap ms 33.47 | under 0 fill 464 | copy 2466 cy/line 35.36 Mcy/s | synth 3063 cy/pump 43.93 Mcy/s 1830 cy/sample | tri 522 px 11704 part 115 ch 8 | AHASH s=6384000 81e2d431
PROF T t=266 ph=18 the colossus frames=59 | clear=44139 sky=536760 floor=1287191 scene=2850447 flat=87108 gouraud=0 chrome=402676 texture=1628802 furnace=0 embers=125973 bloom=0 veil=869 titles=1034 fade=232 | setup=731859 total=4846649
T t=267.1 bar=139 ph=18 the colossus | render ms 16.20/16.45/17.28 | fps 48.9 | hold 2 miss 0 late 11 | gap ms 33.47 | under 0 fill 464 | copy 2456 cy/line 35.22 Mcy/s | synth 3047 cy/pump 43.70 Mcy/s 1821 cy/sample | tri 522 px 11704 part 115 ch 8 | AHASH s=6408000 ef30adf0
PROF T t=267 ph=18 the colossus frames=50 | clear=44152 sky=539326 floor=1287542 scene=2852683 flat=87133 gouraud=0 chrome=402821 texture=1629887 furnace=0 embers=123642 bloom=0 veil=862 titles=57262 fade=229 | setup=732840 total=4905702
T t=268.1 bar=139 ph=18 the colossus | render ms 17.20/17.25/17.31 | fps 29.8 | hold 2 miss 0 late 30 | gap ms 33.47 | under 0 fill 464 | copy 2433 cy/line 34.90 Mcy/s | synth 3021 cy/pump 43.33 Mcy/s 1805 cy/sample | tri 522 px 11710 part 115 ch 8 | AHASH s=6432000 60062f57
PROF T t=268 ph=18 the colossus frames=30 | clear=44248 sky=548723 floor=1290078 scene=2858678 flat=87086 gouraud=0 chrome=403628 texture=1633859 furnace=0 embers=120524 bloom=0 veil=877 titles=281962 fade=220 | setup=734102 total=5145314
T t=269.1 bar=140 ph=18 the colossus | render ms 17.20/17.25/17.30 | fps 29.8 | hold 2 miss 0 late 30 | gap ms 33.47 | under 0 fill 464 | copy 2434 cy/line 34.91 Mcy/s | synth 3020 cy/pump 43.30 Mcy/s 1804 cy/sample | tri 522 px 11708 part 115 ch 8 | AHASH s=6456000 7b930143
PROF T t=269 ph=18 the colossus frames=30 | clear=44248 sky=549068 floor=1289341 scene=2859632 flat=87092 gouraud=0 chrome=404140 texture=1634837 furnace=0 embers=119166 bloom=0 veil=881 titles=281988 fade=224 | setup=733561 total=5144551
T t=270.1 bar=140 ph=18 the colossus | render ms 17.23/17.27/17.31 | fps 29.8 | hold 2 miss 0 late 30 | gap ms 33.47 | under 0 fill 464 | copy 2434 cy/line 34.90 Mcy/s | synth 3020 cy/pump 43.31 Mcy/s 1804 cy/sample | tri 522 px 11735 part 115 ch 8 | AHASH s=6480000 2adcb194
PROF T t=270 ph=18 the colossus frames=30 | clear=44203 sky=548803 floor=1289921 scene=2864219 flat=87134 gouraud=0 chrome=404197 texture=1637195 furnace=0 embers=121578 bloom=0 veil=894 titles=281969 fade=229 | setup=735692 total=5151820
T t=271.2 bar=141 ph=18 the colossus | render ms 17.23/17.27/17.31 | fps 29.8 | hold 2 miss 0 late 30 | gap ms 33.47 | under 0 fill 464 | copy 2434 cy/line 34.90 Mcy/s | synth 3019 cy/pump 43.29 Mcy/s 1804 cy/sample | tri 522 px 11724 part 115 ch 8 | AHASH s=6504000 17007f35
PROF T t=271 ph=18 the colossus frames=30 | clear=44234 sky=548784 floor=1289450 scene=2864026 flat=87095 gouraud=0 chrome=404056 texture=1637135 furnace=0 embers=123426 bloom=0 veil=889 titles=281652 fade=225 | setup=735739 total=5152690
T t=272.2 bar=141 ph=18 the colossus | render ms 17.23/17.28/17.33 | fps 29.8 | hold 2 miss 0 late 30 | gap ms 33.47 | under 0 fill 464 | copy 2434 cy/line 34.90 Mcy/s | synth 3022 cy/pump 43.34 Mcy/s 1806 cy/sample | tri 522 px 11713 part 115 ch 8 | AHASH s=6528000 b433fa00
PROF T t=272 ph=18 the colossus frames=30 | clear=44226 sky=548865 floor=1289212 scene=2862086 flat=87098 gouraud=0 chrome=403091 texture=1636697 furnace=0 embers=126812 bloom=0 veil=885 titles=281915 fade=225 | setup=735199 total=5154228
T t=273.2 bar=142 ph=18 the colossus | render ms 17.24/17.28/17.36 | fps 29.8 | hold 2 miss 0 late 30 | gap ms 33.47 | under 0 fill 464 | copy 2433 cy/line 34.90 Mcy/s | synth 3020 cy/pump 43.31 Mcy/s 1804 cy/sample | tri 522 px 11717 part 115 ch 8 | AHASH s=6552000 4fefd826
PROF T t=273 ph=18 the colossus frames=30 | clear=44238 sky=549034 floor=1289701 scene=2864124 flat=87119 gouraud=0 chrome=403030 texture=1636522 furnace=0 embers=126697 bloom=0 veil=876 titles=281290 fade=224 | setup=737452 total=5156189
T t=274.2 bar=142 ph=18 the colossus | render ms 17.25/17.28/17.33 | fps 29.8 | hold 2 miss 0 late 30 | gap ms 33.47 | under 0 fill 464 | copy 2434 cy/line 34.91 Mcy/s | synth 3022 cy/pump 43.34 Mcy/s 1805 cy/sample | tri 522 px 11725 part 115 ch 8 | AHASH s=6576000 cef0dd1d
PROF T t=274 ph=18 the colossus frames=30 | clear=44252 sky=548706 floor=1289513 scene=2863989 flat=87074 gouraud=0 chrome=403120 texture=1636899 furnace=0 embers=126326 bloom=0 veil=872 titles=281541 fade=223 | setup=736895 total=5155425
T t=275.2 bar=143 ph=18 the colossus | render ms 17.24/17.29/17.34 | fps 29.8 | hold 2 miss 0 late 30 | gap ms 33.47 | under 0 fill 464 | copy 2434 cy/line 34.90 Mcy/s | synth 3018 cy/pump 43.28 Mcy/s 1803 cy/sample | tri 522 px 11733 part 115 ch 8 | AHASH s=6600000 9e70d01d
PROF T t=275 ph=18 the colossus frames=30 | clear=44232 sky=549251 floor=1289751 scene=2863111 flat=87122 gouraud=0 chrome=404409 texture=1636050 furnace=0 embers=128330 bloom=0 veil=885 titles=282033 fade=231 | setup=735528 total=5157828
T t=276.2 bar=143 ph=18 the colossus | render ms 17.24/18.07/21.00 | fps 29.8 | hold 2 miss 0 late 30 | gap ms 33.47 | under 0 fill 464 | copy 2436 cy/line 34.94 Mcy/s | synth 3022 cy/pump 43.33 Mcy/s 1805 cy/sample | tri 522 px 11704 part 115 ch 8 | AHASH s=6624000 c64f2443
PROF T t=276 ph=18 the colossus frames=30 | clear=44240 sky=548625 floor=1289506 scene=2862553 flat=87102 gouraud=0 chrome=404299 texture=1636602 furnace=0 embers=127720 bloom=0 veil=237462 titles=281610 fade=225 | setup=734549 total=5391945
PHRASE t=276.4 bar=144 ph=19 coda | render ms 16.20/16.81/21.09 | fps 40.5 | hold 2 miss 0 late 295 | gap ms 33.47 | under 0 fill 464 | copy 2446 cy/line 35.08 Mcy/s | synth 3036 cy/pump 43.54 Mcy/s 1814 cy/sample | tri 522 px 11694 part 64 ch 9 | AHASH s=6624000 c64f2443
PROF PHRASE t=276 ph=19 coda frames=624 | clear=44200 sky=542546 floor=1288297 scene=2856107 flat=87126 gouraud=0 chrome=403135 texture=1632146 furnace=0 embers=125863 bloom=0 veil=26748 titles=130296 fade=230 | setup=733699 total=5014291
T t=277.2 bar=144 ph=19 coda | render ms 16.31/18.61/21.09 | fps 37.8 | hold 2 miss 0 late 22 | gap ms 33.47 | under 0 fill 464 | copy 2450 cy/line 35.13 Mcy/s | synth 3029 cy/pump 43.44 Mcy/s 1810 cy/sample | tri 522 px 11713 part 64 ch 9 | AHASH s=6648000 cb7a3c0a
PROF T t=277 ph=19 coda frames=38 | clear=44331 sky=542505 floor=1287734 scene=2855442 flat=87135 gouraud=0 chrome=403016 texture=1632376 furnace=0 embers=82043 bloom=0 veil=626029 titles=115787 fade=224 | setup=732912 total=5554098
T t=278.2 bar=144 ph=19 coda | render ms 16.30/16.34/16.41 | fps 58.7 | hold 2 miss 0 late 1 | gap ms 33.47 | under 0 fill 464 | copy 2466 cy/line 35.37 Mcy/s | synth 3063 cy/pump 43.92 Mcy/s 1830 cy/sample | tri 522 px 11704 part 64 ch 9 | AHASH s=6672000 1b3cb947
PROF T t=278 ph=19 coda frames=59 | clear=44153 sky=539836 floor=1287736 scene=2853363 flat=87227 gouraud=0 chrome=402494 texture=1630786 furnace=0 embers=71492 bloom=0 veil=873 titles=78129 fade=236 | setup=732854 total=4875821
T t=279.2 bar=145 ph=19 coda | render ms 16.30/16.34/16.45 | fps 58.7 | hold 2 miss 0 late 1 | gap ms 33.47 | under 0 fill 464 | copy 2464 cy/line 35.34 Mcy/s | synth 3061 cy/pump 43.89 Mcy/s 1829 cy/sample | tri 522 px 11698 part 64 ch 9 | AHASH s=6696000 c33b0199
PROF T t=279 ph=19 coda frames=59 | clear=44121 sky=539822 floor=1287527 scene=2852743 flat=87096 gouraud=0 chrome=401373 texture=1631027 furnace=0 embers=70480 bloom=0 veil=869 titles=78152 fade=229 | setup=733246 total=4873948
T t=280.2 bar=145 ph=19 coda | render ms 16.27/16.33/16.38 | fps 58.7 | hold 2 miss 0 late 1 | gap ms 33.47 | under 0 fill 464 | copy 2467 cy/line 35.37 Mcy/s | synth 3063 cy/pump 43.93 Mcy/s 1830 cy/sample | tri 522 px 11701 part 64 ch 9 | AHASH s=6720000 24c69270
PROF T t=280 ph=19 coda frames=59 | clear=44146 sky=539429 floor=1287488 scene=2853071 flat=87130 gouraud=0 chrome=402738 texture=1630413 furnace=0 embers=68583 bloom=0 veil=875 titles=78205 fade=236 | setup=732789 total=4872037
T t=281.2 bar=146 ph=19 coda | render ms 16.29/16.34/16.44 | fps 58.7 | hold 2 miss 0 late 1 | gap ms 33.47 | under 0 fill 464 | copy 2465 cy/line 35.35 Mcy/s | synth 3063 cy/pump 43.92 Mcy/s 1830 cy/sample | tri 522 px 11704 part 64 ch 9 | AHASH s=6744000 a7bea33b
PROF T t=281 ph=19 coda frames=59 | clear=44146 sky=539597 floor=1287809 scene=2854277 flat=87116 gouraud=0 chrome=402359 texture=1631553 furnace=0 embers=69170 bloom=0 veil=885 titles=78164 fade=229 | setup=733248 total=4874281
T t=282.2 bar=147 ph=19 coda | render ms 16.28/16.34/16.41 | fps 58.7 | hold 2 miss 0 late 1 | gap ms 33.47 | under 0 fill 464 | copy 2466 cy/line 35.36 Mcy/s | synth 3064 cy/pump 43.93 Mcy/s 1830 cy/sample | tri 522 px 11704 part 64 ch 9 | AHASH s=6768000 5f3af91b
PROF T t=282 ph=19 coda frames=59 | clear=44103 sky=539766 floor=1287725 scene=2852775 flat=87116 gouraud=0 chrome=401647 texture=1631613 furnace=0 embers=71649 bloom=0 veil=869 titles=77604 fade=230 | setup=732398 total=4874724
T t=283.2 bar=147 ph=19 coda | render ms 16.25/16.30/16.41 | fps 58.7 | hold 2 miss 0 late 1 | gap ms 33.47 | under 0 fill 464 | copy 2464 cy/line 35.34 Mcy/s | synth 3064 cy/pump 43.94 Mcy/s 1830 cy/sample | tri 522 px 11707 part 64 ch 9 | AHASH s=6792000 950631a6
PROF T t=283 ph=19 coda frames=59 | clear=44172 sky=539674 floor=1287457 scene=2853342 flat=87140 gouraud=0 chrome=402280 texture=1631174 furnace=0 embers=72412 bloom=0 veil=875 titles=65706 fade=231 | setup=732747 total=4863872
T t=284.2 bar=148 ph=19 coda | render ms 16.23/16.29/16.40 | fps 58.7 | hold 2 miss 0 late 1 | gap ms 33.47 | under 0 fill 464 | copy 2466 cy/line 35.37 Mcy/s | synth 3062 cy/pump 43.92 Mcy/s 1830 cy/sample | tri 514 px 11684 part 64 ch 9 | AHASH s=6816000 147dbfff
PROF T t=284 ph=19 coda frames=59 | clear=44156 sky=539518 floor=1287493 scene=2850085 flat=87127 gouraud=0 chrome=400752 texture=1630518 furnace=0 embers=73094 bloom=0 veil=869 titles=65657 fade=228 | setup=731687 total=4861103
T t=285.2 bar=148 ph=19 coda | render ms 16.20/16.25/16.36 | fps 58.7 | hold 2 miss 0 late 1 | gap ms 33.47 | under 0 fill 464 | copy 2465 cy/line 35.35 Mcy/s | synth 3063 cy/pump 43.92 Mcy/s 1830 cy/sample | tri 514 px 11706 part 64 ch 9 | AHASH s=6840000 00406ffd
PROF T t=285 ph=19 coda frames=59 | clear=44144 sky=539577 floor=1287612 scene=2837405 flat=87138 gouraud=0 chrome=391438 texture=1628211 furnace=0 embers=73157 bloom=0 veil=875 titles=65633 fade=228 | setup=730618 total=4848634
T t=286.2 bar=149 ph=19 coda | render ms 16.09/16.20/16.33 | fps 58.7 | hold 2 miss 0 late 1 | gap ms 33.47 | under 0 fill 464 | copy 2467 cy/line 35.38 Mcy/s | synth 3065 cy/pump 43.95 Mcy/s 1831 cy/sample | tri 490 px 11709 part 64 ch 9 | AHASH s=6864000 6a0d4962
PROF T t=286 ph=19 coda frames=59 | clear=44129 sky=539945 floor=1287312 scene=2823130 flat=87100 gouraud=0 chrome=386287 texture=1620008 furnace=0 embers=71367 bloom=0 veil=877 titles=65744 fade=230 | setup=729733 total=4832738
T t=287.2 bar=149 ph=19 coda | render ms 16.08/16.13/16.24 | fps 58.7 | hold 2 miss 0 late 1 | gap ms 33.47 | under 0 fill 464 | copy 2464 cy/line 35.34 Mcy/s | synth 3061 cy/pump 43.90 Mcy/s 1829 cy/sample | tri 490 px 11697 part 64 ch 9 | AHASH s=6888000 9b63138c
PROF T t=287 ph=19 coda frames=59 | clear=44082 sky=539403 floor=1287623 scene=2804160 flat=87029 gouraud=0 chrome=379779 texture=1608378 furnace=0 embers=69503 bloom=0 veil=876 titles=65632 fade=230 | setup=728973 total=4811512
T t=288.2 bar=150 ph=19 coda | render ms 16.08/16.14/16.20 | fps 58.7 | hold 2 miss 0 late 1 | gap ms 33.47 | under 0 fill 464 | copy 2466 cy/line 35.36 Mcy/s | synth 3060 cy/pump 43.89 Mcy/s 1828 cy/sample | tri 494 px 11690 part 64 ch 9 | AHASH s=6912000 829f894d
PROF T t=288 ph=19 coda frames=59 | clear=44147 sky=539516 floor=1287422 scene=2806147 flat=87053 gouraud=0 chrome=381678 texture=1607665 furnace=0 embers=69993 bloom=0 veil=885 titles=67072 fade=232 | setup=729751 total=4815418
T t=289.2 bar=150 ph=19 coda | render ms 16.08/16.14/16.26 | fps 58.7 | hold 2 miss 0 late 1 | gap ms 33.47 | under 0 fill 464 | copy 2464 cy/line 35.34 Mcy/s | synth 3060 cy/pump 43.89 Mcy/s 1828 cy/sample | tri 490 px 11697 part 64 ch 9 | AHASH s=6936000 1f23e7aa
PROF T t=289 ph=19 coda frames=59 | clear=44136 sky=539629 floor=1287623 scene=2800528 flat=87047 gouraud=0 chrome=379677 texture=1605958 furnace=0 embers=71478 bloom=0 veil=882 titles=70551 fade=228 | setup=727844 total=4815058
T t=290.2 bar=151 ph=19 coda | render ms 16.10/16.15/16.23 | fps 58.7 | hold 2 miss 0 late 1 | gap ms 33.47 | under 0 fill 464 | copy 2465 cy/line 35.35 Mcy/s | synth 3059 cy/pump 43.88 Mcy/s 1828 cy/sample | tri 490 px 11702 part 64 ch 9 | AHASH s=6960000 2faf33e5
PROF T t=290 ph=19 coda frames=59 | clear=44207 sky=539494 floor=1287370 scene=2802931 flat=87053 gouraud=0 chrome=380439 texture=1607365 furnace=0 embers=71643 bloom=0 veil=871 titles=70580 fade=231 | setup=728073 total=4817330
T t=291.3 bar=151 ph=19 coda | render ms 16.08/16.14/16.24 | fps 58.7 | hold 2 miss 0 late 1 | gap ms 33.47 | under 0 fill 464 | copy 2465 cy/line 35.34 Mcy/s | synth 3060 cy/pump 43.88 Mcy/s 1828 cy/sample | tri 490 px 11680 part 64 ch 9 | AHASH s=6984000 c239b3d9
PROF T t=291 ph=19 coda frames=59 | clear=44122 sky=539794 floor=1287694 scene=2799705 flat=87051 gouraud=0 chrome=380971 texture=1605006 furnace=0 embers=71443 bloom=0 veil=883 titles=70658 fade=229 | setup=726676 total=4814533
PHRASE t=291.8 bar=152 ph=20 coda | render ms 16.08/16.30/20.21 | fps 57.8 | hold 2 miss 0 late 29 | gap ms 33.47 | under 0 fill 464 | copy 2465 cy/line 35.35 Mcy/s | synth 3060 cy/pump 43.89 Mcy/s 1828 cy/sample | tri 490 px 11680 part 64 ch 9 | AHASH s=6984000 c239b3d9
PROF PHRASE t=291 ph=20 coda frames=888 | clear=44145 sky=539691 floor=1287548 scene=2831287 flat=87100 gouraud=0 chrome=392331 texture=1621188 furnace=0 embers=71114 bloom=0 veil=17442 titles=71457 fade=230 | setup=730667 total=4862917
T t=292.3 bar=152 ph=20 coda | render ms 16.08/16.14/16.20 | fps 57.7 | hold 2 miss 0 late 2 | gap ms 33.47 | under 0 fill 464 | copy 2465 cy/line 35.35 Mcy/s | synth 3060 cy/pump 43.88 Mcy/s 1828 cy/sample | tri 490 px 11688 part 64 ch 9 | AHASH s=7008000 704099c2
PROF T t=292 ph=20 coda frames=58 | clear=44219 sky=540066 floor=1287627 scene=2800387 flat=87038 gouraud=0 chrome=380302 texture=1605897 furnace=0 embers=70628 bloom=0 veil=885 titles=70545 fade=234 | setup=727150 total=4814596
T t=293.3 bar=152 ph=20 coda | render ms 16.10/16.14/16.20 | fps 58.7 | hold 2 miss 0 late 1 | gap ms 33.47 | under 0 fill 464 | copy 2466 cy/line 35.37 Mcy/s | synth 3062 cy/pump 43.91 Mcy/s 1829 cy/sample | tri 490 px 11703 part 64 ch 9 | AHASH s=7032000 995b0358
PROF T t=293 ph=20 coda frames=59 | clear=44091 sky=539572 floor=1287489 scene=2801728 flat=87026 gouraud=0 chrome=379308 texture=1607566 furnace=0 embers=70952 bloom=0 veil=875 titles=70493 fade=230 | setup=727826 total=4815433
T t=294.3 bar=153 ph=20 coda | render ms 16.08/16.16/16.28 | fps 58.7 | hold 2 miss 0 late 1 | gap ms 33.47 | under 0 fill 464 | copy 2465 cy/line 35.35 Mcy/s | synth 3062 cy/pump 43.91 Mcy/s 1829 cy/sample | tri 502 px 11698 part 64 ch 9 | AHASH s=7056000 2f66bfb1
PROF T t=294 ph=20 coda frames=59 | clear=44134 sky=539236 floor=1287578 scene=2815036 flat=87064 gouraud=0 chrome=383328 texture=1615636 furnace=0 embers=71806 bloom=0 veil=879 titles=62825 fade=229 | setup=729005 total=4821726
T t=295.3 bar=153 ph=20 coda | render ms 16.12/16.15/16.22 | fps 58.7 | hold 2 miss 0 late 1 | gap ms 33.47 | under 0 fill 464 | copy 2466 cy/line 35.36 Mcy/s | synth 3065 cy/pump 43.95 Mcy/s 1831 cy/sample | tri 502 px 11703 part 64 ch 9 | AHASH s=7080000 e194e682
PROF T t=295 ph=20 coda frames=59 | clear=44147 sky=538995 floor=1287268 scene=2818133 flat=87069 gouraud=0 chrome=384284 texture=1617416 furnace=0 embers=72078 bloom=0 veil=864 titles=57109 fade=228 | setup=729363 total=4818826
T t=296.3 bar=154 ph=20 coda | render ms 16.07/16.12/16.27 | fps 58.7 | hold 2 miss 0 late 1 | gap ms 33.47 | under 0 fill 464 | copy 2468 cy/line 35.40 Mcy/s | synth 2999 cy/pump 43.01 Mcy/s 1792 cy/sample | tri 490 px 11695 part 64 ch 9 | AHASH s=7104000 564c453e
PROF T t=296 ph=20 coda frames=59 | clear=44123 sky=539341 floor=1287901 scene=2807993 flat=87069 gouraud=0 chrome=381555 texture=1611141 furnace=0 embers=72684 bloom=0 veil=859 titles=57096 fade=231 | setup=728226 total=4810229
T t=297.3 bar=154 ph=20 coda | render ms 16.07/16.11/16.17 | fps 58.7 | hold 2 miss 0 late 1 | gap ms 33.47 | under 0 fill 464 | copy 2483 cy/line 35.62 Mcy/s | synth 2741 cy/pump 39.31 Mcy/s 1638 cy/sample | tri 490 px 11700 part 64 ch 9 | AHASH s=7128000 eb476912
PROF T t=297 ph=20 coda frames=59 | clear=44127 sky=539154 floor=1287776 scene=2805655 flat=87064 gouraud=0 chrome=380468 texture=1609967 furnace=0 embers=72323 bloom=0 veil=869 titles=57049 fade=236 | setup=728155 total=4807191
T t=298.3 bar=155 ph=20 coda | render ms 16.07/16.11/16.22 | fps 58.7 | hold 2 miss 0 late 1 | gap ms 33.47 | under 0 fill 464 | copy 2483 cy/line 35.61 Mcy/s | synth 2745 cy/pump 39.37 Mcy/s 1640 cy/sample | tri 490 px 11685 part 64 ch 9 | AHASH s=7152000 94ebcd29
PROF T t=298 ph=20 coda frames=59 | clear=44117 sky=539497 floor=1287449 scene=2804784 flat=87069 gouraud=0 chrome=379522 texture=1609460 furnace=0 embers=72470 bloom=0 veil=865 titles=57100 fade=229 | setup=728732 total=4806515
T t=299.3 bar=155 ph=20 coda | render ms 16.07/16.11/16.17 | fps 58.7 | hold 2 miss 0 late 1 | gap ms 33.47 | under 0 fill 464 | copy 2483 cy/line 35.61 Mcy/s | synth 2747 cy/pump 39.40 Mcy/s 1641 cy/sample | tri 490 px 11679 part 64 ch 9 | AHASH s=7176000 688e80ce
PROF T t=299 ph=20 coda frames=59 | clear=44151 sky=539572 floor=1287369 scene=2804073 flat=87071 gouraud=0 chrome=379945 texture=1607820 furnace=0 embers=72550 bloom=0 veil=881 titles=57068 fade=231 | setup=729237 total=4805898
T t=300.3 bar=156 ph=20 coda | render ms 16.09/16.55/16.67 | fps 58.7 | hold 2 miss 0 late 1 | gap ms 33.47 | under 0 fill 464 | copy 2483 cy/line 35.61 Mcy/s | synth 2749 cy/pump 39.42 Mcy/s 1642 cy/sample | tri 494 px 11665 part 64 ch 9 | AHASH s=7200000 595bd6d6
PROF T t=300 ph=20 coda frames=59 | clear=44163 sky=543375 floor=1288323 scene=2809702 flat=87089 gouraud=0 chrome=382137 texture=1610165 furnace=0 embers=71969 bloom=0 veil=875 titles=179021 fade=223 | setup=730310 total=4937654
T t=301.3 bar=156 ph=20 coda | render ms 16.59/16.65/16.70 | fps 58.7 | hold 2 miss 0 late 1 | gap ms 33.47 | under 0 fill 464 | copy 2478 cy/line 35.53 Mcy/s | synth 2581 cy/pump 37.01 Mcy/s 1542 cy/sample | tri 498 px 11683 part 64 ch 9 | AHASH s=7224000 9b690296
PROF T t=301 ph=20 coda frames=59 | clear=44185 sky=544236 floor=1288252 scene=2816697 flat=87139 gouraud=0 chrome=389281 texture=1609107 furnace=0 embers=70939 bloom=0 veil=869 titles=200914 fade=224 | setup=731169 total=4966318
T t=302.3 bar=157 ph=20 coda | render ms 16.61/16.66/16.74 | fps 58.7 | hold 2 miss 0 late 1 | gap ms 33.47 | under 0 fill 464 | copy 2469 cy/line 35.41 Mcy/s | synth 2320 cy/pump 33.27 Mcy/s 1386 cy/sample | tri 498 px 11685 part 64 ch 9 | AHASH s=7248000 06c26f09
PROF T t=302 ph=20 coda frames=59 | clear=44168 sky=544244 floor=1287954 scene=2821695 flat=87131 gouraud=0 chrome=392035 texture=1610248 furnace=0 embers=69741 bloom=0 veil=871 titles=201024 fade=226 | setup=732279 total=4969926
T t=303.3 bar=157 ph=20 coda | render ms 16.61/16.66/16.72 | fps 58.7 | hold 2 miss 0 late 1 | gap ms 33.47 | under 0 fill 464 | copy 2471 cy/line 35.43 Mcy/s | synth 2320 cy/pump 33.27 Mcy/s 1386 cy/sample | tri 498 px 11682 part 64 ch 9 | AHASH s=7272000 59a672b8
PROF T t=303 ph=20 coda frames=59 | clear=44168 sky=544323 floor=1287921 scene=2820799 flat=87186 gouraud=0 chrome=392250 texture=1609907 furnace=0 embers=70507 bloom=0 veil=871 titles=201314 fade=227 | setup=731454 total=4970134
T t=304.3 bar=158 ph=20 coda | render ms 16.61/16.66/16.72 | fps 58.7 | hold 2 miss 0 late 1 | gap ms 33.47 | under 0 fill 464 | copy 2469 cy/line 35.41 Mcy/s | synth 2322 cy/pump 33.30 Mcy/s 1387 cy/sample | tri 498 px 11668 part 64 ch 9 | AHASH s=7296000 1cf1f220
PROF T t=304 ph=20 coda frames=59 | clear=44192 sky=544204 floor=1287941 scene=2820133 flat=87133 gouraud=0 chrome=392728 texture=1608798 furnace=0 embers=71615 bloom=0 veil=879 titles=201115 fade=223 | setup=731472 total=4970306
T t=305.3 bar=159 ph=20 coda | render ms 16.61/16.91/21.38 | fps 55.8 | hold 2 miss 0 late 4 | gap ms 33.47 | under 0 fill 464 | copy 2470 cy/line 35.42 Mcy/s | synth 2318 cy/pump 33.25 Mcy/s 1385 cy/sample | tri 498 px 11672 part 64 ch 9 | AHASH s=7320000 1c41b916
PROF T t=305 ph=20 coda frames=57 | clear=44163 sky=544177 floor=1287553 scene=2820470 flat=87134 gouraud=0 chrome=392611 texture=1609312 furnace=0 embers=72159 bloom=0 veil=873 titles=201053 fade=74164 | setup=731412 total=5044614
T t=306.3 bar=159 ph=20 coda | render ms 21.29/21.35/21.46 | fps 29.8 | hold 2 miss 0 late 30 | gap ms 33.47 | under 0 fill 464 | copy 2456 cy/line 35.22 Mcy/s | synth 2268 cy/pump 32.52 Mcy/s 1355 cy/sample | tri 498 px 11674 part 64 ch 9 | AHASH s=7344000 024e2125
PROF T t=306 ph=20 coda frames=30 | clear=44158 sky=544531 floor=1288378 scene=2818154 flat=87091 gouraud=0 chrome=392404 texture=1609425 furnace=0 embers=73201 bloom=0 veil=877 titles=201053 fade=1407602 | setup=729233 total=6377958
PHRASE t=307.1 bar=159 ph=20 coda | render ms 16.07/16.69/21.46 | fps 55.1 | hold 2 miss 0 late 71 | gap ms 33.47 | under 0 fill 464 | copy 2471 cy/line 35.44 Mcy/s | synth 2655 cy/pump 38.07 Mcy/s 1586 cy/sample | tri 498 px 11672 part 64 ch 9 | AHASH s=7368000 cc1dbcdf
PROF PHRASE t=307 ph=20 coda frames=845 | clear=44156 sky=541670 floor=1287779 scene=2812810 flat=87096 gouraud=0 chrome=385607 texture=1610295 furnace=0 embers=71716 bloom=0 veil=872 titles=126485 fade=95154 | setup=729811 total=4980644
DONE frames=16700 render_max_us=24138 gap_max_us=33473 miss=0 late=1656 under=0 min_fill=464 copy_worst_cy=3246 pump_worst_cy=99700 vsyncs=18360 heap_free=36864 peak=29914
