
=== COLOSSUS / LATENT / 2026 === sys_clk=300000000
BOOT heap_region=50868 heap_free=50868 ballast=0 total_samples=7372800 bars=160
BOOT heap_free_after_init=50868
BOOT heap_free_after_video=36864 scanout_lines=240
T t=0.9 bar=0 ph=1 overture | render ms 7.87/7.93/7.99 | fps 59.7 | hold 2 miss 0 late 1 | gap ms 16.76 | under 0 fill 465 | copy 2453 cy/line 35.78 Mcy/s | synth 2248 cy/pump 32.80 Mcy/s 1366 cy/sample | tri 0 px 0 part 66 ch 0 | AHASH s=24000 45de1a0f
PROF T t=0 ph=1 overture frames=60 | clear=44033 sky=516821 floor=0 scene=7885 flat=0 gouraud=0 chrome=0 texture=0 furnace=0 embers=76725 bloom=0 veil=843 titles=297714 fade=1408125 | setup=7885 total=2352148
T t=1.9 bar=1 ph=1 overture | render ms 3.22/7.54/8.11 | fps 59.7 | hold 1 miss 0 late 0 | gap ms 16.73 | under 0 fill 465 | copy 2448 cy/line 35.11 Mcy/s | synth 2288 cy/pump 32.82 Mcy/s 1367 cy/sample | tri 0 px 0 part 66 ch 0 | AHASH s=48000 a2fc1ab4
PROF T t=1 ph=1 overture frames=60 | clear=44109 sky=517583 floor=0 scene=7697 flat=0 gouraud=0 chrome=0 texture=0 furnace=0 embers=77953 bloom=0 veil=841 titles=298178 fade=1290832 | setup=7697 total=2237197
T t=2.9 bar=1 ph=1 overture | render ms 3.21/3.24/3.36 | fps 59.7 | hold 1 miss 0 late 0 | gap ms 16.73 | under 0 fill 465 | copy 2397 cy/line 34.38 Mcy/s | synth 2281 cy/pump 32.72 Mcy/s 1363 cy/sample | tri 0 px 0 part 66 ch 0 | AHASH s=72000 27282b38
PROF T t=2 ph=1 overture frames=60 | clear=44084 sky=516974 floor=0 scene=8271 flat=0 gouraud=0 chrome=0 texture=0 furnace=0 embers=77624 bloom=0 veil=857 titles=298188 fade=220 | setup=8271 total=946221
T t=3.9 bar=2 ph=1 overture | render ms 3.22/3.25/3.38 | fps 59.7 | hold 1 miss 0 late 0 | gap ms 16.73 | under 0 fill 465 | copy 2401 cy/line 34.44 Mcy/s | synth 2342 cy/pump 33.59 Mcy/s 1399 cy/sample | tri 0 px 0 part 67 ch 0 | AHASH s=96000 7defff26
PROF T t=3 ph=1 overture frames=60 | clear=44122 sky=517860 floor=0 scene=9213 flat=0 gouraud=0 chrome=0 texture=0 furnace=0 embers=78363 bloom=0 veil=863 titles=297964 fade=231 | setup=9213 total=948618
T t=5.0 bar=2 ph=1 overture | render ms 3.22/3.25/3.38 | fps 59.7 | hold 1 miss 0 late 0 | gap ms 16.73 | under 0 fill 465 | copy 2413 cy/line 34.61 Mcy/s | synth 2585 cy/pump 37.07 Mcy/s 1544 cy/sample | tri 0 px 0 part 67 ch 0 | AHASH s=120000 586f7958
PROF T t=5 ph=1 overture frames=60 | clear=44120 sky=517552 floor=0 scene=8678 flat=0 gouraud=0 chrome=0 texture=0 furnace=0 embers=79883 bloom=0 veil=861 titles=297859 fade=229 | setup=8678 total=949186
T t=6.0 bar=3 ph=1 overture | render ms 3.22/3.25/3.40 | fps 59.7 | hold 1 miss 0 late 0 | gap ms 16.73 | under 0 fill 465 | copy 2413 cy/line 34.61 Mcy/s | synth 2585 cy/pump 37.07 Mcy/s 1544 cy/sample | tri 0 px 0 part 68 ch 0 | AHASH s=144000 3f1c7235
PROF T t=6 ph=1 overture frames=60 | clear=44105 sky=517239 floor=0 scene=8584 flat=0 gouraud=0 chrome=0 texture=0 furnace=0 embers=79967 bloom=0 veil=849 titles=298107 fade=226 | setup=8584 total=949081
T t=7.0 bar=3 ph=1 overture | render ms 3.22/3.25/3.39 | fps 59.7 | hold 1 miss 0 late 0 | gap ms 16.73 | under 0 fill 465 | copy 2413 cy/line 34.61 Mcy/s | synth 2586 cy/pump 37.09 Mcy/s 1545 cy/sample | tri 0 px 0 part 68 ch 0 | AHASH s=168000 9f2cdd11
PROF T t=7 ph=1 overture frames=60 | clear=44089 sky=517492 floor=0 scene=8654 flat=0 gouraud=0 chrome=0 texture=0 furnace=0 embers=79399 bloom=0 veil=849 titles=297835 fade=221 | setup=8654 total=948543
T t=8.0 bar=4 ph=1 overture | render ms 3.23/3.25/3.38 | fps 59.7 | hold 1 miss 0 late 0 | gap ms 16.73 | under 0 fill 465 | copy 2408 cy/line 34.54 Mcy/s | synth 2750 cy/pump 39.43 Mcy/s 1643 cy/sample | tri 0 px 0 part 69 ch 0 | AHASH s=192000 cbe11e82
PROF T t=8 ph=1 overture frames=60 | clear=44098 sky=517444 floor=0 scene=8938 flat=0 gouraud=0 chrome=0 texture=0 furnace=0 embers=79755 bloom=0 veil=863 titles=298141 fade=222 | setup=8938 total=949466
T t=9.0 bar=4 ph=1 overture | render ms 3.23/3.25/3.38 | fps 59.7 | hold 1 miss 0 late 0 | gap ms 16.73 | under 0 fill 465 | copy 2399 cy/line 34.40 Mcy/s | synth 3026 cy/pump 43.40 Mcy/s 1808 cy/sample | tri 0 px 0 part 69 ch 0 | AHASH s=216000 e3ba8e4b
PROF T t=9 ph=1 overture frames=60 | clear=44096 sky=516995 floor=0 scene=8652 flat=0 gouraud=0 chrome=0 texture=0 furnace=0 embers=81635 bloom=0 veil=863 titles=298192 fade=220 | setup=8652 total=950656
T t=10.0 bar=5 ph=1 overture | render ms 3.22/3.37/3.53 | fps 59.7 | hold 1 miss 0 late 0 | gap ms 16.73 | under 0 fill 465 | copy 2400 cy/line 34.41 Mcy/s | synth 3032 cy/pump 43.48 Mcy/s 1811 cy/sample | tri 4 px 173 part 70 ch 0 | AHASH s=240000 67cd6e7a
PROF T t=10 ph=1 overture frames=60 | clear=44101 sky=519803 floor=0 scene=38857 flat=0 gouraud=0 chrome=0 texture=21574 furnace=0 embers=80511 bloom=0 veil=867 titles=299943 fade=226 | setup=17282 total=984311
T t=11.0 bar=5 ph=1 overture | render ms 3.48/3.52/3.65 | fps 59.7 | hold 1 miss 0 late 0 | gap ms 16.73 | under 0 fill 465 | copy 2400 cy/line 34.43 Mcy/s | synth 3037 cy/pump 43.55 Mcy/s 1814 cy/sample | tri 4 px 173 part 70 ch 0 | AHASH s=264000 893f3166
PROF T t=11 ph=1 overture frames=60 | clear=44112 sky=523097 floor=0 scene=78769 flat=0 gouraud=0 chrome=0 texture=49821 furnace=0 embers=79703 bloom=0 veil=855 titles=302556 fade=217 | setup=28947 total=1029311
T t=12.0 bar=6 ph=1 overture | render ms 3.48/3.52/3.65 | fps 59.7 | hold 1 miss 0 late 0 | gap ms 16.73 | under 0 fill 465 | copy 2400 cy/line 34.42 Mcy/s | synth 3035 cy/pump 43.53 Mcy/s 1814 cy/sample | tri 4 px 173 part 71 ch 0 | AHASH s=288000 6e17375a
PROF T t=12 ph=1 overture frames=60 | clear=44112 sky=523065 floor=0 scene=78570 flat=0 gouraud=0 chrome=0 texture=49782 furnace=0 embers=80685 bloom=0 veil=853 titles=303026 fade=227 | setup=28787 total=1030539
T t=13.0 bar=6 ph=1 overture | render ms 3.47/3.52/3.65 | fps 59.7 | hold 1 miss 0 late 0 | gap ms 16.73 | under 0 fill 465 | copy 2401 cy/line 34.43 Mcy/s | synth 3036 cy/pump 43.53 Mcy/s 1814 cy/sample | tri 4 px 173 part 71 ch 0 | AHASH s=312000 c2bd4215
PROF T t=13 ph=1 overture frames=60 | clear=44161 sky=522574 floor=0 scene=78520 flat=0 gouraud=0 chrome=0 texture=49844 furnace=0 embers=79692 bloom=0 veil=861 titles=302927 fade=215 | setup=28676 total=1028954
T t=14.0 bar=7 ph=1 overture | render ms 3.47/3.52/3.66 | fps 59.7 | hold 1 miss 0 late 0 | gap ms 16.73 | under 0 fill 465 | copy 2400 cy/line 34.43 Mcy/s | synth 3037 cy/pump 43.55 Mcy/s 1814 cy/sample | tri 4 px 173 part 72 ch 0 | AHASH s=336000 1968032c
PROF T t=14 ph=1 overture frames=60 | clear=44098 sky=522756 floor=0 scene=78397 flat=0 gouraud=0 chrome=0 texture=49695 furnace=0 embers=80874 bloom=0 veil=863 titles=302942 fade=224 | setup=28701 total=1030156
T t=15.0 bar=7 ph=1 overture | render ms 3.50/4.15/7.29 | fps 59.7 | hold 1 miss 0 late 0 | gap ms 16.73 | under 0 fill 465 | copy 2407 cy/line 34.52 Mcy/s | synth 3039 cy/pump 43.58 Mcy/s 1816 cy/sample | tri 4 px 173 part 72 ch 0 | AHASH s=360000 e3a69d4c
PROF T t=15 ph=1 overture frames=60 | clear=44112 sky=522595 floor=0 scene=78462 flat=0 gouraud=0 chrome=0 texture=49823 furnace=0 embers=82033 bloom=0 veil=190157 titles=302475 fade=219 | setup=28639 total=1220056
PHRASE t=15.3 bar=8 ph=2 the plain | render ms 3.21/4.06/12.43 | fps 59.7 | hold 2 miss 0 late 1 | gap ms 16.76 | under 0 fill 465 | copy 2411 cy/line 34.58 Mcy/s | synth 2736 cy/pump 39.24 Mcy/s 1635 cy/sample | tri 72 px 3864 part 75 ch 1 | AHASH s=360000 e3a69d4c
PROF PHRASE t=15 ph=2 the plain frames=919 | clear=44107 sky=519413 floor=1373 scene=35388 flat=0 gouraud=0 chrome=26 texture=19164 furnace=0 embers=79695 bloom=0 veil=37096 titles=299460 fade=176404 | setup=16197 total=1192939
T t=16.0 bar=8 ph=2 the plain | render ms 7.33/9.98/12.43 | fps 59.7 | hold 1 miss 0 late 0 | gap ms 16.73 | under 0 fill 465 | copy 2451 cy/line 35.16 Mcy/s | synth 3055 cy/pump 43.82 Mcy/s 1825 cy/sample | tri 72 px 3873 part 75 ch 1 | AHASH s=384000 d7159f11
PROF T t=16 ph=2 the plain frames=60 | clear=44167 sky=521460 floor=876329 scene=449593 flat=0 gouraud=0 chrome=17104 texture=344015 furnace=0 embers=85051 bloom=0 veil=899798 titles=91483 fade=225 | setup=88472 total=2968109
T t=17.0 bar=8 ph=2 the plain | render ms 8.43/8.52/8.62 | fps 59.7 | hold 1 miss 0 late 0 | gap ms 16.73 | under 0 fill 465 | copy 2432 cy/line 34.88 Mcy/s | synth 3062 cy/pump 43.91 Mcy/s 1829 cy/sample | tri 72 px 3883 part 75 ch 1 | AHASH s=408000 61dc6c0f
PROF T t=17 ph=2 the plain frames=60 | clear=44095 sky=521458 floor=1252310 scene=609468 flat=0 gouraud=0 chrome=24490 texture=469813 furnace=0 embers=87203 bloom=0 veil=861 titles=12526 fade=224 | setup=115164 total=2528147
T t=18.0 bar=9 ph=2 the plain | render ms 8.52/8.57/8.70 | fps 59.7 | hold 1 miss 0 late 0 | gap ms 16.73 | under 0 fill 465 | copy 2431 cy/line 34.87 Mcy/s | synth 3057 cy/pump 43.84 Mcy/s 1827 cy/sample | tri 72 px 3911 part 75 ch 1 | AHASH s=432000 2e15854e
PROF T t=18 ph=2 the plain frames=60 | clear=44091 sky=523725 floor=1252841 scene=608041 flat=0 gouraud=0 chrome=24473 texture=469042 furnace=0 embers=86468 bloom=0 veil=865 titles=26252 fade=225 | setup=114526 total=2542512
T t=19.0 bar=9 ph=2 the plain | render ms 8.50/8.58/8.73 | fps 59.7 | hold 1 miss 0 late 0 | gap ms 16.73 | under 0 fill 465 | copy 2432 cy/line 34.88 Mcy/s | synth 3056 cy/pump 43.83 Mcy/s 1826 cy/sample | tri 72 px 3917 part 75 ch 1 | AHASH s=456000 0fee5aae
PROF T t=19 ph=2 the plain frames=60 | clear=44116 sky=523443 floor=1252462 scene=612970 flat=0 gouraud=0 chrome=24422 texture=473921 furnace=0 embers=86275 bloom=0 veil=865 titles=26297 fade=226 | setup=114625 total=2546657
T t=20.0 bar=10 ph=2 the plain | render ms 8.53/8.58/8.72 | fps 59.7 | hold 1 miss 0 late 0 | gap ms 16.73 | under 0 fill 465 | copy 2431 cy/line 34.87 Mcy/s | synth 3060 cy/pump 43.88 Mcy/s 1828 cy/sample | tri 72 px 3953 part 75 ch 1 | AHASH s=480000 024f13e5
PROF T t=20 ph=2 the plain frames=60 | clear=44078 sky=523865 floor=1252758 scene=613349 flat=0 gouraud=0 chrome=24367 texture=473484 furnace=0 embers=84643 bloom=0 veil=851 titles=26251 fade=219 | setup=115497 total=2546017
T t=21.0 bar=10 ph=2 the plain | render ms 8.53/8.58/8.74 | fps 59.7 | hold 1 miss 0 late 0 | gap ms 16.73 | under 0 fill 465 | copy 2432 cy/line 34.87 Mcy/s | synth 3058 cy/pump 43.85 Mcy/s 1827 cy/sample | tri 72 px 3967 part 75 ch 1 | AHASH s=504000 6bc4f7f9
PROF T t=21 ph=2 the plain frames=60 | clear=44098 sky=523588 floor=1252278 scene=615890 flat=0 gouraud=0 chrome=24429 texture=475725 furnace=0 embers=84315 bloom=0 veil=848 titles=26223 fade=225 | setup=115735 total=2547467
T t=22.0 bar=11 ph=2 the plain | render ms 8.52/8.60/8.75 | fps 59.7 | hold 1 miss 0 late 0 | gap ms 16.73 | under 0 fill 465 | copy 2433 cy/line 34.89 Mcy/s | synth 3060 cy/pump 43.88 Mcy/s 1828 cy/sample | tri 72 px 4091 part 76 ch 1 | AHASH s=528000 6c7867f1
PROF T t=22 ph=2 the plain frames=60 | clear=44098 sky=523440 floor=1253222 scene=619203 flat=0 gouraud=0 chrome=24545 texture=479196 furnace=0 embers=85518 bloom=0 veil=863 titles=26281 fade=220 | setup=115461 total=2552849
T t=23.0 bar=12 ph=2 the plain | render ms 8.58/8.62/8.75 | fps 59.7 | hold 1 miss 0 late 0 | gap ms 16.73 | under 0 fill 465 | copy 2433 cy/line 34.89 Mcy/s | synth 3060 cy/pump 43.88 Mcy/s 1828 cy/sample | tri 72 px 4201 part 77 ch 1 | AHASH s=552000 4c4ba436
PROF T t=23 ph=2 the plain frames=60 | clear=44054 sky=523532 floor=1253180 scene=625118 flat=0 gouraud=0 chrome=24434 texture=485880 furnace=0 embers=86843 bloom=0 veil=832 titles=26295 fade=224 | setup=114804 total=2560083
T t=24.0 bar=12 ph=2 the plain | render ms 8.60/8.64/8.79 | fps 59.7 | hold 1 miss 0 late 0 | gap ms 16.73 | under 0 fill 465 | copy 2433 cy/line 34.89 Mcy/s | synth 3057 cy/pump 43.84 Mcy/s 1826 cy/sample | tri 72 px 4246 part 77 ch 1 | AHASH s=576000 dd9eff28
PROF T t=24 ph=2 the plain frames=60 | clear=44098 sky=523598 floor=1253421 scene=628525 flat=0 gouraud=0 chrome=24308 texture=489524 furnace=0 embers=88626 bloom=0 veil=854 titles=26273 fade=219 | setup=114693 total=2565618
T t=25.0 bar=13 ph=2 the plain | render ms 8.51/8.63/8.80 | fps 59.7 | hold 1 miss 0 late 0 | gap ms 16.73 | under 0 fill 465 | copy 2433 cy/line 34.89 Mcy/s | synth 3060 cy/pump 43.88 Mcy/s 1828 cy/sample | tri 72 px 4255 part 77 ch 1 | AHASH s=600000 77d6e64d
PROF T t=25 ph=2 the plain frames=60 | clear=44111 sky=523646 floor=1252642 scene=629358 flat=0 gouraud=0 chrome=24524 texture=489435 furnace=0 embers=88633 bloom=0 veil=859 titles=23002 fade=219 | setup=115398 total=2562474
T t=26.0 bar=13 ph=2 the plain | render ms 8.49/8.55/8.68 | fps 59.7 | hold 1 miss 0 late 0 | gap ms 16.73 | under 0 fill 465 | copy 2433 cy/line 34.89 Mcy/s | synth 3056 cy/pump 43.82 Mcy/s 1826 cy/sample | tri 72 px 4383 part 77 ch 1 | AHASH s=624000 5b6cb012
PROF T t=26 ph=2 the plain frames=60 | clear=44092 sky=520512 floor=1251641 scene=630368 flat=0 gouraud=0 chrome=24474 texture=491064 furnace=0 embers=89010 bloom=0 veil=863 titles=1351 fade=230 | setup=114828 total=2538069
T t=27.0 bar=14 ph=2 the plain | render ms 8.54/8.58/8.69 | fps 59.7 | hold 1 miss 0 late 0 | gap ms 16.73 | under 0 fill 465 | copy 2434 cy/line 34.90 Mcy/s | synth 3057 cy/pump 43.84 Mcy/s 1826 cy/sample | tri 72 px 4441 part 78 ch 1 | AHASH s=648000 6b7bf1ef
PROF T t=27 ph=2 the plain frames=60 | clear=44123 sky=520199 floor=1251330 scene=640267 flat=0 gouraud=0 chrome=24559 texture=500301 furnace=0 embers=87566 bloom=0 veil=855 titles=1344 fade=219 | setup=115406 total=2545907
T t=28.0 bar=14 ph=2 the plain | render ms 8.53/8.58/8.73 | fps 59.7 | hold 1 miss 0 late 0 | gap ms 16.73 | under 0 fill 465 | copy 2433 cy/line 34.89 Mcy/s | synth 3062 cy/pump 43.91 Mcy/s 1829 cy/sample | tri 72 px 4459 part 78 ch 1 | AHASH s=672000 ffe2d472
PROF T t=28 ph=2 the plain frames=60 | clear=44085 sky=520048 floor=1251538 scene=643810 flat=0 gouraud=0 chrome=24579 texture=504360 furnace=0 embers=85740 bloom=0 veil=859 titles=1337 fade=223 | setup=114870 total=2547643
T t=29.1 bar=15 ph=2 the plain | render ms 8.55/8.59/8.72 | fps 59.7 | hold 1 miss 0 late 0 | gap ms 16.73 | under 0 fill 465 | copy 2433 cy/line 34.90 Mcy/s | synth 3059 cy/pump 43.87 Mcy/s 1828 cy/sample | tri 72 px 4500 part 79 ch 1 | AHASH s=696000 f6db67eb
PROF T t=29 ph=2 the plain frames=60 | clear=44107 sky=520293 floor=1251424 scene=645556 flat=0 gouraud=0 chrome=24477 texture=506103 furnace=0 embers=86690 bloom=0 veil=856 titles=1350 fade=219 | setup=114976 total=2550498
T t=30.1 bar=15 ph=2 the plain | render ms 8.55/8.64/8.73 | fps 59.7 | hold 1 miss 0 late 0 | gap ms 16.73 | under 0 fill 465 | copy 2434 cy/line 34.91 Mcy/s | synth 3061 cy/pump 43.90 Mcy/s 1829 cy/sample | tri 72 px 4640 part 79 ch 1 | AHASH s=720000 f5803255
PROF T t=30 ph=2 the plain frames=60 | clear=44115 sky=520420 floor=1251673 scene=656407 flat=0 gouraud=0 chrome=24666 texture=515812 furnace=0 embers=88761 bloom=0 veil=847 titles=1356 fade=223 | setup=115927 total=2563807
PHRASE t=30.7 bar=16 ph=3 the plain | render ms 8.41/8.70/12.42 | fps 59.7 | hold 1 miss 0 late 0 | gap ms 16.73 | under 0 fill 465 | copy 2434 cy/line 34.90 Mcy/s | synth 3059 cy/pump 43.87 Mcy/s 1828 cy/sample | tri 72 px 4780 part 82 ch 1 | AHASH s=720000 f5803255
PROF PHRASE t=30 ph=3 the plain frames=918 | clear=44100 sky=522110 floor=1252299 scene=627632 flat=0 gouraud=0 chrome=24486 texture=488014 furnace=0 embers=86906 bloom=0 veil=35704 titles=14887 fade=223 | setup=115131 total=2583864
T t=31.1 bar=16 ph=3 the plain | render ms 8.60/8.67/8.80 | fps 59.7 | hold 1 miss 0 late 0 | gap ms 16.73 | under 0 fill 465 | copy 2434 cy/line 34.91 Mcy/s | synth 3059 cy/pump 43.87 Mcy/s 1827 cy/sample | tri 72 px 4844 part 82 ch 1 | AHASH s=744000 81431960
PROF T t=31 ph=3 the plain frames=60 | clear=44168 sky=520649 floor=1251892 scene=664930 flat=0 gouraud=0 chrome=24631 texture=524357 furnace=0 embers=88774 bloom=0 veil=859 titles=1338 fade=226 | setup=115941 total=2572840
T t=32.1 bar=16 ph=3 the plain | render ms 8.64/8.68/8.82 | fps 59.7 | hold 1 miss 0 late 0 | gap ms 16.73 | under 0 fill 465 | copy 2434 cy/line 34.91 Mcy/s | synth 3056 cy/pump 43.83 Mcy/s 1826 cy/sample | tri 72 px 4887 part 82 ch 1 | AHASH s=768000 2e36c2ff
PROF T t=32 ph=3 the plain frames=60 | clear=44107 sky=520138 floor=1251932 scene=670237 flat=0 gouraud=0 chrome=24364 texture=530454 furnace=0 embers=89119 bloom=0 veil=861 titles=1340 fade=214 | setup=115419 total=2577952
T t=33.1 bar=17 ph=3 the plain | render ms 8.65/8.70/8.83 | fps 59.7 | hold 1 miss 0 late 0 | gap ms 16.73 | under 0 fill 465 | copy 2435 cy/line 34.93 Mcy/s | synth 3063 cy/pump 43.93 Mcy/s 1830 cy/sample | tri 72 px 4961 part 82 ch 1 | AHASH s=792000 db9f6da3
PROF T t=33 ph=3 the plain frames=60 | clear=44119 sky=520017 floor=1251740 scene=675459 flat=0 gouraud=0 chrome=24401 texture=534941 furnace=0 embers=89651 bloom=0 veil=849 titles=1363 fade=223 | setup=116116 total=2583422
T t=34.1 bar=17 ph=3 the plain | render ms 8.66/8.72/8.86 | fps 59.7 | hold 1 miss 0 late 0 | gap ms 16.73 | under 0 fill 465 | copy 2435 cy/line 34.93 Mcy/s | synth 3059 cy/pump 43.87 Mcy/s 1828 cy/sample | tri 72 px 5134 part 82 ch 1 | AHASH s=816000 fe2692d6
PROF T t=34 ph=3 the plain frames=60 | clear=44125 sky=520148 floor=1251227 scene=681195 flat=0 gouraud=0 chrome=24346 texture=541075 furnace=0 embers=91325 bloom=0 veil=847 titles=1333 fade=221 | setup=115774 total=2590426
T t=35.1 bar=18 ph=3 the plain | render ms 8.72/8.77/8.91 | fps 59.7 | hold 1 miss 0 late 0 | gap ms 16.73 | under 0 fill 465 | copy 2436 cy/line 34.94 Mcy/s | synth 3057 cy/pump 43.84 Mcy/s 1827 cy/sample | tri 72 px 5312 part 83 ch 1 | AHASH s=840000 c7922fc0
PROF T t=35 ph=3 the plain frames=60 | clear=44123 sky=520609 floor=1251251 scene=695304 flat=0 gouraud=0 chrome=24608 texture=554640 furnace=0 embers=90962 bloom=0 veil=853 titles=1355 fade=227 | setup=116055 total=2604688
T t=36.1 bar=18 ph=3 the plain | render ms 8.75/8.80/8.94 | fps 59.7 | hold 1 miss 0 late 0 | gap ms 16.73 | under 0 fill 465 | copy 2436 cy/line 34.93 Mcy/s | synth 3063 cy/pump 43.92 Mcy/s 1830 cy/sample | tri 72 px 5375 part 83 ch 1 | AHASH s=864000 197a6d81
PROF T t=36 ph=3 the plain frames=60 | clear=44073 sky=520667 floor=1251308 scene=700074 flat=0 gouraud=0 chrome=24486 texture=559883 furnace=0 embers=93793 bloom=0 veil=851 titles=1370 fade=222 | setup=115703 total=2612361
T t=37.1 bar=19 ph=3 the plain | render ms 8.76/8.82/8.96 | fps 59.7 | hold 1 miss 0 late 0 | gap ms 16.73 | under 0 fill 465 | copy 2436 cy/line 34.94 Mcy/s | synth 3058 cy/pump 43.86 Mcy/s 1827 cy/sample | tri 72 px 5582 part 84 ch 1 | AHASH s=888000 7489a231
PROF T t=37 ph=3 the plain frames=60 | clear=44112 sky=520437 floor=1251336 scene=705118 flat=0 gouraud=0 chrome=24524 texture=564732 furnace=0 embers=96663 bloom=0 veil=868 titles=1347 fade=228 | setup=115861 total=2620113
T t=38.1 bar=19 ph=3 the plain | render ms 8.79/8.86/8.99 | fps 59.7 | hold 1 miss 0 late 0 | gap ms 16.73 | under 0 fill 465 | copy 2437 cy/line 34.95 Mcy/s | synth 3060 cy/pump 43.88 Mcy/s 1828 cy/sample | tri 72 px 5770 part 84 ch 1 | AHASH s=912000 f1caa5b0
PROF T t=38 ph=3 the plain frames=60 | clear=44091 sky=520517 floor=1251649 scene=714178 flat=0 gouraud=0 chrome=24714 texture=574176 furnace=0 embers=97011 bloom=0 veil=857 titles=1361 fade=223 | setup=115287 total=2629891
T t=39.1 bar=20 ph=3 the plain | render ms 8.86/8.90/9.02 | fps 59.7 | hold 1 miss 0 late 0 | gap ms 16.73 | under 0 fill 465 | copy 2437 cy/line 34.95 Mcy/s | synth 3063 cy/pump 43.93 Mcy/s 1830 cy/sample | tri 72 px 6014 part 86 ch 1 | AHASH s=936000 6502a091
PROF T t=39 ph=3 the plain frames=60 | clear=44125 sky=520520 floor=1252212 scene=727081 flat=0 gouraud=0 chrome=24667 texture=586853 furnace=0 embers=97353 bloom=0 veil=848 titles=1343 fade=212 | setup=115560 total=2643698
T t=40.1 bar=20 ph=3 the plain | render ms 8.90/8.94/9.08 | fps 59.7 | hold 1 miss 0 late 0 | gap ms 16.73 | under 0 fill 465 | copy 2437 cy/line 34.95 Mcy/s | synth 3058 cy/pump 43.85 Mcy/s 1827 cy/sample | tri 72 px 6089 part 86 ch 1 | AHASH s=960000 343dd2f7
PROF T t=40 ph=3 the plain frames=60 | clear=44115 sky=520940 floor=1251902 scene=739232 flat=0 gouraud=0 chrome=24565 texture=599448 furnace=0 embers=97153 bloom=0 veil=855 titles=1338 fade=220 | setup=115217 total=2655759
T t=41.1 bar=21 ph=3 the plain | render ms 8.91/8.97/9.08 | fps 59.7 | hold 1 miss 0 late 0 | gap ms 16.73 | under 0 fill 465 | copy 2438 cy/line 34.96 Mcy/s | synth 3061 cy/pump 43.90 Mcy/s 1829 cy/sample | tri 72 px 6350 part 86 ch 1 | AHASH s=984000 1856fdf2
PROF T t=41 ph=3 the plain frames=60 | clear=44063 sky=519874 floor=1251718 scene=747594 flat=0 gouraud=0 chrome=24539 texture=607675 furnace=0 embers=97771 bloom=0 veil=859 titles=1343 fade=220 | setup=115380 total=2663446
T t=42.1 bar=21 ph=3 the plain | render ms 8.95/9.00/9.15 | fps 59.7 | hold 1 miss 0 late 0 | gap ms 16.73 | under 0 fill 465 | copy 2438 cy/line 34.97 Mcy/s | synth 3059 cy/pump 43.86 Mcy/s 1827 cy/sample | tri 72 px 6602 part 86 ch 1 | AHASH s=1008000 a0412651
PROF T t=42 ph=3 the plain frames=60 | clear=44070 sky=520303 floor=1251800 scene=759305 flat=0 gouraud=0 chrome=24472 texture=619672 furnace=0 embers=96134 bloom=0 veil=838 titles=1357 fade=219 | setup=115161 total=2674028
T t=43.1 bar=22 ph=3 the plain | render ms 9.00/9.05/9.17 | fps 59.7 | hold 1 miss 0 late 0 | gap ms 16.73 | under 0 fill 465 | copy 2439 cy/line 34.98 Mcy/s | synth 3061 cy/pump 43.89 Mcy/s 1829 cy/sample | tri 72 px 6660 part 87 ch 1 | AHASH s=1032000 aaebaad7
PROF T t=43 ph=3 the plain frames=60 | clear=44104 sky=520195 floor=1251597 scene=771953 flat=0 gouraud=0 chrome=24403 texture=631525 furnace=0 embers=96341 bloom=0 veil=863 titles=1364 fade=223 | setup=116024 total=2686643
T t=44.1 bar=23 ph=3 the plain | render ms 9.03/9.08/9.19 | fps 59.7 | hold 1 miss 0 late 0 | gap ms 16.73 | under 0 fill 465 | copy 2439 cy/line 34.97 Mcy/s | synth 3062 cy/pump 43.92 Mcy/s 1830 cy/sample | tri 72 px 6786 part 89 ch 1 | AHASH s=1056000 b6aeddef
PROF T t=44 ph=3 the plain frames=60 | clear=44098 sky=520773 floor=1251823 scene=778781 flat=0 gouraud=0 chrome=24378 texture=638828 furnace=0 embers=98304 bloom=0 veil=861 titles=1340 fade=220 | setup=115574 total=2696203
T t=45.1 bar=23 ph=3 the plain | render ms 9.05/9.10/9.23 | fps 59.7 | hold 1 miss 0 late 0 | gap ms 16.73 | under 0 fill 465 | copy 2439 cy/line 34.98 Mcy/s | synth 3060 cy/pump 43.88 Mcy/s 1828 cy/sample | tri 72 px 6958 part 89 ch 1 | AHASH s=1080000 3c3b7676
PROF T t=45 ph=3 the plain frames=60 | clear=44096 sky=520287 floor=1251708 scene=785854 flat=0 gouraud=0 chrome=24340 texture=645570 furnace=0 embers=99118 bloom=0 veil=846 titles=1332 fade=222 | setup=115943 total=2703467
PHRASE t=46.0 bar=24 ph=4 the hand | render ms 8.64/9.03/20.64 | fps 59.6 | hold 2 miss 0 late 1 | gap ms 33.47 | under 0 fill 465 | copy 2438 cy/line 34.97 Mcy/s | synth 3060 cy/pump 43.89 Mcy/s 1828 cy/sample | tri 384 px 47019 part 94 ch 2 | AHASH s=1104000 159985cb
PROF PHRASE t=46 ph=4 the hand frames=918 | clear=44105 sky=520421 floor=1250292 scene=731447 flat=0 gouraud=0 chrome=25265 texture=590598 furnace=0 embers=95179 bloom=0 veil=37604 titles=1348 fade=221 | setup=115583 total=2680620
T t=46.1 bar=24 ph=4 the hand | render ms 9.08/11.62/20.68 | fps 56.7 | hold 2 miss 0 late 3 | gap ms 33.47 | under 0 fill 465 | copy 2459 cy/line 35.26 Mcy/s | synth 3065 cy/pump 43.95 Mcy/s 1831 cy/sample | tri 366 px 45782 part 94 ch 2 | AHASH s=1104000 159985cb
PROF T t=46 ph=4 the hand frames=57 | clear=44207 sky=521054 floor=1185828 scene=965888 flat=0 gouraud=0 chrome=61883 texture=790478 furnace=0 embers=99404 bloom=0 veil=642043 titles=1347 fade=218 | setup=113526 total=3459991
T t=47.1 bar=24 ph=4 the hand | render ms 15.68/16.65/20.14 | fps 47.8 | hold 2 miss 0 late 12 | gap ms 33.47 | under 0 fill 465 | copy 2493 cy/line 35.75 Mcy/s | synth 3077 cy/pump 44.13 Mcy/s 1838 cy/sample | tri 342 px 43769 part 94 ch 2 | AHASH s=1128000 a507af95
PROF T t=47 ph=4 the hand frames=48 | clear=44091 sky=515881 floor=0 scene=4021969 flat=0 gouraud=0 chrome=732743 texture=2973264 furnace=0 embers=104543 bloom=0 veil=278428 titles=1214 fade=211 | setup=315960 total=4966340
T t=48.1 bar=25 ph=4 the hand | render ms 15.70/15.82/15.86 | fps 59.7 | hold 1 miss 0 late 0 | gap ms 16.73 | under 0 fill 465 | copy 2510 cy/line 35.99 Mcy/s | synth 3106 cy/pump 44.55 Mcy/s 1856 cy/sample | tri 342 px 43849 part 94 ch 2 | AHASH s=1152000 fea4f11a
PROF T t=48 ph=4 the hand frames=60 | clear=44073 sky=518999 floor=0 scene=4030685 flat=0 gouraud=0 chrome=736832 texture=2972758 furnace=0 embers=104054 bloom=0 veil=794 titles=19537 fade=224 | setup=321094 total=4718369
T t=49.1 bar=25 ph=4 the hand | render ms 15.79/15.86/15.94 | fps 59.7 | hold 1 miss 0 late 0 | gap ms 16.73 | under 0 fill 465 | copy 2510 cy/line 35.99 Mcy/s | synth 3104 cy/pump 44.52 Mcy/s 1855 cy/sample | tri 342 px 43975 part 94 ch 2 | AHASH s=1176000 ac690a5a
PROF T t=49 ph=4 the hand frames=60 | clear=44078 sky=519655 floor=0 scene=4037077 flat=0 gouraud=0 chrome=739462 texture=2977341 furnace=0 embers=104673 bloom=0 veil=826 titles=22689 fade=219 | setup=320274 total=4729221
T t=50.1 bar=26 ph=4 the hand | render ms 15.86/15.91/16.01 | fps 58.7 | hold 2 miss 0 late 1 | gap ms 33.47 | under 0 fill 465 | copy 2509 cy/line 35.98 Mcy/s | synth 3103 cy/pump 44.50 Mcy/s 1854 cy/sample | tri 342 px 44180 part 94 ch 2 | AHASH s=1200000 f873dd08
PROF T t=50 ph=4 the hand frames=59 | clear=44083 sky=519603 floor=0 scene=4054064 flat=0 gouraud=0 chrome=741420 texture=2991212 furnace=0 embers=104615 bloom=0 veil=809 titles=22507 fade=226 | setup=321430 total=4745910
T t=51.1 bar=26 ph=4 the hand | render ms 15.88/15.92/16.04 | fps 58.7 | hold 2 miss 0 late 1 | gap ms 33.47 | under 0 fill 465 | copy 2508 cy/line 35.97 Mcy/s | synth 3100 cy/pump 44.46 Mcy/s 1852 cy/sample | tri 342 px 44108 part 94 ch 2 | AHASH s=1224000 c3b4bb76
PROF T t=51 ph=4 the hand frames=59 | clear=44122 sky=519093 floor=0 scene=4057752 flat=0 gouraud=0 chrome=738013 texture=2999157 furnace=0 embers=104932 bloom=0 veil=810 titles=22486 fade=226 | setup=320582 total=4749425
T t=52.1 bar=27 ph=4 the hand | render ms 15.89/15.97/16.04 | fps 58.7 | hold 2 miss 0 late 1 | gap ms 33.47 | under 0 fill 465 | copy 2509 cy/line 35.99 Mcy/s | synth 3103 cy/pump 44.50 Mcy/s 1854 cy/sample | tri 342 px 44619 part 94 ch 2 | AHASH s=1248000 05745f6b
PROF T t=52 ph=4 the hand frames=59 | clear=44052 sky=518732 floor=0 scene=4071998 flat=0 gouraud=0 chrome=739572 texture=3012687 furnace=0 embers=105960 bloom=0 veil=819 titles=22500 fade=230 | setup=319738 total=4764293
T t=53.2 bar=27 ph=4 the hand | render ms 15.98/16.04/16.15 | fps 58.7 | hold 2 miss 0 late 1 | gap ms 33.47 | under 0 fill 465 | copy 2509 cy/line 35.98 Mcy/s | synth 3102 cy/pump 44.49 Mcy/s 1854 cy/sample | tri 342 px 44900 part 94 ch 2 | AHASH s=1272000 a13b2140
PROF T t=53 ph=4 the hand frames=59 | clear=44095 sky=518508 floor=0 scene=4092069 flat=0 gouraud=0 chrome=742208 texture=3030525 furnace=0 embers=105246 bloom=0 veil=822 titles=22455 fade=220 | setup=319335 total=4783418
T t=54.2 bar=28 ph=4 the hand | render ms 16.03/16.11/16.21 | fps 58.7 | hold 2 miss 0 late 1 | gap ms 33.47 | under 0 fill 465 | copy 2511 cy/line 36.01 Mcy/s | synth 3102 cy/pump 44.49 Mcy/s 1853 cy/sample | tri 342 px 45316 part 95 ch 2 | AHASH s=1296000 78105b3c
PROF T t=54 ph=4 the hand frames=59 | clear=44067 sky=518644 floor=0 scene=4112029 flat=0 gouraud=0 chrome=744623 texture=3049159 furnace=0 embers=105996 bloom=0 veil=822 titles=22448 fade=227 | setup=318246 total=4804237
T t=55.2 bar=28 ph=4 the hand | render ms 16.11/16.20/16.27 | fps 58.7 | hold 2 miss 0 late 1 | gap ms 33.47 | under 0 fill 465 | copy 2511 cy/line 36.02 Mcy/s | synth 3103 cy/pump 44.51 Mcy/s 1854 cy/sample | tri 342 px 45648 part 95 ch 2 | AHASH s=1320000 afedece0
PROF T t=55 ph=4 the hand frames=59 | clear=44060 sky=518961 floor=0 scene=4141339 flat=0 gouraud=0 chrome=752247 texture=3070312 furnace=0 embers=104965 bloom=0 veil=815 titles=22465 fade=225 | setup=318779 total=4832831
T t=56.2 bar=29 ph=4 the hand | render ms 16.17/16.25/16.38 | fps 58.7 | hold 2 miss 0 late 1 | gap ms 33.47 | under 0 fill 465 | copy 2513 cy/line 36.03 Mcy/s | synth 3098 cy/pump 44.43 Mcy/s 1851 cy/sample | tri 342 px 46096 part 95 ch 2 | AHASH s=1344000 5b477c1e
PROF T t=56 ph=4 the hand frames=59 | clear=44067 sky=517891 floor=0 scene=4168983 flat=0 gouraud=0 chrome=757186 texture=3092507 furnace=0 embers=105111 bloom=0 veil=810 titles=11052 fade=222 | setup=319288 total=4848138
T t=57.2 bar=29 ph=4 the hand | render ms 16.23/16.30/16.37 | fps 58.7 | hold 2 miss 0 late 1 | gap ms 33.47 | under 0 fill 465 | copy 2513 cy/line 36.04 Mcy/s | synth 3098 cy/pump 44.43 Mcy/s 1851 cy/sample | tri 342 px 46537 part 95 ch 2 | AHASH s=1368000 812c4246
PROF T t=57 ph=4 the hand frames=59 | clear=44074 sky=516807 floor=0 scene=4192257 flat=0 gouraud=0 chrome=762378 texture=3110308 furnace=0 embers=105950 bloom=0 veil=827 titles=1335 fade=217 | setup=319571 total=4861471
T t=58.2 bar=30 ph=4 the hand | render ms 16.32/16.41/16.50 | fps 58.7 | hold 2 miss 0 late 1 | gap ms 33.47 | under 0 fill 465 | copy 2515 cy/line 36.07 Mcy/s | synth 3103 cy/pump 44.50 Mcy/s 1854 cy/sample | tri 342 px 46784 part 96 ch 2 | AHASH s=1392000 bd966cf3
PROF T t=58 ph=4 the hand frames=59 | clear=44082 sky=517076 floor=0 scene=4223079 flat=0 gouraud=0 chrome=766221 texture=3135613 furnace=0 embers=108292 bloom=0 veil=801 titles=1380 fade=232 | setup=321244 total=4894944
T t=59.2 bar=30 ph=4 the hand | render ms 16.34/16.42/16.50 | fps 58.7 | hold 2 miss 0 late 1 | gap ms 33.47 | under 0 fill 465 | copy 2514 cy/line 36.06 Mcy/s | synth 3104 cy/pump 44.52 Mcy/s 1855 cy/sample | tri 342 px 47147 part 96 ch 2 | AHASH s=1416000 6495f6fb
PROF T t=59 ph=4 the hand frames=59 | clear=44089 sky=516487 floor=0 scene=4227162 flat=0 gouraud=0 chrome=760211 texture=3145796 furnace=0 embers=108593 bloom=0 veil=824 titles=1357 fade=211 | setup=321154 total=4898727
T t=60.2 bar=31 ph=4 the hand | render ms 16.44/16.50/16.62 | fps 58.7 | hold 2 miss 0 late 1 | gap ms 33.47 | under 0 fill 465 | copy 2517 cy/line 36.09 Mcy/s | synth 3106 cy/pump 44.54 Mcy/s 1856 cy/sample | tri 342 px 47399 part 98 ch 2 | AHASH s=1440000 3f5f9a21
PROF T t=60 ph=4 the hand frames=59 | clear=44073 sky=513799 floor=0 scene=4255643 flat=0 gouraud=0 chrome=757639 texture=3175960 furnace=0 embers=107726 bloom=0 veil=815 titles=1382 fade=218 | setup=322043 total=4923659
T t=61.2 bar=31 ph=4 the hand | render ms 16.50/16.57/16.66 | fps 58.7 | hold 2 miss 0 late 1 | gap ms 33.47 | under 0 fill 465 | copy 2516 cy/line 36.08 Mcy/s | synth 3106 cy/pump 44.54 Mcy/s 1855 cy/sample | tri 342 px 47502 part 98 ch 2 | AHASH s=1464000 444d7d03
PROF T t=61 ph=4 the hand frames=59 | clear=44124 sky=515438 floor=0 scene=4272040 flat=0 gouraud=0 chrome=763451 texture=3185998 furnace=0 embers=108593 bloom=0 veil=807 titles=1388 fade=228 | setup=322589 total=4942621
PHRASE t=61.4 bar=32 ph=5 the hand | render ms 15.68/16.20/20.68 | fps 57.9 | hold 2 miss 0 late 27 | gap ms 33.47 | under 0 fill 465 | copy 2510 cy/line 36.00 Mcy/s | synth 3101 cy/pump 44.47 Mcy/s 1853 cy/sample | tri 342 px 47645 part 104 ch 2 | AHASH s=1464000 444d7d03
PROF PHRASE t=61 ph=5 the hand frames=890 | clear=44091 sky=517758 floor=0 scene=4133345 flat=0 gouraud=0 chrome=749226 texture=3064465 furnace=0 embers=106007 bloom=0 veil=18945 titles=13060 fade=223 | setup=319652 total=4833432
T t=62.2 bar=32 ph=5 the hand | render ms 16.52/16.64/16.74 | fps 57.7 | hold 2 miss 0 late 2 | gap ms 33.47 | under 0 fill 465 | copy 2515 cy/line 36.07 Mcy/s | synth 3102 cy/pump 44.48 Mcy/s 1853 cy/sample | tri 342 px 47748 part 104 ch 2 | AHASH s=1488000 941943d6
PROF T t=62 ph=5 the hand frames=58 | clear=44150 sky=515761 floor=0 scene=4288103 flat=0 gouraud=0 chrome=761241 texture=3204229 furnace=0 embers=114143 bloom=0 veil=791 titles=1368 fade=222 | setup=322633 total=4964542
T t=63.2 bar=32 ph=5 the hand | render ms 16.64/16.73/16.84 | fps 36.2 | hold 2 miss 0 late 24 | gap ms 33.47 | under 0 fill 465 | copy 2475 cy/line 35.49 Mcy/s | synth 3049 cy/pump 43.72 Mcy/s 1821 cy/sample | tri 342 px 48256 part 104 ch 2 | AHASH s=1512000 8a2532e6
PROF T t=63 ph=5 the hand frames=37 | clear=44154 sky=518064 floor=0 scene=4312774 flat=0 gouraud=0 chrome=768604 texture=3221381 furnace=0 embers=114088 bloom=0 veil=838 titles=1359 fade=219 | setup=322789 total=4991499
T t=64.2 bar=33 ph=5 the hand | render ms 16.75/16.80/16.88 | fps 29.8 | hold 2 miss 0 late 30 | gap ms 33.47 | under 0 fill 465 | copy 2461 cy/line 35.30 Mcy/s | synth 3032 cy/pump 43.48 Mcy/s 1811 cy/sample | tri 342 px 48437 part 104 ch 2 | AHASH s=1536000 106f9ee9
PROF T t=64 ph=5 the hand frames=30 | clear=44155 sky=518358 floor=0 scene=4335360 flat=0 gouraud=0 chrome=775780 texture=3237331 furnace=0 embers=112690 bloom=0 veil=811 titles=1340 fade=226 | setup=322248 total=5012943
T t=65.2 bar=33 ph=5 the hand | render ms 16.77/16.84/16.92 | fps 29.8 | hold 2 miss 0 late 30 | gap ms 33.47 | under 0 fill 465 | copy 2461 cy/line 35.29 Mcy/s | synth 3031 cy/pump 43.47 Mcy/s 1811 cy/sample | tri 340 px 48560 part 104 ch 2 | AHASH s=1560000 6056688e
PROF T t=65 ph=5 the hand frames=30 | clear=44065 sky=517884 floor=0 scene=4346308 flat=0 gouraud=0 chrome=764261 texture=3259485 furnace=0 embers=113187 bloom=0 veil=837 titles=1334 fade=219 | setup=322560 total=5023837
T t=66.2 bar=34 ph=5 the hand | render ms 16.84/16.90/16.97 | fps 29.8 | hold 2 miss 0 late 30 | gap ms 33.47 | under 0 fill 465 | copy 2462 cy/line 35.30 Mcy/s | synth 3033 cy/pump 43.50 Mcy/s 1812 cy/sample | tri 340 px 48813 part 104 ch 2 | AHASH s=1584000 ff52ffe2
PROF T t=66 ph=5 the hand frames=30 | clear=44159 sky=515842 floor=0 scene=4364595 flat=0 gouraud=0 chrome=765207 texture=3276857 furnace=0 embers=114091 bloom=0 veil=822 titles=1366 fade=224 | setup=322531 total=5041102
T t=67.2 bar=35 ph=5 the hand | render ms 16.93/16.97/17.03 | fps 29.8 | hold 2 miss 0 late 30 | gap ms 33.47 | under 0 fill 465 | copy 2462 cy/line 35.31 Mcy/s | synth 3035 cy/pump 43.53 Mcy/s 1814 cy/sample | tri 340 px 48968 part 104 ch 2 | AHASH s=1608000 83f990b5
PROF T t=67 ph=5 the hand frames=30 | clear=44203 sky=515899 floor=0 scene=4386488 flat=0 gouraud=0 chrome=768052 texture=3294682 furnace=0 embers=113631 bloom=0 veil=802 titles=1363 fade=227 | setup=323753 total=5062616
T t=68.2 bar=35 ph=5 the hand | render ms 16.95/17.04/17.14 | fps 29.8 | hold 2 miss 0 late 30 | gap ms 33.47 | under 0 fill 465 | copy 2462 cy/line 35.30 Mcy/s | synth 3036 cy/pump 43.54 Mcy/s 1814 cy/sample | tri 340 px 49641 part 104 ch 2 | AHASH s=1632000 1317fced
PROF T t=68 ph=5 the hand frames=30 | clear=44142 sky=516302 floor=0 scene=4406996 flat=0 gouraud=0 chrome=768124 texture=3315460 furnace=0 embers=113791 bloom=0 veil=852 titles=1398 fade=230 | setup=323411 total=5083714
T t=69.2 bar=36 ph=5 the hand | render ms 17.04/17.11/17.20 | fps 29.8 | hold 2 miss 0 late 30 | gap ms 33.47 | under 0 fill 465 | copy 2462 cy/line 35.31 Mcy/s | synth 3034 cy/pump 43.52 Mcy/s 1813 cy/sample | tri 340 px 50165 part 105 ch 2 | AHASH s=1656000 3cb02279
PROF T t=69 ph=5 the hand frames=30 | clear=44160 sky=516548 floor=0 scene=4428985 flat=0 gouraud=0 chrome=767447 texture=3339210 furnace=0 embers=113902 bloom=0 veil=845 titles=1340 fade=222 | setup=322326 total=5106005
T t=70.2 bar=36 ph=5 the hand | render ms 17.14/17.22/17.29 | fps 29.8 | hold 2 miss 0 late 30 | gap ms 33.47 | under 0 fill 465 | copy 2463 cy/line 35.32 Mcy/s | synth 3034 cy/pump 43.51 Mcy/s 1813 cy/sample | tri 340 px 50531 part 105 ch 2 | AHASH s=1680000 80101a1c
PROF T t=70 ph=5 the hand frames=30 | clear=44175 sky=515214 floor=0 scene=4459831 flat=0 gouraud=0 chrome=768884 texture=3368740 furnace=0 embers=116356 bloom=0 veil=821 titles=1376 fade=230 | setup=322206 total=5138006
T t=71.2 bar=37 ph=5 the hand | render ms 17.24/17.29/17.40 | fps 29.8 | hold 2 miss 0 late 30 | gap ms 33.47 | under 0 fill 465 | copy 2463 cy/line 35.32 Mcy/s | synth 3034 cy/pump 43.50 Mcy/s 1812 cy/sample | tri 340 px 50783 part 105 ch 2 | AHASH s=1704000 3b94f7bc
PROF T t=71 ph=5 the hand frames=30 | clear=44133 sky=517123 floor=0 scene=4481413 flat=0 gouraud=0 chrome=772589 texture=3385700 furnace=0 embers=115533 bloom=0 veil=841 titles=1374 fade=226 | setup=323123 total=5160646
T t=72.2 bar=37 ph=5 the hand | render ms 17.30/17.41/17.47 | fps 29.8 | hold 2 miss 0 late 30 | gap ms 33.47 | under 0 fill 465 | copy 2464 cy/line 35.33 Mcy/s | synth 3032 cy/pump 43.48 Mcy/s 1811 cy/sample | tri 340 px 51039 part 105 ch 2 | AHASH s=1728000 4db2e8f2
PROF T t=72 ph=5 the hand frames=30 | clear=44119 sky=518280 floor=0 scene=4515344 flat=0 gouraud=0 chrome=784627 texture=3408550 furnace=0 embers=114768 bloom=0 veil=821 titles=1357 fade=229 | setup=322166 total=5194920
T t=73.2 bar=38 ph=5 the hand | render ms 17.39/17.44/17.51 | fps 29.8 | hold 2 miss 0 late 30 | gap ms 33.47 | under 0 fill 465 | copy 2463 cy/line 35.33 Mcy/s | synth 3032 cy/pump 43.49 Mcy/s 1812 cy/sample | tri 340 px 51174 part 106 ch 2 | AHASH s=1752000 d6d05b06
PROF T t=73 ph=5 the hand frames=30 | clear=44190 sky=519302 floor=0 scene=4521563 flat=0 gouraud=0 chrome=780569 texture=3418474 furnace=0 embers=115823 bloom=0 veil=799 titles=1391 fade=227 | setup=322520 total=5203298
T t=74.2 bar=38 ph=5 the hand | render ms 17.34/17.42/17.55 | fps 29.8 | hold 2 miss 0 late 30 | gap ms 33.47 | under 0 fill 465 | copy 2464 cy/line 35.33 Mcy/s | synth 3035 cy/pump 43.52 Mcy/s 1813 cy/sample | tri 340 px 51195 part 106 ch 2 | AHASH s=1776000 22959014
PROF T t=74 ph=5 the hand frames=30 | clear=44119 sky=518890 floor=0 scene=4515670 flat=0 gouraud=0 chrome=774982 texture=3416433 furnace=0 embers=118678 bloom=0 veil=818 titles=1360 fade=216 | setup=324254 total=5199754
T t=75.2 bar=39 ph=5 the hand | render ms 17.35/17.43/17.50 | fps 29.8 | hold 2 miss 0 late 30 | gap ms 33.47 | under 0 fill 465 | copy 2463 cy/line 35.32 Mcy/s | synth 3035 cy/pump 43.52 Mcy/s 1813 cy/sample | tri 340 px 51235 part 107 ch 2 | AHASH s=1800000 1f021550
PROF T t=75 ph=5 the hand frames=30 | clear=44179 sky=518788 floor=0 scene=4517892 flat=0 gouraud=0 chrome=775356 texture=3418172 furnace=0 embers=119038 bloom=0 veil=825 titles=1369 fade=228 | setup=324364 total=5202323
T t=76.2 bar=39 ph=5 the hand | render ms 17.36/17.41/17.51 | fps 29.8 | hold 2 miss 0 late 30 | gap ms 33.47 | under 0 fill 465 | copy 2464 cy/line 35.33 Mcy/s | synth 3034 cy/pump 43.51 Mcy/s 1813 cy/sample | tri 340 px 51342 part 107 ch 2 | AHASH s=1824000 f424dace
PROF T t=76 ph=5 the hand frames=30 | clear=44059 sky=515281 floor=0 scene=4516780 flat=0 gouraud=0 chrome=770917 texture=3422140 furnace=0 embers=118274 bloom=0 veil=803 titles=1356 fade=225 | setup=323721 total=5196780
PHRASE t=76.8 bar=40 ph=6 the heart | render ms 15.09/17.21/21.30 | fps 31.7 | hold 2 miss 0 late 430 | gap ms 33.47 | under 0 fill 465 | copy 2467 cy/line 35.37 Mcy/s | synth 3038 cy/pump 43.57 Mcy/s 1815 cy/sample | tri 142 px 31207 part 108 ch 3 | AHASH s=1824000 f424dace
PROF PHRASE t=76 ph=6 the heart frames=489 | clear=44140 sky=517117 floor=0 scene=4419931 flat=150 gouraud=0 chrome=770329 texture=3326574 furnace=0 embers=115253 bloom=92 veil=37318 titles=1363 fade=224 | setup=322877 total=5135441
T t=77.3 bar=40 ph=6 the heart | render ms 11.22/16.83/21.30 | fps 44.8 | hold 2 miss 0 late 15 | gap ms 33.47 | under 0 fill 465 | copy 2492 cy/line 35.74 Mcy/s | synth 3057 cy/pump 43.84 Mcy/s 1827 cy/sample | tri 144 px 31191 part 108 ch 3 | AHASH s=1848000 1f7fa627
PROF T t=77 ph=6 the heart frames=45 | clear=44203 sky=521269 floor=0 scene=3249496 flat=48923 gouraud=0 chrome=569875 texture=2342072 furnace=0 embers=115961 bloom=30188 veil=1059375 titles=1224 fade=221 | setup=288624 total=5021939
T t=78.3 bar=40 ph=6 the heart | render ms 11.18/11.26/11.39 | fps 59.7 | hold 1 miss 0 late 0 | gap ms 16.73 | under 0 fill 465 | copy 2478 cy/line 35.53 Mcy/s | synth 3070 cy/pump 44.03 Mcy/s 1834 cy/sample | tri 142 px 31221 part 108 ch 3 | AHASH s=1872000 e386ffeb
PROF T t=78 ph=6 the heart frames=60 | clear=44069 sky=523360 floor=0 scene=2615880 flat=73329 gouraud=0 chrome=467808 texture=1802929 furnace=0 embers=114882 bloom=43901 veil=864 titles=8906 fade=225 | setup=271813 total=3352091
T t=79.3 bar=41 ph=6 the heart | render ms 11.31/11.35/11.49 | fps 59.7 | hold 1 miss 0 late 0 | gap ms 16.73 | under 0 fill 465 | copy 2476 cy/line 35.51 Mcy/s | synth 3072 cy/pump 44.05 Mcy/s 1835 cy/sample | tri 142 px 31231 part 108 ch 3 | AHASH s=1896000 7ee13529
PROF T t=79 ph=6 the heart frames=60 | clear=44021 sky=526677 floor=0 scene=2619702 flat=73358 gouraud=0 chrome=471354 texture=1802673 furnace=0 embers=115640 bloom=43313 veil=852 titles=28277 fade=227 | setup=272315 total=3378712
T t=80.3 bar=41 ph=6 the heart | render ms 11.33/11.37/11.50 | fps 59.7 | hold 1 miss 0 late 0 | gap ms 16.73 | under 0 fill 465 | copy 2477 cy/line 35.52 Mcy/s | synth 3070 cy/pump 44.02 Mcy/s 1834 cy/sample | tri 142 px 31281 part 108 ch 3 | AHASH s=1920000 1cc1e0a1
PROF T t=80 ph=6 the heart frames=60 | clear=44092 sky=526071 floor=0 scene=2624206 flat=73439 gouraud=0 chrome=475958 texture=1802496 furnace=0 embers=116629 bloom=43426 veil=861 titles=28289 fade=227 | setup=272313 total=3383805
T t=81.3 bar=42 ph=6 the heart | render ms 11.33/11.39/11.51 | fps 59.7 | hold 1 miss 0 late 0 | gap ms 16.73 | under 0 fill 465 | copy 2477 cy/line 35.52 Mcy/s | synth 3069 cy/pump 44.02 Mcy/s 1834 cy/sample | tri 148 px 31332 part 108 ch 3 | AHASH s=1944000 1ffa4469
PROF T t=81 ph=6 the heart frames=60 | clear=44091 sky=525917 floor=0 scene=2630306 flat=73316 gouraud=0 chrome=481819 texture=1803585 furnace=0 embers=117774 bloom=43588 veil=859 titles=28351 fade=231 | setup=271585 total=3391120
T t=82.3 bar=42 ph=6 the heart | render ms 11.39/11.43/11.55 | fps 59.7 | hold 1 miss 0 late 0 | gap ms 16.73 | under 0 fill 465 | copy 2477 cy/line 35.52 Mcy/s | synth 3070 cy/pump 44.02 Mcy/s 1834 cy/sample | tri 148 px 31421 part 108 ch 3 | AHASH s=1968000 a182c235
PROF T t=82 ph=6 the heart frames=60 | clear=44129 sky=525936 floor=0 scene=2639737 flat=72852 gouraud=0 chrome=490571 texture=1803971 furnace=0 embers=119514 bloom=43318 veil=869 titles=28316 fade=227 | setup=272341 total=3402049
T t=83.3 bar=43 ph=6 the heart | render ms 11.40/11.44/11.56 | fps 59.7 | hold 1 miss 0 late 0 | gap ms 16.73 | under 0 fill 465 | copy 2478 cy/line 35.53 Mcy/s | synth 3066 cy/pump 43.98 Mcy/s 1832 cy/sample | tri 146 px 31424 part 108 ch 3 | AHASH s=1992000 5027bfaf
PROF T t=83 ph=6 the heart frames=60 | clear=44085 sky=526485 floor=0 scene=2642476 flat=71730 gouraud=0 chrome=495227 texture=1803517 furnace=0 embers=119570 bloom=42681 veil=840 titles=28303 fade=225 | setup=272001 total=3404668
T t=84.3 bar=43 ph=6 the heart | render ms 11.37/11.44/11.57 | fps 59.7 | hold 1 miss 0 late 0 | gap ms 16.73 | under 0 fill 465 | copy 2478 cy/line 35.53 Mcy/s | synth 3067 cy/pump 43.99 Mcy/s 1833 cy/sample | tri 148 px 31650 part 108 ch 3 | AHASH s=2016000 7a85e49a
PROF T t=84 ph=6 the heart frames=60 | clear=44111 sky=526753 floor=0 scene=2647683 flat=71742 gouraud=0 chrome=497320 texture=1807118 furnace=0 embers=116735 bloom=38964 veil=869 titles=28344 fade=224 | setup=271501 total=3403686
T t=85.3 bar=44 ph=6 the heart | render ms 11.43/11.48/11.60 | fps 59.7 | hold 1 miss 0 late 0 | gap ms 16.73 | under 0 fill 465 | copy 2479 cy/line 35.55 Mcy/s | synth 3067 cy/pump 43.98 Mcy/s 1832 cy/sample | tri 148 px 31909 part 109 ch 3 | AHASH s=2040000 ff39b825
PROF T t=85 ph=6 the heart frames=60 | clear=44112 sky=526617 floor=0 scene=2658656 flat=73408 gouraud=0 chrome=497632 texture=1815760 furnace=0 embers=116891 bloom=41528 veil=855 titles=28330 fade=225 | setup=271856 total=3417219
T t=86.3 bar=44 ph=6 the heart | render ms 11.49/11.54/11.65 | fps 59.7 | hold 1 miss 0 late 0 | gap ms 16.73 | under 0 fill 465 | copy 2480 cy/line 35.56 Mcy/s | synth 3069 cy/pump 44.01 Mcy/s 1833 cy/sample | tri 148 px 31884 part 109 ch 3 | AHASH s=2064000 d6b81d94
PROF T t=86 ph=6 the heart frames=60 | clear=44127 sky=526679 floor=0 scene=2670809 flat=76167 gouraud=0 chrome=498660 texture=1823883 furnace=0 embers=118868 bloom=43578 veil=846 titles=28317 fade=223 | setup=272097 total=3433450
T t=87.3 bar=45 ph=6 the heart | render ms 11.36/11.42/11.70 | fps 59.7 | hold 1 miss 0 late 0 | gap ms 16.73 | under 0 fill 465 | copy 2480 cy/line 35.56 Mcy/s | synth 3061 cy/pump 43.90 Mcy/s 1829 cy/sample | tri 148 px 31810 part 109 ch 3 | AHASH s=2088000 12be213a
PROF T t=87 ph=6 the heart frames=60 | clear=44132 sky=522783 floor=0 scene=2663969 flat=78772 gouraud=0 chrome=491326 texture=1822353 furnace=0 embers=120155 bloom=44460 veil=834 titles=2193 fade=226 | setup=271516 total=3398756
T t=88.3 bar=46 ph=6 the heart | render ms 11.33/11.38/11.52 | fps 59.7 | hold 1 miss 0 late 0 | gap ms 16.73 | under 0 fill 465 | copy 2480 cy/line 35.57 Mcy/s | synth 3063 cy/pump 43.93 Mcy/s 1830 cy/sample | tri 144 px 31823 part 110 ch 3 | AHASH s=2112000 97f87b86
PROF T t=88 ph=6 the heart frames=60 | clear=44092 sky=522093 floor=0 scene=2655459 flat=79753 gouraud=0 chrome=482124 texture=1822598 furnace=0 embers=119111 bloom=45284 veil=853 titles=1306 fade=226 | setup=270983 total=3388427
T t=89.3 bar=46 ph=6 the heart | render ms 11.31/11.37/11.52 | fps 59.7 | hold 1 miss 0 late 0 | gap ms 16.73 | under 0 fill 465 | copy 2480 cy/line 35.56 Mcy/s | synth 3065 cy/pump 43.95 Mcy/s 1831 cy/sample | tri 142 px 31767 part 110 ch 3 | AHASH s=2136000 8830535a
PROF T t=89 ph=6 the heart frames=60 | clear=44115 sky=522509 floor=0 scene=2649052 flat=78520 gouraud=0 chrome=476884 texture=1823016 furnace=0 embers=122409 bloom=44419 veil=860 titles=1298 fade=223 | setup=270631 total=3384889
T t=90.3 bar=47 ph=6 the heart | render ms 11.31/11.35/11.49 | fps 59.7 | hold 1 miss 0 late 0 | gap ms 16.73 | under 0 fill 465 | copy 2478 cy/line 35.54 Mcy/s | synth 3064 cy/pump 43.94 Mcy/s 1830 cy/sample | tri 146 px 32193 part 110 ch 3 | AHASH s=2160000 fc2b037f
PROF T t=90 ph=6 the heart frames=60 | clear=44088 sky=522842 floor=0 scene=2648979 flat=75177 gouraud=0 chrome=473690 texture=1829599 furnace=0 embers=121201 bloom=39572 veil=859 titles=1314 fade=224 | setup=270510 total=3379083
T t=91.3 bar=47 ph=6 the heart | render ms 11.31/11.38/11.51 | fps 59.7 | hold 1 miss 0 late 0 | gap ms 16.73 | under 0 fill 465 | copy 2480 cy/line 35.56 Mcy/s | synth 3066 cy/pump 43.97 Mcy/s 1832 cy/sample | tri 144 px 31975 part 110 ch 3 | AHASH s=2184000 1bc4b39c
PROF T t=91 ph=6 the heart frames=60 | clear=44103 sky=522264 floor=0 scene=2656968 flat=73450 gouraud=0 chrome=470482 texture=1842454 furnace=0 embers=118837 bloom=41867 veil=848 titles=1310 fade=224 | setup=270581 total=3386424
PHRASE t=92.1 bar=48 ph=7 the heart | render ms 11.18/11.50/15.22 | fps 59.7 | hold 1 miss 0 late 0 | gap ms 16.73 | under 0 fill 465 | copy 2479 cy/line 35.56 Mcy/s | synth 3067 cy/pump 43.99 Mcy/s 1832 cy/sample | tri 142 px 31995 part 111 ch 3 | AHASH s=2208000 5dfce50c
PROF PHRASE t=92 ph=7 the heart frames=916 | clear=44102 sky=524608 floor=0 scene=2643598 flat=74639 gouraud=0 chrome=482232 texture=1815247 furnace=0 embers=118472 bloom=43015 veil=33373 titles=16011 fade=225 | setup=271479 total=3423407
T t=92.3 bar=48 ph=7 the heart | render ms 11.31/11.36/11.50 | fps 59.7 | hold 1 miss 0 late 0 | gap ms 16.73 | under 0 fill 465 | copy 2480 cy/line 35.56 Mcy/s | synth 3062 cy/pump 43.91 Mcy/s 1829 cy/sample | tri 144 px 31967 part 111 ch 3 | AHASH s=2208000 5dfce50c
PROF T t=92 ph=7 the heart frames=60 | clear=44157 sky=522610 floor=0 scene=2644805 flat=75363 gouraud=0 chrome=467059 texture=1832383 furnace=0 embers=120804 bloom=44723 veil=859 titles=1309 fade=224 | setup=269998 total=3379495
T t=93.3 bar=48 ph=7 the heart | render ms 11.35/11.39/11.53 | fps 59.7 | hold 1 miss 0 late 0 | gap ms 16.73 | under 0 fill 465 | copy 2480 cy/line 35.57 Mcy/s | synth 3064 cy/pump 43.94 Mcy/s 1831 cy/sample | tri 144 px 31994 part 111 ch 3 | AHASH s=2232000 15641653
PROF T t=93 ph=7 the heart frames=60 | clear=44080 sky=522033 floor=0 scene=2653860 flat=74454 gouraud=0 chrome=474707 texture=1833988 furnace=0 embers=124022 bloom=43847 veil=862 titles=1310 fade=226 | setup=270710 total=3390244
T t=94.3 bar=49 ph=7 the heart | render ms 11.35/11.40/11.53 | fps 59.7 | hold 1 miss 0 late 0 | gap ms 16.73 | under 0 fill 465 | copy 2480 cy/line 35.57 Mcy/s | synth 3064 cy/pump 43.94 Mcy/s 1830 cy/sample | tri 142 px 32060 part 111 ch 3 | AHASH s=2256000 6c2c8fe6
PROF T t=94 ph=7 the heart frames=60 | clear=44071 sky=522309 floor=0 scene=2658983 flat=73551 gouraud=0 chrome=480781 texture=1833158 furnace=0 embers=124265 bloom=39681 veil=859 titles=1318 fade=227 | setup=271491 total=3391715
T t=95.3 bar=49 ph=7 the heart | render ms 11.39/11.49/11.57 | fps 59.7 | hold 1 miss 0 late 0 | gap ms 16.73 | under 0 fill 465 | copy 2479 cy/line 35.56 Mcy/s | synth 3067 cy/pump 43.98 Mcy/s 1832 cy/sample | tri 144 px 32599 part 111 ch 3 | AHASH s=2280000 77459282
PROF T t=95 ph=7 the heart frames=60 | clear=44073 sky=523576 floor=0 scene=2684716 flat=77074 gouraud=0 chrome=488305 texture=1847593 furnace=0 embers=122124 bloom=42025 veil=865 titles=1307 fade=229 | setup=271743 total=3418918
T t=96.3 bar=50 ph=7 the heart | render ms 11.51/11.55/11.67 | fps 59.7 | hold 1 miss 0 late 0 | gap ms 16.73 | under 0 fill 465 | copy 2480 cy/line 35.57 Mcy/s | synth 3068 cy/pump 44.00 Mcy/s 1833 cy/sample | tri 144 px 32618 part 111 ch 3 | AHASH s=2304000 57ad9b3d
PROF T t=96 ph=7 the heart frames=60 | clear=44060 sky=523295 floor=0 scene=2700232 flat=80001 gouraud=0 chrome=493272 texture=1854413 furnace=0 embers=122887 bloom=45490 veil=865 titles=1306 fade=225 | setup=272545 total=3438363
T t=97.4 bar=50 ph=7 the heart | render ms 11.55/11.59/11.73 | fps 59.7 | hold 1 miss 0 late 0 | gap ms 16.73 | under 0 fill 465 | copy 2481 cy/line 35.58 Mcy/s | synth 3067 cy/pump 43.99 Mcy/s 1833 cy/sample | tri 150 px 32716 part 111 ch 3 | AHASH s=2328000 46324a32
PROF T t=97 ph=7 the heart frames=60 | clear=44086 sky=523561 floor=0 scene=2713003 flat=80873 gouraud=0 chrome=503879 texture=1855883 furnace=0 embers=121718 bloom=45522 veil=850 titles=1301 fade=227 | setup=272367 total=3450271
T t=98.4 bar=51 ph=7 the heart | render ms 11.55/11.60/11.75 | fps 59.7 | hold 1 miss 0 late 0 | gap ms 16.73 | under 0 fill 465 | copy 2481 cy/line 35.58 Mcy/s | synth 3070 cy/pump 44.03 Mcy/s 1834 cy/sample | tri 148 px 32727 part 111 ch 3 | AHASH s=2352000 f1166fe6
PROF T t=98 ph=7 the heart frames=60 | clear=44092 sky=523761 floor=0 scene=2718609 flat=79978 gouraud=0 chrome=508997 texture=1857158 furnace=0 embers=119739 bloom=45076 veil=855 titles=1313 fade=226 | setup=272474 total=3453675
T t=99.4 bar=51 ph=7 the heart | render ms 11.56/11.60/11.74 | fps 59.7 | hold 1 miss 0 late 0 | gap ms 16.73 | under 0 fill 465 | copy 2481 cy/line 35.57 Mcy/s | synth 3071 cy/pump 44.04 Mcy/s 1835 cy/sample | tri 150 px 32750 part 111 ch 3 | AHASH s=2376000 3f3f2310
PROF T t=99 ph=7 the heart frames=60 | clear=44013 sky=523266 floor=0 scene=2719657 flat=77361 gouraud=0 chrome=511683 texture=1858201 furnace=0 embers=120070 bloom=43630 veil=858 titles=1292 fade=226 | setup=272411 total=3453016
T t=100.4 bar=52 ph=7 the heart | render ms 11.58/11.65/11.75 | fps 59.7 | hold 1 miss 0 late 0 | gap ms 16.73 | under 0 fill 465 | copy 2482 cy/line 35.60 Mcy/s | synth 3068 cy/pump 44.00 Mcy/s 1833 cy/sample | tri 148 px 33247 part 111 ch 3 | AHASH s=2400000 ae191035
PROF T t=100 ph=7 the heart frames=60 | clear=44052 sky=523784 floor=0 scene=2734756 flat=75176 gouraud=0 chrome=517760 texture=1869387 furnace=0 embers=121413 bloom=40882 veil=853 titles=1312 fade=228 | setup=272432 total=3467284
T t=101.4 bar=52 ph=7 the heart | render ms 11.64/11.69/11.80 | fps 59.7 | hold 1 miss 0 late 0 | gap ms 16.73 | under 0 fill 465 | copy 2483 cy/line 35.61 Mcy/s | synth 3068 cy/pump 43.99 Mcy/s 1833 cy/sample | tri 146 px 33244 part 111 ch 3 | AHASH s=2424000 c9629b28
PROF T t=101 ph=7 the heart frames=60 | clear=44086 sky=523519 floor=0 scene=2745300 flat=73693 gouraud=0 chrome=517571 texture=1881638 furnace=0 embers=121998 bloom=42803 veil=867 titles=1304 fade=225 | setup=272397 total=3480104
T t=102.4 bar=53 ph=7 the heart | render ms 11.64/11.69/11.85 | fps 59.7 | hold 1 miss 0 late 0 | gap ms 16.73 | under 0 fill 465 | copy 2483 cy/line 35.61 Mcy/s | synth 3066 cy/pump 43.97 Mcy/s 1832 cy/sample | tri 148 px 33241 part 111 ch 3 | AHASH s=2448000 0c461bf6
PROF T t=102 ph=7 the heart frames=60 | clear=44090 sky=523039 floor=0 scene=2744035 flat=74492 gouraud=0 chrome=514236 texture=1882222 furnace=0 embers=122806 bloom=43338 veil=865 titles=1307 fade=224 | setup=273084 total=3479709
T t=103.4 bar=53 ph=7 the heart | render ms 11.64/11.69/11.82 | fps 59.7 | hold 1 miss 0 late 0 | gap ms 16.73 | under 0 fill 465 | copy 2483 cy/line 35.60 Mcy/s | synth 3069 cy/pump 44.01 Mcy/s 1833 cy/sample | tri 146 px 33270 part 111 ch 3 | AHASH s=2472000 417189a2
PROF T t=103 ph=7 the heart frames=60 | clear=44110 sky=522887 floor=0 scene=2742153 flat=75745 gouraud=0 chrome=508699 texture=1884396 furnace=0 embers=123523 bloom=44121 veil=869 titles=1316 fade=228 | setup=273311 total=3479211
T t=104.4 bar=54 ph=7 the heart | render ms 11.59/11.66/11.82 | fps 59.7 | hold 1 miss 0 late 0 | gap ms 16.73 | under 0 fill 465 | copy 2482 cy/line 35.59 Mcy/s | synth 3070 cy/pump 44.03 Mcy/s 1834 cy/sample | tri 144 px 33261 part 112 ch 3 | AHASH s=2496000 601664cb
PROF T t=104 ph=7 the heart frames=60 | clear=44036 sky=522524 floor=0 scene=2733579 flat=75893 gouraud=0 chrome=499388 texture=1885713 furnace=0 embers=123319 bloom=44104 veil=869 titles=1306 fade=224 | setup=272583 total=3469965
T t=105.4 bar=54 ph=7 the heart | render ms 11.59/11.63/11.78 | fps 59.7 | hold 1 miss 0 late 0 | gap ms 16.73 | under 0 fill 465 | copy 2482 cy/line 35.60 Mcy/s | synth 3070 cy/pump 44.02 Mcy/s 1834 cy/sample | tri 146 px 33246 part 112 ch 3 | AHASH s=2520000 cf98d3ed
PROF T t=105 ph=7 the heart frames=60 | clear=44082 sky=522735 floor=0 scene=2729833 flat=75913 gouraud=0 chrome=496307 texture=1885168 furnace=0 embers=119195 bloom=44357 veil=873 titles=1287 fade=230 | setup=272444 total=3462595
T t=106.4 bar=55 ph=7 the heart | render ms 11.58/11.61/11.77 | fps 59.7 | hold 1 miss 0 late 0 | gap ms 16.73 | under 0 fill 465 | copy 2482 cy/line 35.60 Mcy/s | synth 3067 cy/pump 43.99 Mcy/s 1833 cy/sample | tri 142 px 33217 part 113 ch 3 | AHASH s=2544000 e435c086
PROF T t=106 ph=7 the heart frames=60 | clear=44077 sky=522658 floor=0 scene=2726067 flat=75647 gouraud=0 chrome=492176 texture=1886002 furnace=0 embers=118204 bloom=43534 veil=847 titles=1317 fade=225 | setup=272240 total=3456932
T t=107.4 bar=55 ph=7 the heart | render ms 11.54/13.12/15.45 | fps 59.7 | hold 1 miss 0 late 0 | gap ms 16.73 | under 0 fill 465 | copy 2496 cy/line 35.79 Mcy/s | synth 3071 cy/pump 44.04 Mcy/s 1835 cy/sample | tri 142 px 33168 part 113 ch 3 | AHASH s=2568000 7e8bfa36
PROF T t=107 ph=7 the heart frames=60 | clear=44089 sky=522881 floor=0 scene=2717956 flat=75721 gouraud=0 chrome=483589 texture=1885919 furnace=0 embers=118245 bloom=45493 veil=459879 titles=1323 fade=226 | setup=272725 total=3910095
PHRASE t=107.5 bar=56 ph=8 the eye | render ms 11.33/11.71/15.92 | fps 59.7 | hold 1 miss 0 late 0 | gap ms 16.73 | under 0 fill 465 | copy 2482 cy/line 35.60 Mcy/s | synth 3068 cy/pump 44.00 Mcy/s 1833 cy/sample | tri 182 px 41826 part 78 ch 4 | AHASH s=2568000 7e8bfa36
PROF PHRASE t=107 ph=8 the eye frames=918 | clear=44081 sky=523130 floor=0 scene=2714071 flat=76270 gouraud=0 chrome=498676 texture=1866756 furnace=0 embers=121538 bloom=43579 veil=37177 titles=1308 fade=226 | setup=272367 total=3485114
T t=108.4 bar=56 ph=8 the eye | render ms 11.98/14.01/16.03 | fps 58.7 | hold 2 miss 0 late 1 | gap ms 33.47 | under 0 fill 465 | copy 2507 cy/line 35.96 Mcy/s | synth 2942 cy/pump 42.19 Mcy/s 1758 cy/sample | tri 182 px 41826 part 78 ch 4 | AHASH s=2592000 66b373d5
PROF T t=108 ph=8 the eye frames=59 | clear=44023 sky=542289 floor=0 scene=2889646 flat=5101 gouraud=0 chrome=306681 texture=2233541 furnace=0 embers=87129 bloom=3084 veil=607972 titles=1163 fade=231 | setup=344321 total=4175541
T t=109.4 bar=57 ph=8 the eye | render ms 11.98/12.07/12.15 | fps 59.7 | hold 1 miss 0 late 0 | gap ms 16.73 | under 0 fill 465 | copy 2503 cy/line 35.89 Mcy/s | synth 2742 cy/pump 39.32 Mcy/s 1638 cy/sample | tri 182 px 41826 part 78 ch 4 | AHASH s=2616000 c82a5663
PROF T t=109 ph=8 the eye frames=60 | clear=44027 sky=546782 floor=0 scene=2902331 flat=0 gouraud=0 chrome=294173 texture=2259759 furnace=0 embers=84747 bloom=0 veil=858 titles=16530 fade=230 | setup=348399 total=3595508
T t=110.4 bar=57 ph=8 the eye | render ms 12.07/12.10/12.23 | fps 59.7 | hold 1 miss 0 late 0 | gap ms 16.73 | under 0 fill 465 | copy 2502 cy/line 35.88 Mcy/s | synth 2735 cy/pump 39.23 Mcy/s 1634 cy/sample | tri 182 px 41826 part 78 ch 4 | AHASH s=2640000 9f6ffe38
PROF T t=110 ph=8 the eye frames=60 | clear=44022 sky=548547 floor=0 scene=2901470 flat=0 gouraud=0 chrome=294315 texture=2259337 furnace=0 embers=84883 bloom=0 veil=859 titles=23571 fade=224 | setup=347818 total=3603579
T t=111.4 bar=58 ph=8 the eye | render ms 12.06/12.10/12.22 | fps 59.7 | hold 1 miss 0 late 0 | gap ms 16.73 | under 0 fill 465 | copy 2502 cy/line 35.89 Mcy/s | synth 2740 cy/pump 39.29 Mcy/s 1637 cy/sample | tri 182 px 41826 part 78 ch 4 | AHASH s=2664000 670e852b
PROF T t=111 ph=8 the eye frames=60 | clear=44021 sky=548997 floor=0 scene=2901861 flat=0 gouraud=0 chrome=294278 texture=2259354 furnace=0 embers=84212 bloom=0 veil=869 titles=23636 fade=230 | setup=348228 total=3603829
T t=112.4 bar=58 ph=8 the eye | render ms 12.08/12.11/12.24 | fps 59.7 | hold 1 miss 0 late 0 | gap ms 16.73 | under 0 fill 465 | copy 2502 cy/line 35.88 Mcy/s | synth 2739 cy/pump 39.28 Mcy/s 1636 cy/sample | tri 182 px 41826 part 78 ch 4 | AHASH s=2688000 c39148f0
PROF T t=112 ph=8 the eye frames=60 | clear=44036 sky=548997 floor=0 scene=2903069 flat=0 gouraud=0 chrome=294409 texture=2259771 furnace=0 embers=86177 bloom=0 veil=863 titles=23713 fade=231 | setup=348888 total=3607088
T t=113.4 bar=59 ph=8 the eye | render ms 12.08/12.11/12.26 | fps 59.7 | hold 1 miss 0 late 0 | gap ms 16.73 | under 0 fill 465 | copy 2502 cy/line 35.89 Mcy/s | synth 2737 cy/pump 39.25 Mcy/s 1635 cy/sample | tri 182 px 41826 part 78 ch 4 | AHASH s=2712000 f53583f6
PROF T t=113 ph=8 the eye frames=60 | clear=44048 sky=548528 floor=0 scene=2902626 flat=0 gouraud=0 chrome=294346 texture=2259635 furnace=0 embers=86547 bloom=0 veil=855 titles=23651 fade=230 | setup=348644 total=3606488
T t=114.4 bar=59 ph=8 the eye | render ms 12.07/12.11/12.23 | fps 59.7 | hold 1 miss 0 late 0 | gap ms 16.73 | under 0 fill 465 | copy 2502 cy/line 35.89 Mcy/s | synth 2733 cy/pump 39.20 Mcy/s 1633 cy/sample | tri 182 px 41826 part 78 ch 4 | AHASH s=2736000 500e0439
PROF T t=114 ph=8 the eye frames=60 | clear=44022 sky=549039 floor=0 scene=2900659 flat=0 gouraud=0 chrome=294161 texture=2258706 furnace=0 embers=86450 bloom=0 veil=857 titles=23687 fade=227 | setup=347791 total=3604944
T t=115.4 bar=60 ph=8 the eye | render ms 12.07/12.10/12.24 | fps 59.7 | hold 1 miss 0 late 0 | gap ms 16.73 | under 0 fill 465 | copy 2502 cy/line 35.88 Mcy/s | synth 2735 cy/pump 39.22 Mcy/s 1634 cy/sample | tri 182 px 41826 part 79 ch 4 | AHASH s=2760000 92d069c7
PROF T t=115 ph=8 the eye frames=60 | clear=44020 sky=549007 floor=0 scene=2900759 flat=0 gouraud=0 chrome=294333 texture=2258764 furnace=0 embers=85310 bloom=0 veil=861 titles=23644 fade=230 | setup=347661 total=3603835
T t=116.4 bar=60 ph=8 the eye | render ms 12.06/12.10/12.21 | fps 59.7 | hold 1 miss 0 late 0 | gap ms 16.73 | under 0 fill 465 | copy 2502 cy/line 35.88 Mcy/s | synth 2737 cy/pump 39.25 Mcy/s 1635 cy/sample | tri 182 px 41826 part 79 ch 4 | AHASH s=2784000 3672f781
PROF T t=116 ph=8 the eye frames=60 | clear=44017 sky=549246 floor=0 scene=2900811 flat=0 gouraud=0 chrome=294358 texture=2258783 furnace=0 embers=83813 bloom=0 veil=832 titles=23682 fade=227 | setup=347669 total=3602630
T t=117.4 bar=61 ph=8 the eye | render ms 11.97/12.07/12.24 | fps 59.7 | hold 1 miss 0 late 0 | gap ms 16.73 | under 0 fill 465 | copy 2503 cy/line 35.89 Mcy/s | synth 2734 cy/pump 39.21 Mcy/s 1633 cy/sample | tri 182 px 41826 part 79 ch 4 | AHASH s=2808000 688c7659
PROF T t=117 ph=8 the eye frames=60 | clear=44029 sky=547365 floor=0 scene=2900642 flat=0 gouraud=0 chrome=294216 texture=2258698 furnace=0 embers=85068 bloom=0 veil=855 titles=15483 fade=230 | setup=347727 total=3593675
T t=118.4 bar=61 ph=8 the eye | render ms 11.97/12.00/12.14 | fps 59.7 | hold 1 miss 0 late 0 | gap ms 16.73 | under 0 fill 465 | copy 2503 cy/line 35.89 Mcy/s | synth 2735 cy/pump 39.22 Mcy/s 1634 cy/sample | tri 182 px 41826 part 79 ch 4 | AHASH s=2832000 3e67fc45
PROF T t=118 ph=8 the eye frames=60 | clear=44009 sky=543506 floor=0 scene=2900115 flat=0 gouraud=0 chrome=294073 texture=2257808 furnace=0 embers=84170 bloom=0 veil=855 titles=1306 fade=232 | setup=348234 total=3574196
T t=119.4 bar=62 ph=8 the eye | render ms 11.98/12.00/12.14 | fps 59.7 | hold 1 miss 0 late 0 | gap ms 16.73 | under 0 fill 465 | copy 2502 cy/line 35.89 Mcy/s | synth 2737 cy/pump 39.25 Mcy/s 1635 cy/sample | tri 182 px 41826 part 79 ch 4 | AHASH s=2856000 a1c508fe
PROF T t=119 ph=8 the eye frames=60 | clear=44017 sky=543785 floor=0 scene=2899960 flat=0 gouraud=0 chrome=294050 texture=2257934 furnace=0 embers=84620 bloom=0 veil=855 titles=1300 fade=228 | setup=347975 total=3574769
T t=120.4 bar=62 ph=8 the eye | render ms 11.99/12.01/12.15 | fps 59.7 | hold 1 miss 0 late 0 | gap ms 16.73 | under 0 fill 465 | copy 2502 cy/line 35.89 Mcy/s | synth 2737 cy/pump 39.25 Mcy/s 1635 cy/sample | tri 182 px 41826 part 79 ch 4 | AHASH s=2880000 c01fbcf3
PROF T t=120 ph=8 the eye frames=60 | clear=44051 sky=543279 floor=0 scene=2900446 flat=0 gouraud=0 chrome=294050 texture=2258154 furnace=0 embers=87683 bloom=0 veil=852 titles=1292 fade=233 | setup=348242 total=3577840
T t=121.5 bar=63 ph=8 the eye | render ms 11.99/12.02/12.14 | fps 59.7 | hold 1 miss 0 late 0 | gap ms 16.73 | under 0 fill 465 | copy 2502 cy/line 35.89 Mcy/s | synth 2738 cy/pump 39.27 Mcy/s 1636 cy/sample | tri 182 px 41826 part 80 ch 4 | AHASH s=2904000 bf7e4e19
PROF T t=121 ph=8 the eye frames=60 | clear=44042 sky=543487 floor=0 scene=2901618 flat=0 gouraud=0 chrome=294050 texture=2258647 furnace=0 embers=89096 bloom=0 veil=863 titles=1293 fade=229 | setup=348920 total=3580631
T t=122.5 bar=63 ph=8 the eye | render ms 11.99/12.02/12.15 | fps 59.7 | hold 1 miss 0 late 0 | gap ms 16.73 | under 0 fill 465 | copy 2502 cy/line 35.89 Mcy/s | synth 2740 cy/pump 39.30 Mcy/s 1637 cy/sample | tri 182 px 41826 part 80 ch 4 | AHASH s=2928000 e129bcd7
PROF T t=122 ph=8 the eye frames=60 | clear=44040 sky=543307 floor=0 scene=2901761 flat=0 gouraud=0 chrome=294142 texture=2259021 furnace=0 embers=89314 bloom=0 veil=865 titles=1284 fade=230 | setup=348598 total=3580804
PHRASE t=122.8 bar=64 ph=9 the eye | render ms 11.97/12.17/16.03 | fps 59.6 | hold 2 miss 0 late 1 | gap ms 33.47 | under 0 fill 465 | copy 2502 cy/line 35.89 Mcy/s | synth 2750 cy/pump 39.44 Mcy/s 1643 cy/sample | tri 182 px 41826 part 84 ch 4 | AHASH s=2928000 e129bcd7
PROF PHRASE t=122 ph=9 the eye frames=917 | clear=44027 sky=546430 floor=0 scene=2901393 flat=0 gouraud=0 chrome=294202 texture=2258885 furnace=0 embers=85859 bloom=0 veil=33597 titles=13453 fade=229 | setup=348304 total=3624991
T t=123.5 bar=64 ph=9 the eye | render ms 11.99/12.06/12.18 | fps 59.7 | hold 1 miss 0 late 0 | gap ms 16.73 | under 0 fill 465 | copy 2489 cy/line 35.70 Mcy/s | synth 2959 cy/pump 42.44 Mcy/s 1768 cy/sample | tri 182 px 42391 part 84 ch 4 | AHASH s=2952000 c84c1e21
PROF T t=123 ph=9 the eye frames=60 | clear=44108 sky=543551 floor=0 scene=2908807 flat=0 gouraud=0 chrome=294989 texture=2264523 furnace=0 embers=91888 bloom=0 veil=855 titles=1279 fade=227 | setup=349293 total=3590718
T t=124.5 bar=64 ph=9 the eye | render ms 12.14/12.40/12.72 | fps 59.7 | hold 1 miss 0 late 0 | gap ms 16.73 | under 0 fill 465 | copy 2486 cy/line 35.66 Mcy/s | synth 3069 cy/pump 44.01 Mcy/s 1833 cy/sample | tri 182 px 46441 part 84 ch 4 | AHASH s=2976000 f3539544
PROF T t=124 ph=9 the eye frames=60 | clear=44044 sky=543804 floor=0 scene=3009154 flat=0 gouraud=0 chrome=299190 texture=2360246 furnace=0 embers=94265 bloom=0 veil=859 titles=1308 fade=232 | setup=349717 total=3693670
T t=125.5 bar=65 ph=9 the eye | render ms 12.76/13.09/13.52 | fps 59.7 | hold 1 miss 0 late 0 | gap ms 16.73 | under 0 fill 465 | copy 2494 cy/line 35.77 Mcy/s | synth 3067 cy/pump 43.98 Mcy/s 1832 cy/sample | tri 182 px 50924 part 84 ch 4 | AHASH s=3000000 c4c7db5e
PROF T t=125 ph=9 the eye frames=60 | clear=44053 sky=549551 floor=0 scene=3210580 flat=0 gouraud=0 chrome=314150 texture=2547300 furnace=0 embers=92619 bloom=0 veil=867 titles=1291 fade=239 | setup=349129 total=3899204
T t=126.5 bar=65 ph=9 the eye | render ms 13.51/13.97/14.35 | fps 59.7 | hold 1 miss 0 late 0 | gap ms 16.73 | under 0 fill 465 | copy 2504 cy/line 35.91 Mcy/s | synth 3064 cy/pump 43.94 Mcy/s 1830 cy/sample | tri 182 px 55681 part 84 ch 4 | AHASH s=3024000 689501b6
PROF T t=126 ph=9 the eye frames=60 | clear=44072 sky=560734 floor=0 scene=3467201 flat=0 gouraud=0 chrome=345822 texture=2773414 furnace=0 embers=91228 bloom=0 veil=863 titles=1304 fade=235 | setup=347965 total=4165640
T t=127.5 bar=66 ph=9 the eye | render ms 14.31/14.53/14.74 | fps 59.7 | hold 1 miss 0 late 0 | gap ms 16.73 | under 0 fill 465 | copy 2513 cy/line 36.03 Mcy/s | synth 3058 cy/pump 43.86 Mcy/s 1827 cy/sample | tri 182 px 56641 part 85 ch 4 | AHASH s=3048000 54ddbfb4
PROF T t=127 ph=9 the eye frames=60 | clear=43995 sky=580668 floor=0 scene=3613907 flat=0 gouraud=0 chrome=407671 texture=2858706 furnace=0 embers=91953 bloom=0 veil=867 titles=1284 fade=229 | setup=347529 total=4332907
T t=128.5 bar=66 ph=9 the eye | render ms 14.36/14.79/15.40 | fps 59.7 | hold 1 miss 0 late 0 | gap ms 16.73 | under 0 fill 465 | copy 2516 cy/line 36.08 Mcy/s | synth 3059 cy/pump 43.87 Mcy/s 1828 cy/sample | tri 182 px 58666 part 85 ch 4 | AHASH s=3072000 ff2af1eb
PROF T t=128 ph=9 the eye frames=60 | clear=44020 sky=621890 floor=0 scene=3649390 flat=0 gouraud=0 chrome=535359 texture=2765726 furnace=0 embers=91780 bloom=0 veil=849 titles=1308 fade=222 | setup=348305 total=4409461
T t=129.5 bar=67 ph=9 the eye | render ms 14.11/14.88/15.44 | fps 59.7 | hold 1 miss 0 late 0 | gap ms 16.73 | under 0 fill 465 | copy 2517 cy/line 36.10 Mcy/s | synth 3060 cy/pump 43.89 Mcy/s 1828 cy/sample | tri 182 px 52012 part 85 ch 4 | AHASH s=3096000 bcfb55d3
PROF T t=129 ph=9 the eye frames=60 | clear=44028 sky=723676 floor=0 scene=3576672 flat=0 gouraud=0 chrome=829752 texture=2401200 furnace=0 embers=91203 bloom=0 veil=867 titles=1321 fade=232 | setup=345719 total=4438002
T t=130.5 bar=67 ph=9 the eye | render ms 12.32/13.27/14.23 | fps 59.7 | hold 1 miss 0 late 0 | gap ms 16.73 | under 0 fill 465 | copy 2503 cy/line 35.89 Mcy/s | synth 3053 cy/pump 43.78 Mcy/s 1824 cy/sample | tri 182 px 27352 part 85 ch 4 | AHASH s=3120000 55e3adeb
PROF T t=130 ph=9 the eye frames=60 | clear=44052 sky=1114492 floor=0 scene=2705497 flat=0 gouraud=0 chrome=1256458 texture=1109126 furnace=0 embers=89030 bloom=0 veil=881 titles=1303 fade=228 | setup=339912 total=3955487
T t=131.5 bar=68 ph=9 the eye | render ms 10.85/11.32/12.49 | fps 59.7 | hold 1 miss 0 late 0 | gap ms 16.73 | under 0 fill 465 | copy 2461 cy/line 35.29 Mcy/s | synth 3064 cy/pump 43.94 Mcy/s 1831 cy/sample | tri 182 px 9952 part 87 ch 4 | AHASH s=3144000 776b4edd
PROF T t=131 ph=9 the eye frames=60 | clear=44148 sky=1785638 floor=0 scene=1440988 flat=0 gouraud=0 chrome=210945 texture=891564 furnace=0 embers=93789 bloom=0 veil=879 titles=1335 fade=220 | setup=338478 total=3366999
T t=132.5 bar=69 ph=9 the eye | render ms 10.91/11.38/11.94 | fps 59.7 | hold 1 miss 0 late 0 | gap ms 16.73 | under 0 fill 465 | copy 2461 cy/line 35.29 Mcy/s | synth 3063 cy/pump 43.93 Mcy/s 1830 cy/sample | tri 182 px 15428 part 88 ch 4 | AHASH s=3168000 37750be0
PROF T t=132 ph=9 the eye frames=60 | clear=44065 sky=1807235 floor=0 scene=1437362 flat=0 gouraud=0 chrome=24949 texture=1073591 furnace=0 embers=93574 bloom=0 veil=889 titles=1350 fade=225 | setup=338821 total=3384703
T t=133.5 bar=69 ph=9 the eye | render ms 11.98/12.89/14.04 | fps 59.7 | hold 1 miss 0 late 0 | gap ms 16.73 | under 0 fill 465 | copy 2477 cy/line 35.53 Mcy/s | synth 3065 cy/pump 43.96 Mcy/s 1831 cy/sample | tri 182 px 27092 part 88 ch 4 | AHASH s=3192000 13b36c2c
PROF T t=133 ph=9 the eye frames=60 | clear=44106 sky=1807164 floor=0 scene=1891199 flat=0 gouraud=0 chrome=24541 texture=1527393 furnace=0 embers=94438 bloom=0 veil=885 titles=1328 fade=226 | setup=339264 total=3839349
T t=134.5 bar=70 ph=9 the eye | render ms 14.14/15.69/17.42 | fps 51.9 | hold 2 miss 0 late 8 | gap ms 33.47 | under 0 fill 465 | copy 2494 cy/line 35.77 Mcy/s | synth 3054 cy/pump 43.80 Mcy/s 1825 cy/sample | tri 182 px 47096 part 90 ch 4 | AHASH s=3216000 734b9e99
PROF T t=134 ph=9 the eye frames=53 | clear=44108 sky=1808141 floor=0 scene=2727192 flat=0 gouraud=0 chrome=22685 texture=2365314 furnace=0 embers=95603 bloom=0 veil=886 titles=1325 fade=225 | setup=339192 total=4677483
T t=135.5 bar=70 ph=9 the eye | render ms 12.17/15.11/17.69 | fps 48.7 | hold 2 miss 0 late 11 | gap ms 33.47 | under 0 fill 465 | copy 2485 cy/line 35.63 Mcy/s | synth 3051 cy/pump 43.76 Mcy/s 1823 cy/sample | tri 182 px 15828 part 90 ch 4 | AHASH s=3240000 c8e54c97
PROF T t=135 ph=9 the eye frames=49 | clear=44158 sky=1807890 floor=0 scene=2551056 flat=0 gouraud=0 chrome=22575 texture=2189396 furnace=0 embers=98277 bloom=0 veil=887 titles=1325 fade=220 | setup=339085 total=4503817
T t=136.5 bar=71 ph=9 the eye | render ms 11.74/12.06/12.44 | fps 59.7 | hold 1 miss 0 late 0 | gap ms 16.73 | under 0 fill 465 | copy 2468 cy/line 35.39 Mcy/s | synth 3068 cy/pump 44.00 Mcy/s 1833 cy/sample | tri 182 px 17368 part 94 ch 4 | AHASH s=3264000 477858f9
PROF T t=136 ph=9 the eye frames=60 | clear=44125 sky=1807438 floor=0 scene=1635440 flat=0 gouraud=0 chrome=22517 texture=1273857 furnace=0 embers=99454 bloom=0 veil=887 titles=1340 fade=225 | setup=339065 total=3588911
T t=137.5 bar=71 ph=9 the eye | render ms 12.41/12.64/12.81 | fps 59.7 | hold 1 miss 0 late 0 | gap ms 16.73 | under 0 fill 465 | copy 2475 cy/line 35.50 Mcy/s | synth 3067 cy/pump 43.98 Mcy/s 1832 cy/sample | tri 182 px 20744 part 94 ch 4 | AHASH s=3288000 b36904b5
PROF T t=137 ph=9 the eye frames=60 | clear=44156 sky=1806894 floor=0 scene=1808964 flat=0 gouraud=0 chrome=22616 texture=1447501 furnace=0 embers=103024 bloom=0 veil=885 titles=1332 fade=225 | setup=338846 total=3765482
PHRASE t=138.2 bar=72 ph=10 the load | render ms 10.85/13.41/17.69 | fps 58.0 | hold 2 miss 0 late 26 | gap ms 33.47 | under 0 fill 465 | copy 2489 cy/line 35.69 Mcy/s | synth 3061 cy/pump 43.90 Mcy/s 1829 cy/sample | tri 170 px 17444 part 126 ch 5 | AHASH s=3312000 4417a264
PROF PHRASE t=138 ph=10 the load frames=892 | clear=44084 sky=1216826 floor=0 scene=2607373 flat=0 gouraud=0 chrome=305262 texture=1959006 furnace=65 embers=94619 bloom=56 veil=30250 titles=1317 fade=227 | setup=343039 total=3994757
T t=138.5 bar=72 ph=10 the load | render ms 12.75/14.49/16.77 | fps 52.7 | hold 2 miss 0 late 7 | gap ms 33.47 | under 0 fill 465 | copy 2484 cy/line 35.62 Mcy/s | synth 3052 cy/pump 43.77 Mcy/s 1824 cy/sample | tri 170 px 17407 part 126 ch 5 | AHASH s=3312000 4417a264
PROF T t=138 ph=10 the load frames=53 | clear=44243 sky=1294930 floor=0 scene=1913568 flat=0 gouraud=0 chrome=283231 texture=1306642 furnace=21880 embers=117521 bloom=19687 veil=929234 titles=1291 fade=226 | setup=301814 total=4320704
T t=139.5 bar=72 ph=10 the load | render ms 9.16/9.67/13.02 | fps 59.7 | hold 1 miss 0 late 0 | gap ms 16.73 | under 0 fill 465 | copy 2457 cy/line 35.23 Mcy/s | synth 3041 cy/pump 43.62 Mcy/s 1817 cy/sample | tri 170 px 17435 part 126 ch 5 | AHASH s=3336000 b52e67ca
PROF T t=139 ph=10 the load frames=60 | clear=44114 sky=513697 floor=0 scene=1988124 flat=0 gouraud=0 chrome=681376 texture=1005383 furnace=56830 embers=139092 bloom=50503 veil=133859 titles=4025 fade=225 | setup=244534 total=2873643
T t=140.5 bar=73 ph=10 the load | render ms 9.27/9.31/9.45 | fps 59.7 | hold 1 miss 0 late 0 | gap ms 16.73 | under 0 fill 465 | copy 2462 cy/line 35.30 Mcy/s | synth 2749 cy/pump 39.42 Mcy/s 1642 cy/sample | tri 166 px 17386 part 126 ch 5 | AHASH s=3360000 e8c9be35
PROF T t=140 ph=10 the load frames=60 | clear=44107 sky=518971 floor=0 scene=1987894 flat=0 gouraud=0 chrome=683247 texture=1001617 furnace=59141 embers=136472 bloom=51030 veil=864 titles=25626 fade=230 | setup=243888 total=2765196
T t=141.6 bar=73 ph=10 the load | render ms 9.27/9.31/9.45 | fps 59.7 | hold 1 miss 0 late 0 | gap ms 16.73 | under 0 fill 465 | copy 2468 cy/line 35.39 Mcy/s | synth 2606 cy/pump 37.37 Mcy/s 1557 cy/sample | tri 166 px 17427 part 126 ch 5 | AHASH s=3384000 78ec8b6d
PROF T t=141 ph=10 the load frames=60 | clear=44122 sky=519343 floor=0 scene=1986600 flat=0 gouraud=0 chrome=684491 texture=998478 furnace=59256 embers=137186 bloom=51038 veil=847 titles=25701 fade=228 | setup=244374 total=2765068
T t=142.6 bar=74 ph=10 the load | render ms 9.28/9.32/9.46 | fps 59.7 | hold 1 miss 0 late 0 | gap ms 16.73 | under 0 fill 465 | copy 2467 cy/line 35.37 Mcy/s | synth 2604 cy/pump 37.35 Mcy/s 1556 cy/sample | tri 166 px 17407 part 127 ch 5 | AHASH s=3408000 24e3995f
PROF T t=142 ph=10 the load frames=60 | clear=44122 sky=519145 floor=0 scene=1987725 flat=0 gouraud=0 chrome=685504 texture=998509 furnace=59094 embers=139101 bloom=51079 veil=867 titles=25575 fade=227 | setup=244616 total=2767845
T t=143.6 bar=74 ph=10 the load | render ms 9.27/9.30/9.43 | fps 59.7 | hold 1 miss 0 late 0 | gap ms 16.73 | under 0 fill 465 | copy 2467 cy/line 35.38 Mcy/s | synth 2605 cy/pump 37.35 Mcy/s 1556 cy/sample | tri 164 px 17403 part 127 ch 5 | AHASH s=3432000 a167a78e
PROF T t=143 ph=10 the load frames=60 | clear=44112 sky=518366 floor=0 scene=1985503 flat=0 gouraud=0 chrome=685461 texture=999187 furnace=57017 embers=138800 bloom=50729 veil=867 titles=25638 fade=229 | setup=243836 total=2764249
T t=144.6 bar=75 ph=10 the load | render ms 9.27/9.30/9.41 | fps 59.7 | hold 1 miss 0 late 0 | gap ms 16.73 | under 0 fill 465 | copy 2467 cy/line 35.38 Mcy/s | synth 2603 cy/pump 37.34 Mcy/s 1555 cy/sample | tri 164 px 17477 part 127 ch 5 | AHASH s=3456000 634c61d6
PROF T t=144 ph=10 the load frames=60 | clear=44112 sky=517302 floor=0 scene=1986233 flat=0 gouraud=0 chrome=686761 texture=1000732 furnace=54871 embers=140632 bloom=48609 veil=871 titles=25519 fade=224 | setup=243867 total=2763507
T t=145.6 bar=75 ph=10 the load | render ms 9.27/9.31/9.44 | fps 59.7 | hold 1 miss 0 late 0 | gap ms 16.73 | under 0 fill 465 | copy 2467 cy/line 35.38 Mcy/s | synth 2606 cy/pump 37.38 Mcy/s 1557 cy/sample | tri 162 px 17543 part 127 ch 5 | AHASH s=3480000 71fe7714
PROF T t=145 ph=10 the load frames=60 | clear=44133 sky=516773 floor=0 scene=1988695 flat=0 gouraud=0 chrome=687316 texture=1002275 furnace=54854 embers=141078 bloom=47866 veil=867 titles=25659 fade=227 | setup=244249 total=2765301
T t=146.6 bar=76 ph=10 the load | render ms 9.29/9.32/9.43 | fps 59.7 | hold 1 miss 0 late 0 | gap ms 16.73 | under 0 fill 465 | copy 2467 cy/line 35.38 Mcy/s | synth 2605 cy/pump 37.35 Mcy/s 1556 cy/sample | tri 162 px 17554 part 127 ch 5 | AHASH s=3504000 1ad90c4d
PROF T t=146 ph=10 the load frames=60 | clear=44118 sky=517104 floor=0 scene=1991764 flat=0 gouraud=0 chrome=685749 texture=1004611 furnace=57676 embers=139818 bloom=50178 veil=875 titles=25581 fade=228 | setup=243726 total=2769668
T t=147.6 bar=76 ph=10 the load | render ms 9.32/9.35/9.47 | fps 59.7 | hold 1 miss 0 late 0 | gap ms 16.73 | under 0 fill 465 | copy 2467 cy/line 35.38 Mcy/s | synth 2606 cy/pump 37.37 Mcy/s 1557 cy/sample | tri 164 px 17582 part 127 ch 5 | AHASH s=3528000 8841309f
PROF T t=147 ph=10 the load frames=60 | clear=44098 sky=517864 floor=0 scene=1998426 flat=0 gouraud=0 chrome=689333 texture=1005565 furnace=60278 embers=138465 bloom=51099 veil=875 titles=25564 fade=224 | setup=243248 total=2776618
T t=148.6 bar=77 ph=10 the load | render ms 9.25/9.30/9.47 | fps 59.7 | hold 1 miss 0 late 0 | gap ms 16.73 | under 0 fill 465 | copy 2468 cy/line 35.39 Mcy/s | synth 2604 cy/pump 37.35 Mcy/s 1556 cy/sample | tri 164 px 17630 part 127 ch 5 | AHASH s=3552000 dff90dbd
PROF T t=148 ph=10 the load frames=60 | clear=44116 sky=515519 floor=0 scene=2007000 flat=0 gouraud=0 chrome=693704 texture=1007702 furnace=61462 embers=137103 bloom=51712 veil=861 titles=6210 fade=227 | setup=244130 total=2762751
T t=149.6 bar=77 ph=10 the load | render ms 9.26/9.30/9.41 | fps 59.7 | hold 1 miss 0 late 0 | gap ms 16.73 | under 0 fill 465 | copy 2468 cy/line 35.39 Mcy/s | synth 2605 cy/pump 37.35 Mcy/s 1556 cy/sample | tri 164 px 17710 part 127 ch 5 | AHASH s=3576000 10ef495b
PROF T t=149 ph=10 the load frames=60 | clear=44117 sky=514537 floor=0 scene=2012892 flat=0 gouraud=0 chrome=696376 texture=1010248 furnace=61558 embers=136268 bloom=53930 veil=869 titles=1364 fade=228 | setup=244708 total=2764209
T t=150.6 bar=78 ph=10 the load | render ms 9.30/9.33/9.45 | fps 59.7 | hold 1 miss 0 late 0 | gap ms 16.73 | under 0 fill 465 | copy 2469 cy/line 35.41 Mcy/s | synth 2602 cy/pump 37.31 Mcy/s 1554 cy/sample | tri 164 px 17757 part 127 ch 5 | AHASH s=3600000 a827f115
PROF T t=150 ph=10 the load frames=60 | clear=44146 sky=515041 floor=0 scene=2018614 flat=0 gouraud=0 chrome=697633 texture=1013707 furnace=63152 embers=136758 bloom=55784 veil=867 titles=1375 fade=227 | setup=244121 total=2772815
T t=151.6 bar=78 ph=10 the load | render ms 9.33/9.35/9.44 | fps 59.7 | hold 1 miss 0 late 0 | gap ms 16.73 | under 0 fill 465 | copy 2470 cy/line 35.42 Mcy/s | synth 2603 cy/pump 37.33 Mcy/s 1555 cy/sample | tri 164 px 17779 part 127 ch 5 | AHASH s=3624000 70a52061
PROF T t=151 ph=10 the load frames=60 | clear=44106 sky=515321 floor=0 scene=2021986 flat=0 gouraud=0 chrome=697298 texture=1015172 furnace=65238 embers=138789 bloom=56751 veil=845 titles=1373 fade=226 | setup=244277 total=2779401
T t=152.6 bar=79 ph=10 the load | render ms 9.34/9.37/9.51 | fps 59.7 | hold 1 miss 0 late 0 | gap ms 16.73 | under 0 fill 465 | copy 2470 cy/line 35.42 Mcy/s | synth 2603 cy/pump 37.33 Mcy/s 1555 cy/sample | tri 160 px 17821 part 127 ch 5 | AHASH s=3648000 83a0cb6b
PROF T t=152 ph=10 the load frames=60 | clear=44117 sky=514853 floor=0 scene=2023528 flat=0 gouraud=0 chrome=696088 texture=1014820 furnace=68742 embers=141117 bloom=57663 veil=867 titles=1371 fade=223 | setup=243875 total=2783742
PHRASE t=153.6 bar=80 ph=11 the load | render ms 9.16/9.43/13.21 | fps 59.7 | hold 1 miss 0 late 0 | gap ms 16.73 | under 0 fill 465 | copy 2467 cy/line 35.38 Mcy/s | synth 2650 cy/pump 38.00 Mcy/s 1583 cy/sample | tri 158 px 17865 part 127 ch 5 | AHASH s=3672000 abe9098c
PROF PHRASE t=153 ph=11 the load frames=917 | clear=44123 sky=516546 floor=0 scene=2000246 flat=0 gouraud=0 chrome=689274 texture=1006347 furnace=60580 embers=138703 bloom=52364 veil=34648 titles=14544 fade=227 | setup=244043 total=2801403
T t=153.6 bar=80 ph=11 the load | render ms 9.34/9.37/9.51 | fps 59.7 | hold 1 miss 0 late 0 | gap ms 16.73 | under 0 fill 465 | copy 2467 cy/line 35.38 Mcy/s | synth 2569 cy/pump 36.84 Mcy/s 1535 cy/sample | tri 158 px 17840 part 127 ch 5 | AHASH s=3672000 abe9098c
PROF T t=153 ph=11 the load frames=60 | clear=44211 sky=515782 floor=0 scene=2024606 flat=0 gouraud=0 chrome=692113 texture=1017633 furnace=71962 embers=139724 bloom=58746 veil=871 titles=1372 fade=228 | setup=242897 total=2785544
T t=154.6 bar=80 ph=11 the load | render ms 9.36/9.39/9.50 | fps 59.7 | hold 1 miss 0 late 0 | gap ms 16.73 | under 0 fill 465 | copy 2469 cy/line 35.41 Mcy/s | synth 2605 cy/pump 37.35 Mcy/s 1556 cy/sample | tri 160 px 17925 part 127 ch 5 | AHASH s=3696000 3176b28e
PROF T t=154 ph=11 the load frames=60 | clear=44114 sky=514776 floor=0 scene=2031322 flat=0 gouraud=0 chrome=695541 texture=1020091 furnace=72402 embers=138383 bloom=59674 veil=869 titles=1376 fade=231 | setup=243287 total=2790750
T t=155.6 bar=81 ph=11 the load | render ms 9.39/9.41/9.55 | fps 59.7 | hold 1 miss 0 late 0 | gap ms 16.73 | under 0 fill 465 | copy 2467 cy/line 35.37 Mcy/s | synth 2685 cy/pump 38.50 Mcy/s 1604 cy/sample | tri 160 px 17988 part 127 ch 5 | AHASH s=3720000 95f09d70
PROF T t=155 ph=11 the load frames=60 | clear=44139 sky=515390 floor=0 scene=2036926 flat=0 gouraud=0 chrome=698357 texture=1021587 furnace=73180 embers=137267 bloom=60622 veil=869 titles=1391 fade=226 | setup=243800 total=2796834
T t=156.6 bar=81 ph=11 the load | render ms 9.40/9.43/9.53 | fps 59.7 | hold 1 miss 0 late 0 | gap ms 16.73 | under 0 fill 465 | copy 2453 cy/line 35.18 Mcy/s | synth 3041 cy/pump 43.61 Mcy/s 1817 cy/sample | tri 160 px 18032 part 127 ch 5 | AHASH s=3744000 ca1f9b64
PROF T t=156 ph=11 the load frames=60 | clear=44140 sky=515374 floor=0 scene=2039846 flat=0 gouraud=0 chrome=699485 texture=1025512 furnace=71888 embers=137944 bloom=61562 veil=851 titles=1354 fade=226 | setup=242959 total=2801301
T t=157.6 bar=82 ph=11 the load | render ms 9.41/9.46/9.55 | fps 59.7 | hold 1 miss 0 late 0 | gap ms 16.73 | under 0 fill 465 | copy 2455 cy/line 35.20 Mcy/s | synth 3042 cy/pump 43.62 Mcy/s 1817 cy/sample | tri 160 px 18143 part 127 ch 5 | AHASH s=3768000 9d415870
PROF T t=157 ph=11 the load frames=60 | clear=44112 sky=516325 floor=0 scene=2045695 flat=0 gouraud=0 chrome=701124 texture=1028883 furnace=72087 embers=139166 bloom=62475 veil=859 titles=1367 fade=230 | setup=243600 total=2810232
T t=158.6 bar=82 ph=11 the load | render ms 9.43/9.48/9.58 | fps 59.7 | hold 1 miss 0 late 0 | gap ms 16.73 | under 0 fill 465 | copy 2456 cy/line 35.22 Mcy/s | synth 3044 cy/pump 43.65 Mcy/s 1819 cy/sample | tri 160 px 18217 part 127 ch 5 | AHASH s=3792000 7d3d2864
PROF T t=158 ph=11 the load frames=60 | clear=44138 sky=516666 floor=0 scene=2050251 flat=0 gouraud=0 chrome=702392 texture=1031401 furnace=73059 embers=139509 bloom=62727 veil=855 titles=1379 fade=229 | setup=243398 total=2815758
T t=159.6 bar=83 ph=11 the load | render ms 9.45/9.49/9.61 | fps 59.7 | hold 1 miss 0 late 0 | gap ms 16.73 | under 0 fill 465 | copy 2456 cy/line 35.22 Mcy/s | synth 3047 cy/pump 43.70 Mcy/s 1821 cy/sample | tri 164 px 18254 part 127 ch 5 | AHASH s=3816000 deef4d72
PROF T t=159 ph=11 the load frames=60 | clear=44148 sky=515590 floor=0 scene=2055870 flat=0 gouraud=0 chrome=704624 texture=1035361 furnace=72693 embers=139426 bloom=62787 veil=873 titles=1378 fade=227 | setup=243191 total=2820303
T t=160.6 bar=83 ph=11 the load | render ms 9.47/9.51/9.65 | fps 59.7 | hold 1 miss 0 late 0 | gap ms 16.73 | under 0 fill 465 | copy 2456 cy/line 35.22 Mcy/s | synth 3049 cy/pump 43.72 Mcy/s 1822 cy/sample | tri 162 px 18354 part 127 ch 5 | AHASH s=3840000 9a42f6cc
PROF T t=160 ph=11 the load frames=60 | clear=44152 sky=515718 floor=0 scene=2063236 flat=0 gouraud=0 chrome=704698 texture=1041502 furnace=73831 embers=137303 bloom=62880 veil=893 titles=1374 fade=234 | setup=243204 total=2825794
T t=161.6 bar=84 ph=11 the load | render ms 9.49/9.52/9.66 | fps 59.7 | hold 1 miss 0 late 0 | gap ms 16.73 | under 0 fill 465 | copy 2455 cy/line 35.21 Mcy/s | synth 3047 cy/pump 43.70 Mcy/s 1821 cy/sample | tri 164 px 18438 part 127 ch 5 | AHASH s=3864000 41e70dda
PROF T t=161 ph=11 the load frames=60 | clear=44136 sky=515755 floor=0 scene=2067689 flat=0 gouraud=0 chrome=704971 texture=1045617 furnace=73725 embers=136723 bloom=62974 veil=876 titles=1410 fade=239 | setup=243375 total=2829806
T t=162.6 bar=84 ph=11 the load | render ms 9.51/9.55/9.66 | fps 59.7 | hold 1 miss 0 late 0 | gap ms 16.73 | under 0 fill 465 | copy 2456 cy/line 35.22 Mcy/s | synth 3045 cy/pump 43.66 Mcy/s 1819 cy/sample | tri 164 px 18480 part 127 ch 5 | AHASH s=3888000 31bd76a8
PROF T t=162 ph=11 the load frames=60 | clear=44113 sky=515283 floor=0 scene=2076228 flat=0 gouraud=0 chrome=709535 texture=1049893 furnace=73430 embers=138382 bloom=62927 veil=902 titles=1383 fade=226 | setup=243369 total=2839448
T t=163.6 bar=85 ph=11 the load | render ms 9.54/9.58/9.68 | fps 59.7 | hold 1 miss 0 late 0 | gap ms 16.73 | under 0 fill 465 | copy 2454 cy/line 35.20 Mcy/s | synth 3047 cy/pump 43.70 Mcy/s 1821 cy/sample | tri 164 px 18588 part 127 ch 5 | AHASH s=3912000 0ad3b991
PROF T t=163 ph=11 the load frames=60 | clear=44101 sky=516571 floor=0 scene=2081645 flat=0 gouraud=0 chrome=709555 texture=1053745 furnace=74749 embers=139998 bloom=62461 veil=875 titles=1368 fade=225 | setup=243594 total=2847245
T t=164.6 bar=85 ph=11 the load | render ms 9.55/9.59/9.73 | fps 59.7 | hold 1 miss 0 late 0 | gap ms 16.73 | under 0 fill 465 | copy 2455 cy/line 35.20 Mcy/s | synth 3047 cy/pump 43.70 Mcy/s 1821 cy/sample | tri 164 px 18605 part 127 ch 5 | AHASH s=3936000 b3d08b8f
PROF T t=164 ph=11 the load frames=60 | clear=44118 sky=516155 floor=0 scene=2085566 flat=0 gouraud=0 chrome=711042 texture=1056846 furnace=73724 embers=140921 bloom=61836 veil=883 titles=1371 fade=229 | setup=243952 total=2851081
T t=165.6 bar=86 ph=11 the load | render ms 9.56/9.59/9.73 | fps 59.7 | hold 1 miss 0 late 0 | gap ms 16.73 | under 0 fill 465 | copy 2455 cy/line 35.20 Mcy/s | synth 3046 cy/pump 43.69 Mcy/s 1820 cy/sample | tri 164 px 18675 part 127 ch 5 | AHASH s=3960000 d105d087
PROF T t=165 ph=11 the load frames=60 | clear=44146 sky=515933 floor=0 scene=2087057 flat=0 gouraud=0 chrome=711144 texture=1058971 furnace=72989 embers=140195 bloom=61202 veil=854 titles=1390 fade=226 | setup=243951 total=2851006
T t=166.7 bar=86 ph=11 the load | render ms 9.56/9.59/9.73 | fps 59.7 | hold 1 miss 0 late 0 | gap ms 16.73 | under 0 fill 465 | copy 2455 cy/line 35.20 Mcy/s | synth 3046 cy/pump 43.68 Mcy/s 1820 cy/sample | tri 164 px 18709 part 127 ch 5 | AHASH s=3984000 a355dacd
PROF T t=166 ph=11 the load frames=60 | clear=44126 sky=516977 floor=0 scene=2088573 flat=0 gouraud=0 chrome=710864 texture=1060274 furnace=72764 embers=137464 bloom=60924 veil=867 titles=1399 fade=227 | setup=244670 total=2850560
T t=167.7 bar=87 ph=11 the load | render ms 9.54/9.58/9.72 | fps 59.7 | hold 1 miss 0 late 0 | gap ms 16.73 | under 0 fill 465 | copy 2455 cy/line 35.20 Mcy/s | synth 3048 cy/pump 43.71 Mcy/s 1821 cy/sample | tri 162 px 18755 part 127 ch 5 | AHASH s=4008000 91641358
PROF T t=167 ph=11 the load frames=60 | clear=44138 sky=516361 floor=0 scene=2087684 flat=0 gouraud=0 chrome=710430 texture=1061231 furnace=72336 embers=136272 bloom=59800 veil=854 titles=1388 fade=229 | setup=243687 total=2846729
T t=168.7 bar=87 ph=11 the load | render ms 9.54/10.45/13.40 | fps 59.7 | hold 1 miss 0 late 0 | gap ms 16.73 | under 0 fill 465 | copy 2462 cy/line 35.31 Mcy/s | synth 3047 cy/pump 43.69 Mcy/s 1820 cy/sample | tri 162 px 18768 part 127 ch 5 | AHASH s=4032000 966fd824
PROF T t=168 ph=11 the load frames=60 | clear=44102 sky=516964 floor=0 scene=2084104 flat=0 gouraud=0 chrome=709356 texture=1062571 furnace=68308 embers=136359 bloom=58603 veil=266415 titles=1395 fade=228 | setup=243868 total=3108174
PHRASE t=168.9 bar=88 ph=12 the spine | render ms 9.36/9.63/13.48 | fps 59.7 | hold 1 miss 0 late 0 | gap ms 16.73 | under 0 fill 465 | copy 2458 cy/line 35.25 Mcy/s | synth 2990 cy/pump 42.87 Mcy/s 1786 cy/sample | tri 150 px 10122 part 115 ch 6 | AHASH s=4056000 2a6e3e64
PROF PHRASE t=168 ph=12 the spine frames=918 | clear=44133 sky=516059 floor=0 scene=2064892 flat=0 gouraud=0 chrome=705071 texture=1043546 furnace=72541 embers=138336 bloom=61404 veil=37126 titles=1381 fade=229 | setup=243732 total=2863564
T t=169.7 bar=88 ph=12 the spine | render ms 6.75/10.20/13.48 | fps 59.7 | hold 1 miss 0 late 0 | gap ms 16.73 | under 0 fill 465 | copy 2461 cy/line 35.29 Mcy/s | synth 2998 cy/pump 42.99 Mcy/s 1791 cy/sample | tri 154 px 10376 part 115 ch 6 | AHASH s=4056000 2a6e3e64
PROF T t=169 ph=12 the spine frames=60 | clear=44108 sky=501018 floor=0 scene=1523577 flat=0 gouraud=0 chrome=333469 texture=880813 furnace=15086 embers=128711 bloom=13042 veil=822938 titles=1230 fade=234 | setup=294208 total=3034863
T t=170.7 bar=88 ph=12 the spine | render ms 6.82/6.95/7.12 | fps 59.7 | hold 1 miss 0 late 0 | gap ms 16.73 | under 0 fill 465 | copy 2428 cy/line 34.83 Mcy/s | synth 3027 cy/pump 43.41 Mcy/s 1808 cy/sample | tri 156 px 11116 part 115 ch 6 | AHASH s=4080000 3b693886
PROF T t=170 ph=12 the spine frames=60 | clear=44032 sky=497972 floor=0 scene=1375947 flat=0 gouraud=0 chrome=225389 texture=866879 furnace=0 embers=125920 bloom=0 veil=814 titles=14213 fade=234 | setup=283679 total=2059135
T t=171.7 bar=89 ph=12 the spine | render ms 7.01/7.07/7.30 | fps 59.7 | hold 1 miss 0 late 0 | gap ms 16.73 | under 0 fill 465 | copy 2429 cy/line 34.83 Mcy/s | synth 3023 cy/pump 43.35 Mcy/s 1806 cy/sample | tri 154 px 10734 part 115 ch 6 | AHASH s=4104000 9dae99f0
PROF T t=171 ph=12 the spine frames=60 | clear=44032 sky=501038 floor=0 scene=1396813 flat=0 gouraud=0 chrome=230265 texture=894991 furnace=0 embers=125442 bloom=0 veil=808 titles=26248 fade=235 | setup=271556 total=2094618
T t=172.7 bar=89 ph=12 the spine | render ms 6.88/7.00/7.17 | fps 59.7 | hold 1 miss 0 late 0 | gap ms 16.73 | under 0 fill 465 | copy 2429 cy/line 34.83 Mcy/s | synth 3024 cy/pump 43.37 Mcy/s 1807 cy/sample | tri 150 px 10579 part 115 ch 6 | AHASH s=4128000 570b885b
PROF T t=172 ph=12 the spine frames=60 | clear=44063 sky=501194 floor=0 scene=1374524 flat=0 gouraud=0 chrome=249656 texture=854196 furnace=0 embers=126201 bloom=0 veil=820 titles=26264 fade=234 | setup=270670 total=2073304
T t=173.7 bar=90 ph=12 the spine | render ms 6.65/6.87/7.24 | fps 59.7 | hold 1 miss 0 late 0 | gap ms 16.73 | under 0 fill 465 | copy 2429 cy/line 34.83 Mcy/s | synth 3027 cy/pump 43.41 Mcy/s 1808 cy/sample | tri 150 px 10467 part 115 ch 6 | AHASH s=4152000 ca16384e
PROF T t=173 ph=12 the spine frames=60 | clear=44072 sky=500647 floor=0 scene=1333406 flat=0 gouraud=0 chrome=246278 texture=858582 furnace=0 embers=128634 bloom=0 veil=814 titles=26286 fade=224 | setup=228546 total=2034087
T t=174.7 bar=91 ph=12 the spine | render ms 6.64/6.77/6.87 | fps 59.7 | hold 1 miss 0 late 0 | gap ms 16.73 | under 0 fill 465 | copy 2430 cy/line 34.85 Mcy/s | synth 3027 cy/pump 43.41 Mcy/s 1808 cy/sample | tri 156 px 9990 part 115 ch 6 | AHASH s=4176000 0d111beb
PROF T t=174 ph=12 the spine frames=60 | clear=44058 sky=500594 floor=0 scene=1302608 flat=0 gouraud=0 chrome=248215 texture=859961 furnace=0 embers=128980 bloom=0 veil=818 titles=26313 fade=229 | setup=194431 total=2003603
T t=175.7 bar=91 ph=12 the spine | render ms 6.58/6.66/6.79 | fps 59.7 | hold 1 miss 0 late 0 | gap ms 16.73 | under 0 fill 465 | copy 2429 cy/line 34.83 Mcy/s | synth 3026 cy/pump 43.39 Mcy/s 1808 cy/sample | tri 156 px 9791 part 115 ch 6 | AHASH s=4200000 b9b23caa
PROF T t=175 ph=12 the spine frames=60 | clear=44059 sky=500355 floor=0 scene=1270373 flat=0 gouraud=0 chrome=238775 texture=835505 furnace=0 embers=127965 bloom=0 veil=779 titles=26273 fade=226 | setup=196093 total=1970033
T t=176.7 bar=92 ph=12 the spine | render ms 6.46/6.54/6.78 | fps 59.7 | hold 1 miss 0 late 0 | gap ms 16.73 | under 0 fill 465 | copy 2427 cy/line 34.81 Mcy/s | synth 3021 cy/pump 43.32 Mcy/s 1805 cy/sample | tri 150 px 9249 part 115 ch 6 | AHASH s=4224000 ec41826b
PROF T t=176 ph=12 the spine frames=60 | clear=44065 sky=501161 floor=0 scene=1235531 flat=0 gouraud=0 chrome=240593 texture=799917 furnace=0 embers=128474 bloom=0 veil=806 titles=26189 fade=231 | setup=195020 total=1936459
T t=177.7 bar=92 ph=12 the spine | render ms 6.38/6.47/6.66 | fps 59.7 | hold 1 miss 0 late 0 | gap ms 16.73 | under 0 fill 465 | copy 2426 cy/line 34.80 Mcy/s | synth 3020 cy/pump 43.31 Mcy/s 1804 cy/sample | tri 150 px 9052 part 115 ch 6 | AHASH s=4248000 a8146d58
PROF T t=177 ph=12 the spine frames=60 | clear=44053 sky=501065 floor=0 scene=1212444 flat=0 gouraud=0 chrome=244943 texture=772160 furnace=0 embers=128199 bloom=0 veil=814 titles=26209 fade=228 | setup=195340 total=1913014
T t=178.7 bar=93 ph=12 the spine | render ms 6.11/6.33/6.65 | fps 59.7 | hold 1 miss 0 late 0 | gap ms 16.73 | under 0 fill 465 | copy 2425 cy/line 34.78 Mcy/s | synth 3020 cy/pump 43.31 Mcy/s 1804 cy/sample | tri 154 px 8303 part 115 ch 6 | AHASH s=4272000 2c216a89
PROF T t=178 ph=12 the spine frames=60 | clear=44070 sky=499669 floor=0 scene=1180883 flat=0 gouraud=0 chrome=240417 texture=744413 furnace=0 embers=126615 bloom=0 veil=824 titles=21331 fade=227 | setup=196053 total=1873623
T t=179.7 bar=93 ph=12 the spine | render ms 6.11/6.20/6.36 | fps 59.7 | hold 1 miss 0 late 0 | gap ms 16.73 | under 0 fill 465 | copy 2425 cy/line 34.78 Mcy/s | synth 3023 cy/pump 43.36 Mcy/s 1806 cy/sample | tri 156 px 8164 part 115 ch 6 | AHASH s=4296000 294d03a0
PROF T t=179 ph=12 the spine frames=60 | clear=44052 sky=494968 floor=0 scene=1166906 flat=0 gouraud=0 chrome=236248 texture=732258 furnace=0 embers=125280 bloom=0 veil=810 titles=1365 fade=227 | setup=198399 total=1833611
T t=180.7 bar=94 ph=12 the spine | render ms 6.10/6.21/6.33 | fps 59.7 | hold 1 miss 0 late 0 | gap ms 16.73 | under 0 fill 465 | copy 2426 cy/line 34.79 Mcy/s | synth 3023 cy/pump 43.36 Mcy/s 1806 cy/sample | tri 150 px 8348 part 115 ch 6 | AHASH s=4320000 c078dc9b
PROF T t=180 ph=12 the spine frames=60 | clear=44056 sky=494792 floor=0 scene=1170756 flat=0 gouraud=0 chrome=237518 texture=735835 furnace=0 embers=123901 bloom=0 veil=808 titles=1356 fade=229 | setup=197402 total=1835901
T t=181.7 bar=94 ph=12 the spine | render ms 6.12/6.22/6.39 | fps 59.7 | hold 1 miss 0 late 0 | gap ms 16.73 | under 0 fill 465 | copy 2425 cy/line 34.77 Mcy/s | synth 3026 cy/pump 43.40 Mcy/s 1808 cy/sample | tri 150 px 8465 part 115 ch 6 | AHASH s=4344000 7b701b47
PROF T t=181 ph=12 the spine frames=60 | clear=44066 sky=494838 floor=0 scene=1174013 flat=0 gouraud=0 chrome=240114 texture=736719 furnace=0 embers=122983 bloom=0 veil=821 titles=1348 fade=228 | setup=197178 total=1838300
T t=182.7 bar=95 ph=12 the spine | render ms 6.14/6.22/6.41 | fps 59.7 | hold 1 miss 0 late 0 | gap ms 16.73 | under 0 fill 465 | copy 2425 cy/line 34.78 Mcy/s | synth 3020 cy/pump 43.31 Mcy/s 1804 cy/sample | tri 150 px 8201 part 115 ch 6 | AHASH s=4368000 db66af5d
PROF T t=182 ph=12 the spine frames=60 | clear=44055 sky=495011 floor=0 scene=1175446 flat=0 gouraud=0 chrome=238035 texture=740928 furnace=0 embers=121750 bloom=0 veil=816 titles=1363 fade=227 | setup=196481 total=1838671
T t=183.7 bar=95 ph=12 the spine | render ms 6.17/6.23/6.39 | fps 59.7 | hold 1 miss 0 late 0 | gap ms 16.73 | under 0 fill 465 | copy 2424 cy/line 34.77 Mcy/s | synth 3022 cy/pump 43.34 Mcy/s 1806 cy/sample | tri 156 px 8165 part 115 ch 6 | AHASH s=4392000 834ccdbe
PROF T t=183 ph=12 the spine frames=60 | clear=44040 sky=495392 floor=0 scene=1176999 flat=0 gouraud=0 chrome=238600 texture=740012 furnace=0 embers=123838 bloom=0 veil=824 titles=1350 fade=228 | setup=198387 total=1842674
PHRASE t=184.3 bar=96 ph=13 the spine | render ms 6.10/6.69/23.93 | fps 59.6 | hold 2 miss 0 late 1 | gap ms 33.47 | under 0 fill 465 | copy 2428 cy/line 34.82 Mcy/s | synth 3024 cy/pump 43.36 Mcy/s 1807 cy/sample | tri 624 px 76924 part 102 ch 6 | AHASH s=4416000 7f5e6d22
PROF PHRASE t=184 ph=13 the spine frames=918 | clear=44059 sky=498222 floor=0 scene=1261092 flat=61 gouraud=0 chrome=239186 texture=801545 furnace=0 embers=126015 bloom=0 veil=35646 titles=14885 fade=230 | setup=220299 total=1980152
T t=184.7 bar=96 ph=13 the spine | render ms 6.18/11.61/24.12 | fps 45.8 | hold 2 miss 0 late 14 | gap ms 33.47 | under 0 fill 465 | copy 2449 cy/line 35.13 Mcy/s | synth 3029 cy/pump 43.44 Mcy/s 1810 cy/sample | tri 622 px 75869 part 102 ch 6 | AHASH s=4416000 7f5e6d22
PROF T t=184 ph=13 the spine frames=46 | clear=44199 sky=504158 floor=0 scene=2782258 flat=17675 gouraud=0 chrome=412070 texture=1954150 furnace=0 embers=122403 bloom=0 veil=834 titles=1354 fade=233 | setup=398362 total=3455442
T t=185.7 bar=96 ph=13 the spine | render ms 22.93/23.37/23.83 | fps 29.8 | hold 2 miss 0 late 30 | gap ms 33.47 | under 0 fill 465 | copy 2475 cy/line 35.49 Mcy/s | synth 3039 cy/pump 43.58 Mcy/s 1815 cy/sample | tri 614 px 72892 part 102 ch 6 | AHASH s=4440000 f6688f25
PROF T t=185 ph=13 the spine frames=30 | clear=44140 sky=524746 floor=0 scene=6298265 flat=64296 gouraud=0 chrome=791326 texture=4587460 furnace=0 embers=113370 bloom=0 veil=869 titles=1391 fade=232 | setup=855181 total=6983016
T t=186.7 bar=97 ph=13 the spine | render ms 22.06/22.60/23.12 | fps 29.8 | hold 2 miss 0 late 30 | gap ms 33.47 | under 0 fill 465 | copy 2473 cy/line 35.47 Mcy/s | synth 3034 cy/pump 43.51 Mcy/s 1813 cy/sample | tri 600 px 69016 part 102 ch 6 | AHASH s=4464000 08a66ad1
PROF T t=186 ph=13 the spine frames=30 | clear=44066 sky=525301 floor=0 scene=6066044 flat=69588 gouraud=0 chrome=777333 texture=4366091 furnace=0 embers=112950 bloom=0 veil=869 titles=1436 fade=233 | setup=853030 total=6750901
T t=187.7 bar=97 ph=13 the spine | render ms 21.43/21.83/22.23 | fps 29.8 | hold 2 miss 0 late 30 | gap ms 33.47 | under 0 fill 465 | copy 2470 cy/line 35.43 Mcy/s | synth 3037 cy/pump 43.56 Mcy/s 1815 cy/sample | tri 614 px 65233 part 102 ch 6 | AHASH s=4488000 d442a545
PROF T t=187 ph=13 the spine frames=30 | clear=44182 sky=525248 floor=0 scene=5836620 flat=69293 gouraud=0 chrome=767110 texture=4146239 furnace=0 embers=112284 bloom=0 veil=830 titles=1425 fade=228 | setup=853977 total=6520819
T t=188.7 bar=98 ph=13 the spine | render ms 20.59/21.04/21.65 | fps 29.8 | hold 2 miss 0 late 30 | gap ms 33.47 | under 0 fill 465 | copy 2465 cy/line 35.36 Mcy/s | synth 3036 cy/pump 43.54 Mcy/s 1814 cy/sample | tri 618 px 60934 part 102 ch 6 | AHASH s=4512000 e4258c4c
PROF T t=188 ph=13 the spine frames=30 | clear=43961 sky=522712 floor=0 scene=5602928 flat=68834 gouraud=0 chrome=756655 texture=3921676 furnace=0 embers=112090 bloom=0 veil=869 titles=1406 fade=227 | setup=855762 total=6284195
T t=189.7 bar=98 ph=13 the spine | render ms 19.86/20.25/20.72 | fps 29.8 | hold 2 miss 0 late 30 | gap ms 33.47 | under 0 fill 465 | copy 2461 cy/line 35.29 Mcy/s | synth 3035 cy/pump 43.53 Mcy/s 1813 cy/sample | tri 616 px 57187 part 102 ch 6 | AHASH s=4536000 3857df0b
PROF T t=189 ph=13 the spine frames=30 | clear=44159 sky=520582 floor=0 scene=5366686 flat=68487 gouraud=0 chrome=740419 texture=3702808 furnace=0 embers=112333 bloom=0 veil=857 titles=1417 fade=236 | setup=854971 total=6046273
T t=190.7 bar=99 ph=13 the spine | render ms 19.34/19.63/20.07 | fps 29.8 | hold 2 miss 0 late 30 | gap ms 33.47 | under 0 fill 465 | copy 2458 cy/line 35.25 Mcy/s | synth 3035 cy/pump 43.53 Mcy/s 1813 cy/sample | tri 638 px 53381 part 102 ch 6 | AHASH s=4560000 34b08260
PROF T t=190 ph=13 the spine frames=30 | clear=44119 sky=520839 floor=0 scene=5182027 flat=73130 gouraud=0 chrome=718403 texture=3534691 furnace=0 embers=112731 bloom=0 veil=862 titles=1402 fade=229 | setup=855801 total=5862213
T t=191.7 bar=99 ph=13 the spine | render ms 18.72/19.06/19.44 | fps 29.8 | hold 2 miss 0 late 30 | gap ms 33.47 | under 0 fill 465 | copy 2455 cy/line 35.20 Mcy/s | synth 3035 cy/pump 43.52 Mcy/s 1813 cy/sample | tri 636 px 49882 part 102 ch 6 | AHASH s=4584000 5c02ea2f
PROF T t=191 ph=13 the spine frames=30 | clear=44108 sky=520783 floor=0 scene=5008664 flat=79067 gouraud=0 chrome=684219 texture=3387201 furnace=0 embers=112655 bloom=0 veil=877 titles=1398 fade=219 | setup=858176 total=5688706
T t=192.7 bar=100 ph=13 the spine | render ms 17.98/18.35/18.85 | fps 29.8 | hold 2 miss 0 late 30 | gap ms 33.47 | under 0 fill 465 | copy 2452 cy/line 35.17 Mcy/s | synth 3030 cy/pump 43.45 Mcy/s 1810 cy/sample | tri 642 px 46340 part 103 ch 6 | AHASH s=4608000 9c8c2e5e
PROF T t=192 ph=13 the spine frames=30 | clear=44098 sky=521243 floor=0 scene=4794608 flat=80199 gouraud=0 chrome=648140 texture=3209716 furnace=0 embers=113523 bloom=0 veil=869 titles=1415 fade=227 | setup=856552 total=5475986
T t=193.7 bar=100 ph=13 the spine | render ms 17.30/17.62/18.04 | fps 29.8 | hold 2 miss 0 late 30 | gap ms 33.47 | under 0 fill 465 | copy 2451 cy/line 35.16 Mcy/s | synth 3032 cy/pump 43.49 Mcy/s 1812 cy/sample | tri 646 px 42968 part 103 ch 6 | AHASH s=4632000 82c359a6
PROF T t=193 ph=13 the spine frames=30 | clear=44142 sky=522587 floor=0 scene=4573710 flat=81514 gouraud=0 chrome=607322 texture=3025707 furnace=0 embers=116039 bloom=0 veil=874 titles=1417 fade=234 | setup=859165 total=5259005
T t=194.8 bar=101 ph=13 the spine | render ms 16.77/17.03/17.44 | fps 29.8 | hold 2 miss 0 late 30 | gap ms 33.47 | under 0 fill 465 | copy 2449 cy/line 35.13 Mcy/s | synth 3023 cy/pump 43.36 Mcy/s 1806 cy/sample | tri 642 px 40519 part 103 ch 6 | AHASH s=4656000 cc213693
PROF T t=194 ph=13 the spine frames=30 | clear=44065 sky=523579 floor=0 scene=4395400 flat=81348 gouraud=0 chrome=573851 texture=2884253 furnace=0 embers=116129 bloom=0 veil=845 titles=1430 fade=223 | setup=855947 total=5081675
T t=195.8 bar=101 ph=13 the spine | render ms 16.43/16.61/16.97 | fps 52.7 | hold 2 miss 0 late 7 | gap ms 33.47 | under 0 fill 465 | copy 2482 cy/line 35.60 Mcy/s | synth 3080 cy/pump 44.17 Mcy/s 1840 cy/sample | tri 646 px 38552 part 103 ch 6 | AHASH s=4680000 bc62e6e7
PROF T t=195 ph=13 the spine frames=53 | clear=44061 sky=523152 floor=0 scene=4270632 flat=82967 gouraud=0 chrome=555390 texture=2776900 furnace=0 embers=114231 bloom=0 veil=843 titles=1411 fade=223 | setup=855373 total=4954556
T t=196.8 bar=102 ph=13 the spine | render ms 16.05/16.28/16.51 | fps 58.7 | hold 2 miss 0 late 1 | gap ms 33.47 | under 0 fill 465 | copy 2486 cy/line 35.65 Mcy/s | synth 3097 cy/pump 44.41 Mcy/s 1850 cy/sample | tri 654 px 36870 part 104 ch 6 | AHASH s=4704000 f071fff0
PROF T t=196 ph=13 the spine frames=59 | clear=44007 sky=523154 floor=0 scene=4170222 flat=85042 gouraud=0 chrome=545203 texture=2684892 furnace=0 embers=114626 bloom=0 veil=853 titles=1403 fade=223 | setup=855083 total=4854490
T t=197.8 bar=103 ph=13 the spine | render ms 15.61/15.87/16.25 | fps 58.7 | hold 2 miss 0 late 1 | gap ms 33.47 | under 0 fill 465 | copy 2483 cy/line 35.61 Mcy/s | synth 3092 cy/pump 44.34 Mcy/s 1847 cy/sample | tri 650 px 34962 part 106 ch 6 | AHASH s=4728000 9599cf61
PROF T t=197 ph=13 the spine frames=59 | clear=44029 sky=522779 floor=0 scene=4051909 flat=87341 gouraud=0 chrome=529144 texture=2581565 furnace=0 embers=112857 bloom=0 veil=859 titles=1411 fade=218 | setup=853857 total=4734065
T t=198.8 bar=103 ph=13 the spine | render ms 15.05/15.32/15.74 | fps 59.7 | hold 1 miss 0 late 0 | gap ms 16.73 | under 0 fill 465 | copy 2478 cy/line 35.54 Mcy/s | synth 3096 cy/pump 44.40 Mcy/s 1850 cy/sample | tri 644 px 32534 part 106 ch 6 | AHASH s=4752000 150d43de
PROF T t=198 ph=13 the spine frames=60 | clear=44070 sky=522870 floor=0 scene=3882975 flat=89439 gouraud=0 chrome=507858 texture=2433796 furnace=0 embers=116152 bloom=0 veil=855 titles=1408 fade=226 | setup=851880 total=4568559
PHRASE t=199.6 bar=104 ph=14 the spine | render ms 14.60/18.13/24.12 | fps 38.7 | hold 2 miss 0 late 322 | gap ms 33.47 | under 0 fill 465 | copy 2468 cy/line 35.39 Mcy/s | synth 3052 cy/pump 43.77 Mcy/s 1823 cy/sample | tri 644 px 30492 part 115 ch 6 | AHASH s=4776000 625e270e
PROF PHRASE t=199 ph=14 the spine frames=595 | clear=44080 sky=522947 floor=0 scene=4726241 flat=79687 gouraud=0 chrome=623112 texture=3168884 furnace=0 embers=114098 bloom=0 veil=859 titles=1412 fade=226 | setup=854557 total=5409865
T t=199.8 bar=104 ph=14 the spine | render ms 14.53/14.77/15.11 | fps 59.7 | hold 1 miss 0 late 0 | gap ms 16.73 | under 0 fill 465 | copy 2471 cy/line 35.44 Mcy/s | synth 3091 cy/pump 44.33 Mcy/s 1847 cy/sample | tri 648 px 30053 part 115 ch 6 | AHASH s=4776000 625e270e
PROF T t=199 ph=14 the spine frames=60 | clear=44091 sky=523412 floor=0 scene=3713439 flat=91315 gouraud=0 chrome=489164 texture=2283788 furnace=0 embers=118178 bloom=0 veil=871 titles=1421 fade=222 | setup=849170 total=4401636
T t=200.8 bar=104 ph=14 the spine | render ms 13.90/14.23/14.62 | fps 59.7 | hold 1 miss 0 late 0 | gap ms 16.73 | under 0 fill 465 | copy 2466 cy/line 35.37 Mcy/s | synth 3093 cy/pump 44.35 Mcy/s 1848 cy/sample | tri 650 px 27289 part 115 ch 6 | AHASH s=4800000 a7f2d6fb
PROF T t=200 ph=14 the spine frames=60 | clear=44035 sky=522148 floor=0 scene=3546403 flat=93229 gouraud=0 chrome=477589 texture=2128062 furnace=0 embers=124714 bloom=0 veil=857 titles=1414 fade=223 | setup=847522 total=4239798
T t=201.8 bar=105 ph=14 the spine | render ms 13.32/13.62/14.01 | fps 59.7 | hold 1 miss 0 late 0 | gap ms 16.73 | under 0 fill 465 | copy 2459 cy/line 35.27 Mcy/s | synth 3087 cy/pump 44.27 Mcy/s 1844 cy/sample | tri 652 px 24694 part 115 ch 6 | AHASH s=4824000 b075041f
PROF T t=201 ph=14 the spine frames=60 | clear=44015 sky=521650 floor=0 scene=3366623 flat=95082 gouraud=0 chrome=461807 texture=1963952 furnace=0 embers=123882 bloom=0 veil=859 titles=1402 fade=223 | setup=845781 total=4058655
T t=202.8 bar=105 ph=14 the spine | render ms 12.62/12.98/13.41 | fps 59.7 | hold 1 miss 0 late 0 | gap ms 16.73 | under 0 fill 465 | copy 2452 cy/line 35.16 Mcy/s | synth 3082 cy/pump 44.20 Mcy/s 1841 cy/sample | tri 642 px 21758 part 115 ch 6 | AHASH s=4848000 f021a5d9
PROF T t=202 ph=14 the spine frames=60 | clear=44033 sky=517744 floor=0 scene=3179523 flat=99210 gouraud=0 chrome=428527 texture=1807955 furnace=0 embers=122944 bloom=0 veil=855 titles=1374 fade=210 | setup=843830 total=3866686
T t=203.8 bar=106 ph=14 the spine | render ms 12.02/12.30/12.72 | fps 59.7 | hold 1 miss 0 late 0 | gap ms 16.73 | under 0 fill 465 | copy 2445 cy/line 35.06 Mcy/s | synth 3077 cy/pump 44.12 Mcy/s 1838 cy/sample | tri 646 px 18887 part 115 ch 6 | AHASH s=4872000 a990b9de
PROF T t=203 ph=14 the spine frames=60 | clear=43989 sky=508439 floor=0 scene=2985059 flat=98083 gouraud=0 chrome=362900 texture=1680452 furnace=0 embers=123576 bloom=0 veil=856 titles=1398 fade=217 | setup=843624 total=3663538
T t=204.8 bar=106 ph=14 the spine | render ms 11.54/11.76/12.15 | fps 59.7 | hold 1 miss 0 late 0 | gap ms 16.73 | under 0 fill 465 | copy 2440 cy/line 35.00 Mcy/s | synth 3072 cy/pump 44.06 Mcy/s 1835 cy/sample | tri 644 px 16326 part 115 ch 6 | AHASH s=4896000 d9ad139a
PROF T t=204 ph=14 the spine frames=60 | clear=43918 sky=502701 floor=0 scene=2822376 flat=93167 gouraud=0 chrome=326268 texture=1559740 furnace=0 embers=127619 bloom=0 veil=858 titles=1380 fade=224 | setup=843199 total=3499079
T t=205.8 bar=107 ph=14 the spine | render ms 11.05/11.30/11.65 | fps 59.7 | hold 1 miss 0 late 0 | gap ms 16.73 | under 0 fill 465 | copy 2436 cy/line 34.94 Mcy/s | synth 3068 cy/pump 44.01 Mcy/s 1833 cy/sample | tri 648 px 13910 part 115 ch 6 | AHASH s=4920000 bca9eaa2
PROF T t=205 ph=14 the spine frames=60 | clear=43979 sky=501523 floor=0 scene=2685127 flat=88226 gouraud=0 chrome=310912 texture=1444878 furnace=0 embers=128602 bloom=0 veil=851 titles=1348 fade=225 | setup=841110 total=3361658
T t=206.8 bar=107 ph=14 the spine | render ms 10.61/10.84/11.19 | fps 59.7 | hold 1 miss 0 late 0 | gap ms 16.73 | under 0 fill 465 | copy 2432 cy/line 34.87 Mcy/s | synth 3067 cy/pump 43.99 Mcy/s 1833 cy/sample | tri 652 px 11743 part 115 ch 6 | AHASH s=4944000 4e29cf8b
PROF T t=206 ph=14 the spine frames=60 | clear=43985 sky=501181 floor=0 scene=2549469 flat=83751 gouraud=0 chrome=309905 texture=1315441 furnace=0 embers=127069 bloom=0 veil=865 titles=1350 fade=223 | setup=840372 total=3224146
T t=207.8 bar=108 ph=14 the spine | render ms 10.23/10.43/10.78 | fps 59.7 | hold 1 miss 0 late 0 | gap ms 16.73 | under 0 fill 465 | copy 2428 cy/line 34.82 Mcy/s | synth 3061 cy/pump 43.89 Mcy/s 1829 cy/sample | tri 648 px 10011 part 115 ch 6 | AHASH s=4968000 e967a20a
PROF T t=207 ph=14 the spine frames=60 | clear=43973 sky=500628 floor=0 scene=2428146 flat=79628 gouraud=0 chrome=307110 texture=1203324 furnace=0 embers=126646 bloom=0 veil=857 titles=1357 fade=216 | setup=838083 total=3101826
T t=208.8 bar=108 ph=14 the spine | render ms 10.02/10.13/10.39 | fps 59.7 | hold 1 miss 0 late 0 | gap ms 16.73 | under 0 fill 465 | copy 2425 cy/line 34.77 Mcy/s | synth 3060 cy/pump 43.89 Mcy/s 1828 cy/sample | tri 650 px 8904 part 115 ch 6 | AHASH s=4992000 2c73c629
PROF T t=208 ph=14 the spine frames=60 | clear=44009 sky=500543 floor=0 scene=2336947 flat=76001 gouraud=0 chrome=300180 texture=1123567 furnace=0 embers=127392 bloom=0 veil=852 titles=1348 fade=217 | setup=837198 total=3011310
T t=209.8 bar=109 ph=14 the spine | render ms 9.81/9.91/10.20 | fps 59.7 | hold 1 miss 0 late 0 | gap ms 16.73 | under 0 fill 465 | copy 2423 cy/line 34.75 Mcy/s | synth 3059 cy/pump 43.88 Mcy/s 1828 cy/sample | tri 650 px 8219 part 115 ch 6 | AHASH s=5016000 da8972a4
PROF T t=209 ph=14 the spine frames=60 | clear=43982 sky=500430 floor=0 scene=2272934 flat=72474 gouraud=0 chrome=288988 texture=1075410 furnace=0 embers=125478 bloom=0 veil=865 titles=1371 fade=218 | setup=836061 total=2945281
T t=210.8 bar=109 ph=14 the spine | render ms 9.65/9.75/9.96 | fps 59.7 | hold 1 miss 0 late 0 | gap ms 16.73 | under 0 fill 465 | copy 2422 cy/line 34.73 Mcy/s | synth 3053 cy/pump 43.78 Mcy/s 1824 cy/sample | tri 652 px 7519 part 115 ch 6 | AHASH s=5040000 fb19c748
PROF T t=210 ph=14 the spine frames=60 | clear=43987 sky=500069 floor=0 scene=2226563 flat=66428 gouraud=0 chrome=288498 texture=1035581 furnace=0 embers=123887 bloom=0 veil=847 titles=1334 fade=216 | setup=836054 total=2896906
T t=211.8 bar=110 ph=14 the spine | render ms 9.52/9.60/9.82 | fps 59.7 | hold 1 miss 0 late 0 | gap ms 16.73 | under 0 fill 465 | copy 2421 cy/line 34.71 Mcy/s | synth 3056 cy/pump 43.82 Mcy/s 1826 cy/sample | tri 652 px 6986 part 115 ch 6 | AHASH s=5064000 87a5ee77
PROF T t=211 ph=14 the spine frames=60 | clear=43973 sky=499731 floor=0 scene=2183668 flat=58370 gouraud=0 chrome=285589 texture=1003373 furnace=0 embers=123908 bloom=0 veil=853 titles=1358 fade=218 | setup=836335 total=2853713
T t=212.8 bar=110 ph=14 the spine | render ms 9.40/9.47/9.67 | fps 59.7 | hold 1 miss 0 late 0 | gap ms 16.73 | under 0 fill 465 | copy 2419 cy/line 34.70 Mcy/s | synth 3053 cy/pump 43.79 Mcy/s 1824 cy/sample | tri 652 px 6553 part 115 ch 6 | AHASH s=5088000 949206dd
PROF T t=212 ph=14 the spine frames=60 | clear=43997 sky=500028 floor=0 scene=2143394 flat=51013 gouraud=0 chrome=283406 texture=973340 furnace=0 embers=123224 bloom=0 veil=854 titles=1354 fade=222 | setup=835634 total=2813076
T t=213.8 bar=111 ph=14 the spine | render ms 9.26/9.35/9.55 | fps 59.7 | hold 1 miss 0 late 0 | gap ms 16.73 | under 0 fill 465 | copy 2419 cy/line 34.68 Mcy/s | synth 3052 cy/pump 43.77 Mcy/s 1823 cy/sample | tri 650 px 6135 part 115 ch 6 | AHASH s=5112000 c792daea
PROF T t=213 ph=14 the spine frames=60 | clear=43986 sky=499516 floor=0 scene=2106044 flat=45891 gouraud=0 chrome=278465 texture=947172 furnace=0 embers=124435 bloom=0 veil=853 titles=1351 fade=217 | setup=834514 total=2776405
T t=214.9 bar=111 ph=14 the spine | render ms 9.20/10.55/13.04 | fps 59.7 | hold 1 miss 0 late 0 | gap ms 16.73 | under 0 fill 465 | copy 2429 cy/line 34.84 Mcy/s | synth 3060 cy/pump 43.88 Mcy/s 1828 cy/sample | tri 652 px 5721 part 115 ch 6 | AHASH s=5136000 82409aa2
PROF T t=214 ph=14 the spine frames=60 | clear=43964 sky=499047 floor=0 scene=2069025 flat=39358 gouraud=0 chrome=274913 texture=921359 furnace=0 embers=126021 bloom=0 veil=397757 titles=1348 fade=221 | setup=833393 total=3137386
PHRASE t=215.0 bar=112 ph=15 the crown | render ms 9.20/11.14/18.14 | fps 59.6 | hold 2 miss 0 late 1 | gap ms 33.47 | under 0 fill 465 | copy 2435 cy/line 34.92 Mcy/s | synth 3067 cy/pump 43.98 Mcy/s 1832 cy/sample | tri 328 px 47932 part 115 ch 7 | AHASH s=5160000 708f258d
PROF PHRASE t=215 ph=15 the crown frames=918 | clear=43998 sky=505206 floor=0 scene=2600060 flat=76283 gouraud=0 chrome=332957 texture=1351559 furnace=0 embers=125310 bloom=23 veil=38173 titles=1366 fade=219 | setup=839259 total=3314360
T t=215.9 bar=112 ph=15 the crown | render ms 13.00/15.30/18.31 | fps 44.8 | hold 2 miss 0 late 15 | gap ms 33.47 | under 0 fill 465 | copy 2470 cy/line 35.42 Mcy/s | synth 3046 cy/pump 43.68 Mcy/s 1820 cy/sample | tri 328 px 47941 part 115 ch 7 | AHASH s=5160000 708f258d
PROF T t=215 ph=15 the crown frames=45 | clear=44200 sky=504047 floor=0 scene=3293176 flat=436108 gouraud=0 chrome=49129 texture=2209356 furnace=0 embers=125893 bloom=18007 veil=575007 titles=1168 fade=224 | setup=598581 total=4561726
T t=216.9 bar=112 ph=15 the crown | render ms 14.26/14.37/14.46 | fps 59.7 | hold 1 miss 0 late 0 | gap ms 16.73 | under 0 fill 465 | copy 2489 cy/line 35.70 Mcy/s | synth 3077 cy/pump 44.12 Mcy/s 1838 cy/sample | tri 328 px 47932 part 115 ch 7 | AHASH s=5184000 7cd93894
PROF T t=216 ph=15 the crown frames=60 | clear=44080 sky=506415 floor=0 scene=3564003 flat=523048 gouraud=0 chrome=0 texture=2493311 furnace=0 embers=125767 bloom=21999 veil=864 titles=18294 fade=217 | setup=547643 total=4281643
T t=217.9 bar=113 ph=15 the crown | render ms 14.36/14.41/14.62 | fps 59.7 | hold 1 miss 0 late 0 | gap ms 16.73 | under 0 fill 465 | copy 2487 cy/line 35.67 Mcy/s | synth 3077 cy/pump 44.13 Mcy/s 1838 cy/sample | tri 328 px 47904 part 115 ch 7 | AHASH s=5208000 9aba97dc
PROF T t=217 ph=15 the crown frames=60 | clear=44089 sky=508791 floor=0 scene=3563744 flat=523275 gouraud=0 chrome=0 texture=2492793 furnace=0 embers=124619 bloom=21977 veil=863 titles=28264 fade=215 | setup=547675 total=4292565
T t=218.9 bar=114 ph=15 the crown | render ms 14.35/14.40/14.55 | fps 59.7 | hold 1 miss 0 late 0 | gap ms 16.73 | under 0 fill 465 | copy 2488 cy/line 35.69 Mcy/s | synth 3074 cy/pump 44.09 Mcy/s 1837 cy/sample | tri 328 px 47860 part 115 ch 7 | AHASH s=5232000 a7d6fe01
PROF T t=218 ph=15 the crown frames=60 | clear=44061 sky=508339 floor=0 scene=3560637 flat=523449 gouraud=0 chrome=0 texture=2490243 furnace=0 embers=126463 bloom=21945 veil=856 titles=28192 fade=216 | setup=546944 total=4290712
T t=219.9 bar=114 ph=15 the crown | render ms 14.33/14.39/14.54 | fps 59.7 | hold 1 miss 0 late 0 | gap ms 16.73 | under 0 fill 465 | copy 2488 cy/line 35.68 Mcy/s | synth 3073 cy/pump 44.07 Mcy/s 1836 cy/sample | tri 328 px 47802 part 115 ch 7 | AHASH s=5256000 8deb41c9
PROF T t=219 ph=15 the crown frames=60 | clear=44070 sky=508847 floor=0 scene=3555732 flat=522839 gouraud=0 chrome=0 texture=2486931 furnace=0 embers=125961 bloom=21935 veil=860 titles=28401 fade=215 | setup=545961 total=4286026
T t=220.9 bar=115 ph=15 the crown | render ms 14.32/14.37/14.55 | fps 59.7 | hold 1 miss 0 late 0 | gap ms 16.73 | under 0 fill 465 | copy 2490 cy/line 35.70 Mcy/s | synth 3073 cy/pump 44.07 Mcy/s 1836 cy/sample | tri 328 px 47721 part 115 ch 7 | AHASH s=5280000 cbd7f221
PROF T t=220 ph=15 the crown frames=60 | clear=44079 sky=509145 floor=0 scene=3551242 flat=521479 gouraud=0 chrome=0 texture=2483943 furnace=0 embers=125763 bloom=21886 veil=851 titles=28185 fade=214 | setup=545819 total=4281369
T t=221.9 bar=115 ph=15 the crown | render ms 14.32/14.37/14.52 | fps 59.7 | hold 1 miss 0 late 0 | gap ms 16.73 | under 0 fill 465 | copy 2490 cy/line 35.70 Mcy/s | synth 3079 cy/pump 44.15 Mcy/s 1839 cy/sample | tri 326 px 47624 part 115 ch 7 | AHASH s=5304000 dc9eb509
PROF T t=221 ph=15 the crown frames=60 | clear=44096 sky=508461 floor=0 scene=3551273 flat=520478 gouraud=0 chrome=0 texture=2483240 furnace=0 embers=124561 bloom=21846 veil=867 titles=28225 fade=227 | setup=547554 total=4279559
T t=222.9 bar=116 ph=15 the crown | render ms 14.27/14.33/14.50 | fps 59.7 | hold 1 miss 0 late 0 | gap ms 16.73 | under 0 fill 465 | copy 2489 cy/line 35.70 Mcy/s | synth 3078 cy/pump 44.15 Mcy/s 1839 cy/sample | tri 322 px 47671 part 115 ch 7 | AHASH s=5328000 f353331d
PROF T t=222 ph=15 the crown frames=60 | clear=44079 sky=508665 floor=0 scene=3542745 flat=518817 gouraud=0 chrome=0 texture=2477084 furnace=0 embers=123438 bloom=21849 veil=848 titles=28195 fade=213 | setup=546843 total=4270035
T t=223.9 bar=116 ph=15 the crown | render ms 14.28/14.33/14.47 | fps 59.7 | hold 1 miss 0 late 0 | gap ms 16.73 | under 0 fill 465 | copy 2490 cy/line 35.71 Mcy/s | synth 3083 cy/pump 44.22 Mcy/s 1842 cy/sample | tri 322 px 47574 part 115 ch 7 | AHASH s=5352000 2435ec76
PROF T t=223 ph=15 the crown frames=60 | clear=44101 sky=508870 floor=0 scene=3541336 flat=519923 gouraud=0 chrome=0 texture=2474250 furnace=0 embers=122407 bloom=22283 veil=863 titles=28226 fade=222 | setup=547162 total=4268310
T t=224.9 bar=117 ph=15 the crown | render ms 14.17/14.28/14.47 | fps 59.7 | hold 1 miss 0 late 0 | gap ms 16.73 | under 0 fill 465 | copy 2489 cy/line 35.69 Mcy/s | synth 3076 cy/pump 44.11 Mcy/s 1838 cy/sample | tri 322 px 47439 part 115 ch 7 | AHASH s=5376000 3cd040bd
PROF T t=224 ph=15 the crown frames=60 | clear=44043 sky=507527 floor=0 scene=3535027 flat=519291 gouraud=0 chrome=0 texture=2469055 furnace=0 embers=124904 bloom=22483 veil=865 titles=19653 fade=215 | setup=546681 total=4254721
T t=225.9 bar=117 ph=15 the crown | render ms 14.15/14.21/14.37 | fps 59.7 | hold 1 miss 0 late 0 | gap ms 16.73 | under 0 fill 465 | copy 2488 cy/line 35.68 Mcy/s | synth 3075 cy/pump 44.10 Mcy/s 1837 cy/sample | tri 322 px 47367 part 115 ch 7 | AHASH s=5400000 290ccdfd
PROF T t=225 ph=15 the crown frames=60 | clear=44036 sky=503709 floor=0 scene=3530897 flat=518509 gouraud=0 chrome=0 texture=2466751 furnace=0 embers=128259 bloom=22483 veil=857 titles=1260 fade=216 | setup=545635 total=4231721
T t=226.9 bar=118 ph=15 the crown | render ms 14.14/14.19/14.34 | fps 59.7 | hold 1 miss 0 late 0 | gap ms 16.73 | under 0 fill 465 | copy 2489 cy/line 35.70 Mcy/s | synth 3073 cy/pump 44.06 Mcy/s 1836 cy/sample | tri 322 px 47330 part 115 ch 7 | AHASH s=5424000 d6d55e3e
PROF T t=226 ph=15 the crown frames=60 | clear=44074 sky=503374 floor=0 scene=3529054 flat=519491 gouraud=0 chrome=0 texture=2463576 furnace=0 embers=126831 bloom=21860 veil=853 titles=1280 fade=218 | setup=545986 total=4227548
T t=227.9 bar=118 ph=15 the crown | render ms 14.12/14.17/14.33 | fps 59.7 | hold 1 miss 0 late 0 | gap ms 16.73 | under 0 fill 465 | copy 2489 cy/line 35.69 Mcy/s | synth 3074 cy/pump 44.08 Mcy/s 1837 cy/sample | tri 322 px 47263 part 115 ch 7 | AHASH s=5448000 752152cf
PROF T t=227 ph=15 the crown frames=60 | clear=44107 sky=503326 floor=0 scene=3527046 flat=519190 gouraud=0 chrome=0 texture=2461144 furnace=0 embers=125585 bloom=19424 veil=851 titles=1278 fade=221 | setup=546711 total=4221840
T t=228.9 bar=119 ph=15 the crown | render ms 14.12/14.17/14.35 | fps 59.7 | hold 1 miss 0 late 0 | gap ms 16.73 | under 0 fill 465 | copy 2488 cy/line 35.68 Mcy/s | synth 3075 cy/pump 44.11 Mcy/s 1837 cy/sample | tri 322 px 47174 part 115 ch 7 | AHASH s=5472000 141e2680
PROF T t=228 ph=15 the crown frames=60 | clear=44092 sky=503731 floor=0 scene=3525313 flat=518938 gouraud=0 chrome=0 texture=2460484 furnace=0 embers=127030 bloom=19428 veil=861 titles=1278 fade=213 | setup=545890 total=4221949
T t=229.9 bar=119 ph=15 the crown | render ms 14.10/14.16/14.32 | fps 59.7 | hold 1 miss 0 late 0 | gap ms 16.73 | under 0 fill 465 | copy 2489 cy/line 35.69 Mcy/s | synth 3078 cy/pump 44.14 Mcy/s 1839 cy/sample | tri 322 px 47093 part 115 ch 7 | AHASH s=5520000 b862e7f1
PROF T t=229 ph=15 the crown frames=60 | clear=44049 sky=503790 floor=0 scene=3520775 flat=518341 gouraud=0 chrome=0 texture=2456446 furnace=0 embers=125845 bloom=19819 veil=857 titles=1272 fade=224 | setup=545987 total=4216636
PHRASE t=230.4 bar=120 ph=16 the crown | render ms 14.10/14.35/18.31 | fps 58.8 | hold 2 miss 0 late 14 | gap ms 33.47 | under 0 fill 465 | copy 2488 cy/line 35.68 Mcy/s | synth 3074 cy/pump 44.09 Mcy/s 1837 cy/sample | tri 322 px 47078 part 115 ch 7 | AHASH s=5520000 b862e7f1
PROF PHRASE t=230 ph=16 the crown frames=903 | clear=44081 sky=506468 floor=0 scene=3542855 flat=520536 gouraud=0 chrome=0 texture=2475696 furnace=0 embers=125502 bloom=21539 veil=17906 titles=16162 fade=218 | setup=546622 total=4274735
T t=230.9 bar=120 ph=16 the crown | render ms 14.10/14.16/14.33 | fps 59.7 | hold 1 miss 0 late 0 | gap ms 16.73 | under 0 fill 465 | copy 2488 cy/line 35.68 Mcy/s | synth 3078 cy/pump 44.14 Mcy/s 1839 cy/sample | tri 322 px 47025 part 115 ch 7 | AHASH s=5544000 84661a73
PROF T t=230 ph=16 the crown frames=60 | clear=44153 sky=504121 floor=0 scene=3519998 flat=518536 gouraud=0 chrome=0 texture=2454936 furnace=0 embers=124253 bloom=21814 veil=865 titles=1265 fade=225 | setup=546525 total=4216696
T t=231.9 bar=120 ph=16 the crown | render ms 14.07/14.13/14.31 | fps 59.7 | hold 1 miss 0 late 0 | gap ms 16.73 | under 0 fill 465 | copy 2488 cy/line 35.68 Mcy/s | synth 3077 cy/pump 44.13 Mcy/s 1838 cy/sample | tri 322 px 46949 part 115 ch 7 | AHASH s=5568000 681533e2
PROF T t=231 ph=16 the crown frames=60 | clear=44067 sky=503121 floor=0 scene=3514253 flat=518533 gouraud=0 chrome=0 texture=2449285 furnace=0 embers=124409 bloom=21800 veil=849 titles=1258 fade=209 | setup=546434 total=4209969
T t=232.9 bar=121 ph=16 the crown | render ms 14.09/14.13/14.30 | fps 59.7 | hold 1 miss 0 late 0 | gap ms 16.73 | under 0 fill 465 | copy 2488 cy/line 35.68 Mcy/s | synth 3075 cy/pump 44.09 Mcy/s 1837 cy/sample | tri 322 px 46866 part 115 ch 7 | AHASH s=5592000 64407f3f
PROF T t=232 ph=16 the crown frames=60 | clear=44067 sky=503442 floor=0 scene=3512471 flat=517744 gouraud=0 chrome=0 texture=2448490 furnace=0 embers=124148 bloom=22124 veil=863 titles=1277 fade=222 | setup=546235 total=4208616
T t=233.9 bar=121 ph=16 the crown | render ms 14.06/14.12/14.28 | fps 59.7 | hold 1 miss 0 late 0 | gap ms 16.73 | under 0 fill 465 | copy 2488 cy/line 35.68 Mcy/s | synth 3075 cy/pump 44.10 Mcy/s 1837 cy/sample | tri 322 px 46826 part 115 ch 7 | AHASH s=5616000 7c38cb85
PROF T t=233 ph=16 the crown frames=60 | clear=44100 sky=503332 floor=0 scene=3507043 flat=517238 gouraud=0 chrome=0 texture=2444226 furnace=0 embers=125884 bloom=22471 veil=860 titles=1248 fade=215 | setup=545578 total=4205156
T t=234.9 bar=122 ph=16 the crown | render ms 14.06/14.11/14.26 | fps 59.7 | hold 1 miss 0 late 0 | gap ms 16.73 | under 0 fill 465 | copy 2489 cy/line 35.69 Mcy/s | synth 3077 cy/pump 44.12 Mcy/s 1838 cy/sample | tri 322 px 46772 part 115 ch 7 | AHASH s=5640000 9db84134
PROF T t=234 ph=16 the crown frames=60 | clear=44116 sky=503330 floor=0 scene=3503529 flat=517979 gouraud=0 chrome=0 texture=2440454 furnace=0 embers=125965 bloom=22477 veil=833 titles=1281 fade=214 | setup=545095 total=4201748
T t=235.9 bar=122 ph=16 the crown | render ms 14.04/14.10/14.27 | fps 59.7 | hold 1 miss 0 late 0 | gap ms 16.73 | under 0 fill 465 | copy 2489 cy/line 35.69 Mcy/s | synth 3077 cy/pump 44.12 Mcy/s 1838 cy/sample | tri 322 px 46728 part 115 ch 7 | AHASH s=5664000 6c183dfc
PROF T t=235 ph=16 the crown frames=60 | clear=44042 sky=503346 floor=0 scene=3502618 flat=518653 gouraud=0 chrome=0 texture=2438795 furnace=0 embers=125877 bloom=22820 veil=861 titles=1270 fade=220 | setup=545169 total=4201056
T t=236.9 bar=123 ph=16 the crown | render ms 14.05/14.11/14.26 | fps 59.7 | hold 1 miss 0 late 0 | gap ms 16.73 | under 0 fill 465 | copy 2489 cy/line 35.69 Mcy/s | synth 3081 cy/pump 44.18 Mcy/s 1841 cy/sample | tri 322 px 46716 part 115 ch 7 | AHASH s=5688000 05d539ef
PROF T t=236 ph=16 the crown frames=60 | clear=44073 sky=503321 floor=0 scene=3503057 flat=519847 gouraud=0 chrome=0 texture=2437393 furnace=0 embers=126322 bloom=23152 veil=864 titles=1282 fade=224 | setup=545816 total=4202299
T t=237.9 bar=123 ph=16 the crown | render ms 14.03/14.10/14.27 | fps 59.7 | hold 1 miss 0 late 0 | gap ms 16.73 | under 0 fill 465 | copy 2489 cy/line 35.69 Mcy/s | synth 3077 cy/pump 44.13 Mcy/s 1838 cy/sample | tri 322 px 46712 part 115 ch 7 | AHASH s=5712000 31cbeeea
PROF T t=237 ph=16 the crown frames=60 | clear=44071 sky=503419 floor=0 scene=3501077 flat=519784 gouraud=0 chrome=0 texture=2436007 furnace=0 embers=125629 bloom=23153 veil=863 titles=1276 fade=219 | setup=545285 total=4199709
T t=239.0 bar=124 ph=16 the crown | render ms 14.05/14.10/14.26 | fps 59.7 | hold 1 miss 0 late 0 | gap ms 16.73 | under 0 fill 465 | copy 2489 cy/line 35.70 Mcy/s | synth 3076 cy/pump 44.11 Mcy/s 1838 cy/sample | tri 322 px 46712 part 115 ch 7 | AHASH s=5736000 c81eba09
PROF T t=239 ph=16 the crown frames=60 | clear=44041 sky=503298 floor=0 scene=3500585 flat=519827 gouraud=0 chrome=0 texture=2435731 furnace=0 embers=125201 bloom=23150 veil=843 titles=1259 fade=215 | setup=545026 total=4198596
T t=240.0 bar=125 ph=16 the crown | render ms 14.05/14.10/14.27 | fps 59.7 | hold 1 miss 0 late 0 | gap ms 16.73 | under 0 fill 465 | copy 2488 cy/line 35.69 Mcy/s | synth 3077 cy/pump 44.12 Mcy/s 1838 cy/sample | tri 322 px 46712 part 115 ch 7 | AHASH s=5760000 2c68c39b
PROF T t=240 ph=16 the crown frames=60 | clear=44022 sky=503605 floor=0 scene=3500149 flat=519794 gouraud=0 chrome=0 texture=2435807 furnace=0 embers=125854 bloom=23154 veil=853 titles=1290 fade=217 | setup=544547 total=4199146
T t=241.0 bar=125 ph=16 the crown | render ms 14.04/14.09/14.24 | fps 59.7 | hold 1 miss 0 late 0 | gap ms 16.73 | under 0 fill 465 | copy 2488 cy/line 35.69 Mcy/s | synth 3077 cy/pump 44.12 Mcy/s 1838 cy/sample | tri 322 px 46712 part 115 ch 7 | AHASH s=5784000 41cf35c7
PROF T t=241 ph=16 the crown frames=60 | clear=44037 sky=503396 floor=0 scene=3499942 flat=519852 gouraud=0 chrome=0 texture=2435118 furnace=0 embers=125179 bloom=23148 veil=865 titles=1278 fade=219 | setup=544972 total=4198069
T t=242.0 bar=126 ph=16 the crown | render ms 14.03/14.09/14.26 | fps 59.7 | hold 1 miss 0 late 0 | gap ms 16.73 | under 0 fill 465 | copy 2490 cy/line 35.70 Mcy/s | synth 3077 cy/pump 44.12 Mcy/s 1838 cy/sample | tri 322 px 46712 part 115 ch 7 | AHASH s=5808000 32b03b3d
PROF T t=242 ph=16 the crown frames=60 | clear=44110 sky=503423 floor=0 scene=3499524 flat=519872 gouraud=0 chrome=0 texture=2434858 furnace=0 embers=124793 bloom=23147 veil=863 titles=1279 fade=229 | setup=544794 total=4197372
T t=243.0 bar=126 ph=16 the crown | render ms 14.05/14.09/14.25 | fps 59.7 | hold 1 miss 0 late 0 | gap ms 16.73 | under 0 fill 465 | copy 2489 cy/line 35.70 Mcy/s | synth 3078 cy/pump 44.14 Mcy/s 1839 cy/sample | tri 322 px 46712 part 115 ch 7 | AHASH s=5832000 f1d57bbc
PROF T t=243 ph=16 the crown frames=60 | clear=44072 sky=503767 floor=0 scene=3500218 flat=519746 gouraud=0 chrome=0 texture=2435201 furnace=0 embers=123974 bloom=23146 veil=858 titles=1286 fade=218 | setup=545271 total=4197543
T t=244.0 bar=127 ph=16 the crown | render ms 14.04/14.10/14.25 | fps 59.7 | hold 1 miss 0 late 0 | gap ms 16.73 | under 0 fill 465 | copy 2489 cy/line 35.70 Mcy/s | synth 3077 cy/pump 44.13 Mcy/s 1838 cy/sample | tri 322 px 46712 part 115 ch 7 | AHASH s=5856000 1e801b8d
PROF T t=244 ph=16 the crown frames=60 | clear=44089 sky=503828 floor=0 scene=3500544 flat=519796 gouraud=0 chrome=0 texture=2435659 furnace=0 embers=125548 bloom=23147 veil=855 titles=1276 fade=220 | setup=545088 total=4199509
T t=245.0 bar=127 ph=16 the crown | render ms 14.05/14.09/14.25 | fps 59.7 | hold 1 miss 0 late 0 | gap ms 16.73 | under 0 fill 465 | copy 2488 cy/line 35.69 Mcy/s | synth 3079 cy/pump 44.16 Mcy/s 1840 cy/sample | tri 322 px 46712 part 115 ch 7 | AHASH s=5880000 a4ba12db
PROF T t=245 ph=16 the crown frames=60 | clear=44102 sky=503251 floor=0 scene=3500395 flat=519783 gouraud=0 chrome=0 texture=2435727 furnace=0 embers=123907 bloom=23152 veil=861 titles=1264 fade=210 | setup=544883 total=4197144
PHRASE t=245.7 bar=128 ph=17 the colossus | render ms 14.03/14.18/23.52 | fps 58.7 | hold 2 miss 0 late 15 | gap ms 33.47 | under 0 fill 465 | copy 2488 cy/line 35.67 Mcy/s | synth 3075 cy/pump 44.10 Mcy/s 1837 cy/sample | tri 496 px 35779 part 115 ch 8 | AHASH s=5880000 a4ba12db
PROF PHRASE t=245 ph=17 the colossus frames=903 | clear=44078 sky=503473 floor=1388 scene=3504256 flat=518663 gouraud=0 chrome=567 texture=2439567 furnace=0 embers=125155 bloom=22806 veil=20199 titles=1274 fade=218 | setup=545456 total=4222851
T t=246.0 bar=128 ph=17 the colossus | render ms 14.06/17.78/23.70 | fps 37.2 | hold 2 miss 0 late 23 | gap ms 33.47 | under 0 fill 465 | copy 2470 cy/line 35.42 Mcy/s | synth 3039 cy/pump 43.58 Mcy/s 1816 cy/sample | tri 492 px 35626 part 115 ch 8 | AHASH s=5904000 c4f406e2
PROF T t=246 ph=17 the colossus frames=38 | clear=44295 sky=511455 floor=295159 scene=3605763 flat=408989 gouraud=0 chrome=121103 texture=2506418 furnace=0 embers=125503 bloom=17669 veil=703845 titles=1225 fade=220 | setup=569251 total=5305139
T t=247.0 bar=128 ph=17 the colossus | render ms 19.68/20.48/23.61 | fps 29.8 | hold 2 miss 0 late 30 | gap ms 33.47 | under 0 fill 465 | copy 2455 cy/line 35.20 Mcy/s | synth 3039 cy/pump 43.59 Mcy/s 1816 cy/sample | tri 492 px 36319 part 115 ch 8 | AHASH s=5928000 383eb593
PROF T t=247 ph=17 the colossus frames=30 | clear=44244 sky=536700 floor=1245158 scene=3953991 flat=46624 gouraud=0 chrome=515507 texture=2744802 furnace=0 embers=124688 bloom=0 veil=211136 titles=1042 fade=230 | setup=647057 total=6117192
T t=248.0 bar=129 ph=17 the colossus | render ms 19.98/20.27/20.50 | fps 29.8 | hold 2 miss 0 late 30 | gap ms 33.47 | under 0 fill 465 | copy 2453 cy/line 35.19 Mcy/s | synth 3039 cy/pump 43.58 Mcy/s 1815 cy/sample | tri 486 px 36862 part 115 ch 8 | AHASH s=5952000 baab71cd
PROF T t=248 ph=17 the colossus frames=30 | clear=44201 sky=537307 floor=1246165 scene=4099074 flat=43898 gouraud=0 chrome=563368 texture=2842941 furnace=0 embers=124834 bloom=0 veil=881 titles=1040 fade=222 | setup=648865 total=6053726
T t=249.0 bar=129 ph=17 the colossus | render ms 20.54/20.88/21.12 | fps 29.8 | hold 2 miss 0 late 30 | gap ms 33.47 | under 0 fill 465 | copy 2458 cy/line 35.25 Mcy/s | synth 3043 cy/pump 43.63 Mcy/s 1818 cy/sample | tri 482 px 35090 part 115 ch 8 | AHASH s=5976000 8380b23d
PROF T t=249 ph=17 the colossus frames=30 | clear=44243 sky=537093 floor=1247851 scene=4278799 flat=41113 gouraud=0 chrome=651730 texture=2935754 furnace=0 embers=126425 bloom=0 veil=885 titles=1074 fade=245 | setup=650200 total=6236619
T t=250.0 bar=130 ph=17 the colossus | render ms 20.62/20.90/21.15 | fps 29.8 | hold 2 miss 0 late 30 | gap ms 33.47 | under 0 fill 465 | copy 2457 cy/line 35.23 Mcy/s | synth 3044 cy/pump 43.65 Mcy/s 1819 cy/sample | tri 480 px 31642 part 115 ch 8 | AHASH s=6000000 138c9b24
PROF T t=250 ph=17 the colossus frames=30 | clear=44215 sky=537473 floor=1247501 scene=4285483 flat=37863 gouraud=0 chrome=682422 texture=2912050 furnace=0 embers=126665 bloom=0 veil=878 titles=1036 fade=228 | setup=653146 total=6243482
T t=251.0 bar=130 ph=17 the colossus | render ms 19.44/19.99/20.64 | fps 29.8 | hold 2 miss 0 late 30 | gap ms 33.47 | under 0 fill 465 | copy 2452 cy/line 35.16 Mcy/s | synth 3043 cy/pump 43.64 Mcy/s 1818 cy/sample | tri 476 px 26777 part 115 ch 8 | AHASH s=6024000 47ca3d94
PROF T t=251 ph=17 the colossus frames=30 | clear=44268 sky=537904 floor=1247570 scene=4011393 flat=34628 gouraud=0 chrome=633712 texture=2691150 furnace=0 embers=126824 bloom=0 veil=869 titles=1046 fade=226 | setup=651902 total=5970102
T t=252.0 bar=131 ph=17 the colossus | render ms 18.38/18.90/19.46 | fps 29.8 | hold 2 miss 0 late 30 | gap ms 33.47 | under 0 fill 465 | copy 2448 cy/line 35.10 Mcy/s | synth 3038 cy/pump 43.57 Mcy/s 1815 cy/sample | tri 480 px 22333 part 115 ch 8 | AHASH s=6048000 8b47c525
PROF T t=252 ph=17 the colossus frames=30 | clear=44221 sky=537865 floor=1247375 scene=3686129 flat=32151 gouraud=0 chrome=580502 texture=2421258 furnace=0 embers=125449 bloom=0 veil=885 titles=1042 fade=227 | setup=652216 total=5643197
T t=253.0 bar=131 ph=17 the colossus | render ms 17.69/18.02/18.51 | fps 29.8 | hold 2 miss 0 late 30 | gap ms 33.47 | under 0 fill 465 | copy 2445 cy/line 35.07 Mcy/s | synth 3036 cy/pump 43.54 Mcy/s 1814 cy/sample | tri 478 px 19397 part 115 ch 8 | AHASH s=6072000 f3391ce0
PROF T t=253 ph=17 the colossus frames=30 | clear=44214 sky=537823 floor=1248138 scene=3419172 flat=24204 gouraud=0 chrome=537026 texture=2207817 furnace=0 embers=125519 bloom=0 veil=862 titles=1038 fade=227 | setup=650124 total=5376995
T t=254.0 bar=132 ph=17 the colossus | render ms 17.17/17.46/17.73 | fps 29.8 | hold 2 miss 0 late 30 | gap ms 33.47 | under 0 fill 465 | copy 2445 cy/line 35.06 Mcy/s | synth 3034 cy/pump 43.51 Mcy/s 1812 cy/sample | tri 470 px 17045 part 115 ch 8 | AHASH s=6096000 de4ce337
PROF T t=254 ph=17 the colossus frames=30 | clear=44203 sky=538308 floor=1262437 scene=3236496 flat=21863 gouraud=0 chrome=498298 texture=2068126 furnace=0 embers=127730 bloom=0 veil=873 titles=1041 fade=222 | setup=648207 total=5211314
T t=255.0 bar=132 ph=17 the colossus | render ms 16.71/16.89/17.25 | fps 30.3 | hold 2 miss 0 late 30 | gap ms 33.47 | under 0 fill 465 | copy 2443 cy/line 35.04 Mcy/s | synth 3033 cy/pump 43.50 Mcy/s 1812 cy/sample | tri 436 px 15569 part 115 ch 8 | AHASH s=6120000 a8a5e1d0
PROF T t=255 ph=17 the colossus frames=31 | clear=44215 sky=536869 floor=1286431 scene=3041443 flat=20400 gouraud=0 chrome=453001 texture=1923767 furnace=0 embers=127877 bloom=0 veil=889 titles=1045 fade=227 | setup=644274 total=5039000
T t=256.1 bar=133 ph=17 the colossus | render ms 16.22/16.48/16.80 | fps 58.7 | hold 2 miss 0 late 1 | gap ms 33.47 | under 0 fill 465 | copy 2479 cy/line 35.55 Mcy/s | synth 3104 cy/pump 44.51 Mcy/s 1854 cy/sample | tri 432 px 13917 part 115 ch 8 | AHASH s=6144000 59f4b5c6
PROF T t=256 ph=17 the colossus frames=59 | clear=44150 sky=536762 floor=1303373 scene=2900628 flat=19689 gouraud=0 chrome=427425 texture=1811654 furnace=0 embers=127866 bloom=0 veil=884 titles=1036 fade=223 | setup=641860 total=4914925
T t=257.1 bar=133 ph=17 the colossus | render ms 15.91/16.09/16.29 | fps 58.7 | hold 2 miss 0 late 1 | gap ms 33.47 | under 0 fill 465 | copy 2476 cy/line 35.51 Mcy/s | synth 3100 cy/pump 44.46 Mcy/s 1852 cy/sample | tri 450 px 12758 part 115 ch 8 | AHASH s=6168000 2863794b
PROF T t=257 ph=17 the colossus frames=59 | clear=44128 sky=536293 floor=1299540 scene=2788836 flat=18775 gouraud=0 chrome=403535 texture=1723742 furnace=0 embers=128221 bloom=0 veil=871 titles=1032 fade=225 | setup=642783 total=4799150
T t=258.1 bar=134 ph=17 the colossus | render ms 15.83/15.92/16.12 | fps 58.7 | hold 2 miss 0 late 1 | gap ms 33.47 | under 0 fill 465 | copy 2471 cy/line 35.44 Mcy/s | synth 3095 cy/pump 44.39 Mcy/s 1849 cy/sample | tri 474 px 12028 part 115 ch 8 | AHASH s=6192000 79d74958
PROF T t=258 ph=17 the colossus frames=59 | clear=44168 sky=536717 floor=1294212 scene=2745718 flat=18201 gouraud=0 chrome=404598 texture=1677981 furnace=0 embers=125736 bloom=0 veil=877 titles=1039 fade=221 | setup=644937 total=4748691
T t=259.1 bar=134 ph=17 the colossus | render ms 15.69/15.76/15.90 | fps 59.7 | hold 1 miss 0 late 0 | gap ms 16.73 | under 0 fill 465 | copy 2472 cy/line 35.45 Mcy/s | synth 3101 cy/pump 44.47 Mcy/s 1853 cy/sample | tri 474 px 11721 part 115 ch 8 | AHASH s=6216000 48d65178
PROF T t=259 ph=17 the colossus frames=60 | clear=44149 sky=536380 floor=1290421 scene=2703069 flat=17311 gouraud=0 chrome=403947 texture=1637502 furnace=0 embers=124505 bloom=0 veil=887 titles=1080 fade=245 | setup=644308 total=4700739
T t=260.1 bar=135 ph=17 the colossus | render ms 15.69/15.73/15.82 | fps 59.7 | hold 1 miss 0 late 0 | gap ms 16.73 | under 0 fill 465 | copy 2470 cy/line 35.43 Mcy/s | synth 3095 cy/pump 44.38 Mcy/s 1849 cy/sample | tri 474 px 11722 part 115 ch 8 | AHASH s=6240000 a573fad9
PROF T t=260 ph=17 the colossus frames=60 | clear=44162 sky=536030 floor=1290020 scene=2694483 flat=17268 gouraud=0 chrome=403200 texture=1630704 furnace=0 embers=125313 bloom=0 veil=876 titles=1033 fade=219 | setup=643310 total=4692140
PHRASE t=261.1 bar=136 ph=18 the colossus | render ms 15.67/17.48/23.70 | fps 41.4 | hold 2 miss 0 late 281 | gap ms 33.47 | under 0 fill 465 | copy 2460 cy/line 35.28 Mcy/s | synth 3062 cy/pump 43.92 Mcy/s 1830 cy/sample | tri 474 px 11702 part 115 ch 8 | AHASH s=6264000 695c5400
PROF PHRASE t=261 ph=18 the colossus frames=636 | clear=44189 sky=536894 floor=1276372 scene=3204544 flat=25098 gouraud=0 chrome=477266 texture=2056234 furnace=0 embers=126331 bloom=0 veil=25335 titles=1043 fade=227 | setup=645945 total=5214939
T t=261.1 bar=136 ph=18 the colossus | render ms 15.67/15.74/15.83 | fps 59.7 | hold 1 miss 0 late 0 | gap ms 16.73 | under 0 fill 465 | copy 2471 cy/line 35.43 Mcy/s | synth 3098 cy/pump 44.43 Mcy/s 1851 cy/sample | tri 474 px 11702 part 115 ch 8 | AHASH s=6264000 695c5400
PROF T t=261 ph=18 the colossus frames=60 | clear=44149 sky=536247 floor=1290139 scene=2693675 flat=17232 gouraud=0 chrome=403428 texture=1630972 furnace=0 embers=126730 bloom=0 veil=874 titles=1028 fade=220 | setup=642043 total=4693066
T t=262.1 bar=136 ph=18 the colossus | render ms 15.68/15.72/15.79 | fps 58.7 | hold 2 miss 0 late 1 | gap ms 33.47 | under 0 fill 465 | copy 2470 cy/line 35.43 Mcy/s | synth 3095 cy/pump 44.38 Mcy/s 1849 cy/sample | tri 474 px 11712 part 115 ch 8 | AHASH s=6288000 305069cf
PROF T t=262 ph=18 the colossus frames=59 | clear=44105 sky=536801 floor=1289449 scene=2689708 flat=17364 gouraud=0 chrome=402310 texture=1628738 furnace=0 embers=126935 bloom=0 veil=895 titles=1051 fade=223 | setup=641294 total=4689171
T t=263.1 bar=137 ph=18 the colossus | render ms 15.68/15.73/15.85 | fps 59.7 | hold 1 miss 0 late 0 | gap ms 16.73 | under 0 fill 465 | copy 2470 cy/line 35.43 Mcy/s | synth 3099 cy/pump 44.44 Mcy/s 1852 cy/sample | tri 474 px 11707 part 115 ch 8 | AHASH s=6312000 828dd9c1
PROF T t=263 ph=18 the colossus frames=60 | clear=44148 sky=536449 floor=1289902 scene=2691609 flat=17218 gouraud=0 chrome=402209 texture=1629177 furnace=0 embers=127742 bloom=0 veil=882 titles=1055 fade=213 | setup=643005 total=4692003
T t=264.1 bar=137 ph=18 the colossus | render ms 15.68/15.74/15.86 | fps 59.7 | hold 1 miss 0 late 0 | gap ms 16.73 | under 0 fill 465 | copy 2470 cy/line 35.42 Mcy/s | synth 3097 cy/pump 44.41 Mcy/s 1850 cy/sample | tri 474 px 11698 part 115 ch 8 | AHASH s=6336000 7059147f
PROF T t=264 ph=18 the colossus frames=60 | clear=44149 sky=536396 floor=1289903 scene=2691247 flat=17280 gouraud=0 chrome=402433 texture=1628661 furnace=0 embers=129120 bloom=0 veil=894 titles=1043 fade=213 | setup=642871 total=4692969
T t=265.1 bar=138 ph=18 the colossus | render ms 15.68/15.73/15.84 | fps 59.7 | hold 1 miss 0 late 0 | gap ms 16.73 | under 0 fill 465 | copy 2470 cy/line 35.43 Mcy/s | synth 3096 cy/pump 44.41 Mcy/s 1850 cy/sample | tri 474 px 11702 part 115 ch 8 | AHASH s=6360000 7aa6dded
PROF T t=265 ph=18 the colossus frames=60 | clear=44129 sky=536382 floor=1289413 scene=2691295 flat=17265 gouraud=0 chrome=402558 texture=1629164 furnace=0 embers=128228 bloom=0 veil=889 titles=1038 fade=220 | setup=642306 total=4691598
T t=266.1 bar=138 ph=18 the colossus | render ms 15.66/15.72/15.86 | fps 59.7 | hold 1 miss 0 late 0 | gap ms 16.73 | under 0 fill 465 | copy 2471 cy/line 35.44 Mcy/s | synth 3098 cy/pump 44.44 Mcy/s 1851 cy/sample | tri 474 px 11696 part 115 ch 8 | AHASH s=6384000 81e2d431
PROF T t=266 ph=18 the colossus frames=60 | clear=44117 sky=536186 floor=1290243 scene=2690779 flat=17234 gouraud=0 chrome=402502 texture=1628828 furnace=0 embers=125870 bloom=0 veil=893 titles=1051 fade=225 | setup=642214 total=4689367
T t=267.1 bar=139 ph=18 the colossus | render ms 15.67/15.91/16.76 | fps 52.7 | hold 2 miss 0 late 7 | gap ms 33.47 | under 0 fill 465 | copy 2460 cy/line 35.28 Mcy/s | synth 3084 cy/pump 44.23 Mcy/s 1843 cy/sample | tri 474 px 11706 part 115 ch 8 | AHASH s=6408000 ef30adf0
PROF T t=267 ph=18 the colossus frames=53 | clear=44162 sky=538795 floor=1290324 scene=2693020 flat=17257 gouraud=0 chrome=402657 texture=1630069 furnace=0 embers=123708 bloom=0 veil=881 titles=53998 fade=219 | setup=643037 total=4745111
T t=268.1 bar=139 ph=18 the colossus | render ms 16.67/16.72/16.77 | fps 37.8 | hold 2 miss 0 late 22 | gap ms 33.47 | under 0 fill 465 | copy 2439 cy/line 34.98 Mcy/s | synth 3057 cy/pump 43.84 Mcy/s 1826 cy/sample | tri 474 px 11712 part 115 ch 8 | AHASH s=6432000 60062f57
PROF T t=268 ph=18 the colossus frames=38 | clear=44195 sky=549130 floor=1292197 scene=2699578 flat=17217 gouraud=0 chrome=403112 texture=1634367 furnace=0 embers=120633 bloom=0 veil=892 titles=281678 fade=222 | setup=644880 total=4988527
T t=269.1 bar=140 ph=18 the colossus | render ms 16.67/16.72/16.80 | fps 38.8 | hold 2 miss 0 late 21 | gap ms 33.47 | under 0 fill 465 | copy 2443 cy/line 35.04 Mcy/s | synth 3060 cy/pump 43.89 Mcy/s 1828 cy/sample | tri 474 px 11705 part 115 ch 8 | AHASH s=6456000 7b930143
PROF T t=269 ph=18 the colossus frames=39 | clear=44215 sky=548952 floor=1292101 scene=2698921 flat=17259 gouraud=0 chrome=403748 texture=1634738 furnace=0 embers=119138 bloom=0 veil=896 titles=281911 fade=226 | setup=643175 total=4986362
T t=270.1 bar=140 ph=18 the colossus | render ms 16.70/16.74/16.80 | fps 32.8 | hold 2 miss 0 late 27 | gap ms 33.47 | under 0 fill 465 | copy 2436 cy/line 34.93 Mcy/s | synth 3043 cy/pump 43.65 Mcy/s 1818 cy/sample | tri 474 px 11730 part 115 ch 8 | AHASH s=6480000 2adcb194
PROF T t=270 ph=18 the colossus frames=33 | clear=44227 sky=548933 floor=1292300 scene=2702377 flat=17191 gouraud=0 chrome=404027 texture=1636774 furnace=0 embers=122092 bloom=0 veil=885 titles=281538 fade=222 | setup=644383 total=4992578
T t=271.1 bar=141 ph=18 the colossus | render ms 16.71/16.75/16.79 | fps 30.8 | hold 2 miss 0 late 29 | gap ms 33.47 | under 0 fill 465 | copy 2436 cy/line 34.94 Mcy/s | synth 3040 cy/pump 43.60 Mcy/s 1816 cy/sample | tri 474 px 11720 part 115 ch 8 | AHASH s=6504000 17007f35
PROF T t=271 ph=18 the colossus frames=31 | clear=44217 sky=549116 floor=1291952 scene=2703940 flat=17240 gouraud=0 chrome=404063 texture=1637728 furnace=0 embers=123588 bloom=0 veil=898 titles=281981 fade=220 | setup=644908 total=4995915
T t=272.1 bar=141 ph=18 the colossus | render ms 16.73/16.76/16.82 | fps 29.8 | hold 2 miss 0 late 30 | gap ms 33.47 | under 0 fill 465 | copy 2436 cy/line 34.93 Mcy/s | synth 3037 cy/pump 43.55 Mcy/s 1814 cy/sample | tri 474 px 11711 part 115 ch 8 | AHASH s=6528000 b433fa00
PROF T t=272 ph=18 the colossus frames=30 | clear=44246 sky=548541 floor=1292398 scene=2703789 flat=17205 gouraud=0 chrome=403093 texture=1637259 furnace=0 embers=127366 bloom=0 veil=895 titles=281829 fade=223 | setup=646231 total=4999290
T t=273.1 bar=142 ph=18 the colossus | render ms 16.71/16.76/16.82 | fps 30.8 | hold 2 miss 0 late 29 | gap ms 33.47 | under 0 fill 465 | copy 2435 cy/line 34.92 Mcy/s | synth 3039 cy/pump 43.58 Mcy/s 1815 cy/sample | tri 474 px 11712 part 115 ch 8 | AHASH s=6552000 4fefd826
PROF T t=273 ph=18 the colossus frames=31 | clear=44254 sky=549385 floor=1292825 scene=2702177 flat=17259 gouraud=0 chrome=402782 texture=1636656 furnace=0 embers=126911 bloom=0 veil=882 titles=281638 fade=213 | setup=645479 total=4998288
T t=274.1 bar=142 ph=18 the colossus | render ms 16.73/16.76/16.80 | fps 29.8 | hold 2 miss 0 late 30 | gap ms 33.47 | under 0 fill 465 | copy 2436 cy/line 34.93 Mcy/s | synth 3036 cy/pump 43.55 Mcy/s 1814 cy/sample | tri 474 px 11718 part 115 ch 8 | AHASH s=6576000 cef0dd1d
PROF T t=274 ph=18 the colossus frames=30 | clear=44231 sky=549055 floor=1291963 scene=2704034 flat=17225 gouraud=0 chrome=403086 texture=1637907 furnace=0 embers=126898 bloom=0 veil=889 titles=281588 fade=223 | setup=645815 total=4998886
T t=275.1 bar=143 ph=18 the colossus | render ms 16.72/16.77/16.80 | fps 29.8 | hold 2 miss 0 late 30 | gap ms 33.47 | under 0 fill 465 | copy 2435 cy/line 34.92 Mcy/s | synth 3035 cy/pump 43.53 Mcy/s 1813 cy/sample | tri 474 px 11732 part 115 ch 8 | AHASH s=6600000 9e70d01d
PROF T t=275 ph=18 the colossus frames=30 | clear=44240 sky=548889 floor=1292217 scene=2704323 flat=17207 gouraud=0 chrome=403987 texture=1636863 furnace=0 embers=128421 bloom=0 veil=877 titles=281742 fade=220 | setup=646264 total=5000932
T t=276.1 bar=143 ph=18 the colossus | render ms 16.73/17.40/20.43 | fps 29.8 | hold 2 miss 0 late 30 | gap ms 33.47 | under 0 fill 465 | copy 2437 cy/line 34.94 Mcy/s | synth 3037 cy/pump 43.55 Mcy/s 1814 cy/sample | tri 474 px 11710 part 115 ch 8 | AHASH s=6624000 c64f2443
PROF T t=276 ph=18 the colossus frames=30 | clear=44254 sky=548815 floor=1292320 scene=2703975 flat=17206 gouraud=0 chrome=404357 texture=1637541 furnace=0 embers=128134 bloom=0 veil=192259 titles=281783 fade=221 | setup=644870 total=5191764
PHRASE t=276.5 bar=144 ph=19 coda | render ms 15.66/16.30/20.56 | fps 42.4 | hold 2 miss 0 late 266 | gap ms 33.47 | under 0 fill 465 | copy 2450 cy/line 35.13 Mcy/s | synth 3063 cy/pump 43.93 Mcy/s 1830 cy/sample | tri 474 px 11690 part 64 ch 9 | AHASH s=6624000 c64f2443
PROF PHRASE t=276 ph=19 coda frames=654 | clear=44183 sky=542420 floor=1290973 scene=2696352 flat=17248 gouraud=0 chrome=402984 texture=1632498 furnace=0 embers=125808 bloom=0 veil=26897 titles=134650 fade=220 | setup=643621 total=4861506
T t=277.1 bar=144 ph=19 coda | render ms 15.79/18.31/20.56 | fps 36.8 | hold 2 miss 0 late 23 | gap ms 33.47 | under 0 fill 465 | copy 2452 cy/line 35.16 Mcy/s | synth 3048 cy/pump 43.72 Mcy/s 1821 cy/sample | tri 474 px 11709 part 64 ch 9 | AHASH s=6648000 cb7a3c0a
PROF T t=277 ph=19 coda frames=37 | clear=44322 sky=542110 floor=1290927 scene=2695329 flat=17242 gouraud=0 chrome=402663 texture=1632631 furnace=0 embers=85302 bloom=0 veil=679602 titles=127890 fade=214 | setup=642792 total=5465699
T t=278.1 bar=144 ph=19 coda | render ms 15.78/15.82/15.93 | fps 59.7 | hold 1 miss 0 late 0 | gap ms 16.73 | under 0 fill 465 | copy 2468 cy/line 35.40 Mcy/s | synth 3096 cy/pump 44.40 Mcy/s 1850 cy/sample | tri 474 px 11696 part 64 ch 9 | AHASH s=6672000 1b3cb947
PROF T t=278 ph=19 coda frames=60 | clear=44133 sky=539716 floor=1290151 scene=2692964 flat=17246 gouraud=0 chrome=402470 texture=1630866 furnace=0 embers=71249 bloom=0 veil=875 titles=78652 fade=215 | setup=642381 total=4717959
T t=279.1 bar=145 ph=19 coda | render ms 15.75/15.81/15.95 | fps 58.7 | hold 2 miss 0 late 1 | gap ms 33.47 | under 0 fill 465 | copy 2467 cy/line 35.38 Mcy/s | synth 3093 cy/pump 44.35 Mcy/s 1848 cy/sample | tri 474 px 11696 part 64 ch 9 | AHASH s=6696000 c33b0199
PROF T t=279 ph=19 coda frames=59 | clear=44108 sky=539403 floor=1290066 scene=2692188 flat=17239 gouraud=0 chrome=401324 texture=1631114 furnace=0 embers=70385 bloom=0 veil=879 titles=78585 fade=225 | setup=642510 total=4715842
T t=280.2 bar=145 ph=19 coda | render ms 15.75/15.81/15.89 | fps 59.7 | hold 1 miss 0 late 0 | gap ms 16.73 | under 0 fill 465 | copy 2469 cy/line 35.41 Mcy/s | synth 3096 cy/pump 44.39 Mcy/s 1849 cy/sample | tri 474 px 11698 part 64 ch 9 | AHASH s=6720000 24c69270
PROF T t=280 ph=19 coda frames=60 | clear=44151 sky=539298 floor=1290381 scene=2693364 flat=17246 gouraud=0 chrome=402592 texture=1630497 furnace=0 embers=68268 bloom=0 veil=879 titles=78780 fade=224 | setup=643027 total=4715347
T t=281.2 bar=146 ph=19 coda | render ms 15.77/15.81/15.87 | fps 59.7 | hold 1 miss 0 late 0 | gap ms 16.73 | under 0 fill 465 | copy 2469 cy/line 35.41 Mcy/s | synth 3094 cy/pump 44.37 Mcy/s 1849 cy/sample | tri 474 px 11696 part 64 ch 9 | AHASH s=6744000 a7bea33b
PROF T t=281 ph=19 coda frames=60 | clear=44124 sky=539188 floor=1290018 scene=2693624 flat=17269 gouraud=0 chrome=402142 texture=1631084 furnace=0 embers=68700 bloom=0 veil=873 titles=78683 fade=219 | setup=643127 total=4715433
T t=282.2 bar=146 ph=19 coda | render ms 15.77/15.81/15.89 | fps 59.7 | hold 1 miss 0 late 0 | gap ms 16.73 | under 0 fill 465 | copy 2469 cy/line 35.41 Mcy/s | synth 3098 cy/pump 44.43 Mcy/s 1851 cy/sample | tri 474 px 11695 part 64 ch 9 | AHASH s=6768000 5f3af91b
PROF T t=282 ph=19 coda frames=60 | clear=44141 sky=539374 floor=1289855 scene=2692570 flat=17243 gouraud=0 chrome=401409 texture=1631420 furnace=0 embers=71172 bloom=0 veil=869 titles=78619 fade=224 | setup=642498 total=4716827
T t=283.2 bar=147 ph=19 coda | render ms 15.73/15.78/15.88 | fps 59.7 | hold 1 miss 0 late 0 | gap ms 16.73 | under 0 fill 465 | copy 2468 cy/line 35.40 Mcy/s | synth 3095 cy/pump 44.38 Mcy/s 1849 cy/sample | tri 474 px 11706 part 64 ch 9 | AHASH s=6792000 950631a6
PROF T t=283 ph=19 coda frames=60 | clear=44131 sky=538891 floor=1289994 scene=2693822 flat=17217 gouraud=0 chrome=402302 texture=1631856 furnace=0 embers=72064 bloom=0 veil=877 titles=66751 fade=225 | setup=642445 total=4706757
T t=284.2 bar=148 ph=19 coda | render ms 15.72/15.78/15.84 | fps 59.7 | hold 1 miss 0 late 0 | gap ms 16.73 | under 0 fill 465 | copy 2469 cy/line 35.40 Mcy/s | synth 3097 cy/pump 44.41 Mcy/s 1850 cy/sample | tri 466 px 11683 part 64 ch 9 | AHASH s=6816000 147dbfff
PROF T t=284 ph=19 coda frames=60 | clear=44141 sky=539442 floor=1290346 scene=2691486 flat=17242 gouraud=0 chrome=401077 texture=1630875 furnace=0 embers=72636 bloom=0 veil=869 titles=66546 fade=222 | setup=642292 total=4705693
T t=285.2 bar=148 ph=19 coda | render ms 15.68/15.73/15.79 | fps 59.7 | hold 1 miss 0 late 0 | gap ms 16.73 | under 0 fill 465 | copy 2469 cy/line 35.41 Mcy/s | synth 3097 cy/pump 44.41 Mcy/s 1850 cy/sample | tri 466 px 11703 part 64 ch 9 | AHASH s=6840000 00406ffd
PROF T t=285 ph=19 coda frames=60 | clear=44139 sky=539253 floor=1289857 scene=2678323 flat=17232 gouraud=0 chrome=391273 texture=1629216 furnace=0 embers=72871 bloom=0 veil=875 titles=66279 fade=225 | setup=640600 total=4691826
T t=286.2 bar=149 ph=19 coda | render ms 15.57/15.68/15.78 | fps 59.7 | hold 1 miss 0 late 0 | gap ms 16.73 | under 0 fill 465 | copy 2469 cy/line 35.41 Mcy/s | synth 3094 cy/pump 44.37 Mcy/s 1849 cy/sample | tri 442 px 11703 part 64 ch 9 | AHASH s=6864000 6a0d4962
PROF T t=286 ph=19 coda frames=60 | clear=44155 sky=539109 floor=1290100 scene=2666767 flat=17230 gouraud=0 chrome=387058 texture=1621521 furnace=0 embers=71089 bloom=0 veil=869 titles=65815 fade=220 | setup=640956 total=4678127
T t=287.2 bar=149 ph=19 coda | render ms 15.54/15.60/15.66 | fps 59.7 | hold 1 miss 0 late 0 | gap ms 16.73 | under 0 fill 465 | copy 2469 cy/line 35.41 Mcy/s | synth 3094 cy/pump 44.37 Mcy/s 1848 cy/sample | tri 442 px 11693 part 64 ch 9 | AHASH s=6888000 9b63138c
PROF T t=287 ph=19 coda frames=60 | clear=44147 sky=538542 floor=1290439 scene=2643521 flat=17165 gouraud=0 chrome=379882 texture=1607598 furnace=0 embers=69194 bloom=0 veil=879 titles=65695 fade=217 | setup=638875 total=4652638
T t=288.2 bar=150 ph=19 coda | render ms 15.55/15.61/15.69 | fps 59.7 | hold 1 miss 0 late 0 | gap ms 16.73 | under 0 fill 465 | copy 2468 cy/line 35.39 Mcy/s | synth 3093 cy/pump 44.35 Mcy/s 1848 cy/sample | tri 446 px 11685 part 64 ch 9 | AHASH s=6912000 829f894d
PROF T t=288 ph=19 coda frames=60 | clear=44162 sky=539055 floor=1290100 scene=2645827 flat=17177 gouraud=0 chrome=381611 texture=1607784 furnace=0 embers=69569 bloom=0 veil=873 titles=67047 fade=215 | setup=639253 total=4656851
T t=289.2 bar=150 ph=19 coda | render ms 15.57/15.62/15.69 | fps 59.7 | hold 1 miss 0 late 0 | gap ms 16.73 | under 0 fill 465 | copy 2469 cy/line 35.40 Mcy/s | synth 3094 cy/pump 44.37 Mcy/s 1848 cy/sample | tri 442 px 11690 part 64 ch 9 | AHASH s=6936000 1f23e7aa
PROF T t=289 ph=19 coda frames=60 | clear=44111 sky=539168 floor=1290050 scene=2642660 flat=17179 gouraud=0 chrome=380062 texture=1606260 furnace=0 embers=71117 bloom=0 veil=871 titles=70780 fade=219 | setup=639158 total=4658979
T t=290.2 bar=151 ph=19 coda | render ms 15.58/15.62/15.75 | fps 59.7 | hold 1 miss 0 late 0 | gap ms 16.73 | under 0 fill 465 | copy 2469 cy/line 35.40 Mcy/s | synth 3093 cy/pump 44.35 Mcy/s 1848 cy/sample | tri 442 px 11699 part 64 ch 9 | AHASH s=6960000 2faf33e5
PROF T t=290 ph=19 coda frames=60 | clear=44164 sky=539163 floor=1290187 scene=2642535 flat=17165 gouraud=0 chrome=380497 texture=1606900 furnace=0 embers=71264 bloom=0 veil=883 titles=70748 fade=218 | setup=637973 total=4659164
T t=291.2 bar=151 ph=19 coda | render ms 15.56/15.62/15.72 | fps 59.7 | hold 1 miss 0 late 0 | gap ms 16.73 | under 0 fill 465 | copy 2469 cy/line 35.40 Mcy/s | synth 3094 cy/pump 44.38 Mcy/s 1849 cy/sample | tri 442 px 11680 part 64 ch 9 | AHASH s=6984000 c239b3d9
PROF T t=291 ph=19 coda frames=60 | clear=44146 sky=539076 floor=1290431 scene=2641310 flat=17195 gouraud=0 chrome=381060 texture=1605795 furnace=0 embers=71117 bloom=0 veil=871 titles=70718 fade=222 | setup=637257 total=4657895
PHRASE t=291.8 bar=152 ph=20 coda | render ms 15.54/15.77/19.66 | fps 58.8 | hold 2 miss 0 late 14 | gap ms 33.47 | under 0 fill 465 | copy 2468 cy/line 35.39 Mcy/s | synth 3093 cy/pump 44.35 Mcy/s 1848 cy/sample | tri 442 px 11677 part 64 ch 9 | AHASH s=6984000 c239b3d9
PROF PHRASE t=291 ph=20 coda frames=902 | clear=44145 sky=539200 floor=1290172 scene=2671569 flat=17217 gouraud=0 chrome=392273 texture=1621279 furnace=0 embers=70775 bloom=0 veil=16223 titles=71848 fade=220 | setup=640799 total=4704156
T t=292.2 bar=152 ph=20 coda | render ms 15.58/15.62/15.68 | fps 59.7 | hold 1 miss 0 late 0 | gap ms 16.73 | under 0 fill 465 | copy 2469 cy/line 35.40 Mcy/s | synth 3092 cy/pump 44.35 Mcy/s 1848 cy/sample | tri 442 px 11682 part 64 ch 9 | AHASH s=7008000 704099c2
PROF T t=292 ph=20 coda frames=60 | clear=44206 sky=539407 floor=1290232 scene=2641065 flat=17159 gouraud=0 chrome=380276 texture=1605424 furnace=0 embers=70379 bloom=0 veil=867 titles=70815 fade=218 | setup=638204 total=4657194
T t=293.2 bar=152 ph=20 coda | render ms 15.58/15.62/15.68 | fps 59.7 | hold 1 miss 0 late 0 | gap ms 16.73 | under 0 fill 465 | copy 2468 cy/line 35.39 Mcy/s | synth 3095 cy/pump 44.39 Mcy/s 1849 cy/sample | tri 442 px 11698 part 64 ch 9 | AHASH s=7032000 995b0358
PROF T t=293 ph=20 coda frames=60 | clear=44110 sky=539387 floor=1290597 scene=2642943 flat=17162 gouraud=0 chrome=379407 texture=1607824 furnace=0 embers=70439 bloom=0 veil=873 titles=70735 fade=229 | setup=638549 total=4659314
T t=294.2 bar=153 ph=20 coda | render ms 15.56/15.64/15.74 | fps 59.7 | hold 1 miss 0 late 0 | gap ms 16.73 | under 0 fill 465 | copy 2470 cy/line 35.42 Mcy/s | synth 3095 cy/pump 44.39 Mcy/s 1849 cy/sample | tri 454 px 11694 part 64 ch 9 | AHASH s=7056000 2f66bfb1
PROF T t=294 ph=20 coda frames=60 | clear=44118 sky=538882 floor=1290380 scene=2655495 flat=17182 gouraud=0 chrome=383055 texture=1615724 furnace=0 embers=71428 bloom=0 veil=873 titles=64124 fade=220 | setup=639533 total=4665523
T t=295.2 bar=153 ph=20 coda | render ms 15.59/15.63/15.69 | fps 59.7 | hold 1 miss 0 late 0 | gap ms 16.73 | under 0 fill 465 | copy 2469 cy/line 35.40 Mcy/s | synth 3093 cy/pump 44.36 Mcy/s 1848 cy/sample | tri 454 px 11700 part 64 ch 9 | AHASH s=7080000 e194e682
PROF T t=295 ph=20 coda frames=60 | clear=44146 sky=538590 floor=1290158 scene=2659292 flat=17175 gouraud=0 chrome=384061 texture=1617859 furnace=0 embers=71618 bloom=0 veil=871 titles=57459 fade=217 | setup=640196 total=4662355
T t=296.2 bar=154 ph=20 coda | render ms 15.53/15.60/15.73 | fps 59.7 | hold 1 miss 0 late 0 | gap ms 16.73 | under 0 fill 465 | copy 2471 cy/line 35.43 Mcy/s | synth 3045 cy/pump 43.67 Mcy/s 1819 cy/sample | tri 442 px 11692 part 64 ch 9 | AHASH s=7104000 564c453e
PROF T t=296 ph=20 coda frames=60 | clear=44091 sky=538698 floor=1290345 scene=2650090 flat=17170 gouraud=0 chrome=381546 texture=1612622 furnace=0 embers=72254 bloom=0 veil=879 titles=57420 fade=213 | setup=638750 total=4653994
T t=297.2 bar=154 ph=20 coda | render ms 15.52/15.59/15.68 | fps 59.7 | hold 1 miss 0 late 0 | gap ms 16.73 | under 0 fill 465 | copy 2484 cy/line 35.62 Mcy/s | synth 2772 cy/pump 39.75 Mcy/s 1656 cy/sample | tri 442 px 11699 part 64 ch 9 | AHASH s=7128000 eb476912
PROF T t=297 ph=20 coda frames=60 | clear=44146 sky=538782 floor=1290112 scene=2645000 flat=17169 gouraud=0 chrome=380237 texture=1609459 furnace=0 embers=71962 bloom=0 veil=879 titles=57507 fade=218 | setup=638134 total=4648611
T t=298.2 bar=155 ph=20 coda | render ms 15.53/15.58/15.68 | fps 59.7 | hold 1 miss 0 late 0 | gap ms 16.73 | under 0 fill 465 | copy 2483 cy/line 35.61 Mcy/s | synth 2773 cy/pump 39.77 Mcy/s 1657 cy/sample | tri 442 px 11685 part 64 ch 9 | AHASH s=7152000 94ebcd29
PROF T t=298 ph=20 coda frames=60 | clear=44025 sky=538951 floor=1290595 scene=2643228 flat=17169 gouraud=0 chrome=379317 texture=1608978 furnace=0 embers=71899 bloom=0 veil=881 titles=57450 fade=220 | setup=637763 total=4647253
T t=299.2 bar=155 ph=20 coda | render ms 15.52/15.58/15.67 | fps 59.7 | hold 1 miss 0 late 0 | gap ms 16.73 | under 0 fill 465 | copy 2484 cy/line 35.62 Mcy/s | synth 2772 cy/pump 39.76 Mcy/s 1656 cy/sample | tri 442 px 11678 part 64 ch 9 | AHASH s=7176000 688e80ce
PROF T t=299 ph=20 coda frames=60 | clear=44148 sky=539002 floor=1290638 scene=2641266 flat=17169 gouraud=0 chrome=379847 texture=1606472 furnace=0 embers=72121 bloom=0 veil=883 titles=57451 fade=215 | setup=637776 total=4645728
T t=300.2 bar=156 ph=20 coda | render ms 15.54/15.97/16.16 | fps 59.7 | hold 1 miss 0 late 0 | gap ms 16.73 | under 0 fill 465 | copy 2482 cy/line 35.60 Mcy/s | synth 2776 cy/pump 39.81 Mcy/s 1658 cy/sample | tri 446 px 11661 part 64 ch 9 | AHASH s=7200000 595bd6d6
PROF T t=300 ph=20 coda frames=60 | clear=44177 sky=542807 floor=1291640 scene=2645491 flat=17183 gouraud=0 chrome=381503 texture=1608305 furnace=0 embers=71577 bloom=0 veil=885 titles=167702 fade=222 | setup=638498 total=4764505
T t=301.2 bar=156 ph=20 coda | render ms 16.07/16.12/16.17 | fps 58.7 | hold 2 miss 0 late 1 | gap ms 33.47 | under 0 fill 465 | copy 2477 cy/line 35.53 Mcy/s | synth 2628 cy/pump 37.68 Mcy/s 1570 cy/sample | tri 450 px 11679 part 64 ch 9 | AHASH s=7224000 9b690296
PROF T t=301 ph=20 coda frames=59 | clear=44131 sky=544112 floor=1291337 scene=2655504 flat=17192 gouraud=0 chrome=389061 texture=1608820 furnace=0 embers=70422 bloom=0 veil=871 titles=201530 fade=221 | setup=640429 total=4808131
T t=302.2 bar=157 ph=20 coda | render ms 16.07/16.13/16.21 | fps 58.7 | hold 2 miss 0 late 1 | gap ms 33.47 | under 0 fill 465 | copy 2468 cy/line 35.40 Mcy/s | synth 2347 cy/pump 33.66 Mcy/s 1402 cy/sample | tri 450 px 11681 part 64 ch 9 | AHASH s=7248000 06c26f09
PROF T t=302 ph=20 coda frames=59 | clear=44183 sky=544349 floor=1290792 scene=2658605 flat=17236 gouraud=0 chrome=391909 texture=1608981 furnace=0 embers=69414 bloom=0 veil=883 titles=201551 fade=222 | setup=640478 total=4810002
T t=303.2 bar=157 ph=20 coda | render ms 16.08/16.12/16.19 | fps 58.7 | hold 2 miss 0 late 1 | gap ms 33.47 | under 0 fill 465 | copy 2470 cy/line 35.43 Mcy/s | synth 2347 cy/pump 33.66 Mcy/s 1402 cy/sample | tri 450 px 11679 part 64 ch 9 | AHASH s=7272000 59a672b8
PROF T t=303 ph=20 coda frames=59 | clear=44165 sky=544048 floor=1290761 scene=2658360 flat=17237 gouraud=0 chrome=391906 texture=1608742 furnace=0 embers=70008 bloom=0 veil=862 titles=201269 fade=224 | setup=640473 total=4809701
T t=304.3 bar=158 ph=20 coda | render ms 16.09/16.13/16.22 | fps 58.7 | hold 2 miss 0 late 1 | gap ms 33.47 | under 0 fill 465 | copy 2470 cy/line 35.42 Mcy/s | synth 2347 cy/pump 33.66 Mcy/s 1402 cy/sample | tri 450 px 11664 part 64 ch 9 | AHASH s=7296000 1cf1f220
PROF T t=304 ph=20 coda frames=59 | clear=44170 sky=544045 floor=1290832 scene=2658640 flat=17225 gouraud=0 chrome=392567 texture=1608630 furnace=0 embers=71246 bloom=0 veil=881 titles=201467 fade=219 | setup=640216 total=4811503
T t=305.2 bar=159 ph=20 coda | render ms 16.08/16.21/20.88 | fps 57.7 | hold 2 miss 0 late 2 | gap ms 33.47 | under 0 fill 465 | copy 2469 cy/line 35.41 Mcy/s | synth 2344 cy/pump 33.62 Mcy/s 1401 cy/sample | tri 450 px 11667 part 64 ch 9 | AHASH s=7320000 1c41b916
PROF T t=305 ph=20 coda frames=58 | clear=44173 sky=544229 floor=1290791 scene=2657479 flat=17224 gouraud=0 chrome=392507 texture=1608020 furnace=0 embers=71738 bloom=0 veil=874 titles=201359 fade=24612 | setup=639726 total=4835258
T t=306.2 bar=159 ph=20 coda | render ms 20.76/20.83/20.89 | fps 29.8 | hold 2 miss 0 late 30 | gap ms 33.47 | under 0 fill 465 | copy 2456 cy/line 35.22 Mcy/s | synth 2284 cy/pump 32.76 Mcy/s 1365 cy/sample | tri 450 px 11671 part 64 ch 9 | AHASH s=7344000 024e2125
PROF T t=306 ph=20 coda frames=30 | clear=44247 sky=544676 floor=1290489 scene=2658027 flat=17216 gouraud=0 chrome=392506 texture=1608981 furnace=0 embers=72885 bloom=0 veil=873 titles=201439 fade=1407748 | setup=639323 total=6220388
PHRASE t=307.1 bar=159 ph=20 coda | render ms 15.52/16.16/20.91 | fps 55.6 | hold 2 miss 0 late 63 | gap ms 33.47 | under 0 fill 465 | copy 2472 cy/line 35.45 Mcy/s | synth 2680 cy/pump 38.44 Mcy/s 1601 cy/sample | tri 450 px 11668 part 64 ch 9 | AHASH s=7368000 cc1dbcdf
PROF PHRASE t=307 ph=20 coda frames=855 | clear=44149 sky=541366 floor=1290627 scene=2651781 flat=17191 gouraud=0 chrome=385438 texture=1609860 furnace=0 embers=71307 bloom=0 veil=877 titles=126083 fade=95699 | setup=639290 total=4821892
DONE frames=16896 render_max_us=24121 gap_max_us=33473 miss=0 late=1463 under=0 min_fill=465 copy_worst_cy=3132 pump_worst_cy=105393 vsyncs=18363 heap_free=36864 peak=29914
