
=== COLOSSUS / LATENT / 2026 === sys_clk=300000000
BOOT heap_region=50872 heap_free=50872 ballast=0 total_samples=7372800 bars=160
BOOT heap_free_after_init=50872
BOOT heap_free_after_video=36864 scanout_lines=240
T t=0.9 bar=0 ph=1 overture | render ms 7.87/7.92/8.00 | fps 59.7 | hold 2 miss 0 late 1 | gap ms 16.76 | under 0 fill 464 | copy 2502 cy/line 36.50 Mcy/s | synth 2269 cy/pump 32.55 Mcy/s 1356 cy/sample | tri 0 px 0 part 66 ch 0 | AHASH s=24000 45de1a0f
PROF T t=0 ph=1 overture frames=60 | clear=44482 sky=514166 floor=0 scene=7322 flat=0 gouraud=0 chrome=0 texture=0 furnace=0 embers=76802 bloom=0 veil=853 titles=298452 fade=1408304 | setup=7322 total=2350384
T t=1.9 bar=1 ph=1 overture | render ms 3.22/7.54/8.10 | fps 59.7 | hold 1 miss 0 late 0 | gap ms 16.73 | under 0 fill 464 | copy 2499 cy/line 35.84 Mcy/s | synth 2270 cy/pump 32.55 Mcy/s 1356 cy/sample | tri 0 px 0 part 66 ch 0 | AHASH s=48000 a2fc1ab4
PROF T t=1 ph=1 overture frames=60 | clear=44570 sky=514816 floor=0 scene=7458 flat=0 gouraud=0 chrome=0 texture=0 furnace=0 embers=78061 bloom=0 veil=861 titles=298848 fade=1290978 | setup=7458 total=2235595
T t=2.9 bar=1 ph=1 overture | render ms 3.20/3.24/3.38 | fps 59.7 | hold 1 miss 0 late 0 | gap ms 16.73 | under 0 fill 464 | copy 2458 cy/line 35.26 Mcy/s | synth 2264 cy/pump 32.46 Mcy/s 1352 cy/sample | tri 0 px 0 part 66 ch 0 | AHASH s=72000 27282b38
PROF T t=2 ph=1 overture frames=60 | clear=44578 sky=515077 floor=0 scene=8011 flat=0 gouraud=0 chrome=0 texture=0 furnace=0 embers=77465 bloom=0 veil=859 titles=298845 fade=227 | setup=8011 total=945065
T t=3.9 bar=2 ph=1 overture | render ms 3.20/3.24/3.39 | fps 59.7 | hold 1 miss 0 late 0 | gap ms 16.73 | under 0 fill 464 | copy 2461 cy/line 35.30 Mcy/s | synth 2322 cy/pump 33.30 Mcy/s 1387 cy/sample | tri 0 px 0 part 67 ch 0 | AHASH s=96000 7defff26
PROF T t=3 ph=1 overture frames=60 | clear=44548 sky=514786 floor=0 scene=8586 flat=0 gouraud=0 chrome=0 texture=0 furnace=0 embers=78327 bloom=0 veil=853 titles=298664 fade=239 | setup=8586 total=946006
T t=5.0 bar=2 ph=1 overture | render ms 3.20/3.24/3.40 | fps 59.7 | hold 1 miss 0 late 0 | gap ms 16.73 | under 0 fill 464 | copy 2474 cy/line 35.48 Mcy/s | synth 2566 cy/pump 36.80 Mcy/s 1533 cy/sample | tri 0 px 0 part 67 ch 0 | AHASH s=120000 586f7958
PROF T t=5 ph=1 overture frames=60 | clear=44550 sky=514932 floor=0 scene=8356 flat=0 gouraud=0 chrome=0 texture=0 furnace=0 embers=79780 bloom=0 veil=853 titles=298493 fade=226 | setup=8356 total=947194
T t=6.0 bar=3 ph=1 overture | render ms 3.21/3.24/3.39 | fps 59.7 | hold 1 miss 0 late 0 | gap ms 16.73 | under 0 fill 464 | copy 2474 cy/line 35.47 Mcy/s | synth 2569 cy/pump 36.84 Mcy/s 1535 cy/sample | tri 0 px 0 part 68 ch 0 | AHASH s=144000 3f1c7235
PROF T t=6 ph=1 overture frames=60 | clear=44584 sky=514860 floor=0 scene=8218 flat=0 gouraud=0 chrome=0 texture=0 furnace=0 embers=79702 bloom=0 veil=841 titles=298933 fade=240 | setup=8218 total=947383
T t=7.0 bar=3 ph=1 overture | render ms 3.21/3.24/3.39 | fps 59.7 | hold 1 miss 0 late 0 | gap ms 16.73 | under 0 fill 464 | copy 2474 cy/line 35.47 Mcy/s | synth 2568 cy/pump 36.83 Mcy/s 1534 cy/sample | tri 0 px 0 part 68 ch 0 | AHASH s=168000 9f2cdd11
PROF T t=7 ph=1 overture frames=60 | clear=44565 sky=514791 floor=0 scene=8170 flat=0 gouraud=0 chrome=0 texture=0 furnace=0 embers=79207 bloom=0 veil=859 titles=298874 fade=224 | setup=8170 total=946694
T t=8.0 bar=4 ph=1 overture | render ms 3.20/3.24/3.40 | fps 59.7 | hold 1 miss 0 late 0 | gap ms 16.73 | under 0 fill 464 | copy 2468 cy/line 35.40 Mcy/s | synth 2732 cy/pump 39.19 Mcy/s 1633 cy/sample | tri 0 px 0 part 69 ch 0 | AHASH s=192000 cbe11e82
PROF T t=8 ph=1 overture frames=60 | clear=44563 sky=514622 floor=0 scene=8241 flat=0 gouraud=0 chrome=0 texture=0 furnace=0 embers=79668 bloom=0 veil=844 titles=299350 fade=218 | setup=8241 total=947509
T t=9.0 bar=4 ph=1 overture | render ms 3.21/3.25/3.40 | fps 59.7 | hold 1 miss 0 late 0 | gap ms 16.73 | under 0 fill 464 | copy 2459 cy/line 35.27 Mcy/s | synth 3009 cy/pump 43.15 Mcy/s 1798 cy/sample | tri 0 px 0 part 69 ch 0 | AHASH s=216000 e3ba8e4b
PROF T t=9 ph=1 overture frames=60 | clear=44561 sky=514943 floor=0 scene=8176 flat=0 gouraud=0 chrome=0 texture=0 furnace=0 embers=81625 bloom=0 veil=845 titles=298509 fade=228 | setup=8176 total=948891
T t=10.0 bar=5 ph=1 overture | render ms 3.22/3.35/3.52 | fps 59.7 | hold 1 miss 0 late 0 | gap ms 16.73 | under 0 fill 464 | copy 2459 cy/line 35.27 Mcy/s | synth 3011 cy/pump 43.18 Mcy/s 1799 cy/sample | tri 4 px 173 part 70 ch 0 | AHASH s=240000 67cd6e7a
PROF T t=10 ph=1 overture frames=60 | clear=44549 sky=516795 floor=0 scene=37800 flat=0 gouraud=0 chrome=0 texture=21522 furnace=0 embers=80230 bloom=0 veil=864 titles=300271 fade=216 | setup=16278 total=980728
T t=11.0 bar=5 ph=1 overture | render ms 3.48/3.50/3.65 | fps 59.7 | hold 1 miss 0 late 0 | gap ms 16.73 | under 0 fill 464 | copy 2460 cy/line 35.28 Mcy/s | synth 3016 cy/pump 43.25 Mcy/s 1802 cy/sample | tri 4 px 173 part 70 ch 0 | AHASH s=264000 893f3166
PROF T t=11 ph=1 overture frames=60 | clear=44556 sky=520180 floor=0 scene=76990 flat=0 gouraud=0 chrome=0 texture=49658 furnace=0 embers=79795 bloom=0 veil=874 titles=302843 fade=215 | setup=27332 total=1025456
T t=12.0 bar=6 ph=1 overture | render ms 3.48/3.51/3.65 | fps 59.7 | hold 1 miss 0 late 0 | gap ms 16.73 | under 0 fill 464 | copy 2460 cy/line 35.28 Mcy/s | synth 3017 cy/pump 43.27 Mcy/s 1803 cy/sample | tri 4 px 173 part 71 ch 0 | AHASH s=288000 6e17375a
PROF T t=12 ph=1 overture frames=60 | clear=44551 sky=520536 floor=0 scene=77124 flat=0 gouraud=0 chrome=0 texture=49643 furnace=0 embers=80777 bloom=0 veil=864 titles=302763 fade=220 | setup=27481 total=1026838
T t=13.0 bar=6 ph=1 overture | render ms 3.47/3.50/3.63 | fps 59.7 | hold 1 miss 0 late 0 | gap ms 16.73 | under 0 fill 464 | copy 2460 cy/line 35.28 Mcy/s | synth 3018 cy/pump 43.28 Mcy/s 1803 cy/sample | tri 4 px 173 part 71 ch 0 | AHASH s=312000 c2bd4215
PROF T t=13 ph=1 overture frames=60 | clear=44556 sky=520267 floor=0 scene=77208 flat=0 gouraud=0 chrome=0 texture=49595 furnace=0 embers=79738 bloom=0 veil=869 titles=302644 fade=213 | setup=27613 total=1025497
T t=14.0 bar=7 ph=1 overture | render ms 3.47/4.06/7.20 | fps 59.7 | hold 1 miss 0 late 0 | gap ms 16.73 | under 0 fill 464 | copy 2465 cy/line 35.35 Mcy/s | synth 3014 cy/pump 43.22 Mcy/s 1801 cy/sample | tri 8 px 653 part 72 ch 0 | AHASH s=336000 1968032c
PROF T t=14 ph=1 overture frames=60 | clear=44579 sky=520769 floor=0 scene=76690 flat=0 gouraud=0 chrome=0 texture=65796 furnace=0 embers=80876 bloom=0 veil=165229 titles=302488 fade=216 | setup=10893 total=1190849
T t=15.0 bar=7 ph=1 overture | render ms 7.32/8.42/9.23 | fps 59.7 | hold 1 miss 0 late 0 | gap ms 16.73 | under 0 fill 464 | copy 2499 cy/line 35.84 Mcy/s | synth 3032 cy/pump 43.48 Mcy/s 1811 cy/sample | tri 8 px 7853 part 72 ch 0 | AHASH s=360000 e3a69d4c
PROF T t=15 ph=1 overture frames=60 | clear=44587 sky=525395 floor=0 scene=76877 flat=0 gouraud=0 chrome=0 texture=455888 furnace=0 embers=82190 bloom=0 veil=1467070 titles=304431 fade=221 | setup=0 total=2500774
PHRASE t=15.3 bar=8 ph=2 the plain | render ms 3.20/4.41/13.98 | fps 59.7 | hold 2 miss 0 late 1 | gap ms 16.76 | under 0 fill 464 | copy 2472 cy/line 35.46 Mcy/s | synth 2718 cy/pump 38.99 Mcy/s 1624 cy/sample | tri 74 px 11633 part 75 ch 1 | AHASH s=360000 e3a69d4c
PROF PHRASE t=15 ph=2 the plain frames=919 | clear=44564 sky=517357 floor=1371 scene=34430 flat=0 gouraud=0 chrome=26 texture=59849 furnace=0 embers=79666 bloom=0 veil=143111 titles=300077 fade=176426 | setup=0 total=1297005
T t=16.0 bar=8 ph=2 the plain | render ms 9.19/12.36/13.98 | fps 59.7 | hold 1 miss 0 late 0 | gap ms 16.73 | under 0 fill 464 | copy 2499 cy/line 35.84 Mcy/s | synth 3034 cy/pump 43.52 Mcy/s 1813 cy/sample | tri 74 px 7789 part 75 ch 1 | AHASH s=384000 d7159f11
PROF T t=16 ph=2 the plain frames=60 | clear=44653 sky=525583 floor=874209 scene=394861 flat=0 gouraud=0 chrome=17089 texture=869216 furnace=0 embers=84823 bloom=0 veil=1663930 titles=92660 fade=218 | setup=0 total=3680940
T t=17.0 bar=8 ph=2 the plain | render ms 8.27/11.55/13.41 | fps 59.7 | hold 1 miss 0 late 0 | gap ms 16.73 | under 0 fill 464 | copy 2487 cy/line 35.67 Mcy/s | synth 3024 cy/pump 43.37 Mcy/s 1807 cy/sample | tri 70 px 2986 part 75 ch 1 | AHASH s=408000 61dc6c0f
PROF T t=17 ph=2 the plain frames=60 | clear=44509 sky=524199 floor=1248496 scene=530974 flat=0 gouraud=0 chrome=24437 texture=598953 furnace=0 embers=86651 bloom=0 veil=990621 titles=12715 fade=211 | setup=0 total=3438378
T t=18.0 bar=9 ph=2 the plain | render ms 8.26/8.31/8.46 | fps 59.7 | hold 1 miss 0 late 0 | gap ms 16.73 | under 0 fill 464 | copy 2475 cy/line 35.49 Mcy/s | synth 3021 cy/pump 43.33 Mcy/s 1805 cy/sample | tri 70 px 3001 part 75 ch 1 | AHASH s=432000 2e15854e
PROF T t=18 ph=2 the plain frames=60 | clear=44562 sky=524089 floor=1248563 scene=533881 flat=0 gouraud=0 chrome=24438 texture=400810 furnace=0 embers=86228 bloom=0 veil=863 titles=26683 fade=211 | setup=108632 total=2465083
T t=19.0 bar=9 ph=2 the plain | render ms 8.26/8.31/8.47 | fps 59.7 | hold 1 miss 0 late 0 | gap ms 16.73 | under 0 fill 464 | copy 2475 cy/line 35.49 Mcy/s | synth 3018 cy/pump 43.29 Mcy/s 1803 cy/sample | tri 70 px 2994 part 75 ch 1 | AHASH s=456000 0fee5aae
PROF T t=19 ph=2 the plain frames=60 | clear=44569 sky=523741 floor=1248477 scene=535390 flat=0 gouraud=0 chrome=24367 texture=402632 furnace=0 embers=86016 bloom=0 veil=875 titles=26646 fade=207 | setup=108390 total=2465924
T t=20.0 bar=10 ph=2 the plain | render ms 8.25/8.30/8.45 | fps 59.7 | hold 1 miss 0 late 0 | gap ms 16.73 | under 0 fill 464 | copy 2475 cy/line 35.49 Mcy/s | synth 3019 cy/pump 43.29 Mcy/s 1804 cy/sample | tri 70 px 3004 part 75 ch 1 | AHASH s=480000 024f13e5
PROF T t=20 ph=2 the plain frames=60 | clear=44602 sky=523900 floor=1248987 scene=533575 flat=0 gouraud=0 chrome=24313 texture=401194 furnace=0 embers=84300 bloom=0 veil=877 titles=26699 fade=206 | setup=108067 total=2463150
T t=21.0 bar=10 ph=2 the plain | render ms 8.25/8.30/8.45 | fps 59.7 | hold 1 miss 0 late 0 | gap ms 16.73 | under 0 fill 464 | copy 2475 cy/line 35.49 Mcy/s | synth 3023 cy/pump 43.36 Mcy/s 1806 cy/sample | tri 70 px 3005 part 75 ch 1 | AHASH s=504000 6bc4f7f9
PROF T t=21 ph=2 the plain frames=60 | clear=44501 sky=523686 floor=1248340 scene=534119 flat=0 gouraud=0 chrome=24357 texture=401880 furnace=0 embers=84246 bloom=0 veil=876 titles=26679 fade=220 | setup=107881 total=2462671
T t=22.0 bar=11 ph=2 the plain | render ms 8.25/8.31/8.44 | fps 59.7 | hold 1 miss 0 late 0 | gap ms 16.73 | under 0 fill 464 | copy 2475 cy/line 35.49 Mcy/s | synth 3019 cy/pump 43.29 Mcy/s 1803 cy/sample | tri 70 px 3027 part 76 ch 1 | AHASH s=528000 6c7867f1
PROF T t=22 ph=2 the plain frames=60 | clear=44574 sky=523959 floor=1248977 scene=535008 flat=0 gouraud=0 chrome=24423 texture=402851 furnace=0 embers=85168 bloom=0 veil=873 titles=26724 fade=210 | setup=107733 total=2465496
T t=23.0 bar=12 ph=2 the plain | render ms 8.27/8.31/8.46 | fps 59.7 | hold 1 miss 0 late 0 | gap ms 16.73 | under 0 fill 464 | copy 2475 cy/line 35.49 Mcy/s | synth 3021 cy/pump 43.32 Mcy/s 1805 cy/sample | tri 70 px 3031 part 77 ch 1 | AHASH s=552000 4c4ba436
PROF T t=23 ph=2 the plain frames=60 | clear=44578 sky=524240 floor=1248874 scene=534982 flat=0 gouraud=0 chrome=24385 texture=402372 furnace=0 embers=86766 bloom=0 veil=881 titles=26730 fade=219 | setup=108225 total=2467275
T t=24.0 bar=12 ph=2 the plain | render ms 8.27/8.32/8.45 | fps 59.7 | hold 1 miss 0 late 0 | gap ms 16.73 | under 0 fill 464 | copy 2475 cy/line 35.49 Mcy/s | synth 3019 cy/pump 43.30 Mcy/s 1804 cy/sample | tri 70 px 3061 part 77 ch 1 | AHASH s=576000 dd9eff28
PROF T t=24 ph=2 the plain frames=60 | clear=44590 sky=523842 floor=1248874 scene=535662 flat=0 gouraud=0 chrome=24281 texture=403666 furnace=0 embers=88423 bloom=0 veil=873 titles=26671 fade=213 | setup=107714 total=2469151
T t=25.0 bar=13 ph=2 the plain | render ms 8.18/8.30/8.45 | fps 59.7 | hold 1 miss 0 late 0 | gap ms 16.73 | under 0 fill 464 | copy 2475 cy/line 35.50 Mcy/s | synth 3016 cy/pump 43.26 Mcy/s 1802 cy/sample | tri 70 px 3040 part 77 ch 1 | AHASH s=600000 77d6e64d
PROF T t=25 ph=2 the plain frames=60 | clear=44580 sky=524254 floor=1248993 scene=533740 flat=0 gouraud=0 chrome=24475 texture=402276 furnace=0 embers=88449 bloom=0 veil=869 titles=23359 fade=193 | setup=106988 total=2464441
T t=26.0 bar=13 ph=2 the plain | render ms 8.17/8.23/8.36 | fps 59.7 | hold 1 miss 0 late 0 | gap ms 16.73 | under 0 fill 464 | copy 2475 cy/line 35.50 Mcy/s | synth 3021 cy/pump 43.33 Mcy/s 1805 cy/sample | tri 70 px 3055 part 77 ch 1 | AHASH s=624000 5b6cb012
PROF T t=26 ph=2 the plain frames=60 | clear=44565 sky=522626 floor=1248128 scene=533827 flat=0 gouraud=0 chrome=24500 texture=401490 furnace=0 embers=88928 bloom=0 veil=883 titles=1408 fade=229 | setup=107837 total=2440599
T t=27.0 bar=14 ph=2 the plain | render ms 8.19/8.24/8.38 | fps 59.7 | hold 1 miss 0 late 0 | gap ms 16.73 | under 0 fill 464 | copy 2475 cy/line 35.50 Mcy/s | synth 3017 cy/pump 43.26 Mcy/s 1802 cy/sample | tri 70 px 3081 part 78 ch 1 | AHASH s=648000 6b7bf1ef
PROF T t=27 ph=2 the plain frames=60 | clear=44558 sky=522959 floor=1248012 scene=538549 flat=0 gouraud=0 chrome=24477 texture=405713 furnace=0 embers=87540 bloom=0 veil=871 titles=1387 fade=211 | setup=108358 total=2444090
T t=28.0 bar=14 ph=2 the plain | render ms 8.19/8.23/8.38 | fps 59.7 | hold 1 miss 0 late 0 | gap ms 16.73 | under 0 fill 464 | copy 2476 cy/line 35.51 Mcy/s | synth 3021 cy/pump 43.32 Mcy/s 1805 cy/sample | tri 70 px 3067 part 78 ch 1 | AHASH s=672000 ffe2d472
PROF T t=28 ph=2 the plain frames=60 | clear=44554 sky=522883 floor=1248132 scene=539580 flat=0 gouraud=0 chrome=24485 texture=406619 furnace=0 embers=85477 bloom=0 veil=878 titles=1404 fade=228 | setup=108475 total=2443138
T t=29.1 bar=15 ph=2 the plain | render ms 8.18/8.24/8.38 | fps 59.7 | hold 1 miss 0 late 0 | gap ms 16.73 | under 0 fill 464 | copy 2476 cy/line 35.51 Mcy/s | synth 3020 cy/pump 43.31 Mcy/s 1804 cy/sample | tri 70 px 3076 part 79 ch 1 | AHASH s=696000 f6db67eb
PROF T t=29 ph=2 the plain frames=60 | clear=44577 sky=522896 floor=1248012 scene=540141 flat=0 gouraud=0 chrome=24479 texture=406872 furnace=0 embers=86397 bloom=0 veil=868 titles=1388 fade=226 | setup=108790 total=2444509
T t=30.1 bar=15 ph=2 the plain | render ms 8.20/8.25/8.40 | fps 59.7 | hold 1 miss 0 late 0 | gap ms 16.73 | under 0 fill 464 | copy 2476 cy/line 35.51 Mcy/s | synth 3021 cy/pump 43.32 Mcy/s 1805 cy/sample | tri 70 px 3093 part 79 ch 1 | AHASH s=720000 f5803255
PROF T t=30 ph=2 the plain frames=60 | clear=44531 sky=522356 floor=1248785 scene=542684 flat=0 gouraud=0 chrome=24577 texture=408910 furnace=0 embers=88608 bloom=0 veil=880 titles=1401 fade=201 | setup=109196 total=2449451
PHRASE t=30.7 bar=16 ph=3 the plain | render ms 8.17/8.73/13.98 | fps 59.7 | hold 1 miss 0 late 0 | gap ms 16.73 | under 0 fill 464 | copy 2477 cy/line 35.52 Mcy/s | synth 3021 cy/pump 43.32 Mcy/s 1805 cy/sample | tri 70 px 3132 part 82 ch 1 | AHASH s=720000 f5803255
PROF PHRASE t=30 ph=3 the plain frames=918 | clear=44566 sky=523534 floor=1248557 scene=535847 flat=0 gouraud=0 chrome=24436 texture=440669 furnace=0 embers=86680 bloom=0 veil=138425 titles=15140 fade=213 | setup=70742 total=2592965
T t=31.1 bar=16 ph=3 the plain | render ms 8.20/8.25/8.38 | fps 59.7 | hold 1 miss 0 late 0 | gap ms 16.73 | under 0 fill 464 | copy 2476 cy/line 35.50 Mcy/s | synth 3021 cy/pump 43.33 Mcy/s 1805 cy/sample | tri 70 px 3134 part 82 ch 1 | AHASH s=744000 81431960
PROF T t=31 ph=3 the plain frames=60 | clear=44630 sky=522927 floor=1248341 scene=541592 flat=0 gouraud=0 chrome=24577 texture=408574 furnace=0 embers=88693 bloom=0 veil=864 titles=1401 fade=201 | setup=108440 total=2448652
T t=32.1 bar=16 ph=3 the plain | render ms 8.20/8.26/8.40 | fps 59.7 | hold 1 miss 0 late 0 | gap ms 16.73 | under 0 fill 464 | copy 2476 cy/line 35.51 Mcy/s | synth 3018 cy/pump 43.29 Mcy/s 1803 cy/sample | tri 70 px 3141 part 82 ch 1 | AHASH s=768000 2e36c2ff
PROF T t=32 ph=3 the plain frames=60 | clear=44576 sky=522698 floor=1248678 scene=542810 flat=0 gouraud=0 chrome=24264 texture=410146 furnace=0 embers=88973 bloom=0 veil=873 titles=1405 fade=214 | setup=108399 total=2450229
T t=33.1 bar=17 ph=3 the plain | render ms 8.22/8.27/8.44 | fps 59.7 | hold 1 miss 0 late 0 | gap ms 16.73 | under 0 fill 464 | copy 2476 cy/line 35.51 Mcy/s | synth 3019 cy/pump 43.29 Mcy/s 1803 cy/sample | tri 70 px 3162 part 82 ch 1 | AHASH s=792000 db9f6da3
PROF T t=33 ph=3 the plain frames=60 | clear=44555 sky=522849 floor=1248696 scene=545368 flat=0 gouraud=0 chrome=24345 texture=412159 furnace=0 embers=89692 bloom=0 veil=873 titles=1407 fade=210 | setup=108862 total=2453653
T t=34.1 bar=17 ph=3 the plain | render ms 8.22/8.27/8.43 | fps 59.7 | hold 1 miss 0 late 0 | gap ms 16.73 | under 0 fill 464 | copy 2476 cy/line 35.50 Mcy/s | synth 3021 cy/pump 43.33 Mcy/s 1805 cy/sample | tri 70 px 3178 part 82 ch 1 | AHASH s=816000 fe2692d6
PROF T t=34 ph=3 the plain frames=60 | clear=44581 sky=522727 floor=1248319 scene=544995 flat=0 gouraud=0 chrome=24331 texture=412727 furnace=0 embers=91090 bloom=0 veil=884 titles=1407 fade=207 | setup=107936 total=2454213
T t=35.1 bar=18 ph=3 the plain | render ms 8.22/8.27/8.42 | fps 59.7 | hold 1 miss 0 late 0 | gap ms 16.73 | under 0 fill 464 | copy 2476 cy/line 35.51 Mcy/s | synth 3019 cy/pump 43.30 Mcy/s 1804 cy/sample | tri 70 px 3192 part 83 ch 1 | AHASH s=840000 c7922fc0
PROF T t=35 ph=3 the plain frames=60 | clear=44469 sky=522335 floor=1248563 scene=546634 flat=0 gouraud=0 chrome=24466 texture=413698 furnace=0 embers=90888 bloom=0 veil=872 titles=1402 fade=200 | setup=108469 total=2455366
T t=36.1 bar=18 ph=3 the plain | render ms 8.24/8.29/8.43 | fps 59.7 | hold 1 miss 0 late 0 | gap ms 16.73 | under 0 fill 464 | copy 2476 cy/line 35.51 Mcy/s | synth 3020 cy/pump 43.31 Mcy/s 1804 cy/sample | tri 70 px 3195 part 83 ch 1 | AHASH s=864000 197a6d81
PROF T t=36 ph=3 the plain frames=60 | clear=44501 sky=522852 floor=1248159 scene=547961 flat=0 gouraud=0 chrome=24527 texture=414982 furnace=0 embers=93386 bloom=0 veil=874 titles=1376 fade=215 | setup=108451 total=2459327
T t=37.1 bar=19 ph=3 the plain | render ms 8.25/8.30/8.44 | fps 59.7 | hold 1 miss 0 late 0 | gap ms 16.73 | under 0 fill 464 | copy 2476 cy/line 35.51 Mcy/s | synth 3019 cy/pump 43.30 Mcy/s 1804 cy/sample | tri 70 px 3209 part 84 ch 1 | AHASH s=888000 7489a231
PROF T t=37 ph=3 the plain frames=60 | clear=44592 sky=523320 floor=1248752 scene=547938 flat=0 gouraud=0 chrome=24439 texture=414942 furnace=0 embers=96259 bloom=0 veil=874 titles=1389 fade=218 | setup=108557 total=2463345
T t=38.1 bar=19 ph=3 the plain | render ms 8.23/8.29/8.45 | fps 59.7 | hold 1 miss 0 late 0 | gap ms 16.73 | under 0 fill 464 | copy 2476 cy/line 35.51 Mcy/s | synth 3017 cy/pump 43.27 Mcy/s 1802 cy/sample | tri 70 px 3218 part 84 ch 1 | AHASH s=912000 f1caa5b0
PROF T t=38 ph=3 the plain frames=60 | clear=44605 sky=522906 floor=1248470 scene=545906 flat=0 gouraud=0 chrome=24582 texture=412966 furnace=0 embers=96589 bloom=0 veil=864 titles=1420 fade=197 | setup=108357 total=2460959
T t=39.1 bar=20 ph=3 the plain | render ms 8.25/8.31/8.43 | fps 59.7 | hold 1 miss 0 late 0 | gap ms 16.73 | under 0 fill 464 | copy 2476 cy/line 35.51 Mcy/s | synth 3021 cy/pump 43.33 Mcy/s 1805 cy/sample | tri 70 px 3231 part 86 ch 1 | AHASH s=936000 6502a091
PROF T t=39 ph=3 the plain frames=60 | clear=44502 sky=523424 floor=1248936 scene=548624 flat=0 gouraud=0 chrome=24621 texture=415813 furnace=0 embers=96730 bloom=0 veil=877 titles=1416 fade=214 | setup=108189 total=2464726
T t=40.1 bar=20 ph=3 the plain | render ms 8.26/8.31/8.45 | fps 59.7 | hold 1 miss 0 late 0 | gap ms 16.73 | under 0 fill 464 | copy 2476 cy/line 35.51 Mcy/s | synth 3019 cy/pump 43.30 Mcy/s 1804 cy/sample | tri 70 px 3237 part 86 ch 1 | AHASH s=960000 343dd2f7
PROF T t=40 ph=3 the plain frames=60 | clear=44507 sky=522643 floor=1249124 scene=549554 flat=0 gouraud=0 chrome=24440 texture=417004 furnace=0 embers=96496 bloom=0 veil=864 titles=1394 fade=214 | setup=108109 total=2464798
T t=41.1 bar=21 ph=3 the plain | render ms 8.25/8.30/8.44 | fps 59.7 | hold 1 miss 0 late 0 | gap ms 16.73 | under 0 fill 464 | copy 2477 cy/line 35.52 Mcy/s | synth 3018 cy/pump 43.28 Mcy/s 1803 cy/sample | tri 70 px 3254 part 86 ch 1 | AHASH s=984000 1856fdf2
PROF T t=41 ph=3 the plain frames=60 | clear=44570 sky=522961 floor=1248517 scene=549035 flat=0 gouraud=0 chrome=24456 texture=416817 furnace=0 embers=97049 bloom=0 veil=873 titles=1411 fade=224 | setup=107762 total=2464644
T t=42.1 bar=21 ph=3 the plain | render ms 8.25/8.30/8.43 | fps 59.7 | hold 1 miss 0 late 0 | gap ms 16.73 | under 0 fill 464 | copy 2476 cy/line 35.51 Mcy/s | synth 3020 cy/pump 43.31 Mcy/s 1804 cy/sample | tri 70 px 3252 part 86 ch 1 | AHASH s=1008000 a0412651
PROF T t=42 ph=3 the plain frames=60 | clear=44585 sky=522849 floor=1248549 scene=549183 flat=0 gouraud=0 chrome=24469 texture=417111 furnace=0 embers=95403 bloom=0 veil=874 titles=1411 fade=216 | setup=107601 total=2463072
T t=43.1 bar=22 ph=3 the plain | render ms 8.25/8.30/8.43 | fps 59.7 | hold 1 miss 0 late 0 | gap ms 16.73 | under 0 fill 464 | copy 2476 cy/line 35.51 Mcy/s | synth 3018 cy/pump 43.29 Mcy/s 1803 cy/sample | tri 70 px 3260 part 87 ch 1 | AHASH s=1032000 aaebaad7
PROF T t=43 ph=3 the plain frames=60 | clear=44565 sky=522838 floor=1248561 scene=549278 flat=0 gouraud=0 chrome=24327 texture=417179 furnace=0 embers=95865 bloom=0 veil=875 titles=1397 fade=217 | setup=107772 total=2463599
T t=44.1 bar=23 ph=3 the plain | render ms 8.27/8.31/8.45 | fps 59.7 | hold 1 miss 0 late 0 | gap ms 16.73 | under 0 fill 464 | copy 2477 cy/line 35.52 Mcy/s | synth 3022 cy/pump 43.33 Mcy/s 1805 cy/sample | tri 70 px 3250 part 89 ch 1 | AHASH s=1056000 b6aeddef
PROF T t=44 ph=3 the plain frames=60 | clear=44534 sky=522952 floor=1248507 scene=550147 flat=0 gouraud=0 chrome=24325 texture=417561 furnace=0 embers=97528 bloom=0 veil=876 titles=1392 fade=214 | setup=108260 total=2466153
T t=45.1 bar=23 ph=3 the plain | render ms 8.26/10.64/13.02 | fps 59.7 | hold 1 miss 0 late 0 | gap ms 16.73 | under 0 fill 464 | copy 2485 cy/line 35.63 Mcy/s | synth 3025 cy/pump 43.39 Mcy/s 1808 cy/sample | tri 74 px 6139 part 89 ch 1 | AHASH s=1080000 3c3b7676
PROF T t=45 ph=3 the plain frames=60 | clear=44474 sky=522856 floor=1248346 scene=549803 flat=0 gouraud=0 chrome=24317 texture=539272 furnace=0 embers=98534 bloom=0 veil=698162 titles=1401 fade=221 | setup=0 total=3163800
PHRASE t=46.0 bar=24 ph=4 the hand | render ms 8.20/8.77/21.33 | fps 59.6 | hold 2 miss 0 late 1 | gap ms 33.47 | under 0 fill 464 | copy 2478 cy/line 35.54 Mcy/s | synth 3020 cy/pump 43.32 Mcy/s 1805 cy/sample | tri 346 px 52332 part 94 ch 2 | AHASH s=1104000 159985cb
PROF PHRASE t=46 ph=4 the hand frames=918 | clear=44545 sky=523002 floor=1247168 scene=551373 flat=0 gouraud=0 chrome=25193 texture=456501 furnace=0 embers=94767 bloom=0 veil=142145 titles=1403 fade=213 | setup=69678 total=2604619
T t=46.1 bar=24 ph=4 the hand | render ms 13.03/14.04/21.45 | fps 56.7 | hold 2 miss 0 late 3 | gap ms 33.47 | under 0 fill 464 | copy 2500 cy/line 35.85 Mcy/s | synth 3030 cy/pump 43.45 Mcy/s 1810 cy/sample | tri 346 px 52344 part 94 ch 2 | AHASH s=1104000 159985cb
PROF T t=46 ph=4 the hand frames=57 | clear=44643 sky=525008 floor=1182322 scene=730618 flat=0 gouraud=0 chrome=61843 texture=1067244 furnace=0 embers=99340 bloom=0 veil=1601931 titles=1408 fade=218 | setup=0 total=4185491
T t=47.1 bar=24 ph=4 the hand | render ms 20.00/20.78/21.46 | fps 29.8 | hold 2 miss 0 late 30 | gap ms 33.47 | under 0 fill 464 | copy 2506 cy/line 35.94 Mcy/s | synth 3016 cy/pump 43.25 Mcy/s 1802 cy/sample | tri 346 px 45197 part 94 ch 2 | AHASH s=1128000 a507af95
PROF T t=47 ph=4 the hand frames=30 | clear=44660 sky=519286 floor=0 scene=3999834 flat=0 gouraud=0 chrome=735982 texture=3419638 furnace=0 embers=104040 bloom=0 veil=1537392 titles=1273 fade=203 | setup=0 total=6206690
T t=48.1 bar=25 ph=4 the hand | render ms 15.73/16.63/20.08 | fps 47.8 | hold 2 miss 0 late 12 | gap ms 33.47 | under 0 fill 464 | copy 2505 cy/line 35.93 Mcy/s | synth 3044 cy/pump 43.65 Mcy/s 1818 cy/sample | tri 342 px 43851 part 94 ch 2 | AHASH s=1152000 fea4f11a
PROF T t=48 ph=4 the hand frames=48 | clear=44616 sky=519353 floor=0 scene=4009713 flat=0 gouraud=0 chrome=739455 texture=3002597 furnace=0 embers=103053 bloom=0 veil=264866 titles=21112 fade=207 | setup=267659 total=4962923
T t=49.1 bar=25 ph=4 the hand | render ms 15.72/15.78/15.87 | fps 59.7 | hold 1 miss 0 late 0 | gap ms 16.73 | under 0 fill 464 | copy 2511 cy/line 36.01 Mcy/s | synth 3064 cy/pump 43.94 Mcy/s 1831 cy/sample | tri 342 px 43975 part 94 ch 2 | AHASH s=1176000 ac690a5a
PROF T t=49 ph=4 the hand frames=60 | clear=44585 sky=518582 floor=0 scene=4015979 flat=0 gouraud=0 chrome=741660 texture=2969360 furnace=0 embers=104179 bloom=0 veil=870 titles=22881 fade=216 | setup=304959 total=4707295
T t=50.1 bar=26 ph=4 the hand | render ms 15.79/15.83/15.92 | fps 59.7 | hold 1 miss 0 late 0 | gap ms 16.73 | under 0 fill 464 | copy 2512 cy/line 36.02 Mcy/s | synth 3061 cy/pump 43.89 Mcy/s 1829 cy/sample | tri 342 px 44183 part 94 ch 2 | AHASH s=1200000 f873dd08
PROF T t=50 ph=4 the hand frames=60 | clear=44580 sky=518583 floor=0 scene=4030550 flat=0 gouraud=0 chrome=743309 texture=2982576 furnace=0 embers=103770 bloom=0 veil=848 titles=22776 fade=206 | setup=304663 total=4721317
T t=51.1 bar=26 ph=4 the hand | render ms 15.79/15.84/15.96 | fps 59.7 | hold 1 miss 0 late 0 | gap ms 16.73 | under 0 fill 464 | copy 2511 cy/line 36.02 Mcy/s | synth 3063 cy/pump 43.93 Mcy/s 1830 cy/sample | tri 342 px 44108 part 94 ch 2 | AHASH s=1224000 c3b4bb76
PROF T t=51 ph=4 the hand frames=60 | clear=44614 sky=517876 floor=0 scene=4033704 flat=0 gouraud=0 chrome=740044 texture=2990127 furnace=0 embers=104101 bloom=0 veil=872 titles=22771 fade=217 | setup=303532 total=4724157
T t=52.2 bar=27 ph=4 the hand | render ms 15.82/15.89/15.98 | fps 59.7 | hold 1 miss 0 late 0 | gap ms 16.73 | under 0 fill 464 | copy 2512 cy/line 36.02 Mcy/s | synth 3060 cy/pump 43.88 Mcy/s 1828 cy/sample | tri 342 px 44623 part 94 ch 2 | AHASH s=1248000 05745f6b
PROF T t=52 ph=4 the hand frames=60 | clear=44579 sky=517769 floor=0 scene=4048324 flat=0 gouraud=0 chrome=741562 texture=3003419 furnace=0 embers=105071 bloom=0 veil=840 titles=22702 fade=199 | setup=303341 total=4739487
T t=53.2 bar=27 ph=4 the hand | render ms 15.91/15.96/16.06 | fps 58.7 | hold 2 miss 0 late 1 | gap ms 33.47 | under 0 fill 464 | copy 2511 cy/line 36.01 Mcy/s | synth 3061 cy/pump 43.90 Mcy/s 1829 cy/sample | tri 342 px 44902 part 94 ch 2 | AHASH s=1272000 a13b2140
PROF T t=53 ph=4 the hand frames=59 | clear=44606 sky=517631 floor=0 scene=4069552 flat=0 gouraud=0 chrome=744500 texture=3021974 furnace=0 embers=104324 bloom=0 veil=844 titles=22680 fade=204 | setup=303077 total=4759844
T t=54.2 bar=28 ph=4 the hand | render ms 15.95/16.03/16.14 | fps 58.7 | hold 2 miss 0 late 1 | gap ms 33.47 | under 0 fill 464 | copy 2511 cy/line 36.02 Mcy/s | synth 3061 cy/pump 43.90 Mcy/s 1829 cy/sample | tri 342 px 45308 part 95 ch 2 | AHASH s=1296000 78105b3c
PROF T t=54 ph=4 the hand frames=59 | clear=44655 sky=517687 floor=0 scene=4091093 flat=0 gouraud=0 chrome=746950 texture=3041187 furnace=0 embers=105495 bloom=0 veil=855 titles=22690 fade=207 | setup=302955 total=4782686
T t=55.2 bar=28 ph=4 the hand | render ms 16.07/16.13/16.23 | fps 58.7 | hold 2 miss 0 late 1 | gap ms 33.47 | under 0 fill 464 | copy 2513 cy/line 36.04 Mcy/s | synth 3058 cy/pump 43.86 Mcy/s 1827 cy/sample | tri 342 px 45650 part 95 ch 2 | AHASH s=1320000 afedece0
PROF T t=55 ph=4 the hand frames=59 | clear=44597 sky=518416 floor=0 scene=4119153 flat=0 gouraud=0 chrome=754477 texture=3061253 furnace=0 embers=104656 bloom=0 veil=858 titles=22696 fade=199 | setup=303423 total=4810578
T t=56.2 bar=29 ph=4 the hand | render ms 16.11/16.18/16.28 | fps 58.7 | hold 2 miss 0 late 1 | gap ms 33.47 | under 0 fill 464 | copy 2513 cy/line 36.04 Mcy/s | synth 3058 cy/pump 43.85 Mcy/s 1827 cy/sample | tri 342 px 46101 part 95 ch 2 | AHASH s=1344000 5b477c1e
PROF T t=56 ph=4 the hand frames=59 | clear=44591 sky=519059 floor=0 scene=4146506 flat=0 gouraud=0 chrome=759740 texture=3083755 furnace=0 embers=104321 bloom=0 veil=848 titles=10778 fade=209 | setup=303011 total=4826314
T t=57.2 bar=29 ph=4 the hand | render ms 16.17/16.23/16.30 | fps 58.7 | hold 2 miss 0 late 1 | gap ms 33.47 | under 0 fill 464 | copy 2514 cy/line 36.05 Mcy/s | synth 3060 cy/pump 43.89 Mcy/s 1828 cy/sample | tri 342 px 46536 part 95 ch 2 | AHASH s=1368000 812c4246
PROF T t=57 ph=4 the hand frames=59 | clear=44593 sky=518527 floor=0 scene=4169814 flat=0 gouraud=0 chrome=765493 texture=3101900 furnace=0 embers=105354 bloom=0 veil=868 titles=1397 fade=204 | setup=302421 total=4840759
T t=58.2 bar=30 ph=4 the hand | render ms 16.24/16.33/16.40 | fps 58.7 | hold 2 miss 0 late 1 | gap ms 33.47 | under 0 fill 464 | copy 2515 cy/line 36.07 Mcy/s | synth 3060 cy/pump 43.88 Mcy/s 1828 cy/sample | tri 342 px 46804 part 96 ch 2 | AHASH s=1392000 bd966cf3
PROF T t=58 ph=4 the hand frames=59 | clear=44640 sky=519430 floor=0 scene=4198965 flat=0 gouraud=0 chrome=769332 texture=3126554 furnace=0 embers=107264 bloom=0 veil=858 titles=1388 fade=212 | setup=303078 total=4872760
T t=59.2 bar=30 ph=4 the hand | render ms 16.27/16.35/16.47 | fps 58.7 | hold 2 miss 0 late 1 | gap ms 33.47 | under 0 fill 464 | copy 2515 cy/line 36.06 Mcy/s | synth 3062 cy/pump 43.91 Mcy/s 1829 cy/sample | tri 342 px 47155 part 96 ch 2 | AHASH s=1416000 6495f6fb
PROF T t=59 ph=4 the hand frames=59 | clear=44598 sky=518721 floor=0 scene=4203903 flat=0 gouraud=0 chrome=763793 texture=3136317 furnace=0 embers=107448 bloom=0 veil=859 titles=1397 fade=201 | setup=303792 total=4877131
T t=60.2 bar=31 ph=4 the hand | render ms 16.38/16.42/16.50 | fps 58.7 | hold 2 miss 0 late 1 | gap ms 33.47 | under 0 fill 464 | copy 2515 cy/line 36.07 Mcy/s | synth 3061 cy/pump 43.90 Mcy/s 1829 cy/sample | tri 342 px 47387 part 98 ch 2 | AHASH s=1440000 3f5f9a21
PROF T t=60 ph=4 the hand frames=59 | clear=44591 sky=516765 floor=0 scene=4228680 flat=0 gouraud=0 chrome=760578 texture=3164858 furnace=0 embers=106811 bloom=0 veil=858 titles=1401 fade=227 | setup=303243 total=4899336
T t=61.2 bar=31 ph=4 the hand | render ms 16.44/16.48/16.57 | fps 58.7 | hold 2 miss 0 late 1 | gap ms 33.47 | under 0 fill 464 | copy 2515 cy/line 36.06 Mcy/s | synth 3060 cy/pump 43.88 Mcy/s 1828 cy/sample | tri 342 px 47497 part 98 ch 2 | AHASH s=1464000 444d7d03
PROF T t=61 ph=4 the hand frames=59 | clear=44638 sky=517793 floor=0 scene=4244831 flat=0 gouraud=0 chrome=765904 texture=3175831 furnace=0 embers=107577 bloom=0 veil=852 titles=1398 fade=214 | setup=303095 total=4917305
PHRASE t=61.4 bar=32 ph=5 the hand | render ms 15.72/16.32/21.46 | fps 56.2 | hold 2 miss 0 late 54 | gap ms 33.47 | under 0 fill 464 | copy 2512 cy/line 36.02 Mcy/s | synth 3056 cy/pump 43.83 Mcy/s 1826 cy/sample | tri 342 px 47639 part 104 ch 2 | AHASH s=1464000 444d7d03
PROF PHRASE t=61 ph=5 the hand frames=863 | clear=44618 sky=518371 floor=0 scene=4113563 flat=0 gouraud=0 chrome=752258 texture=3077233 furnace=0 embers=105274 bloom=0 veil=72906 titles=13445 fade=209 | setup=284071 total=4868389
T t=62.2 bar=32 ph=5 the hand | render ms 16.46/16.56/16.63 | fps 57.7 | hold 2 miss 0 late 2 | gap ms 33.47 | under 0 fill 464 | copy 2515 cy/line 36.06 Mcy/s | synth 3062 cy/pump 43.91 Mcy/s 1829 cy/sample | tri 342 px 47745 part 104 ch 2 | AHASH s=1488000 941943d6
PROF T t=62 ph=5 the hand frames=58 | clear=44680 sky=518223 floor=0 scene=4261198 flat=0 gouraud=0 chrome=763839 texture=3193814 furnace=0 embers=113508 bloom=0 veil=853 titles=1410 fade=228 | setup=303544 total=4940103
T t=63.2 bar=32 ph=5 the hand | render ms 16.55/16.65/16.73 | fps 58.7 | hold 2 miss 0 late 1 | gap ms 33.47 | under 0 fill 464 | copy 2515 cy/line 36.07 Mcy/s | synth 3066 cy/pump 43.96 Mcy/s 1832 cy/sample | tri 342 px 48257 part 104 ch 2 | AHASH s=1512000 8a2532e6
PROF T t=63 ph=5 the hand frames=59 | clear=44526 sky=519580 floor=0 scene=4288365 flat=0 gouraud=0 chrome=772057 texture=3211617 furnace=0 embers=113299 bloom=0 veil=866 titles=1393 fade=202 | setup=304690 total=4968234
T t=64.2 bar=33 ph=5 the hand | render ms 16.69/16.72/16.83 | fps 38.8 | hold 2 miss 0 late 21 | gap ms 33.47 | under 0 fill 464 | copy 2496 cy/line 35.79 Mcy/s | synth 3026 cy/pump 43.40 Mcy/s 1808 cy/sample | tri 342 px 48435 part 104 ch 2 | AHASH s=1536000 106f9ee9
PROF T t=64 ph=5 the hand frames=39 | clear=44567 sky=520485 floor=0 scene=4310057 flat=0 gouraud=0 chrome=778137 texture=3227416 furnace=0 embers=112238 bloom=0 veil=852 titles=1392 fade=211 | setup=304503 total=4989805
T t=65.2 bar=33 ph=5 the hand | render ms 16.69/16.76/16.85 | fps 32.3 | hold 2 miss 0 late 28 | gap ms 33.47 | under 0 fill 464 | copy 2494 cy/line 35.76 Mcy/s | synth 3015 cy/pump 43.24 Mcy/s 1802 cy/sample | tri 340 px 48573 part 104 ch 2 | AHASH s=1560000 6056688e
PROF T t=65 ph=5 the hand frames=33 | clear=44641 sky=520252 floor=0 scene=4319731 flat=0 gouraud=0 chrome=767249 texture=3248059 furnace=0 embers=112128 bloom=0 veil=869 titles=1392 fade=220 | setup=304422 total=4999236
T t=66.2 bar=34 ph=5 the hand | render ms 16.78/16.82/16.93 | fps 29.8 | hold 2 miss 0 late 30 | gap ms 33.47 | under 0 fill 464 | copy 2491 cy/line 35.72 Mcy/s | synth 3006 cy/pump 43.11 Mcy/s 1796 cy/sample | tri 340 px 48808 part 104 ch 2 | AHASH s=1584000 ff52ffe2
PROF T t=66 ph=5 the hand frames=30 | clear=44688 sky=518019 floor=0 scene=4339743 flat=0 gouraud=0 chrome=768688 texture=3266918 furnace=0 embers=113899 bloom=0 veil=855 titles=1415 fade=223 | setup=304135 total=5018845
T t=67.2 bar=35 ph=5 the hand | render ms 16.84/16.88/16.96 | fps 29.8 | hold 2 miss 0 late 30 | gap ms 33.47 | under 0 fill 464 | copy 2490 cy/line 35.71 Mcy/s | synth 3007 cy/pump 43.13 Mcy/s 1797 cy/sample | tri 340 px 48976 part 104 ch 2 | AHASH s=1608000 83f990b5
PROF T t=67 ph=5 the hand frames=30 | clear=44564 sky=518419 floor=0 scene=4358431 flat=0 gouraud=0 chrome=770298 texture=3284394 furnace=0 embers=113355 bloom=0 veil=831 titles=1403 fade=188 | setup=303739 total=5037195
T t=68.2 bar=35 ph=5 the hand | render ms 16.87/16.95/17.04 | fps 29.8 | hold 2 miss 0 late 30 | gap ms 33.47 | under 0 fill 464 | copy 2492 cy/line 35.73 Mcy/s | synth 3007 cy/pump 43.13 Mcy/s 1797 cy/sample | tri 340 px 49637 part 104 ch 2 | AHASH s=1632000 1317fced
PROF T t=68 ph=5 the hand frames=30 | clear=44650 sky=518553 floor=0 scene=4378863 flat=0 gouraud=0 chrome=770468 texture=3304594 furnace=0 embers=113385 bloom=0 veil=874 titles=1391 fade=220 | setup=303799 total=5057939
T t=69.2 bar=36 ph=5 the hand | render ms 16.96/17.03/17.13 | fps 29.8 | hold 2 miss 0 late 30 | gap ms 33.47 | under 0 fill 464 | copy 2492 cy/line 35.73 Mcy/s | synth 3008 cy/pump 43.13 Mcy/s 1797 cy/sample | tri 340 px 50174 part 105 ch 2 | AHASH s=1656000 3cb02279
PROF T t=69 ph=5 the hand frames=30 | clear=44723 sky=518173 floor=0 scene=4402194 flat=0 gouraud=0 chrome=770170 texture=3328918 furnace=0 embers=113164 bloom=0 veil=841 titles=1385 fade=204 | setup=303105 total=5080688
T t=70.2 bar=36 ph=5 the hand | render ms 17.07/17.13/17.24 | fps 29.8 | hold 2 miss 0 late 30 | gap ms 33.47 | under 0 fill 464 | copy 2492 cy/line 35.74 Mcy/s | synth 3008 cy/pump 43.14 Mcy/s 1797 cy/sample | tri 340 px 50531 part 105 ch 2 | AHASH s=1680000 80101a1c
PROF T t=70 ph=5 the hand frames=30 | clear=44566 sky=517140 floor=0 scene=4431747 flat=0 gouraud=0 chrome=771555 texture=3356990 furnace=0 embers=115838 bloom=0 veil=858 titles=1403 fade=207 | setup=303201 total=5111763
T t=71.2 bar=37 ph=5 the hand | render ms 17.15/17.21/17.33 | fps 29.8 | hold 2 miss 0 late 30 | gap ms 33.47 | under 0 fill 464 | copy 2492 cy/line 35.74 Mcy/s | synth 3007 cy/pump 43.13 Mcy/s 1797 cy/sample | tri 340 px 50785 part 105 ch 2 | AHASH s=1704000 3b94f7bc
PROF T t=71 ph=5 the hand frames=30 | clear=44574 sky=519585 floor=0 scene=4453878 flat=0 gouraud=0 chrome=774849 texture=3375005 furnace=0 embers=114575 bloom=0 veil=866 titles=1402 fade=212 | setup=304023 total=5135095
T t=72.2 bar=37 ph=5 the hand | render ms 17.21/17.33/17.40 | fps 29.8 | hold 2 miss 0 late 30 | gap ms 33.47 | under 0 fill 464 | copy 2493 cy/line 35.75 Mcy/s | synth 3008 cy/pump 43.14 Mcy/s 1797 cy/sample | tri 340 px 51041 part 105 ch 2 | AHASH s=1728000 4db2e8f2
PROF T t=72 ph=5 the hand frames=30 | clear=44727 sky=520372 floor=0 scene=4489092 flat=0 gouraud=0 chrome=786863 texture=3398620 furnace=0 embers=114304 bloom=0 veil=858 titles=1411 fade=221 | setup=303607 total=5170988
T t=73.2 bar=38 ph=5 the hand | render ms 17.29/17.35/17.46 | fps 29.8 | hold 2 miss 0 late 30 | gap ms 33.47 | under 0 fill 464 | copy 2493 cy/line 35.75 Mcy/s | synth 3008 cy/pump 43.13 Mcy/s 1797 cy/sample | tri 340 px 51181 part 106 ch 2 | AHASH s=1752000 d6d05b06
PROF T t=73 ph=5 the hand frames=30 | clear=44664 sky=521085 floor=0 scene=4494417 flat=0 gouraud=0 chrome=782929 texture=3408469 furnace=0 embers=115431 bloom=0 veil=866 titles=1363 fade=216 | setup=303018 total=5178045
T t=74.2 bar=38 ph=5 the hand | render ms 17.26/17.33/17.50 | fps 29.8 | hold 2 miss 0 late 30 | gap ms 33.47 | under 0 fill 464 | copy 2493 cy/line 35.76 Mcy/s | synth 3009 cy/pump 43.16 Mcy/s 1798 cy/sample | tri 340 px 51205 part 106 ch 2 | AHASH s=1776000 22959014
PROF T t=74 ph=5 the hand frames=30 | clear=44720 sky=520510 floor=0 scene=4487365 flat=0 gouraud=0 chrome=777447 texture=3405722 furnace=0 embers=117958 bloom=0 veil=854 titles=1412 fade=219 | setup=304195 total=5173041
T t=75.2 bar=39 ph=5 the hand | render ms 17.26/17.34/17.41 | fps 29.8 | hold 2 miss 0 late 30 | gap ms 33.47 | under 0 fill 464 | copy 2493 cy/line 35.75 Mcy/s | synth 3007 cy/pump 43.13 Mcy/s 1797 cy/sample | tri 340 px 51231 part 107 ch 2 | AHASH s=1800000 1f021550
PROF T t=75 ph=5 the hand frames=30 | clear=44658 sky=520417 floor=0 scene=4488197 flat=0 gouraud=0 chrome=778056 texture=3406239 furnace=0 embers=118276 bloom=0 veil=851 titles=1393 fade=217 | setup=303902 total=5174013
T t=76.3 bar=39 ph=5 the hand | render ms 19.98/21.70/22.61 | fps 29.8 | hold 2 miss 0 late 30 | gap ms 33.47 | under 0 fill 464 | copy 2508 cy/line 35.96 Mcy/s | synth 3013 cy/pump 43.21 Mcy/s 1800 cy/sample | tri 344 px 57584 part 107 ch 2 | AHASH s=1824000 f424dace
PROF T t=76 ph=5 the hand frames=30 | clear=44679 sky=517949 floor=0 scene=4487511 flat=0 gouraud=0 chrome=772797 texture=3711566 furnace=0 embers=117470 bloom=0 veil=1314604 titles=1407 fade=214 | setup=3148 total=6483836
PHRASE t=76.8 bar=40 ph=6 the heart | render ms 16.50/17.39/23.03 | fps 33.9 | hold 2 miss 0 late 396 | gap ms 33.47 | under 0 fill 464 | copy 2497 cy/line 35.81 Mcy/s | synth 3017 cy/pump 43.26 Mcy/s 1802 cy/sample | tri 146 px 39876 part 108 ch 3 | AHASH s=1824000 f424dace
PROF PHRASE t=76 ph=6 the heart frames=522 | clear=44638 sky=519311 floor=0 scene=4386372 flat=139 gouraud=0 chrome=772914 texture=3343467 furnace=0 embers=114552 bloom=86 veil=124370 titles=1399 fade=213 | setup=269851 total=5190945
T t=77.3 bar=40 ph=6 the heart | render ms 16.48/19.19/23.03 | fps 34.8 | hold 2 miss 0 late 25 | gap ms 33.47 | under 0 fill 464 | copy 2511 cy/line 36.02 Mcy/s | synth 3018 cy/pump 43.28 Mcy/s 1803 cy/sample | tri 146 px 37431 part 108 ch 3 | AHASH s=1848000 1f7fa627
PROF T t=77 ph=6 the heart frames=35 | clear=44856 sky=524522 floor=0 scene=3354596 flat=43964 gouraud=0 chrome=589691 texture=3014491 furnace=0 embers=115756 bloom=27178 veil=1661652 titles=1349 fade=218 | setup=0 total=5730130
T t=78.3 bar=40 ph=6 the heart | render ms 11.26/15.36/16.61 | fps 58.7 | hold 2 miss 0 late 1 | gap ms 33.47 | under 0 fill 464 | copy 2521 cy/line 36.16 Mcy/s | synth 3046 cy/pump 43.69 Mcy/s 1820 cy/sample | tri 142 px 31223 part 108 ch 3 | AHASH s=1872000 e386ffeb
PROF T t=78 ph=6 the heart frames=59 | clear=44703 sky=524628 floor=0 scene=2598295 flat=73237 gouraud=0 chrome=465205 texture=2074980 furnace=0 embers=114530 bloom=43910 veil=1245609 titles=9129 fade=207 | setup=0 total=4581013
T t=79.3 bar=41 ph=6 the heart | render ms 11.24/11.30/11.41 | fps 59.7 | hold 1 miss 0 late 0 | gap ms 16.73 | under 0 fill 464 | copy 2507 cy/line 35.95 Mcy/s | synth 3035 cy/pump 43.53 Mcy/s 1813 cy/sample | tri 142 px 31236 part 108 ch 3 | AHASH s=1896000 7ee13529
PROF T t=79 ph=6 the heart frames=60 | clear=44655 sky=524698 floor=0 scene=2604084 flat=73238 gouraud=0 chrome=468265 texture=1800565 furnace=0 embers=115318 bloom=43364 veil=851 titles=28538 fade=205 | setup=262015 total=3361715
T t=80.3 bar=41 ph=6 the heart | render ms 11.27/11.31/11.45 | fps 59.7 | hold 1 miss 0 late 0 | gap ms 16.73 | under 0 fill 464 | copy 2507 cy/line 35.95 Mcy/s | synth 3037 cy/pump 43.55 Mcy/s 1814 cy/sample | tri 142 px 31280 part 108 ch 3 | AHASH s=1920000 1cc1e0a1
PROF T t=80 ph=6 the heart frames=60 | clear=44725 sky=524570 floor=0 scene=2608517 flat=73289 gouraud=0 chrome=472807 texture=1800522 furnace=0 embers=116265 bloom=43465 veil=858 titles=28543 fade=212 | setup=261897 total=3367159
T t=81.3 bar=42 ph=6 the heart | render ms 11.29/11.34/11.47 | fps 59.7 | hold 1 miss 0 late 0 | gap ms 16.73 | under 0 fill 464 | copy 2507 cy/line 35.95 Mcy/s | synth 3039 cy/pump 43.58 Mcy/s 1815 cy/sample | tri 148 px 31334 part 108 ch 3 | AHASH s=1944000 1ffa4469
PROF T t=81 ph=6 the heart frames=60 | clear=44677 sky=524857 floor=0 scene=2615111 flat=73224 gouraud=0 chrome=478806 texture=1800840 furnace=0 embers=117367 bloom=43612 veil=850 titles=28578 fade=212 | setup=262238 total=3375267
T t=82.3 bar=42 ph=6 the heart | render ms 11.33/11.38/11.50 | fps 59.7 | hold 1 miss 0 late 0 | gap ms 16.73 | under 0 fill 464 | copy 2507 cy/line 35.95 Mcy/s | synth 3039 cy/pump 43.59 Mcy/s 1816 cy/sample | tri 148 px 31419 part 108 ch 3 | AHASH s=1968000 a182c235
PROF T t=82 ph=6 the heart frames=60 | clear=44584 sky=524805 floor=0 scene=2624365 flat=72737 gouraud=0 chrome=487753 texture=1801785 furnace=0 embers=119036 bloom=43367 veil=856 titles=28557 fade=207 | setup=262089 total=3385782
T t=83.3 bar=43 ph=6 the heart | render ms 11.35/11.39/11.53 | fps 59.7 | hold 1 miss 0 late 0 | gap ms 16.73 | under 0 fill 464 | copy 2506 cy/line 35.94 Mcy/s | synth 3038 cy/pump 43.57 Mcy/s 1815 cy/sample | tri 146 px 31426 part 108 ch 3 | AHASH s=1992000 5027bfaf
PROF T t=83 ph=6 the heart frames=60 | clear=44688 sky=524986 floor=0 scene=2628952 flat=71593 gouraud=0 chrome=492679 texture=1801521 furnace=0 embers=119280 bloom=42711 veil=866 titles=28591 fade=208 | setup=263156 total=3390285
T t=84.3 bar=43 ph=6 the heart | render ms 11.33/11.39/11.54 | fps 59.7 | hold 1 miss 0 late 0 | gap ms 16.73 | under 0 fill 464 | copy 2506 cy/line 35.93 Mcy/s | synth 3041 cy/pump 43.61 Mcy/s 1817 cy/sample | tri 148 px 31649 part 108 ch 3 | AHASH s=2016000 7a85e49a
PROF T t=84 ph=6 the heart frames=60 | clear=44695 sky=525325 floor=0 scene=2635223 flat=71637 gouraud=0 chrome=494807 texture=1805442 furnace=0 embers=116343 bloom=38996 veil=856 titles=28583 fade=216 | setup=263335 total=3390240
T t=85.3 bar=44 ph=6 the heart | render ms 11.39/11.43/11.55 | fps 59.7 | hold 1 miss 0 late 0 | gap ms 16.73 | under 0 fill 464 | copy 2507 cy/line 35.95 Mcy/s | synth 3041 cy/pump 43.61 Mcy/s 1817 cy/sample | tri 148 px 31908 part 109 ch 3 | AHASH s=2040000 ff39b825
PROF T t=85 ph=6 the heart frames=60 | clear=44722 sky=525454 floor=0 scene=2645609 flat=73285 gouraud=0 chrome=495265 texture=1813951 furnace=0 embers=116521 bloom=41537 veil=862 titles=28531 fade=208 | setup=263107 total=3403447
T t=86.3 bar=44 ph=6 the heart | render ms 11.44/11.49/11.62 | fps 59.7 | hold 1 miss 0 late 0 | gap ms 16.73 | under 0 fill 464 | copy 2507 cy/line 35.96 Mcy/s | synth 3042 cy/pump 43.63 Mcy/s 1818 cy/sample | tri 146 px 31886 part 109 ch 3 | AHASH s=2064000 d6b81d94
PROF T t=86 ph=6 the heart frames=60 | clear=44676 sky=525519 floor=0 scene=2656573 flat=76035 gouraud=0 chrome=495650 texture=1821881 furnace=0 embers=118533 bloom=43608 veil=847 titles=28683 fade=220 | setup=263006 total=3418662
T t=87.3 bar=45 ph=6 the heart | render ms 11.33/11.38/11.66 | fps 59.7 | hold 1 miss 0 late 0 | gap ms 16.73 | under 0 fill 464 | copy 2507 cy/line 35.95 Mcy/s | synth 3036 cy/pump 43.54 Mcy/s 1814 cy/sample | tri 146 px 31810 part 109 ch 3 | AHASH s=2088000 12be213a
PROF T t=87 ph=6 the heart frames=60 | clear=44626 sky=524352 floor=0 scene=2650110 flat=78608 gouraud=0 chrome=488398 texture=1820604 furnace=0 embers=119714 bloom=44486 veil=868 titles=2291 fade=212 | setup=262498 total=3386664
T t=88.3 bar=46 ph=6 the heart | render ms 11.30/11.35/11.50 | fps 59.7 | hold 1 miss 0 late 0 | gap ms 16.73 | under 0 fill 464 | copy 2507 cy/line 35.95 Mcy/s | synth 3037 cy/pump 43.56 Mcy/s 1815 cy/sample | tri 144 px 31821 part 110 ch 3 | AHASH s=2112000 97f87b86
PROF T t=88 ph=6 the heart frames=60 | clear=44648 sky=522891 floor=0 scene=2642690 flat=79645 gouraud=0 chrome=479254 texture=1821464 furnace=0 embers=118871 bloom=45325 veil=848 titles=1371 fade=202 | setup=262326 total=3376851
T t=89.3 bar=46 ph=6 the heart | render ms 11.29/11.34/11.47 | fps 59.7 | hold 1 miss 0 late 0 | gap ms 16.73 | under 0 fill 464 | copy 2507 cy/line 35.96 Mcy/s | synth 3040 cy/pump 43.59 Mcy/s 1816 cy/sample | tri 146 px 31767 part 110 ch 3 | AHASH s=2136000 8830535a
PROF T t=89 ph=6 the heart frames=60 | clear=44667 sky=523092 floor=0 scene=2637255 flat=78452 gouraud=0 chrome=474275 texture=1821717 furnace=0 embers=122161 bloom=44428 veil=862 titles=1381 fade=206 | setup=262810 total=3374055
T t=90.3 bar=47 ph=6 the heart | render ms 11.26/11.32/11.45 | fps 59.7 | hold 1 miss 0 late 0 | gap ms 16.73 | under 0 fill 464 | copy 2508 cy/line 35.96 Mcy/s | synth 3040 cy/pump 43.60 Mcy/s 1816 cy/sample | tri 142 px 32192 part 110 ch 3 | AHASH s=2160000 fc2b037f
PROF T t=90 ph=6 the heart frames=60 | clear=44596 sky=523083 floor=0 scene=2637788 flat=75035 gouraud=0 chrome=471138 texture=1828655 furnace=0 embers=120781 bloom=39554 veil=856 titles=1380 fade=216 | setup=262958 total=3368258
T t=91.3 bar=47 ph=6 the heart | render ms 11.28/11.35/11.50 | fps 59.7 | hold 1 miss 0 late 0 | gap ms 16.73 | under 0 fill 464 | copy 2508 cy/line 35.97 Mcy/s | synth 3042 cy/pump 43.63 Mcy/s 1818 cy/sample | tri 146 px 31973 part 110 ch 3 | AHASH s=2184000 1bc4b39c
PROF T t=91 ph=6 the heart frames=60 | clear=44688 sky=522823 floor=0 scene=2646427 flat=73382 gouraud=0 chrome=467774 texture=1842006 furnace=0 embers=118562 bloom=41898 veil=856 titles=1409 fade=214 | setup=263263 total=3376881
PHRASE t=92.1 bar=48 ph=7 the heart | render ms 11.24/11.74/17.00 | fps 59.0 | hold 2 miss 0 late 11 | gap ms 33.47 | under 0 fill 464 | copy 2508 cy/line 35.97 Mcy/s | synth 3039 cy/pump 43.58 Mcy/s 1816 cy/sample | tri 146 px 31991 part 111 ch 3 | AHASH s=2208000 5dfce50c
PROF PHRASE t=92 ph=7 the heart frames=906 | clear=44672 sky=524333 floor=0 scene=2630170 flat=74537 gouraud=0 chrome=479673 texture=1843925 furnace=0 embers=118144 bloom=43020 veil=118413 titles=16353 fade=211 | setup=232034 total=3495319
T t=92.3 bar=48 ph=7 the heart | render ms 11.27/11.32/11.46 | fps 59.7 | hold 1 miss 0 late 0 | gap ms 16.73 | under 0 fill 464 | copy 2508 cy/line 35.96 Mcy/s | synth 3041 cy/pump 43.61 Mcy/s 1817 cy/sample | tri 144 px 31997 part 111 ch 3 | AHASH s=2208000 5dfce50c
PROF T t=92 ph=7 the heart frames=60 | clear=44742 sky=523135 floor=0 scene=2633154 flat=75220 gouraud=0 chrome=465006 texture=1830991 furnace=0 embers=120664 bloom=44791 veil=858 titles=1371 fade=210 | setup=261935 total=3368928
T t=93.3 bar=48 ph=7 the heart | render ms 11.32/11.35/11.49 | fps 59.7 | hold 1 miss 0 late 0 | gap ms 16.73 | under 0 fill 464 | copy 2508 cy/line 35.97 Mcy/s | synth 3042 cy/pump 43.63 Mcy/s 1817 cy/sample | tri 142 px 31995 part 111 ch 3 | AHASH s=2232000 15641653
PROF T t=93 ph=7 the heart frames=60 | clear=44698 sky=522919 floor=0 scene=2640823 flat=74310 gouraud=0 chrome=471906 texture=1832364 furnace=0 embers=123858 bloom=43909 veil=844 titles=1367 fade=219 | setup=262242 total=3378642
T t=94.3 bar=49 ph=7 the heart | render ms 11.32/11.36/11.51 | fps 59.7 | hold 1 miss 0 late 0 | gap ms 16.73 | under 0 fill 464 | copy 2508 cy/line 35.97 Mcy/s | synth 3042 cy/pump 43.62 Mcy/s 1817 cy/sample | tri 144 px 32065 part 111 ch 3 | AHASH s=2256000 6c2c8fe6
PROF T t=94 ph=7 the heart frames=60 | clear=44581 sky=523403 floor=0 scene=2647124 flat=73463 gouraud=0 chrome=478533 texture=1832284 furnace=0 embers=123877 bloom=39692 veil=846 titles=1387 fade=213 | setup=262842 total=3381127
T t=95.3 bar=49 ph=7 the heart | render ms 11.37/11.45/11.54 | fps 59.7 | hold 1 miss 0 late 0 | gap ms 16.73 | under 0 fill 464 | copy 2508 cy/line 35.97 Mcy/s | synth 3040 cy/pump 43.60 Mcy/s 1816 cy/sample | tri 144 px 32597 part 111 ch 3 | AHASH s=2280000 77459282
PROF T t=95 ph=7 the heart frames=60 | clear=44687 sky=524295 floor=0 scene=2671794 flat=77069 gouraud=0 chrome=485755 texture=1845959 furnace=0 embers=121701 bloom=42100 veil=864 titles=1396 fade=208 | setup=263009 total=3407048
T t=96.4 bar=50 ph=7 the heart | render ms 11.46/11.51/11.62 | fps 59.7 | hold 1 miss 0 late 0 | gap ms 16.73 | under 0 fill 464 | copy 2508 cy/line 35.97 Mcy/s | synth 3040 cy/pump 43.60 Mcy/s 1816 cy/sample | tri 144 px 32620 part 111 ch 3 | AHASH s=2304000 57ad9b3d
PROF T t=96 ph=7 the heart frames=60 | clear=44632 sky=524422 floor=0 scene=2686468 flat=80084 gouraud=0 chrome=490687 texture=1852727 furnace=0 embers=122313 bloom=45450 veil=856 titles=1390 fade=216 | setup=262969 total=3425750
T t=97.4 bar=50 ph=7 the heart | render ms 11.50/11.55/11.67 | fps 59.7 | hold 1 miss 0 late 0 | gap ms 16.73 | under 0 fill 464 | copy 2508 cy/line 35.97 Mcy/s | synth 3043 cy/pump 43.64 Mcy/s 1818 cy/sample | tri 146 px 32715 part 111 ch 3 | AHASH s=2328000 46324a32
PROF T t=97 ph=7 the heart frames=60 | clear=44638 sky=524632 floor=0 scene=2699314 flat=80852 gouraud=0 chrome=501167 texture=1853885 furnace=0 embers=121092 bloom=45466 veil=858 titles=1357 fade=215 | setup=263408 total=3437574
T t=98.4 bar=51 ph=7 the heart | render ms 11.51/11.56/11.70 | fps 59.7 | hold 1 miss 0 late 0 | gap ms 16.73 | under 0 fill 464 | copy 2509 cy/line 35.99 Mcy/s | synth 3042 cy/pump 43.63 Mcy/s 1818 cy/sample | tri 146 px 32729 part 111 ch 3 | AHASH s=2352000 f1166fe6
PROF T t=98 ph=7 the heart frames=60 | clear=44629 sky=524224 floor=0 scene=2705348 flat=79977 gouraud=0 chrome=506318 texture=1855013 furnace=0 embers=119166 bloom=44911 veil=849 titles=1423 fade=225 | setup=264039 total=3440777
T t=99.4 bar=51 ph=7 the heart | render ms 11.52/11.56/11.71 | fps 59.7 | hold 1 miss 0 late 0 | gap ms 16.73 | under 0 fill 464 | copy 2509 cy/line 35.98 Mcy/s | synth 3045 cy/pump 43.67 Mcy/s 1819 cy/sample | tri 150 px 32754 part 111 ch 3 | AHASH s=2376000 3f3f2310
PROF T t=99 ph=7 the heart frames=60 | clear=44645 sky=523707 floor=0 scene=2706416 flat=77375 gouraud=0 chrome=509129 texture=1855728 furnace=0 embers=119569 bloom=43518 veil=860 titles=1424 fade=208 | setup=264183 total=3440350
T t=100.4 bar=52 ph=7 the heart | render ms 11.54/11.61/11.72 | fps 59.7 | hold 1 miss 0 late 0 | gap ms 16.73 | under 0 fill 464 | copy 2509 cy/line 35.99 Mcy/s | synth 3043 cy/pump 43.65 Mcy/s 1818 cy/sample | tri 148 px 33247 part 111 ch 3 | AHASH s=2400000 ae191035
PROF T t=100 ph=7 the heart frames=60 | clear=44650 sky=524389 floor=0 scene=2721263 flat=75229 gouraud=0 chrome=514510 texture=1867247 furnace=0 embers=120895 bloom=40901 veil=857 titles=1400 fade=204 | setup=264275 total=3454562
T t=101.4 bar=52 ph=7 the heart | render ms 11.57/11.65/11.77 | fps 59.7 | hold 1 miss 0 late 0 | gap ms 16.73 | under 0 fill 464 | copy 2509 cy/line 35.99 Mcy/s | synth 3042 cy/pump 43.62 Mcy/s 1817 cy/sample | tri 146 px 33243 part 111 ch 3 | AHASH s=2424000 c9629b28
PROF T t=101 ph=7 the heart frames=60 | clear=44727 sky=524440 floor=0 scene=2731524 flat=73658 gouraud=0 chrome=514079 texture=1879827 furnace=0 embers=121470 bloom=42900 veil=846 titles=1378 fade=205 | setup=263958 total=3467493
T t=102.4 bar=53 ph=7 the heart | render ms 11.60/11.64/11.79 | fps 59.7 | hold 1 miss 0 late 0 | gap ms 16.73 | under 0 fill 464 | copy 2510 cy/line 35.99 Mcy/s | synth 3042 cy/pump 43.63 Mcy/s 1818 cy/sample | tri 148 px 33246 part 111 ch 3 | AHASH s=2448000 0c461bf6
PROF T t=102 ph=7 the heart frames=60 | clear=44683 sky=523508 floor=0 scene=2729576 flat=74422 gouraud=0 chrome=511150 texture=1880256 furnace=0 embers=122212 bloom=43490 veil=855 titles=1416 fade=207 | setup=263747 total=3465950
T t=103.4 bar=53 ph=7 the heart | render ms 11.58/11.64/11.78 | fps 59.7 | hold 1 miss 0 late 0 | gap ms 16.73 | under 0 fill 464 | copy 2509 cy/line 35.99 Mcy/s | synth 3043 cy/pump 43.63 Mcy/s 1818 cy/sample | tri 144 px 33266 part 111 ch 3 | AHASH s=2472000 417189a2
PROF T t=103 ph=7 the heart frames=60 | clear=44653 sky=523165 floor=0 scene=2728280 flat=75694 gouraud=0 chrome=506235 texture=1882597 furnace=0 embers=122866 bloom=44313 veil=854 titles=1378 fade=213 | setup=263752 total=3465724
T t=104.4 bar=54 ph=7 the heart | render ms 11.57/11.61/11.76 | fps 59.7 | hold 1 miss 0 late 0 | gap ms 16.73 | under 0 fill 464 | copy 2510 cy/line 35.99 Mcy/s | synth 3040 cy/pump 43.60 Mcy/s 1816 cy/sample | tri 144 px 33260 part 112 ch 3 | AHASH s=2496000 601664cb
PROF T t=104 ph=7 the heart frames=60 | clear=44700 sky=523474 floor=0 scene=2719609 flat=75853 gouraud=0 chrome=496837 texture=1883621 furnace=0 embers=122672 bloom=44229 veil=844 titles=1392 fade=205 | setup=263296 total=3457128
T t=105.4 bar=54 ph=7 the heart | render ms 11.54/11.59/11.75 | fps 59.7 | hold 1 miss 0 late 0 | gap ms 16.73 | under 0 fill 464 | copy 2510 cy/line 35.99 Mcy/s | synth 3044 cy/pump 43.65 Mcy/s 1819 cy/sample | tri 142 px 33244 part 112 ch 3 | AHASH s=2520000 cf98d3ed
PROF T t=105 ph=7 the heart frames=60 | clear=44680 sky=523293 floor=0 scene=2716456 flat=75874 gouraud=0 chrome=493875 texture=1883374 furnace=0 embers=118583 bloom=44355 veil=862 titles=1421 fade=222 | setup=263332 total=3449875
T t=106.4 bar=55 ph=7 the heart | render ms 11.54/13.14/16.03 | fps 59.7 | hold 1 miss 0 late 0 | gap ms 16.73 | under 0 fill 464 | copy 2515 cy/line 36.06 Mcy/s | synth 3043 cy/pump 43.64 Mcy/s 1818 cy/sample | tri 148 px 35134 part 113 ch 3 | AHASH s=2544000 e435c086
PROF T t=106 ph=7 the heart frames=60 | clear=44652 sky=523830 floor=0 scene=2712420 flat=75670 gouraud=0 chrome=489767 texture=1954056 furnace=0 embers=117674 bloom=43439 veil=469972 titles=1402 fade=212 | setup=192926 total=3913605
T t=107.4 bar=55 ph=7 the heart | render ms 16.04/16.64/17.24 | fps 42.1 | hold 2 miss 0 late 18 | gap ms 33.47 | under 0 fill 464 | copy 2511 cy/line 36.01 Mcy/s | synth 3024 cy/pump 43.36 Mcy/s 1807 cy/sample | tri 148 px 41822 part 113 ch 3 | AHASH s=2568000 7e8bfa36
PROF T t=107 ph=7 the heart frames=43 | clear=44685 sky=525035 floor=0 scene=2702904 flat=75638 gouraud=0 chrome=481676 texture=2331488 furnace=0 embers=118104 bloom=45264 veil=1526728 titles=1412 fade=202 | setup=0 total=4964337
PHRASE t=107.5 bar=56 ph=8 the eye | render ms 11.29/11.91/17.73 | fps 58.3 | hold 2 miss 0 late 21 | gap ms 33.47 | under 0 fill 464 | copy 2509 cy/line 35.99 Mcy/s | synth 3041 cy/pump 43.61 Mcy/s 1817 cy/sample | tri 186 px 50466 part 78 ch 4 | AHASH s=2568000 7e8bfa36
PROF PHRASE t=107 ph=8 the eye frames=899 | clear=44672 sky=523980 floor=0 scene=2700482 flat=76256 gouraud=0 chrome=496349 texture=1892610 furnace=0 embers=121115 bloom=43545 veil=110850 titles=1395 fade=211 | setup=235265 total=3546254
T t=108.4 bar=56 ph=8 the eye | render ms 16.54/17.24/17.86 | fps 31.8 | hold 2 miss 0 late 28 | gap ms 33.47 | under 0 fill 464 | copy 2510 cy/line 36.00 Mcy/s | synth 2869 cy/pump 41.14 Mcy/s 1714 cy/sample | tri 186 px 44226 part 78 ch 4 | AHASH s=2592000 66b373d5
PROF T t=108 ph=8 the eye frames=32 | clear=44802 sky=542000 floor=0 scene=2883952 flat=4717 gouraud=0 chrome=305438 texture=2733763 furnace=0 embers=86790 bloom=2847 veil=1582263 titles=1275 fade=220 | setup=0 total=5144154
T t=109.4 bar=57 ph=8 the eye | render ms 12.04/14.03/16.72 | fps 58.7 | hold 2 miss 0 late 1 | gap ms 33.47 | under 0 fill 464 | copy 2535 cy/line 36.35 Mcy/s | synth 2713 cy/pump 38.91 Mcy/s 1621 cy/sample | tri 182 px 41826 part 78 ch 4 | AHASH s=2616000 c82a5663
PROF T t=109 ph=8 the eye frames=59 | clear=44602 sky=540890 floor=0 scene=2897922 flat=0 gouraud=0 chrome=294047 texture=2356758 furnace=0 embers=84590 bloom=0 veil=595737 titles=18132 fade=210 | setup=247117 total=4182086
T t=110.4 bar=57 ph=8 the eye | render ms 12.03/12.07/12.25 | fps 59.7 | hold 1 miss 0 late 0 | gap ms 16.73 | under 0 fill 464 | copy 2528 cy/line 36.26 Mcy/s | synth 2709 cy/pump 38.84 Mcy/s 1618 cy/sample | tri 182 px 41826 part 78 ch 4 | AHASH s=2640000 9f6ffe38
PROF T t=110 ph=8 the eye frames=60 | clear=44545 sky=541163 floor=0 scene=2897824 flat=0 gouraud=0 chrome=293939 texture=2259899 furnace=0 embers=84760 bloom=0 veil=849 titles=24355 fade=218 | setup=343985 total=3593718
T t=111.4 bar=58 ph=8 the eye | render ms 12.03/12.07/12.26 | fps 59.7 | hold 1 miss 0 late 0 | gap ms 16.73 | under 0 fill 464 | copy 2528 cy/line 36.26 Mcy/s | synth 2708 cy/pump 38.84 Mcy/s 1618 cy/sample | tri 182 px 41826 part 78 ch 4 | AHASH s=2664000 670e852b
PROF T t=111 ph=8 the eye frames=60 | clear=44610 sky=540978 floor=0 scene=2898664 flat=0 gouraud=0 chrome=293870 texture=2260293 furnace=0 embers=84113 bloom=0 veil=839 titles=24400 fade=206 | setup=344500 total=3593813
T t=112.4 bar=58 ph=8 the eye | render ms 12.04/12.07/12.23 | fps 59.7 | hold 1 miss 0 late 0 | gap ms 16.73 | under 0 fill 464 | copy 2528 cy/line 36.26 Mcy/s | synth 2706 cy/pump 38.81 Mcy/s 1617 cy/sample | tri 182 px 41826 part 78 ch 4 | AHASH s=2688000 c39148f0
PROF T t=112 ph=8 the eye frames=60 | clear=44601 sky=541135 floor=0 scene=2897818 flat=0 gouraud=0 chrome=293947 texture=2260338 furnace=0 embers=86257 bloom=0 veil=842 titles=24402 fade=217 | setup=343533 total=3595276
T t=113.4 bar=59 ph=8 the eye | render ms 12.05/12.07/12.23 | fps 59.7 | hold 1 miss 0 late 0 | gap ms 16.73 | under 0 fill 464 | copy 2528 cy/line 36.25 Mcy/s | synth 2709 cy/pump 38.85 Mcy/s 1619 cy/sample | tri 182 px 41826 part 78 ch 4 | AHASH s=2712000 f53583f6
PROF T t=113 ph=8 the eye frames=60 | clear=44582 sky=541201 floor=0 scene=2897694 flat=0 gouraud=0 chrome=293900 texture=2260186 furnace=0 embers=86407 bloom=0 veil=856 titles=24418 fade=212 | setup=343607 total=3595373
T t=114.4 bar=59 ph=8 the eye | render ms 12.04/12.08/12.26 | fps 59.7 | hold 1 miss 0 late 0 | gap ms 16.73 | under 0 fill 464 | copy 2528 cy/line 36.26 Mcy/s | synth 2708 cy/pump 38.83 Mcy/s 1618 cy/sample | tri 182 px 41826 part 78 ch 4 | AHASH s=2736000 500e0439
PROF T t=114 ph=8 the eye frames=60 | clear=44577 sky=541096 floor=0 scene=2898527 flat=0 gouraud=0 chrome=293861 texture=2260537 furnace=0 embers=86393 bloom=0 veil=863 titles=24450 fade=216 | setup=344128 total=3596125
T t=115.4 bar=60 ph=8 the eye | render ms 12.04/12.07/12.24 | fps 59.7 | hold 1 miss 0 late 0 | gap ms 16.73 | under 0 fill 464 | copy 2528 cy/line 36.25 Mcy/s | synth 2708 cy/pump 38.83 Mcy/s 1618 cy/sample | tri 182 px 41826 part 79 ch 4 | AHASH s=2760000 92d069c7
PROF T t=115 ph=8 the eye frames=60 | clear=44616 sky=540979 floor=0 scene=2897694 flat=0 gouraud=0 chrome=293934 texture=2260127 furnace=0 embers=85187 bloom=0 veil=864 titles=24347 fade=212 | setup=343633 total=3593902
T t=116.5 bar=60 ph=8 the eye | render ms 12.03/12.07/12.22 | fps 59.7 | hold 1 miss 0 late 0 | gap ms 16.73 | under 0 fill 464 | copy 2528 cy/line 36.26 Mcy/s | synth 2709 cy/pump 38.85 Mcy/s 1619 cy/sample | tri 182 px 41826 part 79 ch 4 | AHASH s=2784000 3672f781
PROF T t=116 ph=8 the eye frames=60 | clear=44586 sky=541221 floor=0 scene=2898094 flat=0 gouraud=0 chrome=293897 texture=2260354 furnace=0 embers=83707 bloom=0 veil=854 titles=24390 fade=203 | setup=343842 total=3593058
T t=117.5 bar=61 ph=8 the eye | render ms 11.95/12.03/12.24 | fps 59.7 | hold 1 miss 0 late 0 | gap ms 16.73 | under 0 fill 464 | copy 2529 cy/line 36.26 Mcy/s | synth 2707 cy/pump 38.82 Mcy/s 1617 cy/sample | tri 182 px 41826 part 79 ch 4 | AHASH s=2808000 688c7659
PROF T t=117 ph=8 the eye frames=60 | clear=44551 sky=540323 floor=0 scene=2897170 flat=0 gouraud=0 chrome=293926 texture=2259755 furnace=0 embers=84868 bloom=0 veil=860 titles=15180 fade=211 | setup=343487 total=3583165
T t=118.5 bar=61 ph=8 the eye | render ms 11.94/11.98/12.18 | fps 59.7 | hold 1 miss 0 late 0 | gap ms 16.73 | under 0 fill 464 | copy 2530 cy/line 36.28 Mcy/s | synth 2705 cy/pump 38.79 Mcy/s 1616 cy/sample | tri 182 px 41826 part 79 ch 4 | AHASH s=2832000 3e67fc45
PROF T t=118 ph=8 the eye frames=60 | clear=44561 sky=539219 floor=0 scene=2896336 flat=0 gouraud=0 chrome=293907 texture=2259332 furnace=0 embers=84048 bloom=0 veil=868 titles=1385 fade=207 | setup=343096 total=3566626
T t=119.5 bar=62 ph=8 the eye | render ms 11.95/11.98/12.18 | fps 59.7 | hold 1 miss 0 late 0 | gap ms 16.73 | under 0 fill 464 | copy 2530 cy/line 36.28 Mcy/s | synth 2705 cy/pump 38.79 Mcy/s 1616 cy/sample | tri 182 px 41826 part 79 ch 4 | AHASH s=2856000 a1c508fe
PROF T t=119 ph=8 the eye frames=60 | clear=44585 sky=539890 floor=0 scene=2897021 flat=0 gouraud=0 chrome=293845 texture=2259546 furnace=0 embers=84577 bloom=0 veil=857 titles=1376 fade=200 | setup=343628 total=3568509
T t=120.5 bar=62 ph=8 the eye | render ms 11.97/11.99/12.16 | fps 59.7 | hold 1 miss 0 late 0 | gap ms 16.73 | under 0 fill 464 | copy 2529 cy/line 36.28 Mcy/s | synth 2703 cy/pump 38.77 Mcy/s 1615 cy/sample | tri 182 px 41826 part 79 ch 4 | AHASH s=2880000 c01fbcf3
PROF T t=120 ph=8 the eye frames=60 | clear=44557 sky=539903 floor=0 scene=2897084 flat=0 gouraud=0 chrome=293889 texture=2259867 furnace=0 embers=87548 bloom=0 veil=853 titles=1389 fade=197 | setup=343327 total=3571533
T t=121.5 bar=63 ph=8 the eye | render ms 11.96/11.99/12.18 | fps 59.7 | hold 1 miss 0 late 0 | gap ms 16.73 | under 0 fill 464 | copy 2529 cy/line 36.27 Mcy/s | synth 2706 cy/pump 38.81 Mcy/s 1617 cy/sample | tri 182 px 41826 part 80 ch 4 | AHASH s=2904000 bf7e4e19
PROF T t=121 ph=8 the eye frames=60 | clear=44569 sky=540050 floor=0 scene=2895571 flat=0 gouraud=0 chrome=293833 texture=2258963 furnace=0 embers=89013 bloom=0 veil=855 titles=1386 fade=218 | setup=342773 total=3571663
T t=122.5 bar=63 ph=8 the eye | render ms 11.96/12.00/12.18 | fps 59.7 | hold 1 miss 0 late 0 | gap ms 16.73 | under 0 fill 464 | copy 2529 cy/line 36.27 Mcy/s | synth 2707 cy/pump 38.82 Mcy/s 1617 cy/sample | tri 182 px 41826 part 80 ch 4 | AHASH s=2928000 e129bcd7
PROF T t=122 ph=8 the eye frames=60 | clear=44583 sky=539891 floor=0 scene=2895953 flat=0 gouraud=0 chrome=293756 texture=2259273 furnace=0 embers=89063 bloom=0 veil=849 titles=1387 fade=214 | setup=342922 total=3571942
PHRASE t=122.8 bar=64 ph=9 the eye | render ms 11.94/12.34/17.86 | fps 58.0 | hold 2 miss 0 late 26 | gap ms 33.47 | under 0 fill 464 | copy 2528 cy/line 36.26 Mcy/s | synth 2717 cy/pump 38.97 Mcy/s 1623 cy/sample | tri 182 px 41826 part 84 ch 4 | AHASH s=2928000 e129bcd7
PROF PHRASE t=122 ph=9 the eye frames=890 | clear=44585 sky=540608 floor=0 scene=2897348 flat=0 gouraud=0 chrome=293895 texture=2282117 furnace=0 embers=85774 bloom=0 veil=91389 titles=14280 fade=210 | setup=321334 total=3674197
T t=123.5 bar=64 ph=9 the eye | render ms 11.96/12.03/12.20 | fps 59.7 | hold 1 miss 0 late 0 | gap ms 16.73 | under 0 fill 464 | copy 2516 cy/line 36.08 Mcy/s | synth 2929 cy/pump 42.01 Mcy/s 1750 cy/sample | tri 182 px 42424 part 84 ch 4 | AHASH s=2952000 c84c1e21
PROF T t=123 ph=9 the eye frames=60 | clear=44634 sky=540363 floor=0 scene=2903081 flat=0 gouraud=0 chrome=294947 texture=2264617 furnace=0 embers=91952 bloom=0 veil=843 titles=1401 fade=210 | setup=343516 total=3582486
T t=124.5 bar=64 ph=9 the eye | render ms 12.12/12.38/12.70 | fps 59.7 | hold 1 miss 0 late 0 | gap ms 16.73 | under 0 fill 464 | copy 2511 cy/line 36.01 Mcy/s | synth 3035 cy/pump 43.52 Mcy/s 1813 cy/sample | tri 182 px 46527 part 84 ch 4 | AHASH s=2976000 f3539544
PROF T t=124 ph=9 the eye frames=60 | clear=44583 sky=540918 floor=0 scene=3006285 flat=0 gouraud=0 chrome=299086 texture=2363797 furnace=0 embers=94118 bloom=0 veil=838 titles=1365 fade=206 | setup=343401 total=3688316
T t=125.5 bar=65 ph=9 the eye | render ms 12.74/13.08/13.49 | fps 59.7 | hold 1 miss 0 late 0 | gap ms 16.73 | under 0 fill 464 | copy 2514 cy/line 36.05 Mcy/s | synth 3037 cy/pump 43.55 Mcy/s 1814 cy/sample | tri 182 px 51009 part 84 ch 4 | AHASH s=3000000 c4c7db5e
PROF T t=125 ph=9 the eye frames=60 | clear=44596 sky=546163 floor=0 scene=3210976 flat=0 gouraud=0 chrome=314234 texture=2553085 furnace=0 embers=92382 bloom=0 veil=856 titles=1392 fade=215 | setup=343656 total=3896583
T t=126.5 bar=65 ph=9 the eye | render ms 13.54/13.97/14.30 | fps 59.7 | hold 1 miss 0 late 0 | gap ms 16.73 | under 0 fill 464 | copy 2518 cy/line 36.11 Mcy/s | synth 3032 cy/pump 43.48 Mcy/s 1812 cy/sample | tri 182 px 55842 part 84 ch 4 | AHASH s=3024000 689501b6
PROF T t=126 ph=9 the eye frames=60 | clear=44557 sky=557283 floor=0 scene=3469484 flat=0 gouraud=0 chrome=346477 texture=2778819 furnace=0 embers=91164 bloom=0 veil=851 titles=1401 fade=227 | setup=344187 total=4164970
T t=127.5 bar=66 ph=9 the eye | render ms 14.34/14.52/14.71 | fps 59.7 | hold 1 miss 0 late 0 | gap ms 16.73 | under 0 fill 464 | copy 2523 cy/line 36.19 Mcy/s | synth 3027 cy/pump 43.41 Mcy/s 1808 cy/sample | tri 182 px 56306 part 85 ch 4 | AHASH s=3048000 54ddbfb4
PROF T t=127 ph=9 the eye frames=60 | clear=44544 sky=578157 floor=0 scene=3612658 flat=0 gouraud=0 chrome=409333 texture=2859302 furnace=0 embers=91914 bloom=0 veil=857 titles=1397 fade=215 | setup=344022 total=4329744
T t=128.5 bar=66 ph=9 the eye | render ms 14.39/14.79/15.37 | fps 59.7 | hold 1 miss 0 late 0 | gap ms 16.73 | under 0 fill 464 | copy 2524 cy/line 36.20 Mcy/s | synth 3027 cy/pump 43.41 Mcy/s 1809 cy/sample | tri 182 px 58760 part 85 ch 4 | AHASH s=3072000 ff2af1eb
PROF T t=128 ph=9 the eye frames=60 | clear=44587 sky=620032 floor=0 scene=3652732 flat=0 gouraud=0 chrome=538772 texture=2768132 furnace=0 embers=91642 bloom=0 veil=869 titles=1381 fade=214 | setup=345826 total=4411460
T t=129.5 bar=67 ph=9 the eye | render ms 14.09/14.85/15.52 | fps 59.7 | hold 1 miss 0 late 0 | gap ms 16.73 | under 0 fill 464 | copy 2526 cy/line 36.23 Mcy/s | synth 3029 cy/pump 43.44 Mcy/s 1810 cy/sample | tri 182 px 52040 part 85 ch 4 | AHASH s=3096000 bcfb55d3
PROF T t=129 ph=9 the eye frames=60 | clear=44570 sky=725081 floor=0 scene=3565192 flat=0 gouraud=0 chrome=840119 texture=2379847 furnace=0 embers=91105 bloom=0 veil=861 titles=1380 fade=209 | setup=345226 total=4428401
T t=130.5 bar=68 ph=9 the eye | render ms 12.32/13.25/14.24 | fps 59.7 | hold 1 miss 0 late 0 | gap ms 16.73 | under 0 fill 464 | copy 2518 cy/line 36.11 Mcy/s | synth 3029 cy/pump 43.43 Mcy/s 1809 cy/sample | tri 182 px 25696 part 87 ch 4 | AHASH s=3120000 55e3adeb
PROF T t=130 ph=9 the eye frames=60 | clear=44628 sky=1131049 floor=0 scene=2679773 flat=0 gouraud=0 chrome=1247650 texture=1090232 furnace=0 embers=89038 bloom=0 veil=872 titles=1371 fade=223 | setup=341890 total=3946957
T t=131.5 bar=68 ph=9 the eye | render ms 10.84/11.30/12.39 | fps 59.7 | hold 1 miss 0 late 0 | gap ms 16.73 | under 0 fill 464 | copy 2487 cy/line 35.66 Mcy/s | synth 3034 cy/pump 43.51 Mcy/s 1813 cy/sample | tri 182 px 10064 part 87 ch 4 | AHASH s=3144000 776b4edd
PROF T t=131 ph=9 the eye frames=60 | clear=44597 sky=1788201 floor=0 scene=1431863 flat=0 gouraud=0 chrome=192315 texture=897812 furnace=0 embers=94200 bloom=0 veil=887 titles=1402 fade=223 | setup=341736 total=3361377
T t=132.5 bar=69 ph=9 the eye | render ms 10.94/11.41/12.02 | fps 59.7 | hold 1 miss 0 late 0 | gap ms 16.73 | under 0 fill 464 | copy 2487 cy/line 35.66 Mcy/s | synth 3035 cy/pump 43.53 Mcy/s 1813 cy/sample | tri 182 px 15652 part 88 ch 4 | AHASH s=3168000 37750be0
PROF T t=132 ph=9 the eye frames=60 | clear=44606 sky=1804418 floor=0 scene=1450932 flat=0 gouraud=0 chrome=24328 texture=1085167 furnace=0 embers=93951 bloom=0 veil=883 titles=1410 fade=230 | setup=341435 total=3396433
T t=133.5 bar=69 ph=9 the eye | render ms 12.03/12.95/14.15 | fps 59.7 | hold 1 miss 0 late 0 | gap ms 16.73 | under 0 fill 464 | copy 2495 cy/line 35.79 Mcy/s | synth 3037 cy/pump 43.56 Mcy/s 1815 cy/sample | tri 182 px 27572 part 88 ch 4 | AHASH s=3192000 13b36c2c
PROF T t=133 ph=9 the eye frames=60 | clear=44584 sky=1804089 floor=0 scene=1912864 flat=0 gouraud=0 chrome=24146 texture=1546240 furnace=0 embers=94757 bloom=0 veil=891 titles=1405 fade=225 | setup=342477 total=3858816
T t=134.5 bar=70 ph=9 the eye | render ms 14.27/15.76/17.47 | fps 50.9 | hold 2 miss 0 late 9 | gap ms 33.47 | under 0 fill 464 | copy 2504 cy/line 35.91 Mcy/s | synth 3029 cy/pump 43.43 Mcy/s 1809 cy/sample | tri 182 px 47448 part 90 ch 4 | AHASH s=3216000 734b9e99
PROF T t=134 ph=9 the eye frames=52 | clear=44597 sky=1803892 floor=0 scene=2753512 flat=0 gouraud=0 chrome=22337 texture=2387751 furnace=0 embers=96337 bloom=0 veil=886 titles=1394 fade=221 | setup=343423 total=4700842
T t=135.5 bar=70 ph=9 the eye | render ms 12.06/14.98/17.79 | fps 48.7 | hold 2 miss 0 late 11 | gap ms 33.47 | under 0 fill 464 | copy 2499 cy/line 35.83 Mcy/s | synth 3026 cy/pump 43.40 Mcy/s 1808 cy/sample | tri 182 px 15380 part 90 ch 4 | AHASH s=3240000 c8e54c97
PROF T t=135 ph=9 the eye frames=49 | clear=44644 sky=1804306 floor=0 scene=2514406 flat=0 gouraud=0 chrome=22257 texture=2150164 furnace=0 embers=99148 bloom=0 veil=885 titles=1386 fade=225 | setup=341983 total=4465003
T t=136.6 bar=71 ph=9 the eye | render ms 11.74/12.08/12.44 | fps 59.7 | hold 1 miss 0 late 0 | gap ms 16.73 | under 0 fill 464 | copy 2490 cy/line 35.72 Mcy/s | synth 3037 cy/pump 43.56 Mcy/s 1815 cy/sample | tri 182 px 17608 part 94 ch 4 | AHASH s=3264000 477858f9
PROF T t=136 ph=9 the eye frames=60 | clear=44564 sky=1804378 floor=0 scene=1643451 flat=0 gouraud=0 chrome=22273 texture=1279435 furnace=0 embers=100038 bloom=0 veil=887 titles=1416 fade=218 | setup=341742 total=3594954
T t=137.5 bar=71 ph=9 the eye | render ms 12.46/15.89/17.94 | fps 41.8 | hold 2 miss 0 late 18 | gap ms 33.47 | under 0 fill 464 | copy 2494 cy/line 35.76 Mcy/s | synth 3019 cy/pump 43.30 Mcy/s 1804 cy/sample | tri 186 px 26032 part 94 ch 4 | AHASH s=3288000 b36904b5
PROF T t=137 ph=9 the eye frames=42 | clear=44632 sky=1808960 floor=0 scene=1810762 flat=0 gouraud=0 chrome=22242 texture=1635546 furnace=0 embers=103501 bloom=0 veil=971008 titles=1416 fade=224 | setup=152973 total=4740506
PHRASE t=138.2 bar=72 ph=10 the load | render ms 10.84/13.61/18.72 | fps 56.0 | hold 2 miss 0 late 57 | gap ms 33.47 | under 0 fill 464 | copy 2506 cy/line 35.94 Mcy/s | synth 3030 cy/pump 43.45 Mcy/s 1810 cy/sample | tri 174 px 26083 part 126 ch 5 | AHASH s=3312000 4417a264
PROF PHRASE t=138 ph=10 the load frames=861 | clear=44596 sky=1193671 floor=0 scene=2634871 flat=0 gouraud=0 chrome=314803 texture=1999722 furnace=63 embers=94509 bloom=57 veil=86876 titles=1394 fade=219 | setup=320282 total=4056197
T t=138.6 bar=72 ph=10 the load | render ms 14.62/16.50/18.72 | fps 40.8 | hold 2 miss 0 late 19 | gap ms 33.47 | under 0 fill 464 | copy 2500 cy/line 35.85 Mcy/s | synth 3016 cy/pump 43.25 Mcy/s 1802 cy/sample | tri 174 px 24609 part 126 ch 5 | AHASH s=3312000 4417a264
PROF T t=138 ph=10 the load frames=41 | clear=44745 sky=1119479 floor=0 scene=1929351 flat=0 gouraud=0 chrome=374269 texture=1827869 furnace=28481 embers=122781 bloom=26601 veil=1677136 titles=1341 fade=224 | setup=0 total=4921662
T t=139.6 bar=72 ph=10 the load | render ms 12.36/13.87/14.79 | fps 59.7 | hold 1 miss 0 late 0 | gap ms 16.73 | under 0 fill 464 | copy 2512 cy/line 36.03 Mcy/s | synth 3039 cy/pump 43.59 Mcy/s 1816 cy/sample | tri 174 px 17446 part 126 ch 5 | AHASH s=3336000 b52e67ca
PROF T t=139 ph=10 the load frames=60 | clear=44594 sky=514956 floor=0 scene=1980495 flat=0 gouraud=0 chrome=679628 texture=1360517 furnace=55056 embers=139132 bloom=50418 veil=1401121 titles=4493 fade=220 | setup=0 total=4135434
T t=140.6 bar=73 ph=10 the load | render ms 9.24/9.60/12.38 | fps 59.7 | hold 1 miss 0 late 0 | gap ms 16.73 | under 0 fill 464 | copy 2505 cy/line 35.92 Mcy/s | synth 2726 cy/pump 39.09 Mcy/s 1628 cy/sample | tri 166 px 17386 part 126 ch 5 | AHASH s=3360000 e8c9be35
PROF T t=140 ph=10 the load frames=60 | clear=44598 sky=516092 floor=0 scene=1982906 flat=0 gouraud=0 chrome=680669 texture=1012898 furnace=57192 embers=136138 bloom=50925 veil=95676 titles=25484 fade=222 | setup=232146 total=2852045
T t=141.6 bar=73 ph=10 the load | render ms 9.24/9.28/9.39 | fps 59.7 | hold 1 miss 0 late 0 | gap ms 16.73 | under 0 fill 464 | copy 2508 cy/line 35.97 Mcy/s | synth 2590 cy/pump 37.14 Mcy/s 1547 cy/sample | tri 166 px 17419 part 126 ch 5 | AHASH s=3384000 78ec8b6d
PROF T t=141 ph=10 the load frames=60 | clear=44570 sky=515838 floor=0 scene=1980852 flat=0 gouraud=0 chrome=682221 texture=1001851 furnace=57055 embers=137261 bloom=50918 veil=849 titles=25479 fade=222 | setup=239724 total=2755994
T t=142.6 bar=74 ph=10 the load | render ms 9.25/9.29/9.43 | fps 59.7 | hold 1 miss 0 late 0 | gap ms 16.73 | under 0 fill 464 | copy 2509 cy/line 35.98 Mcy/s | synth 2592 cy/pump 37.17 Mcy/s 1549 cy/sample | tri 166 px 17391 part 127 ch 5 | AHASH s=3408000 24e3995f
PROF T t=142 ph=10 the load frames=60 | clear=44554 sky=515680 floor=0 scene=1982339 flat=0 gouraud=0 chrome=683279 texture=1001966 furnace=56868 embers=138805 bloom=50984 veil=854 titles=25487 fade=213 | setup=240224 total=2758920
T t=143.6 bar=74 ph=10 the load | render ms 9.23/9.27/9.40 | fps 59.7 | hold 1 miss 0 late 0 | gap ms 16.73 | under 0 fill 464 | copy 2509 cy/line 35.98 Mcy/s | synth 2592 cy/pump 37.18 Mcy/s 1549 cy/sample | tri 164 px 17413 part 127 ch 5 | AHASH s=3432000 a167a78e
PROF T t=143 ph=10 the load frames=60 | clear=44612 sky=515198 floor=0 scene=1979902 flat=0 gouraud=0 chrome=682813 texture=1002630 furnace=54887 embers=138488 bloom=50660 veil=863 titles=25475 fade=218 | setup=239571 total=2755419
T t=144.6 bar=75 ph=10 the load | render ms 9.24/9.28/9.41 | fps 59.7 | hold 1 miss 0 late 0 | gap ms 16.73 | under 0 fill 464 | copy 2509 cy/line 35.98 Mcy/s | synth 2593 cy/pump 37.19 Mcy/s 1549 cy/sample | tri 164 px 17490 part 127 ch 5 | AHASH s=3456000 634c61d6
PROF T t=144 ph=10 the load frames=60 | clear=44616 sky=514745 floor=0 scene=1980673 flat=0 gouraud=0 chrome=684190 texture=1004241 furnace=52735 embers=140702 bloom=48463 veil=852 titles=25464 fade=222 | setup=239505 total=2755738
T t=145.6 bar=75 ph=10 the load | render ms 9.24/9.28/9.41 | fps 59.7 | hold 1 miss 0 late 0 | gap ms 16.73 | under 0 fill 464 | copy 2509 cy/line 35.98 Mcy/s | synth 2594 cy/pump 37.20 Mcy/s 1550 cy/sample | tri 162 px 17546 part 127 ch 5 | AHASH s=3480000 71fe7714
PROF T t=145 ph=10 the load frames=60 | clear=44583 sky=514582 floor=0 scene=1982747 flat=0 gouraud=0 chrome=684852 texture=1005707 furnace=52557 embers=141210 bloom=47849 veil=873 titles=25436 fade=217 | setup=239630 total=2757501
T t=146.6 bar=76 ph=10 the load | render ms 9.27/9.30/9.43 | fps 59.7 | hold 1 miss 0 late 0 | gap ms 16.73 | under 0 fill 464 | copy 2510 cy/line 36.00 Mcy/s | synth 2591 cy/pump 37.15 Mcy/s 1548 cy/sample | tri 162 px 17562 part 127 ch 5 | AHASH s=3504000 1ad90c4d
PROF T t=146 ph=10 the load frames=60 | clear=44573 sky=514802 floor=0 scene=1986687 flat=0 gouraud=0 chrome=683473 texture=1008505 furnace=55373 embers=139578 bloom=50135 veil=867 titles=25503 fade=222 | setup=239334 total=2762370
T t=147.6 bar=76 ph=10 the load | render ms 9.29/9.32/9.42 | fps 59.7 | hold 1 miss 0 late 0 | gap ms 16.73 | under 0 fill 464 | copy 2508 cy/line 35.97 Mcy/s | synth 2592 cy/pump 37.17 Mcy/s 1549 cy/sample | tri 164 px 17578 part 127 ch 5 | AHASH s=3528000 8841309f
PROF T t=147 ph=10 the load frames=60 | clear=44585 sky=515328 floor=0 scene=1993342 flat=0 gouraud=0 chrome=686813 texture=1009480 furnace=57905 embers=138091 bloom=50998 veil=867 titles=25543 fade=222 | setup=239142 total=2768977
T t=148.6 bar=77 ph=10 the load | render ms 9.23/9.27/9.48 | fps 59.7 | hold 1 miss 0 late 0 | gap ms 16.73 | under 0 fill 464 | copy 2509 cy/line 35.98 Mcy/s | synth 2589 cy/pump 37.13 Mcy/s 1547 cy/sample | tri 164 px 17646 part 127 ch 5 | AHASH s=3552000 dff90dbd
PROF T t=148 ph=10 the load frames=60 | clear=44573 sky=515243 floor=0 scene=2000142 flat=0 gouraud=0 chrome=691100 texture=1011212 furnace=59155 embers=136784 bloom=51612 veil=851 titles=5788 fade=224 | setup=238673 total=2755221
T t=149.6 bar=77 ph=10 the load | render ms 9.25/9.28/9.39 | fps 59.7 | hold 1 miss 0 late 0 | gap ms 16.73 | under 0 fill 464 | copy 2509 cy/line 35.99 Mcy/s | synth 2587 cy/pump 37.11 Mcy/s 1546 cy/sample | tri 164 px 17721 part 127 ch 5 | AHASH s=3576000 10ef495b
PROF T t=149 ph=10 the load frames=60 | clear=44536 sky=514233 floor=0 scene=2005940 flat=0 gouraud=0 chrome=694022 texture=1013855 furnace=59814 embers=135974 bloom=53905 veil=874 titles=1359 fade=214 | setup=238248 total=2757037
T t=150.6 bar=78 ph=10 the load | render ms 9.28/9.31/9.43 | fps 59.7 | hold 1 miss 0 late 0 | gap ms 16.73 | under 0 fill 464 | copy 2510 cy/line 36.00 Mcy/s | synth 2588 cy/pump 37.11 Mcy/s 1546 cy/sample | tri 164 px 17767 part 127 ch 5 | AHASH s=3600000 a827f115
PROF T t=150 ph=10 the load frames=60 | clear=44555 sky=514289 floor=0 scene=2012966 flat=0 gouraud=0 chrome=695502 texture=1017395 furnace=61278 embers=136459 bloom=55685 veil=846 titles=1361 fade=218 | setup=238790 total=2766383
T t=151.6 bar=78 ph=10 the load | render ms 9.30/9.33/9.46 | fps 59.7 | hold 1 miss 0 late 0 | gap ms 16.73 | under 0 fill 464 | copy 2510 cy/line 36.00 Mcy/s | synth 2590 cy/pump 37.14 Mcy/s 1547 cy/sample | tri 164 px 17773 part 127 ch 5 | AHASH s=3624000 70a52061
PROF T t=151 ph=10 the load frames=60 | clear=44566 sky=514559 floor=0 scene=2016333 flat=0 gouraud=0 chrome=695054 texture=1018737 furnace=63344 embers=138785 bloom=56665 veil=853 titles=1345 fade=213 | setup=239196 total=2773324
T t=152.6 bar=79 ph=10 the load | render ms 9.31/9.35/9.51 | fps 59.7 | hold 1 miss 0 late 0 | gap ms 16.73 | under 0 fill 464 | copy 2510 cy/line 35.99 Mcy/s | synth 2590 cy/pump 37.14 Mcy/s 1547 cy/sample | tri 160 px 17815 part 127 ch 5 | AHASH s=3648000 83a0cb6b
PROF T t=152 ph=10 the load frames=60 | clear=44581 sky=514736 floor=0 scene=2018452 flat=0 gouraud=0 chrome=694157 texture=1018545 furnace=66612 embers=140675 bloom=57588 veil=877 titles=1321 fade=219 | setup=239136 total=2778452
PHRASE t=153.6 bar=80 ph=11 the load | render ms 9.23/9.75/15.06 | fps 59.7 | hold 1 miss 0 late 0 | gap ms 16.73 | under 0 fill 464 | copy 2509 cy/line 35.98 Mcy/s | synth 2637 cy/pump 37.81 Mcy/s 1575 cy/sample | tri 158 px 17855 part 127 ch 5 | AHASH s=3672000 abe9098c
PROF PHRASE t=153 ph=11 the load frames=917 | clear=44582 sky=515081 floor=0 scene=1994385 flat=0 gouraud=0 chrome=686968 texture=1046994 furnace=58453 embers=138501 bloom=52275 veil=137312 titles=14477 fade=219 | setup=201969 total=2896837
T t=153.6 bar=80 ph=11 the load | render ms 9.32/9.36/9.50 | fps 59.7 | hold 1 miss 0 late 0 | gap ms 16.73 | under 0 fill 464 | copy 2508 cy/line 35.97 Mcy/s | synth 2552 cy/pump 36.60 Mcy/s 1525 cy/sample | tri 158 px 17854 part 127 ch 5 | AHASH s=3672000 abe9098c
PROF T t=153 ph=11 the load frames=60 | clear=44674 sky=516179 floor=0 scene=2019726 flat=0 gouraud=0 chrome=690181 texture=1020995 furnace=69665 embers=139260 bloom=58739 veil=875 titles=1365 fade=219 | setup=238884 total=2781039
T t=154.6 bar=80 ph=11 the load | render ms 9.34/9.37/9.50 | fps 59.7 | hold 1 miss 0 late 0 | gap ms 16.73 | under 0 fill 464 | copy 2511 cy/line 36.00 Mcy/s | synth 2592 cy/pump 37.17 Mcy/s 1548 cy/sample | tri 160 px 17934 part 127 ch 5 | AHASH s=3696000 3176b28e
PROF T t=154 ph=11 the load frames=60 | clear=44531 sky=514841 floor=0 scene=2025452 flat=0 gouraud=0 chrome=693518 texture=1023365 furnace=70026 embers=138047 bloom=59598 veil=864 titles=1373 fade=210 | setup=238542 total=2784920
T t=155.6 bar=81 ph=11 the load | render ms 9.37/9.39/9.52 | fps 59.7 | hold 1 miss 0 late 0 | gap ms 16.73 | under 0 fill 464 | copy 2508 cy/line 35.96 Mcy/s | synth 2681 cy/pump 38.44 Mcy/s 1602 cy/sample | tri 160 px 17990 part 127 ch 5 | AHASH s=3720000 95f09d70
PROF T t=155 ph=11 the load frames=60 | clear=44598 sky=515340 floor=0 scene=2030403 flat=0 gouraud=0 chrome=695986 texture=1025107 furnace=70617 embers=136847 bloom=60604 veil=880 titles=1350 fade=212 | setup=238692 total=2790237
T t=156.6 bar=81 ph=11 the load | render ms 9.38/9.41/9.54 | fps 59.7 | hold 1 miss 0 late 0 | gap ms 16.73 | under 0 fill 464 | copy 2496 cy/line 35.79 Mcy/s | synth 3028 cy/pump 43.42 Mcy/s 1809 cy/sample | tri 160 px 18041 part 127 ch 5 | AHASH s=3744000 ca1f9b64
PROF T t=156 ph=11 the load frames=60 | clear=44613 sky=514799 floor=0 scene=2034131 flat=0 gouraud=0 chrome=697419 texture=1028990 furnace=69683 embers=137739 bloom=61503 veil=866 titles=1313 fade=223 | setup=238037 total=2795191
T t=157.6 bar=82 ph=11 the load | render ms 9.40/9.43/9.56 | fps 59.7 | hold 1 miss 0 late 0 | gap ms 16.73 | under 0 fill 464 | copy 2495 cy/line 35.78 Mcy/s | synth 3029 cy/pump 43.44 Mcy/s 1810 cy/sample | tri 160 px 18128 part 127 ch 5 | AHASH s=3768000 9d415870
PROF T t=157 ph=11 the load frames=60 | clear=44597 sky=515606 floor=0 scene=2038904 flat=0 gouraud=0 chrome=699118 texture=1031545 furnace=70208 embers=138859 bloom=62300 veil=861 titles=1352 fade=219 | setup=238032 total=2802701
T t=158.6 bar=82 ph=11 the load | render ms 9.41/9.45/9.58 | fps 59.7 | hold 1 miss 0 late 0 | gap ms 16.73 | under 0 fill 464 | copy 2497 cy/line 35.81 Mcy/s | synth 3031 cy/pump 43.47 Mcy/s 1811 cy/sample | tri 160 px 18195 part 127 ch 5 | AHASH s=3792000 7d3d2864
PROF T t=158 ph=11 the load frames=60 | clear=44596 sky=514859 floor=0 scene=2044382 flat=0 gouraud=0 chrome=700294 texture=1034634 furnace=70949 embers=139215 bloom=62488 veil=869 titles=1345 fade=225 | setup=238503 total=2807984
T t=159.7 bar=83 ph=11 the load | render ms 9.42/9.47/9.58 | fps 59.7 | hold 1 miss 0 late 0 | gap ms 16.73 | under 0 fill 464 | copy 2496 cy/line 35.79 Mcy/s | synth 3030 cy/pump 43.45 Mcy/s 1810 cy/sample | tri 164 px 18258 part 127 ch 5 | AHASH s=3816000 deef4d72
PROF T t=159 ph=11 the load frames=60 | clear=44598 sky=514866 floor=0 scene=2050166 flat=0 gouraud=0 chrome=702283 texture=1038866 furnace=70379 embers=139053 bloom=62638 veil=845 titles=1369 fade=212 | setup=238636 total=2813750
T t=160.7 bar=83 ph=11 the load | render ms 9.45/9.48/9.62 | fps 59.7 | hold 1 miss 0 late 0 | gap ms 16.73 | under 0 fill 464 | copy 2494 cy/line 35.77 Mcy/s | synth 3032 cy/pump 43.48 Mcy/s 1811 cy/sample | tri 162 px 18352 part 127 ch 5 | AHASH s=3840000 9a42f6cc
PROF T t=160 ph=11 the load frames=60 | clear=44595 sky=515133 floor=0 scene=2056430 flat=0 gouraud=0 chrome=701968 texture=1045117 furnace=71130 embers=136985 bloom=62765 veil=872 titles=1367 fade=217 | setup=238214 total=2818369
T t=161.7 bar=84 ph=11 the load | render ms 9.46/9.50/9.63 | fps 59.7 | hold 1 miss 0 late 0 | gap ms 16.73 | under 0 fill 464 | copy 2495 cy/line 35.78 Mcy/s | synth 3030 cy/pump 43.45 Mcy/s 1810 cy/sample | tri 164 px 18415 part 127 ch 5 | AHASH s=3864000 41e70dda
PROF T t=161 ph=11 the load frames=60 | clear=44603 sky=515061 floor=0 scene=2060506 flat=0 gouraud=0 chrome=702734 texture=1048586 furnace=71140 embers=136695 bloom=62784 veil=874 titles=1369 fade=219 | setup=238043 total=2822114
T t=162.7 bar=84 ph=11 the load | render ms 9.50/9.53/9.66 | fps 59.7 | hold 1 miss 0 late 0 | gap ms 16.73 | under 0 fill 464 | copy 2495 cy/line 35.79 Mcy/s | synth 3033 cy/pump 43.49 Mcy/s 1812 cy/sample | tri 164 px 18477 part 127 ch 5 | AHASH s=3888000 31bd76a8
PROF T t=162 ph=11 the load frames=60 | clear=44579 sky=515197 floor=0 scene=2070023 flat=0 gouraud=0 chrome=707145 texture=1053339 furnace=70969 embers=138053 bloom=62671 veil=876 titles=1382 fade=220 | setup=238568 total=2833005
T t=163.7 bar=85 ph=11 the load | render ms 9.53/9.56/9.68 | fps 59.7 | hold 1 miss 0 late 0 | gap ms 16.73 | under 0 fill 464 | copy 2495 cy/line 35.78 Mcy/s | synth 3032 cy/pump 43.48 Mcy/s 1811 cy/sample | tri 164 px 18611 part 127 ch 5 | AHASH s=3912000 0ad3b991
PROF T t=163 ph=11 the load frames=60 | clear=44614 sky=515694 floor=0 scene=2075322 flat=0 gouraud=0 chrome=707217 texture=1057296 furnace=72153 embers=139791 bloom=62190 veil=873 titles=1360 fade=210 | setup=238654 total=2840056
T t=164.7 bar=85 ph=11 the load | render ms 9.54/9.57/9.70 | fps 59.7 | hold 1 miss 0 late 0 | gap ms 16.73 | under 0 fill 464 | copy 2495 cy/line 35.78 Mcy/s | synth 3032 cy/pump 43.48 Mcy/s 1811 cy/sample | tri 164 px 18609 part 127 ch 5 | AHASH s=3936000 b3d08b8f
PROF T t=164 ph=11 the load frames=60 | clear=44574 sky=515683 floor=0 scene=2077595 flat=0 gouraud=0 chrome=708456 texture=1059557 furnace=71387 embers=140959 bloom=61548 veil=869 titles=1356 fade=229 | setup=238193 total=2842817
T t=165.7 bar=86 ph=11 the load | render ms 9.53/9.57/9.73 | fps 59.7 | hold 1 miss 0 late 0 | gap ms 16.73 | under 0 fill 464 | copy 2495 cy/line 35.78 Mcy/s | synth 3034 cy/pump 43.50 Mcy/s 1812 cy/sample | tri 164 px 18683 part 127 ch 5 | AHASH s=3960000 d105d087
PROF T t=165 ph=11 the load frames=60 | clear=44583 sky=514855 floor=0 scene=2079809 flat=0 gouraud=0 chrome=708964 texture=1061751 furnace=70660 embers=140024 bloom=60976 veil=870 titles=1337 fade=221 | setup=238433 total=2842679
T t=166.7 bar=86 ph=11 the load | render ms 9.52/9.56/9.71 | fps 59.7 | hold 1 miss 0 late 0 | gap ms 16.73 | under 0 fill 464 | copy 2495 cy/line 35.78 Mcy/s | synth 3031 cy/pump 43.47 Mcy/s 1811 cy/sample | tri 164 px 18713 part 127 ch 5 | AHASH s=3984000 a355dacd
PROF T t=166 ph=11 the load frames=60 | clear=44572 sky=515226 floor=0 scene=2080960 flat=0 gouraud=0 chrome=708552 texture=1063044 furnace=70642 embers=137196 bloom=60643 veil=857 titles=1368 fade=212 | setup=238721 total=2841037
T t=167.7 bar=87 ph=11 the load | render ms 9.52/10.48/13.68 | fps 59.7 | hold 1 miss 0 late 0 | gap ms 16.73 | under 0 fill 464 | copy 2497 cy/line 35.81 Mcy/s | synth 3033 cy/pump 43.50 Mcy/s 1812 cy/sample | tri 166 px 19715 part 127 ch 5 | AHASH s=4008000 91641358
PROF T t=167 ph=11 the load frames=60 | clear=44597 sky=515213 floor=0 scene=2081334 flat=0 gouraud=0 chrome=707888 texture=1098216 furnace=70097 embers=136044 bloom=59502 veil=278565 titles=1341 fade=220 | setup=205133 total=3116821
T t=168.7 bar=87 ph=11 the load | render ms 13.67/14.52/15.17 | fps 59.7 | hold 1 miss 0 late 0 | gap ms 16.73 | under 0 fill 464 | copy 2515 cy/line 36.06 Mcy/s | synth 3040 cy/pump 43.59 Mcy/s 1816 cy/sample | tri 166 px 26942 part 127 ch 5 | AHASH s=4032000 966fd824
PROF T t=168 ph=11 the load frames=60 | clear=44637 sky=516667 floor=0 scene=2074903 flat=0 gouraud=0 chrome=707011 texture=1487587 furnace=66335 embers=136378 bloom=58307 veil=1495322 titles=1364 fade=218 | setup=0 total=4327799
PHRASE t=168.9 bar=88 ph=12 the spine | render ms 9.34/9.96/15.29 | fps 59.7 | hold 1 miss 0 late 0 | gap ms 16.73 | under 0 fill 464 | copy 2499 cy/line 35.84 Mcy/s | synth 2976 cy/pump 42.68 Mcy/s 1778 cy/sample | tri 154 px 18761 part 115 ch 6 | AHASH s=4056000 2a6e3e64
PROF PHRASE t=168 ph=12 the spine frames=918 | clear=44600 sky=515389 floor=0 scene=2058047 flat=0 gouraud=0 chrome=702755 texture=1085787 furnace=70238 embers=138109 bloom=61209 veil=142700 titles=1356 fade=218 | setup=199266 total=2961631
T t=169.7 bar=88 ph=12 the spine | render ms 11.67/12.82/15.29 | fps 59.7 | hold 1 miss 0 late 0 | gap ms 16.73 | under 0 fill 464 | copy 2511 cy/line 36.02 Mcy/s | synth 2994 cy/pump 42.94 Mcy/s 1789 cy/sample | tri 158 px 14300 part 115 ch 6 | AHASH s=4056000 2a6e3e64
PROF T t=169 ph=12 the spine frames=60 | clear=44649 sky=503304 floor=0 scene=1492958 flat=0 gouraud=0 chrome=323799 texture=1422860 furnace=13561 embers=128258 bloom=12019 veil=1636374 titles=1271 fade=211 | setup=0 total=3819047
T t=170.7 bar=88 ph=12 the spine | render ms 6.90/9.71/11.81 | fps 59.7 | hold 1 miss 0 late 0 | gap ms 16.73 | under 0 fill 464 | copy 2494 cy/line 35.77 Mcy/s | synth 3027 cy/pump 43.41 Mcy/s 1809 cy/sample | tri 156 px 11065 part 115 ch 6 | AHASH s=4080000 3b693886
PROF T t=170 ph=12 the spine frames=60 | clear=44570 sky=498469 floor=0 scene=1356129 flat=0 gouraud=0 chrome=224102 texture=1025216 furnace=0 embers=125781 bloom=0 veil=846800 titles=15185 fade=206 | setup=106810 total=2887143
T t=171.7 bar=89 ph=12 the spine | render ms 6.93/6.99/7.23 | fps 59.7 | hold 1 miss 0 late 0 | gap ms 16.73 | under 0 fill 464 | copy 2484 cy/line 35.63 Mcy/s | synth 3017 cy/pump 43.27 Mcy/s 1803 cy/sample | tri 154 px 10734 part 115 ch 6 | AHASH s=4104000 9dae99f0
PROF T t=171 ph=12 the spine frames=60 | clear=44624 sky=499317 floor=0 scene=1374259 flat=0 gouraud=0 chrome=228832 texture=891015 furnace=0 embers=125007 bloom=0 veil=844 titles=26562 fade=203 | setup=254411 total=2070818
T t=172.7 bar=89 ph=12 the spine | render ms 6.80/6.92/7.05 | fps 59.7 | hold 1 miss 0 late 0 | gap ms 16.73 | under 0 fill 464 | copy 2484 cy/line 35.62 Mcy/s | synth 3020 cy/pump 43.31 Mcy/s 1804 cy/sample | tri 150 px 10556 part 115 ch 6 | AHASH s=4128000 570b885b
PROF T t=172 ph=12 the spine frames=60 | clear=44575 sky=499144 floor=0 scene=1351717 flat=0 gouraud=0 chrome=248463 texture=850426 furnace=0 embers=125886 bloom=0 veil=870 titles=26563 fade=203 | setup=252826 total=2048960
T t=173.7 bar=90 ph=12 the spine | render ms 6.54/6.76/7.15 | fps 59.7 | hold 1 miss 0 late 0 | gap ms 16.73 | under 0 fill 464 | copy 2485 cy/line 35.64 Mcy/s | synth 3020 cy/pump 43.30 Mcy/s 1804 cy/sample | tri 150 px 10263 part 115 ch 6 | AHASH s=4152000 ca16384e
PROF T t=173 ph=12 the spine frames=60 | clear=44571 sky=498712 floor=0 scene=1300959 flat=0 gouraud=0 chrome=244120 texture=852390 furnace=0 embers=128247 bloom=0 veil=853 titles=26618 fade=210 | setup=204448 total=2000172
T t=174.7 bar=91 ph=12 the spine | render ms 6.51/6.66/6.74 | fps 59.7 | hold 1 miss 0 late 0 | gap ms 16.73 | under 0 fill 464 | copy 2486 cy/line 35.66 Mcy/s | synth 3019 cy/pump 43.30 Mcy/s 1804 cy/sample | tri 156 px 10015 part 115 ch 6 | AHASH s=4176000 0d111beb
PROF T t=174 ph=12 the spine frames=60 | clear=44605 sky=498590 floor=0 scene=1270380 flat=0 gouraud=0 chrome=246919 texture=852712 furnace=0 embers=128991 bloom=0 veil=836 titles=26571 fade=209 | setup=170748 total=1970184
T t=175.7 bar=91 ph=12 the spine | render ms 6.48/6.55/6.71 | fps 59.7 | hold 1 miss 0 late 0 | gap ms 16.73 | under 0 fill 464 | copy 2485 cy/line 35.64 Mcy/s | synth 3017 cy/pump 43.27 Mcy/s 1803 cy/sample | tri 154 px 9732 part 115 ch 6 | AHASH s=4200000 b9b23caa
PROF T t=175 ph=12 the spine frames=60 | clear=44628 sky=498629 floor=0 scene=1237443 flat=0 gouraud=0 chrome=238028 texture=827895 furnace=0 embers=128106 bloom=0 veil=860 titles=26554 fade=236 | setup=171519 total=1936459
T t=176.7 bar=92 ph=12 the spine | render ms 6.34/6.43/6.71 | fps 59.7 | hold 1 miss 0 late 0 | gap ms 16.73 | under 0 fill 464 | copy 2484 cy/line 35.63 Mcy/s | synth 3014 cy/pump 43.22 Mcy/s 1801 cy/sample | tri 150 px 9250 part 115 ch 6 | AHASH s=4224000 ec41826b
PROF T t=176 ph=12 the spine frames=60 | clear=44627 sky=498594 floor=0 scene=1203016 flat=0 gouraud=0 chrome=239281 texture=792482 furnace=0 embers=128536 bloom=0 veil=860 titles=26566 fade=236 | setup=171252 total=1902437
T t=177.7 bar=92 ph=12 the spine | render ms 6.24/6.36/6.57 | fps 59.7 | hold 1 miss 0 late 0 | gap ms 16.73 | under 0 fill 464 | copy 2484 cy/line 35.62 Mcy/s | synth 3015 cy/pump 43.24 Mcy/s 1801 cy/sample | tri 150 px 9067 part 115 ch 6 | AHASH s=4248000 a8146d58
PROF T t=177 ph=12 the spine frames=60 | clear=44600 sky=498649 floor=0 scene=1181121 flat=0 gouraud=0 chrome=244411 texture=765560 furnace=0 embers=127947 bloom=0 veil=857 titles=26551 fade=233 | setup=171149 total=1879961
T t=178.7 bar=93 ph=12 the spine | render ms 5.99/6.22/6.56 | fps 59.7 | hold 1 miss 0 late 0 | gap ms 16.73 | under 0 fill 464 | copy 2483 cy/line 35.61 Mcy/s | synth 3016 cy/pump 43.25 Mcy/s 1802 cy/sample | tri 154 px 8318 part 115 ch 6 | AHASH s=4272000 2c216a89
PROF T t=178 ph=12 the spine frames=60 | clear=44550 sky=497827 floor=0 scene=1147276 flat=0 gouraud=0 chrome=238707 texture=736826 furnace=0 embers=126483 bloom=0 veil=858 titles=20771 fade=230 | setup=171742 total=1837998
T t=179.7 bar=93 ph=12 the spine | render ms 6.00/6.10/6.24 | fps 59.7 | hold 1 miss 0 late 0 | gap ms 16.73 | under 0 fill 464 | copy 2483 cy/line 35.61 Mcy/s | synth 3015 cy/pump 43.23 Mcy/s 1801 cy/sample | tri 156 px 8168 part 115 ch 6 | AHASH s=4296000 294d03a0
PROF T t=179 ph=12 the spine frames=60 | clear=44573 sky=496503 floor=0 scene=1132953 flat=0 gouraud=0 chrome=235045 texture=725080 furnace=0 embers=125211 bloom=0 veil=848 titles=1382 fade=221 | setup=172827 total=1801695
T t=180.7 bar=94 ph=12 the spine | render ms 6.01/6.11/6.21 | fps 59.7 | hold 1 miss 0 late 0 | gap ms 16.73 | under 0 fill 464 | copy 2483 cy/line 35.60 Mcy/s | synth 3012 cy/pump 43.20 Mcy/s 1800 cy/sample | tri 150 px 8329 part 115 ch 6 | AHASH s=4320000 c078dc9b
PROF T t=180 ph=12 the spine frames=60 | clear=44593 sky=496713 floor=0 scene=1139371 flat=0 gouraud=0 chrome=237463 texture=729626 furnace=0 embers=123751 bloom=0 veil=856 titles=1398 fade=232 | setup=172281 total=1806917
T t=181.7 bar=94 ph=12 the spine | render ms 6.02/6.11/6.33 | fps 59.7 | hold 1 miss 0 late 0 | gap ms 16.73 | under 0 fill 464 | copy 2482 cy/line 35.60 Mcy/s | synth 3013 cy/pump 43.21 Mcy/s 1800 cy/sample | tri 150 px 8509 part 115 ch 6 | AHASH s=4344000 7b701b47
PROF T t=181 ph=12 the spine frames=60 | clear=44657 sky=496507 floor=0 scene=1140605 flat=0 gouraud=0 chrome=238582 texture=731351 furnace=0 embers=122931 bloom=0 veil=857 titles=1390 fade=220 | setup=170671 total=1807170
T t=182.7 bar=95 ph=12 the spine | render ms 6.04/6.12/6.32 | fps 59.7 | hold 1 miss 0 late 0 | gap ms 16.73 | under 0 fill 464 | copy 2483 cy/line 35.61 Mcy/s | synth 3013 cy/pump 43.21 Mcy/s 1800 cy/sample | tri 150 px 8215 part 115 ch 6 | AHASH s=4368000 db66af5d
PROF T t=182 ph=12 the spine frames=60 | clear=44602 sky=497016 floor=0 scene=1143449 flat=0 gouraud=0 chrome=237780 texture=734231 furnace=0 embers=121519 bloom=0 veil=866 titles=1386 fade=220 | setup=171436 total=1809062
T t=183.7 bar=95 ph=12 the spine | render ms 6.04/6.12/6.30 | fps 59.7 | hold 1 miss 0 late 0 | gap ms 16.73 | under 0 fill 464 | copy 2482 cy/line 35.60 Mcy/s | synth 3012 cy/pump 43.20 Mcy/s 1800 cy/sample | tri 156 px 8116 part 115 ch 6 | AHASH s=4392000 834ccdbe
PROF T t=183 ph=12 the spine frames=60 | clear=44598 sky=497067 floor=0 scene=1141917 flat=0 gouraud=0 chrome=237265 texture=732740 furnace=0 embers=123984 bloom=0 veil=857 titles=1399 fade=215 | setup=171912 total=1810040
PHRASE t=184.3 bar=96 ph=13 the spine | render ms 5.99/6.93/23.62 | fps 59.6 | hold 2 miss 0 late 1 | gap ms 33.47 | under 0 fill 464 | copy 2486 cy/line 35.65 Mcy/s | synth 3017 cy/pump 43.27 Mcy/s 1802 cy/sample | tri 624 px 77019 part 102 ch 6 | AHASH s=4416000 7f5e6d22
PROF PHRASE t=184 ph=13 the spine frames=918 | clear=44603 sky=497977 floor=0 scene=1231098 flat=61 gouraud=0 chrome=237980 texture=832622 furnace=0 embers=125880 bloom=0 veil=137036 titles=15070 fade=219 | setup=160433 total=2051886
T t=184.8 bar=96 ph=13 the spine | render ms 6.07/11.84/23.93 | fps 45.0 | hold 2 miss 0 late 15 | gap ms 33.47 | under 0 fill 464 | copy 2493 cy/line 35.75 Mcy/s | synth 3010 cy/pump 43.16 Mcy/s 1798 cy/sample | tri 622 px 75530 part 102 ch 6 | AHASH s=4416000 7f5e6d22
PROF T t=184 ph=13 the spine frames=46 | clear=44763 sky=507773 floor=0 scene=2846176 flat=19003 gouraud=0 chrome=423581 texture=2026683 furnace=0 embers=121983 bloom=0 veil=844 titles=1381 fade=222 | setup=376906 total=3523144
T t=185.8 bar=96 ph=13 the spine | render ms 22.72/23.10/23.54 | fps 29.8 | hold 2 miss 0 late 30 | gap ms 33.47 | under 0 fill 464 | copy 2503 cy/line 35.89 Mcy/s | synth 3006 cy/pump 43.11 Mcy/s 1796 cy/sample | tri 614 px 72727 part 102 ch 6 | AHASH s=4440000 f6688f25
PROF T t=185 ph=13 the spine frames=30 | clear=44690 sky=529572 floor=0 scene=6211586 flat=64588 gouraud=0 chrome=793003 texture=4554062 furnace=0 embers=113214 bloom=0 veil=869 titles=1434 fade=213 | setup=799931 total=6901582
T t=186.8 bar=97 ph=13 the spine | render ms 21.80/22.32/22.92 | fps 29.8 | hold 2 miss 0 late 30 | gap ms 33.47 | under 0 fill 464 | copy 2500 cy/line 35.85 Mcy/s | synth 3006 cy/pump 43.11 Mcy/s 1796 cy/sample | tri 600 px 68936 part 102 ch 6 | AHASH s=4464000 08a66ad1
PROF T t=186 ph=13 the spine frames=30 | clear=44718 sky=529103 floor=0 scene=5978243 flat=69552 gouraud=0 chrome=777341 texture=4332224 furnace=0 embers=112732 bloom=0 veil=866 titles=1435 fade=234 | setup=799125 total=6667334
T t=187.8 bar=97 ph=13 the spine | render ms 21.17/21.56/22.02 | fps 29.8 | hold 2 miss 0 late 30 | gap ms 33.47 | under 0 fill 464 | copy 2498 cy/line 35.83 Mcy/s | synth 3006 cy/pump 43.10 Mcy/s 1796 cy/sample | tri 614 px 64763 part 102 ch 6 | AHASH s=4488000 d442a545
PROF T t=187 ph=13 the spine frames=30 | clear=44759 sky=528546 floor=0 scene=5752719 flat=69231 gouraud=0 chrome=770340 texture=4113989 furnace=0 embers=111848 bloom=0 veil=857 titles=1440 fade=221 | setup=799158 total=6440393
T t=188.8 bar=98 ph=13 the spine | render ms 20.30/20.75/21.33 | fps 29.8 | hold 2 miss 0 late 30 | gap ms 33.47 | under 0 fill 464 | copy 2494 cy/line 35.76 Mcy/s | synth 3003 cy/pump 43.07 Mcy/s 1794 cy/sample | tri 618 px 60669 part 102 ch 6 | AHASH s=4512000 e4258c4c
PROF T t=188 ph=13 the spine frames=30 | clear=44660 sky=525872 floor=0 scene=5510735 flat=68679 gouraud=0 chrome=756240 texture=3884838 furnace=0 embers=111726 bloom=0 veil=862 titles=1421 fade=218 | setup=800977 total=6195498
T t=189.8 bar=98 ph=13 the spine | render ms 19.59/19.98/20.48 | fps 29.8 | hold 2 miss 0 late 30 | gap ms 33.47 | under 0 fill 464 | copy 2489 cy/line 35.70 Mcy/s | synth 3002 cy/pump 43.05 Mcy/s 1794 cy/sample | tri 616 px 57190 part 102 ch 6 | AHASH s=4536000 3857df0b
PROF T t=189 ph=13 the spine frames=30 | clear=44703 sky=524355 floor=0 scene=5282719 flat=68365 gouraud=0 chrome=743409 texture=3670994 furnace=0 embers=112059 bloom=0 veil=846 titles=1431 fade=212 | setup=799950 total=5966329
T t=190.8 bar=99 ph=13 the spine | render ms 19.00/19.38/19.79 | fps 29.8 | hold 2 miss 0 late 30 | gap ms 33.47 | under 0 fill 464 | copy 2486 cy/line 35.66 Mcy/s | synth 3004 cy/pump 43.08 Mcy/s 1795 cy/sample | tri 638 px 53388 part 102 ch 6 | AHASH s=4560000 34b08260
PROF T t=190 ph=13 the spine frames=30 | clear=44689 sky=524343 floor=0 scene=5101597 flat=73654 gouraud=0 chrome=718387 texture=3506091 furnace=0 embers=112365 bloom=0 veil=863 titles=1439 fade=229 | setup=803463 total=5785529
T t=191.8 bar=99 ph=13 the spine | render ms 18.41/18.79/19.32 | fps 29.8 | hold 2 miss 0 late 30 | gap ms 33.47 | under 0 fill 464 | copy 2484 cy/line 35.62 Mcy/s | synth 3002 cy/pump 43.06 Mcy/s 1794 cy/sample | tri 636 px 49518 part 102 ch 6 | AHASH s=4584000 5c02ea2f
PROF T t=191 ph=13 the spine frames=30 | clear=44743 sky=524512 floor=0 scene=4923617 flat=79081 gouraud=0 chrome=683961 texture=3356085 furnace=0 embers=112249 bloom=0 veil=850 titles=1425 fade=218 | setup=804488 total=5607618
T t=192.8 bar=100 ph=13 the spine | render ms 17.61/18.09/18.58 | fps 29.8 | hold 2 miss 0 late 30 | gap ms 33.47 | under 0 fill 464 | copy 2483 cy/line 35.61 Mcy/s | synth 3000 cy/pump 43.03 Mcy/s 1792 cy/sample | tri 642 px 45893 part 103 ch 6 | AHASH s=4608000 9c8c2e5e
PROF T t=192 ph=13 the spine frames=30 | clear=44710 sky=525462 floor=0 scene=4713796 flat=80389 gouraud=0 chrome=648055 texture=3180323 furnace=0 embers=113255 bloom=0 veil=866 titles=1421 fade=225 | setup=805027 total=5399737
T t=193.8 bar=100 ph=13 the spine | render ms 16.98/17.37/17.85 | fps 29.8 | hold 2 miss 0 late 30 | gap ms 33.47 | under 0 fill 464 | copy 2481 cy/line 35.58 Mcy/s | synth 2999 cy/pump 43.00 Mcy/s 1792 cy/sample | tri 646 px 42811 part 103 ch 6 | AHASH s=4632000 82c359a6
PROF T t=193 ph=13 the spine frames=30 | clear=44736 sky=526132 floor=0 scene=4493355 flat=81301 gouraud=0 chrome=607078 texture=2999247 furnace=0 embers=115823 bloom=0 veil=847 titles=1432 fade=209 | setup=805727 total=5182536
T t=194.8 bar=101 ph=13 the spine | render ms 16.58/16.77/17.14 | fps 38.8 | hold 2 miss 0 late 21 | gap ms 33.47 | under 0 fill 464 | copy 2482 cy/line 35.60 Mcy/s | synth 3014 cy/pump 43.23 Mcy/s 1801 cy/sample | tri 642 px 40373 part 103 ch 6 | AHASH s=4656000 cc213693
PROF T t=194 ph=13 the spine frames=39 | clear=44620 sky=525705 floor=0 scene=4312859 flat=81544 gouraud=0 chrome=572963 texture=2852420 furnace=0 embers=115477 bloom=0 veil=858 titles=1433 fade=207 | setup=805930 total=5001162
T t=195.8 bar=102 ph=13 the spine | render ms 16.19/16.40/16.71 | fps 58.7 | hold 2 miss 0 late 1 | gap ms 33.47 | under 0 fill 464 | copy 2490 cy/line 35.71 Mcy/s | synth 3049 cy/pump 43.72 Mcy/s 1821 cy/sample | tri 646 px 38525 part 104 ch 6 | AHASH s=4680000 bc62e6e7
PROF T t=195 ph=13 the spine frames=59 | clear=44674 sky=525896 floor=0 scene=4204749 flat=82848 gouraud=0 chrome=557491 texture=2757788 furnace=0 embers=113700 bloom=0 veil=854 titles=1427 fade=225 | setup=806621 total=4891529
T t=196.8 bar=102 ph=13 the spine | render ms 15.85/16.05/16.35 | fps 58.7 | hold 2 miss 0 late 1 | gap ms 33.47 | under 0 fill 464 | copy 2489 cy/line 35.69 Mcy/s | synth 3047 cy/pump 43.70 Mcy/s 1820 cy/sample | tri 654 px 36803 part 104 ch 6 | AHASH s=4704000 f071fff0
PROF T t=196 ph=13 the spine frames=59 | clear=44587 sky=525928 floor=0 scene=4098976 flat=85108 gouraud=0 chrome=546429 texture=2661560 furnace=0 embers=113984 bloom=0 veil=867 titles=1426 fade=225 | setup=805878 total=4785995
T t=197.8 bar=103 ph=13 the spine | render ms 15.40/15.65/15.99 | fps 59.7 | hold 1 miss 0 late 0 | gap ms 16.73 | under 0 fill 464 | copy 2487 cy/line 35.66 Mcy/s | synth 3047 cy/pump 43.69 Mcy/s 1820 cy/sample | tri 650 px 34829 part 106 ch 6 | AHASH s=4728000 9599cf61
PROF T t=197 ph=13 the spine frames=60 | clear=44594 sky=525622 floor=0 scene=3982303 flat=87375 gouraud=0 chrome=530726 texture=2558672 furnace=0 embers=112659 bloom=0 veil=851 titles=1428 fade=226 | setup=805528 total=4667686
T t=198.8 bar=103 ph=13 the spine | render ms 14.80/15.09/15.50 | fps 59.7 | hold 1 miss 0 late 0 | gap ms 16.73 | under 0 fill 464 | copy 2484 cy/line 35.62 Mcy/s | synth 3046 cy/pump 43.68 Mcy/s 1820 cy/sample | tri 644 px 32421 part 106 ch 6 | AHASH s=4752000 150d43de
PROF T t=198 ph=13 the spine frames=60 | clear=44628 sky=525390 floor=0 scene=3810705 flat=89497 gouraud=0 chrome=507942 texture=2409138 furnace=0 embers=115669 bloom=0 veil=853 titles=1425 fade=229 | setup=804126 total=4498902
PHRASE t=199.6 bar=104 ph=14 the spine | render ms 14.36/17.87/23.93 | fps 39.7 | hold 2 miss 0 late 307 | gap ms 33.47 | under 0 fill 464 | copy 2489 cy/line 35.70 Mcy/s | synth 3018 cy/pump 43.28 Mcy/s 1803 cy/sample | tri 644 px 30489 part 115 ch 6 | AHASH s=4776000 625e270e
PROF PHRASE t=199 ph=14 the spine frames=609 | clear=44666 sky=526126 floor=0 scene=4646468 flat=79689 gouraud=0 chrome=623410 texture=3139699 furnace=0 embers=113747 bloom=0 veil=856 titles=1428 fade=220 | setup=803669 total=5333514
T t=199.8 bar=104 ph=14 the spine | render ms 14.32/14.55/14.88 | fps 59.7 | hold 1 miss 0 late 0 | gap ms 16.73 | under 0 fill 464 | copy 2481 cy/line 35.58 Mcy/s | synth 3044 cy/pump 43.66 Mcy/s 1819 cy/sample | tri 648 px 30100 part 115 ch 6 | AHASH s=4776000 625e270e
PROF T t=199 ph=14 the spine frames=60 | clear=44653 sky=525572 floor=0 scene=3644760 flat=91194 gouraud=0 chrome=489522 texture=2260870 furnace=0 embers=118539 bloom=0 veil=854 titles=1414 fade=212 | setup=803173 total=4336007
T t=200.8 bar=104 ph=14 the spine | render ms 13.73/14.01/14.39 | fps 59.7 | hold 1 miss 0 late 0 | gap ms 16.73 | under 0 fill 464 | copy 2478 cy/line 35.54 Mcy/s | synth 3045 cy/pump 43.67 Mcy/s 1819 cy/sample | tri 650 px 27248 part 115 ch 6 | AHASH s=4800000 a7f2d6fb
PROF T t=200 ph=14 the spine frames=60 | clear=44588 sky=524826 floor=0 scene=3479356 flat=93294 gouraud=0 chrome=477686 texture=2105209 furnace=0 embers=124265 bloom=0 veil=860 titles=1433 fade=226 | setup=803166 total=4175557
T t=201.8 bar=105 ph=14 the spine | render ms 13.13/13.42/13.84 | fps 59.7 | hold 1 miss 0 late 0 | gap ms 16.73 | under 0 fill 464 | copy 2475 cy/line 35.49 Mcy/s | synth 3040 cy/pump 43.59 Mcy/s 1816 cy/sample | tri 652 px 24503 part 115 ch 6 | AHASH s=4824000 b075041f
PROF T t=201 ph=14 the spine frames=60 | clear=44582 sky=524364 floor=0 scene=3303442 flat=95257 gouraud=0 chrome=461337 texture=1942975 furnace=0 embers=123607 bloom=0 veil=841 titles=1416 fade=214 | setup=803872 total=3998469
T t=202.8 bar=105 ph=14 the spine | render ms 12.40/12.79/13.24 | fps 59.7 | hold 1 miss 0 late 0 | gap ms 16.73 | under 0 fill 464 | copy 2472 cy/line 35.45 Mcy/s | synth 3036 cy/pump 43.53 Mcy/s 1814 cy/sample | tri 642 px 21622 part 115 ch 6 | AHASH s=4848000 f021a5d9
PROF T t=202 ph=14 the spine frames=60 | clear=44578 sky=521037 floor=0 scene=3116887 flat=99329 gouraud=0 chrome=426090 texture=1788727 furnace=0 embers=122677 bloom=0 veil=858 titles=1438 fade=213 | setup=802738 total=3807690
T t=203.9 bar=106 ph=14 the spine | render ms 11.84/12.12/12.52 | fps 59.7 | hold 1 miss 0 late 0 | gap ms 16.73 | under 0 fill 464 | copy 2469 cy/line 35.40 Mcy/s | synth 3025 cy/pump 43.38 Mcy/s 1807 cy/sample | tri 646 px 18691 part 115 ch 6 | AHASH s=4872000 a990b9de
PROF T t=203 ph=14 the spine frames=60 | clear=44658 sky=512225 floor=0 scene=2924188 flat=97729 gouraud=0 chrome=359754 texture=1663312 furnace=0 embers=123603 bloom=0 veil=843 titles=1424 fade=211 | setup=803391 total=3607153
T t=204.9 bar=106 ph=14 the spine | render ms 11.32/11.58/11.97 | fps 59.7 | hold 1 miss 0 late 0 | gap ms 16.73 | under 0 fill 464 | copy 2467 cy/line 35.37 Mcy/s | synth 3022 cy/pump 43.33 Mcy/s 1805 cy/sample | tri 648 px 16233 part 115 ch 6 | AHASH s=4896000 d9ad139a
PROF T t=204 ph=14 the spine frames=60 | clear=44537 sky=508187 floor=0 scene=2763494 flat=92800 gouraud=0 chrome=324637 texture=1543316 furnace=0 embers=127935 bloom=0 veil=850 titles=1402 fade=215 | setup=802740 total=3446623
T t=205.9 bar=107 ph=14 the spine | render ms 10.92/11.14/11.52 | fps 59.7 | hold 1 miss 0 late 0 | gap ms 16.73 | under 0 fill 464 | copy 2465 cy/line 35.35 Mcy/s | synth 3019 cy/pump 43.30 Mcy/s 1804 cy/sample | tri 648 px 13764 part 115 ch 6 | AHASH s=4920000 bca9eaa2
PROF T t=205 ph=14 the spine frames=60 | clear=44506 sky=508032 floor=0 scene=2630070 flat=87981 gouraud=0 chrome=309832 texture=1428990 furnace=0 embers=128804 bloom=0 veil=851 titles=1426 fade=222 | setup=803265 total=3313913
T t=206.9 bar=107 ph=14 the spine | render ms 10.47/10.69/11.07 | fps 59.7 | hold 1 miss 0 late 0 | gap ms 16.73 | under 0 fill 464 | copy 2463 cy/line 35.33 Mcy/s | synth 3019 cy/pump 43.29 Mcy/s 1804 cy/sample | tri 652 px 11671 part 115 ch 6 | AHASH s=4944000 4e29cf8b
PROF T t=206 ph=14 the spine frames=60 | clear=44541 sky=507098 floor=0 scene=2496322 flat=83434 gouraud=0 chrome=309117 texture=1301318 furnace=0 embers=127141 bloom=0 veil=851 titles=1407 fade=218 | setup=802452 total=3177580
T t=207.9 bar=108 ph=14 the spine | render ms 10.09/10.29/10.59 | fps 59.7 | hold 1 miss 0 late 0 | gap ms 16.73 | under 0 fill 464 | copy 2462 cy/line 35.31 Mcy/s | synth 3018 cy/pump 43.28 Mcy/s 1803 cy/sample | tri 648 px 9947 part 115 ch 6 | AHASH s=4968000 e967a20a
PROF T t=207 ph=14 the spine frames=60 | clear=44586 sky=506857 floor=0 scene=2379393 flat=79346 gouraud=0 chrome=306255 texture=1191571 furnace=0 embers=126253 bloom=0 veil=840 titles=1409 fade=214 | setup=802219 total=3059554
T t=208.9 bar=108 ph=14 the spine | render ms 9.88/10.00/10.27 | fps 59.7 | hold 1 miss 0 late 0 | gap ms 16.73 | under 0 fill 464 | copy 2460 cy/line 35.28 Mcy/s | synth 3016 cy/pump 43.26 Mcy/s 1802 cy/sample | tri 650 px 8873 part 115 ch 6 | AHASH s=4992000 2c73c629
PROF T t=208 ph=14 the spine frames=60 | clear=44566 sky=506402 floor=0 scene=2290775 flat=75774 gouraud=0 chrome=298529 texture=1114430 furnace=0 embers=127142 bloom=0 veil=843 titles=1416 fade=216 | setup=802041 total=2971364
T t=209.9 bar=109 ph=14 the spine | render ms 9.71/9.79/10.03 | fps 59.7 | hold 1 miss 0 late 0 | gap ms 16.73 | under 0 fill 464 | copy 2460 cy/line 35.28 Mcy/s | synth 3016 cy/pump 43.25 Mcy/s 1802 cy/sample | tri 650 px 8185 part 115 ch 6 | AHASH s=5016000 da8972a4
PROF T t=209 ph=14 the spine frames=60 | clear=44564 sky=506034 floor=0 scene=2230182 flat=72250 gouraud=0 chrome=287757 texture=1067549 furnace=0 embers=124811 bloom=0 veil=865 titles=1408 fade=207 | setup=802625 total=2908074
T t=210.9 bar=109 ph=14 the spine | render ms 9.55/9.63/9.83 | fps 59.7 | hold 1 miss 0 late 0 | gap ms 16.73 | under 0 fill 464 | copy 2459 cy/line 35.27 Mcy/s | synth 3015 cy/pump 43.24 Mcy/s 1802 cy/sample | tri 652 px 7493 part 115 ch 6 | AHASH s=5040000 fb19c748
PROF T t=210 ph=14 the spine frames=60 | clear=44560 sky=506251 floor=0 scene=2185364 flat=66049 gouraud=0 chrome=287964 texture=1028843 furnace=0 embers=123228 bloom=0 veil=863 titles=1392 fade=217 | setup=802507 total=2861878
T t=211.9 bar=110 ph=14 the spine | render ms 9.41/9.49/9.71 | fps 59.7 | hold 1 miss 0 late 0 | gap ms 16.73 | under 0 fill 464 | copy 2459 cy/line 35.26 Mcy/s | synth 3012 cy/pump 43.20 Mcy/s 1800 cy/sample | tri 652 px 6964 part 115 ch 6 | AHASH s=5064000 87a5ee77
PROF T t=211 ph=14 the spine frames=60 | clear=44584 sky=505797 floor=0 scene=2142516 flat=57938 gouraud=0 chrome=284793 texture=997049 furnace=0 embers=123044 bloom=0 veil=839 titles=1409 fade=210 | setup=802735 total=2818402
T t=212.9 bar=110 ph=14 the spine | render ms 9.27/9.35/9.58 | fps 59.7 | hold 1 miss 0 late 0 | gap ms 16.73 | under 0 fill 464 | copy 2458 cy/line 35.25 Mcy/s | synth 3015 cy/pump 43.24 Mcy/s 1801 cy/sample | tri 652 px 6527 part 115 ch 6 | AHASH s=5088000 949206dd
PROF T t=212 ph=14 the spine frames=60 | clear=44540 sky=505598 floor=0 scene=2103072 flat=50561 gouraud=0 chrome=282506 texture=967116 furnace=0 embers=123001 bloom=0 veil=859 titles=1422 fade=220 | setup=802889 total=2778716
T t=213.9 bar=111 ph=14 the spine | render ms 9.19/10.72/13.52 | fps 59.7 | hold 1 miss 0 late 0 | gap ms 16.73 | under 0 fill 464 | copy 2463 cy/line 35.32 Mcy/s | synth 3018 cy/pump 43.28 Mcy/s 1803 cy/sample | tri 654 px 7567 part 115 ch 6 | AHASH s=5112000 c792daea
PROF T t=213 ph=14 the spine frames=60 | clear=44528 sky=505406 floor=0 scene=2066004 flat=45648 gouraud=0 chrome=277223 texture=1005583 furnace=0 embers=124119 bloom=0 veil=445000 titles=1418 fade=221 | setup=737549 total=3186698
T t=214.9 bar=111 ph=14 the spine | render ms 13.59/14.27/14.78 | fps 59.7 | hold 1 miss 0 late 0 | gap ms 16.73 | under 0 fill 464 | copy 2479 cy/line 35.56 Mcy/s | synth 3026 cy/pump 43.39 Mcy/s 1808 cy/sample | tri 656 px 14343 part 115 ch 6 | AHASH s=5136000 82409aa2
PROF T t=214 ph=14 the spine frames=60 | clear=44532 sky=506669 floor=0 scene=2028420 flat=39045 gouraud=0 chrome=274700 texture=1380609 furnace=0 embers=125470 bloom=0 veil=1545985 titles=1400 fade=215 | setup=334066 total=4252695
PHRASE t=215.0 bar=112 ph=15 the crown | render ms 9.19/11.35/14.92 | fps 59.7 | hold 1 miss 0 late 0 | gap ms 16.73 | under 0 fill 464 | copy 2466 cy/line 35.37 Mcy/s | synth 3023 cy/pump 43.35 Mcy/s 1806 cy/sample | tri 36 px 27451 part 115 ch 7 | AHASH s=5160000 708f258d
PROF PHRASE t=215 ph=15 the crown frames=918 | clear=44574 sky=510554 floor=0 scene=2551925 flat=75775 gouraud=0 chrome=332520 texture=1380518 furnace=0 embers=125023 bloom=0 veil=142024 titles=1415 fade=216 | setup=763109 total=3375733
T t=215.9 bar=112 ph=15 the crown | render ms 11.17/12.09/14.92 | fps 59.7 | hold 1 miss 0 late 0 | gap ms 16.73 | under 0 fill 464 | copy 2515 cy/line 36.06 Mcy/s | synth 3031 cy/pump 43.47 Mcy/s 1811 cy/sample | tri 36 px 21690 part 115 ch 7 | AHASH s=5160000 708f258d
PROF T t=215 ph=15 the crown frames=60 | clear=44671 sky=491551 floor=0 scene=1334118 flat=90794 gouraud=0 chrome=22944 texture=1595437 furnace=0 embers=127557 bloom=0 veil=1600559 titles=1313 fade=210 | setup=0 total=3599982
T t=216.9 bar=112 ph=15 the crown | render ms 6.62/8.85/11.40 | fps 59.7 | hold 1 miss 0 late 0 | gap ms 16.73 | under 0 fill 464 | copy 2502 cy/line 35.88 Mcy/s | synth 3025 cy/pump 43.38 Mcy/s 1807 cy/sample | tri 32 px 18812 part 115 ch 7 | AHASH s=5184000 7cd93894
PROF T t=216 ph=15 the crown frames=60 | clear=44510 sky=488536 floor=0 scene=1276039 flat=96179 gouraud=0 chrome=0 texture=1214871 furnace=0 embers=127625 bloom=0 veil=672914 titles=19353 fade=211 | setup=0 total=2629191
T t=217.9 bar=113 ph=15 the crown | render ms 6.60/6.64/6.82 | fps 59.7 | hold 1 miss 0 late 0 | gap ms 16.73 | under 0 fill 464 | copy 2494 cy/line 35.77 Mcy/s | synth 3019 cy/pump 43.30 Mcy/s 1804 cy/sample | tri 32 px 18822 part 115 ch 7 | AHASH s=5208000 9aba97dc
PROF T t=217 ph=15 the crown frames=60 | clear=44448 sky=488741 floor=0 scene=1276214 flat=96090 gouraud=0 chrome=0 texture=1099584 furnace=0 embers=126468 bloom=0 veil=860 titles=28309 fade=208 | setup=80539 total=1965251
T t=218.9 bar=114 ph=15 the crown | render ms 6.61/6.65/6.82 | fps 59.7 | hold 1 miss 0 late 0 | gap ms 16.73 | under 0 fill 464 | copy 2494 cy/line 35.77 Mcy/s | synth 3022 cy/pump 43.33 Mcy/s 1805 cy/sample | tri 32 px 18810 part 115 ch 7 | AHASH s=5256000 8deb41c9
PROF T t=218 ph=15 the crown frames=60 | clear=44544 sky=489231 floor=0 scene=1275773 flat=95967 gouraud=0 chrome=0 texture=1098964 furnace=0 embers=128330 bloom=0 veil=844 titles=28320 fade=203 | setup=80841 total=1967246
T t=219.9 bar=114 ph=15 the crown | render ms 6.61/6.64/6.81 | fps 59.7 | hold 1 miss 0 late 0 | gap ms 16.73 | under 0 fill 464 | copy 2494 cy/line 35.76 Mcy/s | synth 3021 cy/pump 43.32 Mcy/s 1805 cy/sample | tri 32 px 18816 part 115 ch 7 | AHASH s=5280000 cbd7f221
PROF T t=219 ph=15 the crown frames=60 | clear=44503 sky=488899 floor=0 scene=1275556 flat=95346 gouraud=0 chrome=0 texture=1099507 furnace=0 embers=127805 bloom=0 veil=843 titles=28332 fade=212 | setup=80701 total=1966153
T t=220.9 bar=115 ph=15 the crown | render ms 6.61/6.64/6.81 | fps 59.7 | hold 1 miss 0 late 0 | gap ms 16.73 | under 0 fill 464 | copy 2494 cy/line 35.77 Mcy/s | synth 3021 cy/pump 43.32 Mcy/s 1805 cy/sample | tri 32 px 18806 part 115 ch 7 | AHASH s=5304000 dc9eb509
PROF T t=220 ph=15 the crown frames=60 | clear=44565 sky=489073 floor=0 scene=1275604 flat=95846 gouraud=0 chrome=0 texture=1099011 furnace=0 embers=127318 bloom=0 veil=870 titles=28289 fade=202 | setup=80746 total=1965926
T t=221.9 bar=115 ph=15 the crown | render ms 6.60/6.64/6.78 | fps 59.7 | hold 1 miss 0 late 0 | gap ms 16.73 | under 0 fill 464 | copy 2494 cy/line 35.77 Mcy/s | synth 3022 cy/pump 43.34 Mcy/s 1806 cy/sample | tri 32 px 18810 part 115 ch 7 | AHASH s=5328000 f353331d
PROF T t=221 ph=15 the crown frames=60 | clear=44536 sky=489132 floor=0 scene=1275411 flat=95590 gouraud=0 chrome=0 texture=1099370 furnace=0 embers=126721 bloom=0 veil=857 titles=28306 fade=214 | setup=80450 total=1965179
T t=222.9 bar=116 ph=15 the crown | render ms 6.59/6.63/6.83 | fps 59.7 | hold 1 miss 0 late 0 | gap ms 16.73 | under 0 fill 464 | copy 2494 cy/line 35.77 Mcy/s | synth 3020 cy/pump 43.31 Mcy/s 1804 cy/sample | tri 32 px 18816 part 115 ch 7 | AHASH s=5352000 2435ec76
PROF T t=222 ph=15 the crown frames=60 | clear=44467 sky=489248 floor=0 scene=1275042 flat=95501 gouraud=0 chrome=0 texture=1099039 furnace=0 embers=125164 bloom=0 veil=852 titles=28350 fade=211 | setup=80501 total=1963337
T t=223.9 bar=116 ph=15 the crown | render ms 6.59/6.63/6.80 | fps 59.7 | hold 1 miss 0 late 0 | gap ms 16.73 | under 0 fill 464 | copy 2494 cy/line 35.77 Mcy/s | synth 3021 cy/pump 43.32 Mcy/s 1805 cy/sample | tri 32 px 18806 part 115 ch 7 | AHASH s=5376000 3cd040bd
PROF T t=223 ph=15 the crown frames=60 | clear=44529 sky=488868 floor=0 scene=1274626 flat=95538 gouraud=0 chrome=0 texture=1098725 furnace=0 embers=124333 bloom=0 veil=854 titles=28334 fade=212 | setup=80362 total=1961759
T t=224.9 bar=117 ph=15 the crown | render ms 6.51/6.60/6.80 | fps 59.7 | hold 1 miss 0 late 0 | gap ms 16.73 | under 0 fill 464 | copy 2494 cy/line 35.77 Mcy/s | synth 3019 cy/pump 43.29 Mcy/s 1804 cy/sample | tri 32 px 18808 part 115 ch 7 | AHASH s=5400000 290ccdfd
PROF T t=224 ph=15 the crown frames=60 | clear=44552 sky=488625 floor=0 scene=1274670 flat=95939 gouraud=0 chrome=0 texture=1098202 furnace=0 embers=126995 bloom=0 veil=862 titles=18910 fade=209 | setup=80528 total=1954827
T t=225.9 bar=117 ph=15 the crown | render ms 6.51/6.55/6.72 | fps 59.7 | hold 1 miss 0 late 0 | gap ms 16.73 | under 0 fill 464 | copy 2495 cy/line 35.78 Mcy/s | synth 3017 cy/pump 43.27 Mcy/s 1803 cy/sample | tri 32 px 18812 part 115 ch 7 | AHASH s=5424000 d6d55e3e
PROF T t=225 ph=15 the crown frames=60 | clear=44606 sky=487597 floor=0 scene=1273237 flat=95426 gouraud=0 chrome=0 texture=1097874 furnace=0 embers=129956 bloom=0 veil=846 titles=1397 fade=211 | setup=79936 total=1937852
T t=226.9 bar=118 ph=15 the crown | render ms 6.50/6.54/6.73 | fps 59.7 | hold 1 miss 0 late 0 | gap ms 16.73 | under 0 fill 464 | copy 2495 cy/line 35.78 Mcy/s | synth 3015 cy/pump 43.24 Mcy/s 1801 cy/sample | tri 32 px 18818 part 115 ch 7 | AHASH s=5448000 752152cf
PROF T t=226 ph=15 the crown frames=60 | clear=44496 sky=487764 floor=0 scene=1272048 flat=95425 gouraud=0 chrome=0 texture=1097043 furnace=0 embers=128411 bloom=0 veil=845 titles=1414 fade=220 | setup=79578 total=1935201
T t=228.0 bar=118 ph=15 the crown | render ms 6.51/6.53/6.73 | fps 59.7 | hold 1 miss 0 late 0 | gap ms 16.73 | under 0 fill 464 | copy 2495 cy/line 35.78 Mcy/s | synth 3018 cy/pump 43.28 Mcy/s 1803 cy/sample | tri 32 px 18833 part 115 ch 7 | AHASH s=5472000 141e2680
PROF T t=228 ph=15 the crown frames=60 | clear=44510 sky=487788 floor=0 scene=1272126 flat=95405 gouraud=0 chrome=0 texture=1097104 furnace=0 embers=127179 bloom=0 veil=851 titles=1403 fade=213 | setup=79616 total=1934073
T t=229.0 bar=119 ph=15 the crown | render ms 6.51/6.54/6.71 | fps 59.7 | hold 1 miss 0 late 0 | gap ms 16.73 | under 0 fill 464 | copy 2495 cy/line 35.78 Mcy/s | synth 3018 cy/pump 43.29 Mcy/s 1803 cy/sample | tri 32 px 18840 part 115 ch 7 | AHASH s=5496000 4c6b10cb
PROF T t=229 ph=15 the crown frames=60 | clear=44540 sky=487495 floor=0 scene=1272600 flat=95381 gouraud=0 chrome=0 texture=1097279 furnace=0 embers=128793 bloom=0 veil=857 titles=1410 fade=210 | setup=79939 total=1935907
T t=230.0 bar=119 ph=15 the crown | render ms 6.51/6.54/6.74 | fps 59.7 | hold 1 miss 0 late 0 | gap ms 16.73 | under 0 fill 464 | copy 2495 cy/line 35.78 Mcy/s | synth 3019 cy/pump 43.29 Mcy/s 1803 cy/sample | tri 32 px 18846 part 115 ch 7 | AHASH s=5520000 b862e7f1
PROF T t=230 ph=15 the crown frames=60 | clear=44565 sky=487190 floor=0 scene=1273661 flat=95371 gouraud=0 chrome=0 texture=1098285 furnace=0 embers=127406 bloom=0 veil=844 titles=1412 fade=222 | setup=80005 total=1935303
PHRASE t=230.4 bar=120 ph=16 the crown | render ms 6.50/7.05/12.42 | fps 59.7 | hold 1 miss 0 late 0 | gap ms 16.73 | under 0 fill 464 | copy 2496 cy/line 35.80 Mcy/s | synth 3021 cy/pump 43.32 Mcy/s 1805 cy/sample | tri 32 px 18843 part 115 ch 7 | AHASH s=5520000 b862e7f1
PROF PHRASE t=230 ph=16 the crown frames=918 | clear=44535 sky=488502 floor=0 scene=1274336 flat=95657 gouraud=0 chrome=0 texture=1135613 furnace=0 embers=127311 bloom=0 veil=138180 titles=16031 fade=211 | setup=43064 total=2089108
T t=231.0 bar=120 ph=16 the crown | render ms 6.50/6.54/6.72 | fps 59.7 | hold 1 miss 0 late 0 | gap ms 16.73 | under 0 fill 464 | copy 2495 cy/line 35.79 Mcy/s | synth 3019 cy/pump 43.29 Mcy/s 1804 cy/sample | tri 32 px 18860 part 115 ch 7 | AHASH s=5544000 84661a73
PROF T t=231 ph=16 the crown frames=60 | clear=44641 sky=488634 floor=0 scene=1274099 flat=95342 gouraud=0 chrome=0 texture=1098999 furnace=0 embers=125956 bloom=0 veil=849 titles=1399 fade=214 | setup=79758 total=1935795
T t=232.0 bar=120 ph=16 the crown | render ms 6.51/6.54/6.72 | fps 59.7 | hold 1 miss 0 late 0 | gap ms 16.73 | under 0 fill 464 | copy 2495 cy/line 35.78 Mcy/s | synth 3018 cy/pump 43.28 Mcy/s 1803 cy/sample | tri 32 px 18870 part 115 ch 7 | AHASH s=5568000 681533e2
PROF T t=232 ph=16 the crown frames=60 | clear=44550 sky=487359 floor=0 scene=1275088 flat=95334 gouraud=0 chrome=0 texture=1099794 furnace=0 embers=126207 bloom=0 veil=847 titles=1417 fade=204 | setup=79960 total=1935675
T t=233.0 bar=121 ph=16 the crown | render ms 6.51/6.54/6.70 | fps 59.7 | hold 1 miss 0 late 0 | gap ms 16.73 | under 0 fill 464 | copy 2495 cy/line 35.78 Mcy/s | synth 3018 cy/pump 43.28 Mcy/s 1803 cy/sample | tri 32 px 18880 part 115 ch 7 | AHASH s=5592000 64407f3f
PROF T t=233 ph=16 the crown frames=60 | clear=44607 sky=487817 floor=0 scene=1275255 flat=95303 gouraud=0 chrome=0 texture=1099918 furnace=0 embers=125910 bloom=0 veil=857 titles=1377 fade=221 | setup=80033 total=1936047
T t=234.0 bar=121 ph=16 the crown | render ms 6.52/6.55/6.73 | fps 59.7 | hold 1 miss 0 late 0 | gap ms 16.73 | under 0 fill 464 | copy 2495 cy/line 35.78 Mcy/s | synth 3018 cy/pump 43.28 Mcy/s 1803 cy/sample | tri 32 px 18894 part 115 ch 7 | AHASH s=5616000 7c38cb85
PROF T t=234 ph=16 the crown frames=60 | clear=44518 sky=487442 floor=0 scene=1275808 flat=95349 gouraud=0 chrome=0 texture=1100269 furnace=0 embers=127716 bloom=0 veil=845 titles=1405 fade=211 | setup=80190 total=1937949
T t=235.0 bar=122 ph=16 the crown | render ms 6.51/6.55/6.74 | fps 59.7 | hold 1 miss 0 late 0 | gap ms 16.73 | under 0 fill 464 | copy 2495 cy/line 35.78 Mcy/s | synth 3020 cy/pump 43.31 Mcy/s 1804 cy/sample | tri 32 px 18907 part 115 ch 7 | AHASH s=5640000 9db84134
PROF T t=235 ph=16 the crown frames=60 | clear=44558 sky=487595 floor=0 scene=1277379 flat=95608 gouraud=0 chrome=0 texture=1101358 furnace=0 embers=127800 bloom=0 veil=846 titles=1367 fade=203 | setup=80412 total=1939751
T t=236.0 bar=122 ph=16 the crown | render ms 6.52/6.55/6.72 | fps 59.7 | hold 1 miss 0 late 0 | gap ms 16.73 | under 0 fill 464 | copy 2495 cy/line 35.78 Mcy/s | synth 3021 cy/pump 43.33 Mcy/s 1805 cy/sample | tri 32 px 18929 part 115 ch 7 | AHASH s=5664000 6c183dfc
PROF T t=236 ph=16 the crown frames=60 | clear=44527 sky=487660 floor=0 scene=1277474 flat=95119 gouraud=0 chrome=0 texture=1102031 furnace=0 embers=127718 bloom=0 veil=860 titles=1414 fade=214 | setup=80323 total=1939870
T t=237.0 bar=123 ph=16 the crown | render ms 6.53/6.56/6.74 | fps 59.7 | hold 1 miss 0 late 0 | gap ms 16.73 | under 0 fill 464 | copy 2495 cy/line 35.78 Mcy/s | synth 3017 cy/pump 43.27 Mcy/s 1802 cy/sample | tri 32 px 18945 part 115 ch 7 | AHASH s=5688000 05d539ef
PROF T t=237 ph=16 the crown frames=60 | clear=44522 sky=487269 floor=0 scene=1278628 flat=95059 gouraud=0 chrome=0 texture=1103258 furnace=0 embers=128068 bloom=0 veil=848 titles=1412 fade=213 | setup=80310 total=1940962
T t=238.0 bar=123 ph=16 the crown | render ms 6.53/6.56/6.73 | fps 59.7 | hold 1 miss 0 late 0 | gap ms 16.73 | under 0 fill 464 | copy 2495 cy/line 35.78 Mcy/s | synth 3022 cy/pump 43.34 Mcy/s 1806 cy/sample | tri 32 px 18961 part 115 ch 7 | AHASH s=5712000 31cbeeea
PROF T t=238 ph=16 the crown frames=60 | clear=44495 sky=487208 floor=0 scene=1279649 flat=95059 gouraud=0 chrome=0 texture=1104199 furnace=0 embers=127285 bloom=0 veil=857 titles=1415 fade=212 | setup=80390 total=1941124
T t=239.0 bar=124 ph=16 the crown | render ms 6.52/6.56/6.75 | fps 59.7 | hold 1 miss 0 late 0 | gap ms 16.73 | under 0 fill 464 | copy 2495 cy/line 35.78 Mcy/s | synth 3020 cy/pump 43.30 Mcy/s 1804 cy/sample | tri 32 px 18971 part 115 ch 7 | AHASH s=5736000 c81eba09
PROF T t=239 ph=16 the crown frames=60 | clear=44461 sky=487304 floor=0 scene=1280905 flat=95503 gouraud=0 chrome=0 texture=1104854 furnace=0 embers=126827 bloom=0 veil=855 titles=1407 fade=224 | setup=80547 total=1941985
T t=240.0 bar=125 ph=16 the crown | render ms 6.53/6.56/6.74 | fps 59.7 | hold 1 miss 0 late 0 | gap ms 16.73 | under 0 fill 464 | copy 2495 cy/line 35.79 Mcy/s | synth 3019 cy/pump 43.30 Mcy/s 1804 cy/sample | tri 32 px 18994 part 115 ch 7 | AHASH s=5760000 2c68c39b
PROF T t=240 ph=16 the crown frames=60 | clear=44550 sky=487452 floor=0 scene=1280374 flat=94991 gouraud=0 chrome=0 texture=1105234 furnace=0 embers=127399 bloom=0 veil=871 titles=1362 fade=208 | setup=80149 total=1942220
T t=241.0 bar=125 ph=16 the crown | render ms 6.53/6.56/6.74 | fps 59.7 | hold 1 miss 0 late 0 | gap ms 16.73 | under 0 fill 464 | copy 2495 cy/line 35.78 Mcy/s | synth 3019 cy/pump 43.30 Mcy/s 1804 cy/sample | tri 32 px 18999 part 115 ch 7 | AHASH s=5784000 41cf35c7
PROF T t=241 ph=16 the crown frames=60 | clear=44568 sky=487166 floor=0 scene=1281446 flat=94607 gouraud=0 chrome=0 texture=1106244 furnace=0 embers=127022 bloom=0 veil=842 titles=1411 fade=201 | setup=80594 total=1942658
T t=242.0 bar=126 ph=16 the crown | render ms 6.54/6.56/6.74 | fps 59.7 | hold 1 miss 0 late 0 | gap ms 16.73 | under 0 fill 464 | copy 2495 cy/line 35.78 Mcy/s | synth 3020 cy/pump 43.31 Mcy/s 1804 cy/sample | tri 32 px 19015 part 115 ch 7 | AHASH s=5808000 32b03b3d
PROF T t=242 ph=16 the crown frames=60 | clear=44578 sky=487529 floor=0 scene=1281895 flat=95312 gouraud=0 chrome=0 texture=1106169 furnace=0 embers=126496 bloom=0 veil=836 titles=1412 fade=213 | setup=80413 total=1942962
T t=243.0 bar=126 ph=16 the crown | render ms 6.54/6.56/6.73 | fps 59.7 | hold 1 miss 0 late 0 | gap ms 16.73 | under 0 fill 464 | copy 2495 cy/line 35.78 Mcy/s | synth 3020 cy/pump 43.32 Mcy/s 1805 cy/sample | tri 32 px 19019 part 115 ch 7 | AHASH s=5832000 f1d57bbc
PROF T t=243 ph=16 the crown frames=60 | clear=44595 sky=487457 floor=0 scene=1282067 flat=95415 gouraud=0 chrome=0 texture=1106367 furnace=0 embers=125977 bloom=0 veil=827 titles=1409 fade=203 | setup=80284 total=1942538
T t=244.0 bar=127 ph=16 the crown | render ms 6.53/6.57/6.75 | fps 59.7 | hold 1 miss 0 late 0 | gap ms 16.73 | under 0 fill 464 | copy 2495 cy/line 35.78 Mcy/s | synth 3023 cy/pump 43.35 Mcy/s 1806 cy/sample | tri 32 px 19039 part 115 ch 7 | AHASH s=5856000 1e801b8d
PROF T t=244 ph=16 the crown frames=60 | clear=44548 sky=487614 floor=0 scene=1282627 flat=93848 gouraud=0 chrome=0 texture=1108259 furnace=0 embers=127153 bloom=0 veil=840 titles=1415 fade=206 | setup=80519 total=1944406
T t=245.0 bar=127 ph=16 the crown | render ms 6.56/9.96/11.62 | fps 59.7 | hold 1 miss 0 late 0 | gap ms 16.73 | under 0 fill 464 | copy 2508 cy/line 35.97 Mcy/s | synth 3029 cy/pump 43.43 Mcy/s 1809 cy/sample | tri 36 px 23837 part 115 ch 7 | AHASH s=5880000 a4ba12db
PROF T t=245 ph=16 the crown frames=60 | clear=44566 sky=487545 floor=0 scene=1283072 flat=95343 gouraud=0 chrome=0 texture=1315440 furnace=0 embers=125543 bloom=0 veil=1017769 titles=1404 fade=215 | setup=0 total=2960118
PHRASE t=245.7 bar=128 ph=17 the colossus | render ms 6.50/7.04/25.15 | fps 59.6 | hold 2 miss 0 late 1 | gap ms 33.47 | under 0 fill 464 | copy 2497 cy/line 35.81 Mcy/s | synth 3021 cy/pump 43.32 Mcy/s 1805 cy/sample | tri 496 px 44418 part 115 ch 8 | AHASH s=5880000 a4ba12db
PROF PHRASE t=245 ph=17 the colossus frames=918 | clear=44549 sky=487554 floor=1357 scene=1282208 flat=95097 gouraud=0 chrome=560 texture=1144419 furnace=0 embers=126891 bloom=0 veil=142259 titles=1402 fade=211 | setup=42131 total=2086433
T t=246.0 bar=128 ph=17 the colossus | render ms 11.69/14.62/25.42 | fps 49.9 | hold 2 miss 0 late 10 | gap ms 33.47 | under 0 fill 464 | copy 2513 cy/line 36.04 Mcy/s | synth 3031 cy/pump 43.47 Mcy/s 1811 cy/sample | tri 496 px 43256 part 115 ch 8 | AHASH s=5904000 c4f406e2
PROF T t=246 ph=17 the colossus frames=51 | clear=44594 sky=498140 floor=244533 scene=1797383 flat=86655 gouraud=0 chrome=100511 texture=1981535 furnace=0 embers=126566 bloom=0 veil=1647330 titles=1342 fade=209 | setup=0 total=4360100
T t=247.0 bar=128 ph=17 the colossus | render ms 23.53/24.44/25.26 | fps 29.8 | hold 2 miss 0 late 30 | gap ms 33.47 | under 0 fill 464 | copy 2500 cy/line 35.85 Mcy/s | synth 3014 cy/pump 43.23 Mcy/s 1801 cy/sample | tri 496 px 36724 part 115 ch 8 | AHASH s=5928000 383eb593
PROF T t=247 ph=17 the colossus frames=30 | clear=44642 sky=538458 floor=1244623 scene=3924214 flat=46224 gouraud=0 chrome=518754 texture=3107856 furnace=0 embers=124054 bloom=0 veil=1426788 titles=1039 fade=227 | setup=251378 total=7304049
T t=248.0 bar=129 ph=17 the colossus | render ms 19.99/20.64/23.16 | fps 29.8 | hold 2 miss 0 late 30 | gap ms 33.47 | under 0 fill 464 | copy 2483 cy/line 35.61 Mcy/s | synth 3007 cy/pump 43.13 Mcy/s 1797 cy/sample | tri 486 px 36819 part 115 ch 8 | AHASH s=5952000 baab71cd
PROF T t=248 ph=17 the colossus frames=30 | clear=44713 sky=537287 floor=1246425 scene=4067750 flat=43797 gouraud=0 chrome=565456 texture=2849326 furnace=0 embers=123702 bloom=0 veil=142191 titles=1040 fade=213 | setup=609170 total=6163325
T t=249.0 bar=129 ph=17 the colossus | render ms 20.44/20.77/20.98 | fps 29.8 | hold 2 miss 0 late 30 | gap ms 33.47 | under 0 fill 464 | copy 2485 cy/line 35.63 Mcy/s | synth 3012 cy/pump 43.20 Mcy/s 1800 cy/sample | tri 484 px 34798 part 115 ch 8 | AHASH s=5976000 8380b23d
PROF T t=249 ph=17 the colossus frames=30 | clear=44657 sky=537535 floor=1246131 scene=4247130 flat=40876 gouraud=0 chrome=658850 texture=2925785 furnace=0 embers=125202 bloom=0 veil=873 titles=1038 fade=215 | setup=621618 total=6202783
T t=250.0 bar=130 ph=17 the colossus | render ms 20.42/20.75/20.92 | fps 29.8 | hold 2 miss 0 late 30 | gap ms 33.47 | under 0 fill 464 | copy 2484 cy/line 35.62 Mcy/s | synth 3014 cy/pump 43.22 Mcy/s 1801 cy/sample | tri 476 px 31366 part 115 ch 8 | AHASH s=6000000 138c9b24
PROF T t=250 ph=17 the colossus frames=30 | clear=44677 sky=537587 floor=1245800 scene=4242008 flat=37760 gouraud=0 chrome=684145 texture=2896106 furnace=0 embers=125838 bloom=0 veil=878 titles=1040 fade=212 | setup=623996 total=6198044
T t=251.0 bar=130 ph=17 the colossus | render ms 19.22/19.81/20.50 | fps 29.8 | hold 2 miss 0 late 30 | gap ms 33.47 | under 0 fill 464 | copy 2480 cy/line 35.56 Mcy/s | synth 3012 cy/pump 43.19 Mcy/s 1799 cy/sample | tri 476 px 26441 part 115 ch 8 | AHASH s=6024000 47ca3d94
PROF T t=251 ph=17 the colossus frames=30 | clear=44674 sky=537463 floor=1245845 scene=3958328 flat=34389 gouraud=0 chrome=632899 texture=2667846 furnace=0 embers=125711 bloom=0 veil=862 titles=1037 fade=198 | setup=623193 total=5914123
T t=252.1 bar=131 ph=17 the colossus | render ms 18.25/18.72/19.28 | fps 29.8 | hold 2 miss 0 late 30 | gap ms 33.47 | under 0 fill 464 | copy 2476 cy/line 35.51 Mcy/s | synth 3009 cy/pump 43.16 Mcy/s 1798 cy/sample | tri 480 px 22245 part 115 ch 8 | AHASH s=6048000 8b47c525
PROF T t=252 ph=17 the colossus frames=30 | clear=44659 sky=537514 floor=1246420 scene=3631807 flat=31942 gouraud=0 chrome=579234 texture=2398679 furnace=0 embers=124303 bloom=0 veil=882 titles=1042 fade=195 | setup=621951 total=5586826
T t=253.1 bar=131 ph=17 the colossus | render ms 17.52/17.86/18.29 | fps 29.8 | hold 2 miss 0 late 30 | gap ms 33.47 | under 0 fill 464 | copy 2474 cy/line 35.49 Mcy/s | synth 3006 cy/pump 43.11 Mcy/s 1796 cy/sample | tri 478 px 19317 part 115 ch 8 | AHASH s=6072000 f3391ce0
PROF T t=253 ph=17 the colossus frames=30 | clear=44698 sky=537140 floor=1246656 scene=3373450 flat=23863 gouraud=0 chrome=537699 texture=2190191 furnace=0 embers=125047 bloom=0 veil=851 titles=1034 fade=217 | setup=621696 total=5329097
T t=254.1 bar=132 ph=17 the colossus | render ms 17.05/17.31/17.61 | fps 29.8 | hold 2 miss 0 late 30 | gap ms 33.47 | under 0 fill 464 | copy 2473 cy/line 35.46 Mcy/s | synth 3005 cy/pump 43.10 Mcy/s 1795 cy/sample | tri 470 px 17095 part 115 ch 8 | AHASH s=6096000 de4ce337
PROF T t=254 ph=17 the colossus frames=30 | clear=44730 sky=537391 floor=1261915 scene=3193226 flat=21784 gouraud=0 chrome=497725 texture=2052554 furnace=0 embers=126930 bloom=0 veil=878 titles=1039 fade=203 | setup=621162 total=5166317
T t=255.1 bar=132 ph=17 the colossus | render ms 16.54/16.71/17.11 | fps 43.8 | hold 2 miss 0 late 16 | gap ms 33.47 | under 0 fill 464 | copy 2475 cy/line 35.50 Mcy/s | synth 3027 cy/pump 43.41 Mcy/s 1809 cy/sample | tri 436 px 15437 part 115 ch 8 | AHASH s=6120000 a8a5e1d0
PROF T t=255 ph=17 the colossus frames=44 | clear=44599 sky=537321 floor=1288110 scene=2987292 flat=20195 gouraud=0 chrome=447379 texture=1903530 furnace=0 embers=126656 bloom=0 veil=848 titles=1033 fade=201 | setup=616186 total=4986063
T t=256.1 bar=133 ph=17 the colossus | render ms 16.06/16.34/16.64 | fps 58.7 | hold 2 miss 0 late 1 | gap ms 33.47 | under 0 fill 464 | copy 2477 cy/line 35.53 Mcy/s | synth 3051 cy/pump 43.75 Mcy/s 1823 cy/sample | tri 432 px 13827 part 115 ch 8 | AHASH s=6144000 59f4b5c6
PROF T t=256 ph=17 the colossus frames=59 | clear=44555 sky=536774 floor=1301238 scene=2862038 flat=19617 gouraud=0 chrome=426924 texture=1799709 furnace=0 embers=126736 bloom=0 veil=865 titles=1038 fade=217 | setup=615785 total=4873463
T t=257.1 bar=133 ph=17 the colossus | render ms 15.77/15.96/16.19 | fps 58.7 | hold 2 miss 0 late 1 | gap ms 33.47 | under 0 fill 464 | copy 2476 cy/line 35.51 Mcy/s | synth 3049 cy/pump 43.72 Mcy/s 1821 cy/sample | tri 450 px 12724 part 115 ch 8 | AHASH s=6168000 2863794b
PROF T t=257 ph=17 the colossus frames=59 | clear=44546 sky=536690 floor=1297601 scene=2750473 flat=18792 gouraud=0 chrome=403081 texture=1713458 furnace=0 embers=127035 bloom=0 veil=871 titles=1041 fade=206 | setup=615141 total=4758467
T t=258.1 bar=134 ph=17 the colossus | render ms 15.71/15.80/15.92 | fps 59.7 | hold 1 miss 0 late 0 | gap ms 16.73 | under 0 fill 464 | copy 2474 cy/line 35.49 Mcy/s | synth 3053 cy/pump 43.78 Mcy/s 1824 cy/sample | tri 474 px 11999 part 115 ch 8 | AHASH s=6192000 79d74958
PROF T t=258 ph=17 the colossus frames=60 | clear=44598 sky=536530 floor=1292445 scene=2712921 flat=18178 gouraud=0 chrome=405586 texture=1669686 furnace=0 embers=124642 bloom=0 veil=879 titles=1034 fade=216 | setup=619470 total=4713268
T t=259.1 bar=134 ph=17 the colossus | render ms 15.58/15.65/15.80 | fps 59.7 | hold 1 miss 0 late 0 | gap ms 16.73 | under 0 fill 464 | copy 2473 cy/line 35.47 Mcy/s | synth 3053 cy/pump 43.79 Mcy/s 1824 cy/sample | tri 474 px 11723 part 115 ch 8 | AHASH s=6216000 48d65178
PROF T t=259 ph=17 the colossus frames=60 | clear=44586 sky=535754 floor=1288681 scene=2671426 flat=17254 gouraud=0 chrome=404370 texture=1630283 furnace=0 embers=123551 bloom=0 veil=879 titles=1045 fade=206 | setup=619518 total=4666131
T t=260.1 bar=135 ph=17 the colossus | render ms 15.60/15.63/15.74 | fps 59.7 | hold 1 miss 0 late 0 | gap ms 16.73 | under 0 fill 464 | copy 2474 cy/line 35.47 Mcy/s | synth 3052 cy/pump 43.77 Mcy/s 1824 cy/sample | tri 474 px 11724 part 115 ch 8 | AHASH s=6240000 a573fad9
PROF T t=260 ph=17 the colossus frames=60 | clear=44544 sky=536152 floor=1288885 scene=2665338 flat=17189 gouraud=0 chrome=403569 texture=1625127 furnace=0 embers=124541 bloom=0 veil=882 titles=1044 fade=207 | setup=619451 total=4661596
PHRASE t=261.1 bar=136 ph=18 the colossus | render ms 15.58/17.58/25.42 | fps 42.3 | hold 2 miss 0 late 267 | gap ms 33.47 | under 0 fill 464 | copy 2479 cy/line 35.55 Mcy/s | synth 3027 cy/pump 43.42 Mcy/s 1809 cy/sample | tri 474 px 11702 part 115 ch 8 | AHASH s=6264000 695c5400
PROF PHRASE t=261 ph=18 the colossus frames=649 | clear=44615 sky=536906 floor=1275352 scene=3165468 flat=24938 gouraud=0 chrome=477259 texture=2069808 furnace=0 embers=125372 bloom=0 veil=96693 titles=1039 fade=209 | setup=593461 total=5245657
T t=261.1 bar=136 ph=18 the colossus | render ms 15.59/15.63/15.74 | fps 59.7 | hold 1 miss 0 late 0 | gap ms 16.73 | under 0 fill 464 | copy 2473 cy/line 35.47 Mcy/s | synth 3050 cy/pump 43.74 Mcy/s 1822 cy/sample | tri 474 px 11704 part 115 ch 8 | AHASH s=6264000 695c5400
PROF T t=261 ph=18 the colossus frames=60 | clear=44680 sky=536402 floor=1288791 scene=2664130 flat=17179 gouraud=0 chrome=403830 texture=1625145 furnace=0 embers=125893 bloom=0 veil=873 titles=1037 fade=210 | setup=617975 total=4662020
T t=262.1 bar=136 ph=18 the colossus | render ms 15.57/15.62/15.71 | fps 59.7 | hold 1 miss 0 late 0 | gap ms 16.73 | under 0 fill 464 | copy 2473 cy/line 35.46 Mcy/s | synth 3050 cy/pump 43.74 Mcy/s 1822 cy/sample | tri 474 px 11709 part 115 ch 8 | AHASH s=6288000 305069cf
PROF T t=262 ph=18 the colossus frames=60 | clear=44562 sky=536195 floor=1289064 scene=2661114 flat=17174 gouraud=0 chrome=402938 texture=1623170 furnace=0 embers=126063 bloom=0 veil=874 titles=1045 fade=216 | setup=617830 total=4659135
T t=263.1 bar=137 ph=18 the colossus | render ms 15.59/15.63/15.72 | fps 59.7 | hold 1 miss 0 late 0 | gap ms 16.73 | under 0 fill 464 | copy 2473 cy/line 35.47 Mcy/s | synth 3050 cy/pump 43.73 Mcy/s 1822 cy/sample | tri 474 px 11709 part 115 ch 8 | AHASH s=6312000 828dd9c1
PROF T t=263 ph=18 the colossus frames=60 | clear=44563 sky=536143 floor=1288936 scene=2662182 flat=17197 gouraud=0 chrome=402687 texture=1623514 furnace=0 embers=127046 bloom=0 veil=878 titles=1041 fade=214 | setup=618782 total=4661006
T t=264.1 bar=137 ph=18 the colossus | render ms 15.58/15.63/15.72 | fps 59.7 | hold 1 miss 0 late 0 | gap ms 16.73 | under 0 fill 464 | copy 2472 cy/line 35.46 Mcy/s | synth 3048 cy/pump 43.71 Mcy/s 1821 cy/sample | tri 474 px 11699 part 115 ch 8 | AHASH s=6336000 7059147f
PROF T t=264 ph=18 the colossus frames=60 | clear=44573 sky=535679 floor=1288637 scene=2662136 flat=17183 gouraud=0 chrome=403193 texture=1622829 furnace=0 embers=128063 bloom=0 veil=866 titles=1042 fade=199 | setup=618930 total=4661198
T t=265.1 bar=138 ph=18 the colossus | render ms 15.59/15.63/15.72 | fps 59.7 | hold 1 miss 0 late 0 | gap ms 16.73 | under 0 fill 464 | copy 2472 cy/line 35.46 Mcy/s | synth 3049 cy/pump 43.72 Mcy/s 1821 cy/sample | tri 474 px 11703 part 115 ch 8 | AHASH s=6360000 7aa6dded
PROF T t=265 ph=18 the colossus frames=60 | clear=44592 sky=536232 floor=1288689 scene=2662979 flat=17171 gouraud=0 chrome=403253 texture=1623299 furnace=0 embers=127288 bloom=0 veil=869 titles=1037 fade=217 | setup=619255 total=4661907
T t=266.1 bar=138 ph=18 the colossus | render ms 15.58/15.62/15.71 | fps 59.7 | hold 1 miss 0 late 0 | gap ms 16.73 | under 0 fill 464 | copy 2473 cy/line 35.47 Mcy/s | synth 3050 cy/pump 43.74 Mcy/s 1822 cy/sample | tri 474 px 11700 part 115 ch 8 | AHASH s=6384000 81e2d431
PROF T t=266 ph=18 the colossus frames=60 | clear=44586 sky=535798 floor=1288646 scene=2662226 flat=17181 gouraud=0 chrome=403074 texture=1622926 furnace=0 embers=125069 bloom=0 veil=862 titles=1042 fade=212 | setup=619044 total=4658444
T t=267.1 bar=139 ph=18 the colossus | render ms 15.57/15.92/16.65 | fps 59.7 | hold 1 miss 0 late 0 | gap ms 16.73 | under 0 fill 464 | copy 2471 cy/line 35.43 Mcy/s | synth 3055 cy/pump 43.81 Mcy/s 1825 cy/sample | tri 474 px 11700 part 115 ch 8 | AHASH s=6408000 ef30adf0
PROF T t=267 ph=18 the colossus frames=60 | clear=44553 sky=539461 floor=1289197 scene=2664672 flat=17187 gouraud=0 chrome=403114 texture=1624753 furnace=0 embers=122619 bloom=0 veil=875 titles=85459 fade=217 | setup=619616 total=4747056
T t=268.1 bar=139 ph=18 the colossus | render ms 16.55/16.62/16.66 | fps 58.7 | hold 2 miss 0 late 1 | gap ms 33.47 | under 0 fill 464 | copy 2466 cy/line 35.36 Mcy/s | synth 3067 cy/pump 43.99 Mcy/s 1832 cy/sample | tri 474 px 11705 part 115 ch 8 | AHASH s=6432000 60062f57
PROF T t=268 ph=18 the colossus frames=59 | clear=44596 sky=547740 floor=1290487 scene=2670480 flat=17211 gouraud=0 chrome=403760 texture=1628801 furnace=0 embers=119832 bloom=0 veil=883 titles=281991 fade=218 | setup=620706 total=4956230
T t=269.1 bar=140 ph=18 the colossus | render ms 16.57/16.61/16.68 | fps 58.7 | hold 2 miss 0 late 1 | gap ms 33.47 | under 0 fill 464 | copy 2466 cy/line 35.36 Mcy/s | synth 3063 cy/pump 43.92 Mcy/s 1830 cy/sample | tri 474 px 11705 part 115 ch 8 | AHASH s=6456000 7b930143
PROF T t=269 ph=18 the colossus frames=59 | clear=44579 sky=547940 floor=1290428 scene=2669986 flat=17211 gouraud=0 chrome=404032 texture=1629339 furnace=0 embers=118374 bloom=0 veil=879 titles=281750 fade=215 | setup=619402 total=4954155
T t=270.1 bar=140 ph=18 the colossus | render ms 16.59/16.62/16.69 | fps 58.7 | hold 2 miss 0 late 1 | gap ms 33.47 | under 0 fill 464 | copy 2465 cy/line 35.36 Mcy/s | synth 3064 cy/pump 43.94 Mcy/s 1831 cy/sample | tri 474 px 11732 part 115 ch 8 | AHASH s=6480000 2adcb194
PROF T t=270 ph=18 the colossus frames=59 | clear=44600 sky=547670 floor=1290405 scene=2671854 flat=17218 gouraud=0 chrome=404077 texture=1630525 furnace=0 embers=121065 bloom=0 veil=888 titles=281565 fade=218 | setup=620033 total=4958269
T t=271.1 bar=141 ph=18 the colossus | render ms 16.58/16.63/16.73 | fps 58.7 | hold 2 miss 0 late 1 | gap ms 33.47 | under 0 fill 464 | copy 2465 cy/line 35.35 Mcy/s | synth 3065 cy/pump 43.95 Mcy/s 1831 cy/sample | tri 474 px 11719 part 115 ch 8 | AHASH s=6504000 17007f35
PROF T t=271 ph=18 the colossus frames=59 | clear=44588 sky=547619 floor=1290521 scene=2671602 flat=17223 gouraud=0 chrome=404026 texture=1629864 furnace=0 embers=122743 bloom=0 veil=883 titles=281812 fade=224 | setup=620486 total=4959995
T t=272.2 bar=141 ph=18 the colossus | render ms 16.59/16.64/16.70 | fps 58.7 | hold 2 miss 0 late 1 | gap ms 33.47 | under 0 fill 464 | copy 2465 cy/line 35.35 Mcy/s | synth 3062 cy/pump 43.91 Mcy/s 1829 cy/sample | tri 474 px 11709 part 115 ch 8 | AHASH s=6528000 b433fa00
PROF T t=272 ph=18 the colossus frames=59 | clear=44586 sky=547911 floor=1290540 scene=2670792 flat=17214 gouraud=0 chrome=403298 texture=1629980 furnace=0 embers=126329 bloom=0 veil=886 titles=281620 fade=220 | setup=620298 total=4962888
T t=273.2 bar=142 ph=18 the colossus | render ms 16.60/16.64/16.72 | fps 58.7 | hold 2 miss 0 late 1 | gap ms 33.47 | under 0 fill 464 | copy 2465 cy/line 35.35 Mcy/s | synth 3065 cy/pump 43.96 Mcy/s 1831 cy/sample | tri 474 px 11712 part 115 ch 8 | AHASH s=6552000 4fefd826
PROF T t=273 ph=18 the colossus frames=59 | clear=44627 sky=547861 floor=1290701 scene=2670742 flat=17208 gouraud=0 chrome=403189 texture=1629698 furnace=0 embers=125848 bloom=0 veil=887 titles=281947 fade=227 | setup=620645 total=4962845
T t=274.2 bar=142 ph=18 the colossus | render ms 16.60/16.64/16.70 | fps 58.7 | hold 2 miss 0 late 1 | gap ms 33.47 | under 0 fill 464 | copy 2465 cy/line 35.35 Mcy/s | synth 3065 cy/pump 43.96 Mcy/s 1831 cy/sample | tri 474 px 11721 part 115 ch 8 | AHASH s=6576000 cef0dd1d
PROF T t=274 ph=18 the colossus frames=59 | clear=44677 sky=547838 floor=1290303 scene=2671821 flat=17223 gouraud=0 chrome=403129 texture=1630282 furnace=0 embers=125707 bloom=0 veil=885 titles=281556 fade=221 | setup=621185 total=4963011
T t=275.1 bar=143 ph=18 the colossus | render ms 16.61/17.02/19.70 | fps 51.7 | hold 2 miss 0 late 8 | gap ms 33.47 | under 0 fill 464 | copy 2467 cy/line 35.38 Mcy/s | synth 3053 cy/pump 43.78 Mcy/s 1824 cy/sample | tri 478 px 11728 part 115 ch 8 | AHASH s=6600000 9e70d01d
PROF T t=275 ph=18 the colossus frames=52 | clear=44623 sky=547870 floor=1290264 scene=2672466 flat=17229 gouraud=0 chrome=404198 texture=1639246 furnace=0 embers=127552 bloom=0 veil=112328 titles=281684 fade=221 | setup=611792 total=5077011
T t=276.2 bar=143 ph=18 the colossus | render ms 19.94/20.87/21.34 | fps 29.8 | hold 2 miss 0 late 30 | gap ms 33.47 | under 0 fill 464 | copy 2477 cy/line 35.53 Mcy/s | synth 3013 cy/pump 43.21 Mcy/s 1800 cy/sample | tri 478 px 14580 part 115 ch 8 | AHASH s=6624000 c64f2443
PROF T t=276 ph=18 the colossus frames=30 | clear=44714 sky=547643 floor=1290007 scene=2670947 flat=17188 gouraud=0 chrome=404441 texture=1879739 furnace=0 embers=127191 bloom=0 veil=1271042 titles=281877 fade=218 | setup=369578 total=6233641
PHRASE t=276.5 bar=144 ph=19 coda | render ms 15.57/16.45/21.41 | fps 56.2 | hold 2 miss 0 late 54 | gap ms 33.47 | under 0 fill 464 | copy 2469 cy/line 35.41 Mcy/s | synth 3054 cy/pump 43.79 Mcy/s 1824 cy/sample | tri 478 px 14571 part 64 ch 9 | AHASH s=6624000 c64f2443
PROF PHRASE t=276 ph=19 coda frames=866 | clear=44609 sky=543140 floor=1289779 scene=2667554 flat=17202 gouraud=0 chrome=403474 texture=1639831 furnace=0 embers=124582 bloom=0 veil=66140 titles=170018 fade=217 | setup=607045 total=4906042
T t=277.2 bar=144 ph=19 coda | render ms 19.98/20.56/21.41 | fps 29.8 | hold 2 miss 0 late 30 | gap ms 33.47 | under 0 fill 464 | copy 2480 cy/line 35.56 Mcy/s | synth 3007 cy/pump 43.12 Mcy/s 1796 cy/sample | tri 478 px 13149 part 64 ch 9 | AHASH s=6648000 cb7a3c0a
PROF T t=277 ph=19 coda frames=30 | clear=44826 sky=541042 floor=1289202 scene=2664228 flat=17193 gouraud=0 chrome=403320 texture=1947470 furnace=0 embers=86020 bloom=0 veil=1382071 titles=131252 fade=192 | setup=296244 total=6138836
T t=278.2 bar=144 ph=19 coda | render ms 15.66/17.92/20.12 | fps 36.8 | hold 2 miss 0 late 23 | gap ms 33.47 | under 0 fill 464 | copy 2475 cy/line 35.49 Mcy/s | synth 3014 cy/pump 43.22 Mcy/s 1801 cy/sample | tri 474 px 11696 part 64 ch 9 | AHASH s=6672000 1b3cb947
PROF T t=278 ph=19 coda frames=37 | clear=44641 sky=536915 floor=1289000 scene=2662683 flat=17198 gouraud=0 chrome=402503 texture=1721681 furnace=0 embers=70763 bloom=0 veil=667337 titles=76746 fade=217 | setup=521300 total=5348306
T t=279.2 bar=145 ph=19 coda | render ms 15.65/15.69/15.78 | fps 59.7 | hold 1 miss 0 late 0 | gap ms 16.73 | under 0 fill 464 | copy 2471 cy/line 35.44 Mcy/s | synth 3047 cy/pump 43.69 Mcy/s 1820 cy/sample | tri 474 px 11694 part 64 ch 9 | AHASH s=6696000 c33b0199
PROF T t=279 ph=19 coda frames=60 | clear=44580 sky=536574 floor=1288974 scene=2661510 flat=17181 gouraud=0 chrome=401573 texture=1624428 furnace=0 embers=69773 bloom=0 veil=869 titles=76849 fade=210 | setup=618326 total=4679344
T t=280.2 bar=145 ph=19 coda | render ms 15.64/15.68/15.76 | fps 59.7 | hold 1 miss 0 late 0 | gap ms 16.73 | under 0 fill 464 | copy 2471 cy/line 35.44 Mcy/s | synth 3044 cy/pump 43.65 Mcy/s 1818 cy/sample | tri 474 px 11697 part 64 ch 9 | AHASH s=6720000 24c69270
PROF T t=280 ph=19 coda frames=60 | clear=44596 sky=536012 floor=1288578 scene=2662150 flat=17196 gouraud=0 chrome=403005 texture=1623931 furnace=0 embers=67727 bloom=0 veil=875 titles=76750 fade=229 | setup=618017 total=4676922
T t=281.2 bar=146 ph=19 coda | render ms 15.66/15.69/15.76 | fps 59.7 | hold 1 miss 0 late 0 | gap ms 16.73 | under 0 fill 464 | copy 2471 cy/line 35.44 Mcy/s | synth 3051 cy/pump 43.75 Mcy/s 1823 cy/sample | tri 474 px 11698 part 64 ch 9 | AHASH s=6744000 a7bea33b
PROF T t=281 ph=19 coda frames=60 | clear=44532 sky=536439 floor=1289049 scene=2663475 flat=17173 gouraud=0 chrome=402462 texture=1625244 furnace=0 embers=68203 bloom=0 veil=858 titles=76703 fade=219 | setup=618594 total=4679481
T t=282.2 bar=147 ph=19 coda | render ms 15.65/15.70/15.76 | fps 59.7 | hold 1 miss 0 late 0 | gap ms 16.73 | under 0 fill 464 | copy 2471 cy/line 35.44 Mcy/s | synth 3048 cy/pump 43.72 Mcy/s 1821 cy/sample | tri 474 px 11694 part 64 ch 9 | AHASH s=6768000 5f3af91b
PROF T t=282 ph=19 coda frames=60 | clear=44598 sky=536341 floor=1288949 scene=2663198 flat=17187 gouraud=0 chrome=401672 texture=1625605 furnace=0 embers=70664 bloom=0 veil=872 titles=76546 fade=210 | setup=618732 total=4681382
T t=283.2 bar=147 ph=19 coda | render ms 15.63/15.66/15.73 | fps 59.7 | hold 1 miss 0 late 0 | gap ms 16.73 | under 0 fill 464 | copy 2472 cy/line 35.45 Mcy/s | synth 3051 cy/pump 43.75 Mcy/s 1823 cy/sample | tri 474 px 11708 part 64 ch 9 | AHASH s=6792000 950631a6
PROF T t=283 ph=19 coda frames=60 | clear=44533 sky=536037 floor=1289058 scene=2664522 flat=17189 gouraud=0 chrome=402487 texture=1626004 furnace=0 embers=71504 bloom=0 veil=881 titles=64143 fade=220 | setup=618840 total=4670901
T t=284.2 bar=148 ph=19 coda | render ms 15.59/15.65/15.75 | fps 59.7 | hold 1 miss 0 late 0 | gap ms 16.73 | under 0 fill 464 | copy 2472 cy/line 35.45 Mcy/s | synth 3051 cy/pump 43.76 Mcy/s 1823 cy/sample | tri 466 px 11677 part 64 ch 9 | AHASH s=6816000 147dbfff
PROF T t=284 ph=19 coda frames=60 | clear=44574 sky=535976 floor=1289431 scene=2661324 flat=17175 gouraud=0 chrome=401314 texture=1624960 furnace=0 embers=72100 bloom=0 veil=874 titles=64174 fade=215 | setup=617873 total=4668671
T t=285.2 bar=148 ph=19 coda | render ms 15.58/15.61/15.69 | fps 59.7 | hold 1 miss 0 late 0 | gap ms 16.73 | under 0 fill 464 | copy 2472 cy/line 35.45 Mcy/s | synth 3049 cy/pump 43.72 Mcy/s 1821 cy/sample | tri 466 px 11702 part 64 ch 9 | AHASH s=6840000 00406ffd
PROF T t=285 ph=19 coda frames=60 | clear=44585 sky=536385 floor=1288904 scene=2649515 flat=17172 gouraud=0 chrome=391621 texture=1623289 furnace=0 embers=72299 bloom=0 veil=870 titles=64168 fade=208 | setup=617432 total=4656938
T t=286.2 bar=149 ph=19 coda | render ms 15.46/15.56/15.69 | fps 59.7 | hold 1 miss 0 late 0 | gap ms 16.73 | under 0 fill 464 | copy 2472 cy/line 35.45 Mcy/s | synth 3050 cy/pump 43.73 Mcy/s 1822 cy/sample | tri 442 px 11703 part 64 ch 9 | AHASH s=6864000 6a0d4962
PROF T t=286 ph=19 coda frames=60 | clear=44588 sky=536098 floor=1288926 scene=2635722 flat=17169 gouraud=0 chrome=387066 texture=1615097 furnace=0 embers=70536 bloom=0 veil=875 titles=64071 fade=204 | setup=616388 total=4641023
T t=287.2 bar=149 ph=19 coda | render ms 15.43/15.48/15.54 | fps 59.7 | hold 1 miss 0 late 0 | gap ms 16.73 | under 0 fill 464 | copy 2472 cy/line 35.45 Mcy/s | synth 3049 cy/pump 43.73 Mcy/s 1822 cy/sample | tri 442 px 11693 part 64 ch 9 | AHASH s=6888000 9b63138c
PROF T t=287 ph=19 coda frames=60 | clear=44613 sky=535988 floor=1288921 scene=2613705 flat=17162 gouraud=0 chrome=379932 texture=1601784 furnace=0 embers=68710 bloom=0 veil=858 titles=64122 fade=205 | setup=614826 total=4617126
T t=288.2 bar=150 ph=19 coda | render ms 15.45/15.49/15.55 | fps 59.7 | hold 1 miss 0 late 0 | gap ms 16.73 | under 0 fill 464 | copy 2472 cy/line 35.45 Mcy/s | synth 3050 cy/pump 43.73 Mcy/s 1822 cy/sample | tri 446 px 11684 part 64 ch 9 | AHASH s=6912000 829f894d
PROF T t=288 ph=19 coda frames=60 | clear=44585 sky=536298 floor=1288653 scene=2615802 flat=17152 gouraud=0 chrome=381568 texture=1601557 furnace=0 embers=69110 bloom=0 veil=868 titles=65388 fade=210 | setup=615524 total=4620918
T t=289.2 bar=150 ph=19 coda | render ms 15.46/15.50/15.58 | fps 59.7 | hold 1 miss 0 late 0 | gap ms 16.73 | under 0 fill 464 | copy 2471 cy/line 35.44 Mcy/s | synth 3052 cy/pump 43.77 Mcy/s 1824 cy/sample | tri 442 px 11692 part 64 ch 9 | AHASH s=6936000 1f23e7aa
PROF T t=289 ph=19 coda frames=60 | clear=44544 sky=535713 floor=1289105 scene=2613235 flat=17162 gouraud=0 chrome=380095 texture=1600978 furnace=0 embers=70750 bloom=0 veil=880 titles=68889 fade=217 | setup=614998 total=4623336
T t=290.2 bar=151 ph=19 coda | render ms 15.47/15.51/15.62 | fps 59.7 | hold 1 miss 0 late 0 | gap ms 16.73 | under 0 fill 464 | copy 2472 cy/line 35.46 Mcy/s | synth 3050 cy/pump 43.73 Mcy/s 1822 cy/sample | tri 442 px 11698 part 64 ch 9 | AHASH s=6960000 2faf33e5
PROF T t=290 ph=19 coda frames=60 | clear=44568 sky=536051 floor=1288831 scene=2614851 flat=17157 gouraud=0 chrome=380714 texture=1601454 furnace=0 embers=70825 bloom=0 veil=880 titles=68897 fade=217 | setup=615524 total=4625123
T t=291.2 bar=151 ph=19 coda | render ms 15.46/15.50/15.61 | fps 59.7 | hold 1 miss 0 late 0 | gap ms 16.73 | under 0 fill 464 | copy 2472 cy/line 35.45 Mcy/s | synth 3051 cy/pump 43.76 Mcy/s 1823 cy/sample | tri 442 px 11677 part 64 ch 9 | AHASH s=6984000 c239b3d9
PROF T t=291 ph=19 coda frames=60 | clear=44560 sky=536302 floor=1288899 scene=2612846 flat=17160 gouraud=0 chrome=381116 texture=1600467 furnace=0 embers=70742 bloom=0 veil=864 titles=68916 fade=209 | setup=614101 total=4623342
PHRASE t=291.8 bar=152 ph=20 coda | render ms 15.43/15.80/20.42 | fps 56.8 | hold 2 miss 0 late 44 | gap ms 33.47 | under 0 fill 464 | copy 2472 cy/line 35.46 Mcy/s | synth 3045 cy/pump 43.67 Mcy/s 1819 cy/sample | tri 442 px 11677 part 64 ch 9 | AHASH s=6984000 c239b3d9
PROF PHRASE t=291 ph=20 coda frames=872 | clear=44582 sky=536246 floor=1288934 scene=2641234 flat=17172 gouraud=0 chrome=392153 texture=1626771 furnace=0 embers=70260 bloom=0 veil=62200 titles=69688 fade=213 | setup=605137 total=4713359
T t=292.2 bar=152 ph=20 coda | render ms 15.46/15.50/15.60 | fps 59.7 | hold 1 miss 0 late 0 | gap ms 16.73 | under 0 fill 464 | copy 2472 cy/line 35.45 Mcy/s | synth 3055 cy/pump 43.81 Mcy/s 1825 cy/sample | tri 442 px 11683 part 64 ch 9 | AHASH s=7008000 704099c2
PROF T t=292 ph=20 coda frames=60 | clear=44665 sky=536348 floor=1289220 scene=2612809 flat=17161 gouraud=0 chrome=380406 texture=1600559 furnace=0 embers=69858 bloom=0 veil=875 titles=68885 fade=208 | setup=614682 total=4622871
T t=293.2 bar=152 ph=20 coda | render ms 15.45/15.50/15.57 | fps 59.7 | hold 1 miss 0 late 0 | gap ms 16.73 | under 0 fill 464 | copy 2472 cy/line 35.45 Mcy/s | synth 3049 cy/pump 43.72 Mcy/s 1822 cy/sample | tri 442 px 11698 part 64 ch 9 | AHASH s=7032000 995b0358
PROF T t=293 ph=20 coda frames=60 | clear=44552 sky=536389 floor=1288790 scene=2612432 flat=17161 gouraud=0 chrome=379448 texture=1601971 furnace=0 embers=69988 bloom=0 veil=870 titles=68906 fade=212 | setup=613851 total=4622143
T t=294.2 bar=153 ph=20 coda | render ms 15.45/15.52/15.60 | fps 59.7 | hold 1 miss 0 late 0 | gap ms 16.73 | under 0 fill 464 | copy 2471 cy/line 35.44 Mcy/s | synth 3048 cy/pump 43.71 Mcy/s 1821 cy/sample | tri 454 px 11693 part 64 ch 9 | AHASH s=7056000 2f66bfb1
PROF T t=294 ph=20 coda frames=60 | clear=44586 sky=536331 floor=1289110 scene=2625530 flat=17154 gouraud=0 chrome=383398 texture=1610053 furnace=0 embers=70872 bloom=0 veil=862 titles=62368 fade=222 | setup=614924 total=4629884
T t=295.2 bar=153 ph=20 coda | render ms 15.48/15.52/15.61 | fps 59.7 | hold 1 miss 0 late 0 | gap ms 16.73 | under 0 fill 464 | copy 2472 cy/line 35.46 Mcy/s | synth 3047 cy/pump 43.70 Mcy/s 1820 cy/sample | tri 454 px 11699 part 64 ch 9 | AHASH s=7080000 e194e682
PROF T t=295 ph=20 coda frames=60 | clear=44591 sky=536190 floor=1288502 scene=2629000 flat=17161 gouraud=0 chrome=384343 texture=1611800 furnace=0 embers=71271 bloom=0 veil=875 titles=56628 fade=212 | setup=615695 total=4627274
T t=296.3 bar=154 ph=20 coda | render ms 15.43/15.49/15.59 | fps 59.7 | hold 1 miss 0 late 0 | gap ms 16.73 | under 0 fill 464 | copy 2475 cy/line 35.49 Mcy/s | synth 2990 cy/pump 42.88 Mcy/s 1786 cy/sample | tri 442 px 11692 part 64 ch 9 | AHASH s=7104000 564c453e
PROF T t=296 ph=20 coda frames=60 | clear=44571 sky=536348 floor=1288896 scene=2619019 flat=17163 gouraud=0 chrome=381742 texture=1605629 furnace=0 embers=71862 bloom=0 veil=877 titles=56623 fade=219 | setup=614483 total=4618418
T t=297.3 bar=154 ph=20 coda | render ms 15.44/15.47/15.54 | fps 59.7 | hold 1 miss 0 late 0 | gap ms 16.73 | under 0 fill 464 | copy 2490 cy/line 35.71 Mcy/s | synth 2730 cy/pump 39.15 Mcy/s 1631 cy/sample | tri 442 px 11696 part 64 ch 9 | AHASH s=7128000 eb476912
PROF T t=297 ph=20 coda frames=60 | clear=44576 sky=536100 floor=1288866 scene=2616084 flat=17158 gouraud=0 chrome=380632 texture=1604137 furnace=0 embers=71480 bloom=0 veil=875 titles=56635 fade=211 | setup=614156 total=4614829
T t=298.3 bar=155 ph=20 coda | render ms 15.44/15.47/15.55 | fps 59.7 | hold 1 miss 0 late 0 | gap ms 16.73 | under 0 fill 464 | copy 2490 cy/line 35.71 Mcy/s | synth 2728 cy/pump 39.13 Mcy/s 1630 cy/sample | tri 442 px 11682 part 64 ch 9 | AHASH s=7152000 94ebcd29
PROF T t=298 ph=20 coda frames=60 | clear=44574 sky=536061 floor=1289126 scene=2614555 flat=17157 gouraud=0 chrome=379572 texture=1603605 furnace=0 embers=71608 bloom=0 veil=885 titles=56643 fade=200 | setup=614219 total=4613655
T t=299.3 bar=155 ph=20 coda | render ms 15.41/15.46/15.56 | fps 59.7 | hold 1 miss 0 late 0 | gap ms 16.73 | under 0 fill 464 | copy 2490 cy/line 35.72 Mcy/s | synth 2731 cy/pump 39.17 Mcy/s 1632 cy/sample | tri 442 px 11676 part 64 ch 9 | AHASH s=7176000 688e80ce
PROF T t=299 ph=20 coda frames=60 | clear=44582 sky=536235 floor=1288641 scene=2612771 flat=17161 gouraud=0 chrome=380205 texture=1601343 furnace=0 embers=71729 bloom=0 veil=858 titles=56616 fade=217 | setup=614061 total=4611652
T t=300.3 bar=156 ph=20 coda | render ms 15.45/15.89/16.05 | fps 59.7 | hold 1 miss 0 late 0 | gap ms 16.73 | under 0 fill 464 | copy 2487 cy/line 35.67 Mcy/s | synth 2735 cy/pump 39.22 Mcy/s 1634 cy/sample | tri 446 px 11662 part 64 ch 9 | AHASH s=7200000 595bd6d6
PROF T t=300 ph=20 coda frames=60 | clear=44584 sky=543338 floor=1289842 scene=2618307 flat=17160 gouraud=0 chrome=382264 texture=1603238 furnace=0 embers=71202 bloom=0 veil=872 titles=172020 fade=221 | setup=615644 total=4740390
T t=301.3 bar=156 ph=20 coda | render ms 15.97/16.01/16.08 | fps 58.7 | hold 2 miss 0 late 1 | gap ms 33.47 | under 0 fill 464 | copy 2483 cy/line 35.60 Mcy/s | synth 2575 cy/pump 36.93 Mcy/s 1538 cy/sample | tri 450 px 11679 part 64 ch 9 | AHASH s=7224000 9b690296
PROF T t=301 ph=20 coda frames=59 | clear=44609 sky=544960 floor=1289623 scene=2625236 flat=17156 gouraud=0 chrome=389587 texture=1602448 furnace=0 embers=70127 bloom=0 veil=875 titles=200873 fade=222 | setup=616043 total=4776529
T t=302.3 bar=157 ph=20 coda | render ms 15.98/16.02/16.10 | fps 58.7 | hold 2 miss 0 late 1 | gap ms 33.47 | under 0 fill 464 | copy 2475 cy/line 35.49 Mcy/s | synth 2304 cy/pump 33.05 Mcy/s 1377 cy/sample | tri 450 px 11681 part 64 ch 9 | AHASH s=7248000 06c26f09
PROF T t=302 ph=20 coda frames=59 | clear=44615 sky=545136 floor=1289340 scene=2628654 flat=17157 gouraud=0 chrome=392128 texture=1602821 furnace=0 embers=69041 bloom=0 veil=877 titles=200657 fade=220 | setup=616546 total=4778545
T t=303.3 bar=157 ph=20 coda | render ms 15.98/16.02/16.07 | fps 58.7 | hold 2 miss 0 late 1 | gap ms 33.47 | under 0 fill 464 | copy 2475 cy/line 35.49 Mcy/s | synth 2304 cy/pump 33.04 Mcy/s 1376 cy/sample | tri 450 px 11678 part 64 ch 9 | AHASH s=7272000 59a672b8
PROF T t=303 ph=20 coda frames=59 | clear=44577 sky=545319 floor=1288636 scene=2627744 flat=17156 gouraud=0 chrome=392110 texture=1602531 furnace=0 embers=69819 bloom=0 veil=868 titles=200865 fade=216 | setup=615945 total=4778046
T t=304.3 bar=158 ph=20 coda | render ms 15.99/16.02/16.12 | fps 58.7 | hold 2 miss 0 late 1 | gap ms 33.47 | under 0 fill 464 | copy 2474 cy/line 35.48 Mcy/s | synth 2303 cy/pump 33.02 Mcy/s 1376 cy/sample | tri 450 px 11663 part 64 ch 9 | AHASH s=7296000 1cf1f220
PROF T t=304 ph=20 coda frames=59 | clear=44634 sky=545316 floor=1288933 scene=2628123 flat=17156 gouraud=0 chrome=392845 texture=1601967 furnace=0 embers=70909 bloom=0 veil=871 titles=200838 fade=225 | setup=616152 total=4779852
T t=305.3 bar=159 ph=20 coda | render ms 15.99/16.19/20.78 | fps 56.7 | hold 2 miss 0 late 3 | gap ms 33.47 | under 0 fill 464 | copy 2474 cy/line 35.48 Mcy/s | synth 2302 cy/pump 33.02 Mcy/s 1375 cy/sample | tri 450 px 11667 part 64 ch 9 | AHASH s=7320000 1c41b916
PROF T t=305 ph=20 coda frames=57 | clear=44620 sky=545307 floor=1289064 scene=2627411 flat=17156 gouraud=0 chrome=392924 texture=1601585 furnace=0 embers=71399 bloom=0 veil=877 titles=200745 fade=49579 | setup=615744 total=4829007
T t=306.3 bar=159 ph=20 coda | render ms 20.66/20.72/20.83 | fps 29.8 | hold 2 miss 0 late 30 | gap ms 33.47 | under 0 fill 464 | copy 2486 cy/line 35.65 Mcy/s | synth 2259 cy/pump 32.40 Mcy/s 1350 cy/sample | tri 450 px 11671 part 64 ch 9 | AHASH s=7344000 024e2125
PROF T t=306 ph=20 coda frames=30 | clear=44636 sky=545120 floor=1288981 scene=2626723 flat=17161 gouraud=0 chrome=392713 texture=1602038 furnace=0 embers=72408 bloom=0 veil=881 titles=200853 fade=1407512 | setup=614810 total=6187117
PHRASE t=307.1 bar=159 ph=20 coda | render ms 15.41/16.05/20.84 | fps 55.6 | hold 2 miss 0 late 63 | gap ms 33.47 | under 0 fill 464 | copy 2480 cy/line 35.56 Mcy/s | synth 2640 cy/pump 37.85 Mcy/s 1577 cy/sample | tri 450 px 11668 part 64 ch 9 | AHASH s=7368000 cc1dbcdf
PROF PHRASE t=307 ph=20 coda frames=855 | clear=44600 sky=540408 floor=1289039 scene=2621915 flat=17159 gouraud=0 chrome=385731 texture=1603873 furnace=0 embers=70924 bloom=0 veil=873 titles=125210 fade=95677 | setup=615151 total=4788650
DONE frames=17054 render_max_us=25421 gap_max_us=33474 miss=0 late=1304 under=0 min_fill=464 copy_worst_cy=3119 pump_worst_cy=97276 vsyncs=18362 heap_free=36864 peak=29914
