
=== COLOSSUS / LATENT / 2026 === sys_clk=300000000
BOOT heap_region=50868 heap_free=50868 ballast=0 total_samples=7372800 bars=160
BOOT heap_free_after_init=50868
BOOT heap_free_after_video=36864 scanout_lines=240
T t=0.9 bar=0 ph=1 overture | render ms 7.88/7.93/8.00 | fps 59.7 | hold 2 miss 0 late 1 | gap ms 16.76 | under 0 fill 465 | copy 2453 cy/line 35.78 Mcy/s | synth 2277 cy/pump 32.67 Mcy/s 1361 cy/sample | tri 0 px 0 part 66 ch 0 | AHASH s=24000 45de1a0f
PROF T t=0 ph=1 overture frames=60 | clear=44043 sky=517884 floor=0 scene=8161 flat=0 gouraud=0 chrome=0 texture=0 furnace=0 embers=76436 bloom=0 veil=853 titles=297863 fade=1408080 | setup=8161 total=2353323
T t=1.9 bar=1 ph=1 overture | render ms 3.23/7.55/8.10 | fps 59.7 | hold 1 miss 0 late 0 | gap ms 16.73 | under 0 fill 465 | copy 2448 cy/line 35.11 Mcy/s | synth 2276 cy/pump 32.64 Mcy/s 1360 cy/sample | tri 0 px 0 part 66 ch 0 | AHASH s=48000 a2fc1ab4
PROF T t=1 ph=1 overture frames=60 | clear=44110 sky=518270 floor=0 scene=7615 flat=0 gouraud=0 chrome=0 texture=0 furnace=0 embers=78253 bloom=0 veil=849 titles=298371 fade=1290921 | setup=7615 total=2238393
T t=2.9 bar=1 ph=1 overture | render ms 3.21/3.24/3.39 | fps 59.7 | hold 1 miss 0 late 0 | gap ms 16.73 | under 0 fill 465 | copy 2397 cy/line 34.38 Mcy/s | synth 2270 cy/pump 32.56 Mcy/s 1356 cy/sample | tri 0 px 0 part 66 ch 0 | AHASH s=72000 27282b38
PROF T t=2 ph=1 overture frames=60 | clear=44119 sky=518292 floor=0 scene=8336 flat=0 gouraud=0 chrome=0 texture=0 furnace=0 embers=77353 bloom=0 veil=869 titles=298247 fade=234 | setup=8336 total=947453
T t=4.0 bar=2 ph=1 overture | render ms 3.21/3.25/3.41 | fps 59.7 | hold 1 miss 0 late 0 | gap ms 16.73 | under 0 fill 465 | copy 2401 cy/line 34.43 Mcy/s | synth 2331 cy/pump 33.43 Mcy/s 1392 cy/sample | tri 0 px 0 part 67 ch 0 | AHASH s=96000 7defff26
PROF T t=4 ph=1 overture frames=60 | clear=44123 sky=518337 floor=0 scene=9114 flat=0 gouraud=0 chrome=0 texture=0 furnace=0 embers=78059 bloom=0 veil=873 titles=298486 fade=237 | setup=9114 total=949232
T t=5.0 bar=2 ph=1 overture | render ms 3.22/3.25/3.40 | fps 59.7 | hold 1 miss 0 late 0 | gap ms 16.73 | under 0 fill 465 | copy 2414 cy/line 34.61 Mcy/s | synth 2573 cy/pump 36.90 Mcy/s 1537 cy/sample | tri 0 px 0 part 67 ch 0 | AHASH s=120000 586f7958
PROF T t=5 ph=1 overture frames=60 | clear=44118 sky=518100 floor=0 scene=8601 flat=0 gouraud=0 chrome=0 texture=0 furnace=0 embers=79599 bloom=0 veil=836 titles=298163 fade=222 | setup=8601 total=949642
T t=6.0 bar=3 ph=1 overture | render ms 3.22/3.25/3.41 | fps 59.7 | hold 1 miss 0 late 0 | gap ms 16.73 | under 0 fill 465 | copy 2413 cy/line 34.61 Mcy/s | synth 2576 cy/pump 36.94 Mcy/s 1539 cy/sample | tri 0 px 0 part 68 ch 0 | AHASH s=144000 3f1c7235
PROF T t=6 ph=1 overture frames=60 | clear=44115 sky=517879 floor=0 scene=8553 flat=0 gouraud=0 chrome=0 texture=0 furnace=0 embers=79760 bloom=0 veil=859 titles=298296 fade=219 | setup=8553 total=949684
T t=7.0 bar=3 ph=1 overture | render ms 3.22/3.25/3.39 | fps 59.7 | hold 1 miss 0 late 0 | gap ms 16.73 | under 0 fill 465 | copy 2413 cy/line 34.61 Mcy/s | synth 2575 cy/pump 36.93 Mcy/s 1539 cy/sample | tri 0 px 0 part 68 ch 0 | AHASH s=168000 9f2cdd11
PROF T t=7 ph=1 overture frames=60 | clear=44066 sky=518110 floor=0 scene=8501 flat=0 gouraud=0 chrome=0 texture=0 furnace=0 embers=79166 bloom=0 veil=857 titles=298018 fade=217 | setup=8501 total=948939
T t=8.0 bar=4 ph=1 overture | render ms 3.21/3.25/3.39 | fps 59.7 | hold 1 miss 0 late 0 | gap ms 16.73 | under 0 fill 465 | copy 2408 cy/line 34.53 Mcy/s | synth 2739 cy/pump 39.28 Mcy/s 1636 cy/sample | tri 0 px 0 part 69 ch 0 | AHASH s=192000 cbe11e82
PROF T t=8 ph=1 overture frames=60 | clear=44113 sky=518248 floor=0 scene=8600 flat=0 gouraud=0 chrome=0 texture=0 furnace=0 embers=79771 bloom=0 veil=863 titles=298337 fade=229 | setup=8600 total=950165
T t=9.0 bar=4 ph=1 overture | render ms 3.22/3.26/3.41 | fps 59.7 | hold 1 miss 0 late 0 | gap ms 16.73 | under 0 fill 465 | copy 2398 cy/line 34.40 Mcy/s | synth 3015 cy/pump 43.24 Mcy/s 1801 cy/sample | tri 0 px 0 part 69 ch 0 | AHASH s=216000 e3ba8e4b
PROF T t=9 ph=1 overture frames=60 | clear=44100 sky=517995 floor=0 scene=8554 flat=0 gouraud=0 chrome=0 texture=0 furnace=0 embers=81715 bloom=0 veil=844 titles=298077 fade=229 | setup=8554 total=951516
T t=10.0 bar=5 ph=1 overture | render ms 3.22/3.37/3.54 | fps 59.7 | hold 1 miss 0 late 0 | gap ms 16.73 | under 0 fill 465 | copy 2399 cy/line 34.41 Mcy/s | synth 3020 cy/pump 43.31 Mcy/s 1804 cy/sample | tri 4 px 173 part 70 ch 0 | AHASH s=240000 67cd6e7a
PROF T t=10 ph=1 overture frames=60 | clear=44116 sky=519947 floor=0 scene=38688 flat=0 gouraud=0 chrome=0 texture=21478 furnace=0 embers=80283 bloom=0 veil=852 titles=299856 fade=220 | setup=17210 total=983964
T t=11.0 bar=5 ph=1 overture | render ms 3.49/3.52/3.65 | fps 59.7 | hold 1 miss 0 late 0 | gap ms 16.73 | under 0 fill 465 | copy 2400 cy/line 34.42 Mcy/s | synth 3024 cy/pump 43.37 Mcy/s 1807 cy/sample | tri 4 px 173 part 70 ch 0 | AHASH s=264000 893f3166
PROF T t=11 ph=1 overture frames=60 | clear=44106 sky=523627 floor=0 scene=77933 flat=0 gouraud=0 chrome=0 texture=49496 furnace=0 embers=79747 bloom=0 veil=845 titles=302414 fade=215 | setup=28436 total=1028890
T t=12.0 bar=6 ph=1 overture | render ms 3.48/3.52/3.64 | fps 59.7 | hold 1 miss 0 late 0 | gap ms 16.73 | under 0 fill 465 | copy 2400 cy/line 34.42 Mcy/s | synth 3026 cy/pump 43.39 Mcy/s 1808 cy/sample | tri 4 px 173 part 71 ch 0 | AHASH s=288000 6e17375a
PROF T t=12 ph=1 overture frames=60 | clear=44084 sky=523791 floor=0 scene=78157 flat=0 gouraud=0 chrome=0 texture=49515 furnace=0 embers=80907 bloom=0 veil=855 titles=302548 fade=222 | setup=28642 total=1030567
T t=13.0 bar=6 ph=1 overture | render ms 3.48/3.52/3.64 | fps 59.7 | hold 1 miss 0 late 0 | gap ms 16.73 | under 0 fill 465 | copy 2400 cy/line 34.42 Mcy/s | synth 3025 cy/pump 43.39 Mcy/s 1807 cy/sample | tri 4 px 173 part 71 ch 0 | AHASH s=312000 c2bd4215
PROF T t=13 ph=1 overture frames=60 | clear=44115 sky=523546 floor=0 scene=77886 flat=0 gouraud=0 chrome=0 texture=49540 furnace=0 embers=79779 bloom=0 veil=839 titles=302319 fade=222 | setup=28345 total=1028709
T t=14.0 bar=7 ph=1 overture | render ms 3.49/3.52/3.66 | fps 59.7 | hold 1 miss 0 late 0 | gap ms 16.73 | under 0 fill 465 | copy 2400 cy/line 34.42 Mcy/s | synth 3026 cy/pump 43.40 Mcy/s 1808 cy/sample | tri 4 px 173 part 72 ch 0 | AHASH s=336000 1968032c
PROF T t=14 ph=1 overture frames=60 | clear=44110 sky=523561 floor=0 scene=78184 flat=0 gouraud=0 chrome=0 texture=49548 furnace=0 embers=81025 bloom=0 veil=853 titles=301947 fade=221 | setup=28636 total=1029905
T t=15.0 bar=7 ph=1 overture | render ms 3.49/4.16/7.30 | fps 59.7 | hold 1 miss 0 late 0 | gap ms 16.73 | under 0 fill 465 | copy 2407 cy/line 34.51 Mcy/s | synth 3027 cy/pump 43.42 Mcy/s 1809 cy/sample | tri 4 px 173 part 72 ch 0 | AHASH s=360000 e3a69d4c
PROF T t=15 ph=1 overture frames=60 | clear=44052 sky=523596 floor=0 scene=78284 flat=0 gouraud=0 chrome=0 texture=49515 furnace=0 embers=82181 bloom=0 veil=191102 titles=302370 fade=220 | setup=28768 total=1221808
PHRASE t=15.3 bar=8 ph=2 the plain | render ms 3.21/4.06/12.43 | fps 59.7 | hold 2 miss 0 late 1 | gap ms 16.76 | under 0 fill 465 | copy 2411 cy/line 34.58 Mcy/s | synth 2725 cy/pump 39.08 Mcy/s 1628 cy/sample | tri 72 px 3864 part 75 ch 1 | AHASH s=360000 e3a69d4c
PROF PHRASE t=15 ph=2 the plain frames=919 | clear=44102 sky=520159 floor=1373 scene=35190 flat=0 gouraud=0 chrome=26 texture=19062 furnace=0 embers=79651 bloom=0 veil=37152 titles=299411 fade=176408 | setup=16101 total=1193450
T t=16.0 bar=8 ph=2 the plain | render ms 7.32/9.98/12.43 | fps 59.7 | hold 1 miss 0 late 0 | gap ms 16.73 | under 0 fill 465 | copy 2451 cy/line 35.15 Mcy/s | synth 3038 cy/pump 43.57 Mcy/s 1815 cy/sample | tri 72 px 3873 part 75 ch 1 | AHASH s=384000 d7159f11
PROF T t=16 ph=2 the plain frames=60 | clear=44130 sky=522449 floor=874512 scene=449799 flat=0 gouraud=0 chrome=17061 texture=343245 furnace=0 embers=85186 bloom=0 veil=898921 titles=91537 fade=217 | setup=89492 total=2966754
T t=17.0 bar=8 ph=2 the plain | render ms 8.41/8.51/8.62 | fps 59.7 | hold 1 miss 0 late 0 | gap ms 16.73 | under 0 fill 465 | copy 2431 cy/line 34.87 Mcy/s | synth 3042 cy/pump 43.62 Mcy/s 1817 cy/sample | tri 72 px 3883 part 75 ch 1 | AHASH s=408000 61dc6c0f
PROF T t=17 ph=2 the plain frames=60 | clear=44029 sky=523123 floor=1249421 scene=608937 flat=0 gouraud=0 chrome=24429 texture=468778 furnace=0 embers=87335 bloom=0 veil=869 titles=12522 fade=224 | setup=115729 total=2526464
T t=18.0 bar=9 ph=2 the plain | render ms 8.50/8.56/8.69 | fps 59.7 | hold 1 miss 0 late 0 | gap ms 16.73 | under 0 fill 465 | copy 2430 cy/line 34.85 Mcy/s | synth 3037 cy/pump 43.55 Mcy/s 1814 cy/sample | tri 72 px 3911 part 75 ch 1 | AHASH s=432000 2e15854e
PROF T t=18 ph=2 the plain frames=60 | clear=44023 sky=525192 floor=1249789 scene=607572 flat=0 gouraud=0 chrome=24409 texture=468122 furnace=0 embers=86805 bloom=0 veil=869 titles=26389 fade=220 | setup=115040 total=2540862
T t=19.0 bar=9 ph=2 the plain | render ms 8.52/8.58/8.72 | fps 59.7 | hold 1 miss 0 late 0 | gap ms 16.73 | under 0 fill 465 | copy 2431 cy/line 34.86 Mcy/s | synth 3035 cy/pump 43.53 Mcy/s 1814 cy/sample | tri 72 px 3917 part 75 ch 1 | AHASH s=456000 0fee5aae
PROF T t=19 ph=2 the plain frames=60 | clear=44046 sky=525095 floor=1249395 scene=613495 flat=0 gouraud=0 chrome=24433 texture=473519 furnace=0 embers=86479 bloom=0 veil=869 titles=26351 fade=221 | setup=115541 total=2545953
T t=20.0 bar=10 ph=2 the plain | render ms 8.53/8.57/8.69 | fps 59.7 | hold 1 miss 0 late 0 | gap ms 16.73 | under 0 fill 465 | copy 2431 cy/line 34.86 Mcy/s | synth 3040 cy/pump 43.60 Mcy/s 1816 cy/sample | tri 72 px 3953 part 75 ch 1 | AHASH s=480000 024f13e5
PROF T t=20 ph=2 the plain frames=60 | clear=44035 sky=525158 floor=1249502 scene=613529 flat=0 gouraud=0 chrome=24264 texture=473208 furnace=0 embers=84866 bloom=0 veil=859 titles=26334 fade=222 | setup=116057 total=2544510
T t=21.0 bar=10 ph=2 the plain | render ms 8.54/8.58/8.69 | fps 59.7 | hold 1 miss 0 late 0 | gap ms 16.73 | under 0 fill 465 | copy 2431 cy/line 34.86 Mcy/s | synth 3039 cy/pump 43.58 Mcy/s 1815 cy/sample | tri 72 px 3967 part 75 ch 1 | AHASH s=504000 6bc4f7f9
PROF T t=21 ph=2 the plain frames=60 | clear=43978 sky=525107 floor=1249588 scene=616003 flat=0 gouraud=0 chrome=24327 texture=475026 furnace=0 embers=84567 bloom=0 veil=859 titles=26320 fade=217 | setup=116649 total=2546642
T t=22.0 bar=11 ph=2 the plain | render ms 8.54/8.60/8.70 | fps 59.7 | hold 1 miss 0 late 0 | gap ms 16.73 | under 0 fill 465 | copy 2432 cy/line 34.88 Mcy/s | synth 3039 cy/pump 43.58 Mcy/s 1816 cy/sample | tri 72 px 4091 part 76 ch 1 | AHASH s=528000 6c7867f1
PROF T t=22 ph=2 the plain frames=60 | clear=44023 sky=525332 floor=1249834 scene=619851 flat=0 gouraud=0 chrome=24455 texture=479201 furnace=0 embers=85631 bloom=0 veil=875 titles=26288 fade=220 | setup=116193 total=2552057
T t=23.0 bar=12 ph=2 the plain | render ms 8.57/8.62/8.73 | fps 59.7 | hold 1 miss 0 late 0 | gap ms 16.73 | under 0 fill 465 | copy 2432 cy/line 34.87 Mcy/s | synth 3039 cy/pump 43.59 Mcy/s 1816 cy/sample | tri 72 px 4201 part 77 ch 1 | AHASH s=552000 4c4ba436
PROF T t=23 ph=2 the plain frames=60 | clear=44040 sky=525564 floor=1250173 scene=626067 flat=0 gouraud=0 chrome=24339 texture=485404 furnace=0 embers=86976 bloom=0 veil=873 titles=26380 fade=230 | setup=116323 total=2560307
T t=24.0 bar=12 ph=2 the plain | render ms 8.60/8.64/8.76 | fps 59.7 | hold 1 miss 0 late 0 | gap ms 16.73 | under 0 fill 465 | copy 2432 cy/line 34.88 Mcy/s | synth 3035 cy/pump 43.52 Mcy/s 1813 cy/sample | tri 72 px 4246 part 77 ch 1 | AHASH s=576000 dd9eff28
PROF T t=24 ph=2 the plain frames=60 | clear=43993 sky=525261 floor=1249773 scene=629815 flat=0 gouraud=0 chrome=24266 texture=489141 furnace=0 embers=88815 bloom=0 veil=861 titles=26344 fade=224 | setup=116406 total=2565088
T t=25.0 bar=13 ph=2 the plain | render ms 8.49/8.63/8.80 | fps 59.7 | hold 1 miss 0 late 0 | gap ms 16.73 | under 0 fill 465 | copy 2432 cy/line 34.87 Mcy/s | synth 3040 cy/pump 43.59 Mcy/s 1816 cy/sample | tri 72 px 4255 part 77 ch 1 | AHASH s=600000 77d6e64d
PROF T t=25 ph=2 the plain frames=60 | clear=44029 sky=525466 floor=1249235 scene=630098 flat=0 gouraud=0 chrome=24450 texture=489204 furnace=0 embers=88926 bloom=0 veil=875 titles=23064 fade=229 | setup=116444 total=2561925
T t=26.0 bar=13 ph=2 the plain | render ms 8.50/8.55/8.68 | fps 59.7 | hold 1 miss 0 late 0 | gap ms 16.73 | under 0 fill 465 | copy 2431 cy/line 34.87 Mcy/s | synth 3038 cy/pump 43.57 Mcy/s 1815 cy/sample | tri 72 px 4383 part 77 ch 1 | AHASH s=624000 5b6cb012
PROF T t=26 ph=2 the plain frames=60 | clear=44042 sky=521880 floor=1248606 scene=631927 flat=0 gouraud=0 chrome=24427 texture=490957 furnace=0 embers=89280 bloom=0 veil=851 titles=1404 fade=223 | setup=116542 total=2538216
T t=27.0 bar=14 ph=2 the plain | render ms 8.52/8.58/8.71 | fps 59.7 | hold 1 miss 0 late 0 | gap ms 16.73 | under 0 fill 465 | copy 2432 cy/line 34.88 Mcy/s | synth 3037 cy/pump 43.55 Mcy/s 1814 cy/sample | tri 72 px 4457 part 78 ch 1 | AHASH s=648000 6b7bf1ef
PROF T t=27 ph=2 the plain frames=60 | clear=44010 sky=521936 floor=1248769 scene=641789 flat=0 gouraud=0 chrome=24450 texture=500692 furnace=0 embers=88032 bloom=0 veil=865 titles=1365 fade=225 | setup=116646 total=2546993
T t=28.1 bar=14 ph=2 the plain | render ms 8.53/8.58/8.74 | fps 59.7 | hold 1 miss 0 late 0 | gap ms 16.73 | under 0 fill 465 | copy 2432 cy/line 34.87 Mcy/s | synth 3045 cy/pump 43.66 Mcy/s 1819 cy/sample | tri 72 px 4459 part 78 ch 1 | AHASH s=672000 ffe2d472
PROF T t=28 ph=2 the plain frames=60 | clear=44048 sky=521477 floor=1248684 scene=645242 flat=0 gouraud=0 chrome=24469 texture=504365 furnace=0 embers=86128 bloom=0 veil=861 titles=1379 fade=220 | setup=116406 total=2548042
T t=29.1 bar=15 ph=2 the plain | render ms 8.54/8.59/8.72 | fps 59.7 | hold 1 miss 0 late 0 | gap ms 16.73 | under 0 fill 465 | copy 2432 cy/line 34.88 Mcy/s | synth 3038 cy/pump 43.57 Mcy/s 1815 cy/sample | tri 72 px 4500 part 79 ch 1 | AHASH s=696000 f6db67eb
PROF T t=29 ph=2 the plain frames=60 | clear=44073 sky=522077 floor=1248459 scene=645150 flat=0 gouraud=0 chrome=24438 texture=505732 furnace=0 embers=86997 bloom=0 veil=859 titles=1400 fade=223 | setup=114979 total=2549241
T t=30.1 bar=15 ph=2 the plain | render ms 8.57/8.63/8.74 | fps 59.7 | hold 1 miss 0 late 0 | gap ms 16.73 | under 0 fill 465 | copy 2433 cy/line 34.90 Mcy/s | synth 3041 cy/pump 43.62 Mcy/s 1817 cy/sample | tri 72 px 4640 part 79 ch 1 | AHASH s=720000 f5803255
PROF T t=30 ph=2 the plain frames=60 | clear=44028 sky=521674 floor=1249072 scene=654189 flat=0 gouraud=0 chrome=24614 texture=514350 furnace=0 embers=89137 bloom=0 veil=863 titles=1378 fade=220 | setup=115224 total=2560565
PHRASE t=30.7 bar=16 ph=3 the plain | render ms 8.41/8.70/12.42 | fps 59.7 | hold 1 miss 0 late 0 | gap ms 16.73 | under 0 fill 465 | copy 2433 cy/line 34.89 Mcy/s | synth 3039 cy/pump 43.58 Mcy/s 1816 cy/sample | tri 72 px 4824 part 82 ch 1 | AHASH s=720000 f5803255
PROF PHRASE t=30 ph=3 the plain frames=918 | clear=44031 sky=523713 floor=1249289 scene=627953 flat=0 gouraud=0 chrome=24417 texture=487540 furnace=0 embers=87162 bloom=0 veil=35658 titles=14944 fade=222 | setup=115994 total=2582975
T t=31.1 bar=16 ph=3 the plain | render ms 8.58/8.66/8.78 | fps 59.7 | hold 1 miss 0 late 0 | gap ms 16.73 | under 0 fill 465 | copy 2432 cy/line 34.88 Mcy/s | synth 3039 cy/pump 43.59 Mcy/s 1816 cy/sample | tri 72 px 4844 part 82 ch 1 | AHASH s=744000 81431960
PROF T t=31 ph=3 the plain frames=60 | clear=44085 sky=522280 floor=1248873 scene=664416 flat=0 gouraud=0 chrome=24515 texture=523415 furnace=0 embers=89018 bloom=0 veil=875 titles=1390 fade=218 | setup=116485 total=2571158
T t=32.1 bar=16 ph=3 the plain | render ms 8.61/8.68/8.82 | fps 59.7 | hold 1 miss 0 late 0 | gap ms 16.73 | under 0 fill 465 | copy 2433 cy/line 34.89 Mcy/s | synth 3036 cy/pump 43.54 Mcy/s 1814 cy/sample | tri 72 px 4887 part 82 ch 1 | AHASH s=768000 2e36c2ff
PROF T t=32 ph=3 the plain frames=60 | clear=44020 sky=521556 floor=1248687 scene=670455 flat=0 gouraud=0 chrome=24279 texture=529979 furnace=0 embers=89346 bloom=0 veil=863 titles=1364 fade=226 | setup=116197 total=2576521
T t=33.1 bar=17 ph=3 the plain | render ms 8.64/8.70/8.85 | fps 59.7 | hold 1 miss 0 late 0 | gap ms 16.73 | under 0 fill 465 | copy 2434 cy/line 34.90 Mcy/s | synth 3043 cy/pump 43.64 Mcy/s 1818 cy/sample | tri 72 px 4962 part 82 ch 1 | AHASH s=792000 db9f6da3
PROF T t=33 ph=3 the plain frames=60 | clear=44034 sky=521560 floor=1248567 scene=675436 flat=0 gouraud=0 chrome=24339 texture=534477 furnace=0 embers=89886 bloom=0 veil=863 titles=1371 fade=221 | setup=116619 total=2581942
T t=34.1 bar=17 ph=3 the plain | render ms 8.66/8.72/8.83 | fps 59.7 | hold 1 miss 0 late 0 | gap ms 16.73 | under 0 fill 465 | copy 2434 cy/line 34.91 Mcy/s | synth 3037 cy/pump 43.55 Mcy/s 1814 cy/sample | tri 72 px 5135 part 82 ch 1 | AHASH s=816000 fe2692d6
PROF T t=34 ph=3 the plain frames=60 | clear=44026 sky=521562 floor=1248212 scene=681542 flat=0 gouraud=0 chrome=24310 texture=541068 furnace=0 embers=91612 bloom=0 veil=859 titles=1365 fade=216 | setup=116163 total=2589397
T t=35.1 bar=18 ph=3 the plain | render ms 8.71/8.76/8.88 | fps 59.7 | hold 1 miss 0 late 0 | gap ms 16.73 | under 0 fill 465 | copy 2435 cy/line 34.92 Mcy/s | synth 3039 cy/pump 43.58 Mcy/s 1815 cy/sample | tri 72 px 5312 part 83 ch 1 | AHASH s=840000 c7922fc0
PROF T t=35 ph=3 the plain frames=60 | clear=44044 sky=521592 floor=1248580 scene=694600 flat=0 gouraud=0 chrome=24501 texture=553890 furnace=0 embers=91111 bloom=0 veil=867 titles=1396 fade=224 | setup=116208 total=2602417
T t=36.1 bar=18 ph=3 the plain | render ms 8.73/8.79/8.91 | fps 59.7 | hold 1 miss 0 late 0 | gap ms 16.73 | under 0 fill 465 | copy 2435 cy/line 34.92 Mcy/s | synth 3042 cy/pump 43.63 Mcy/s 1818 cy/sample | tri 72 px 5375 part 83 ch 1 | AHASH s=864000 197a6d81
PROF T t=36 ph=3 the plain frames=60 | clear=44032 sky=521861 floor=1248240 scene=699375 flat=0 gouraud=0 chrome=24449 texture=559001 furnace=0 embers=93921 bloom=0 veil=861 titles=1379 fade=223 | setup=115925 total=2609895
T t=37.1 bar=19 ph=3 the plain | render ms 8.76/8.82/8.94 | fps 59.7 | hold 1 miss 0 late 0 | gap ms 16.73 | under 0 fill 465 | copy 2435 cy/line 34.92 Mcy/s | synth 3038 cy/pump 43.57 Mcy/s 1815 cy/sample | tri 72 px 5581 part 84 ch 1 | AHASH s=888000 7489a231
PROF T t=37 ph=3 the plain frames=60 | clear=43971 sky=522098 floor=1248786 scene=703837 flat=0 gouraud=0 chrome=24427 texture=563977 furnace=0 embers=96695 bloom=0 veil=875 titles=1355 fade=225 | setup=115432 total=2617847
T t=38.1 bar=19 ph=3 the plain | render ms 8.80/8.85/8.99 | fps 59.7 | hold 1 miss 0 late 0 | gap ms 16.73 | under 0 fill 465 | copy 2436 cy/line 34.93 Mcy/s | synth 3042 cy/pump 43.63 Mcy/s 1818 cy/sample | tri 72 px 5770 part 84 ch 1 | AHASH s=912000 f1caa5b0
PROF T t=38 ph=3 the plain frames=60 | clear=44042 sky=522169 floor=1248855 scene=714468 flat=0 gouraud=0 chrome=24620 texture=573879 furnace=0 embers=97149 bloom=0 veil=872 titles=1357 fade=220 | setup=115968 total=2629136
T t=39.1 bar=20 ph=3 the plain | render ms 8.84/8.89/8.99 | fps 59.7 | hold 1 miss 0 late 0 | gap ms 16.73 | under 0 fill 465 | copy 2436 cy/line 34.93 Mcy/s | synth 3043 cy/pump 43.65 Mcy/s 1818 cy/sample | tri 72 px 6014 part 86 ch 1 | AHASH s=936000 6502a091
PROF T t=39 ph=3 the plain frames=60 | clear=44028 sky=521683 floor=1249110 scene=726686 flat=0 gouraud=0 chrome=24577 texture=586181 furnace=0 embers=97401 bloom=0 veil=863 titles=1369 fade=224 | setup=115927 total=2641367
T t=40.1 bar=20 ph=3 the plain | render ms 8.88/8.94/9.06 | fps 59.7 | hold 1 miss 0 late 0 | gap ms 16.73 | under 0 fill 465 | copy 2436 cy/line 34.94 Mcy/s | synth 3038 cy/pump 43.56 Mcy/s 1815 cy/sample | tri 72 px 6089 part 86 ch 1 | AHASH s=960000 343dd2f7
PROF T t=40 ph=3 the plain frames=60 | clear=44039 sky=521884 floor=1248985 scene=739757 flat=0 gouraud=0 chrome=24494 texture=599040 furnace=0 embers=97118 bloom=0 veil=854 titles=1384 fade=221 | setup=116222 total=2654244
T t=41.1 bar=21 ph=3 the plain | render ms 8.91/8.97/9.09 | fps 59.7 | hold 1 miss 0 late 0 | gap ms 16.73 | under 0 fill 465 | copy 2437 cy/line 34.94 Mcy/s | synth 3044 cy/pump 43.65 Mcy/s 1818 cy/sample | tri 72 px 6350 part 86 ch 1 | AHASH s=984000 1856fdf2
PROF T t=41 ph=3 the plain frames=60 | clear=44028 sky=522116 floor=1248669 scene=749261 flat=0 gouraud=0 chrome=24449 texture=607835 furnace=0 embers=97893 bloom=0 veil=873 titles=1396 fade=222 | setup=116976 total=2664461
T t=42.1 bar=21 ph=3 the plain | render ms 8.95/9.00/9.11 | fps 59.7 | hold 1 miss 0 late 0 | gap ms 16.73 | under 0 fill 465 | copy 2437 cy/line 34.95 Mcy/s | synth 3038 cy/pump 43.57 Mcy/s 1815 cy/sample | tri 72 px 6602 part 86 ch 1 | AHASH s=1008000 a0412651
PROF T t=42 ph=3 the plain frames=60 | clear=44051 sky=522055 floor=1248765 scene=759586 flat=0 gouraud=0 chrome=24415 texture=618678 furnace=0 embers=96041 bloom=0 veil=861 titles=1358 fade=221 | setup=116492 total=2672941
T t=43.1 bar=22 ph=3 the plain | render ms 8.99/9.04/9.15 | fps 59.7 | hold 1 miss 0 late 0 | gap ms 16.73 | under 0 fill 465 | copy 2438 cy/line 34.96 Mcy/s | synth 3039 cy/pump 43.58 Mcy/s 1816 cy/sample | tri 72 px 6660 part 87 ch 1 | AHASH s=1032000 aaebaad7
PROF T t=43 ph=3 the plain frames=60 | clear=44038 sky=521693 floor=1248575 scene=771791 flat=0 gouraud=0 chrome=24337 texture=631215 furnace=0 embers=96794 bloom=0 veil=849 titles=1371 fade=219 | setup=116238 total=2685333
T t=44.1 bar=23 ph=3 the plain | render ms 9.02/9.07/9.18 | fps 59.7 | hold 1 miss 0 late 0 | gap ms 16.73 | under 0 fill 465 | copy 2438 cy/line 34.96 Mcy/s | synth 3043 cy/pump 43.63 Mcy/s 1818 cy/sample | tri 72 px 6786 part 89 ch 1 | AHASH s=1056000 b6aeddef
PROF T t=44 ph=3 the plain frames=60 | clear=44068 sky=522449 floor=1248869 scene=778561 flat=0 gouraud=0 chrome=24324 texture=637990 furnace=0 embers=98285 bloom=0 veil=863 titles=1361 fade=221 | setup=116246 total=2694680
T t=45.1 bar=23 ph=3 the plain | render ms 9.04/9.09/9.20 | fps 59.7 | hold 1 miss 0 late 0 | gap ms 16.73 | under 0 fill 465 | copy 2438 cy/line 34.97 Mcy/s | synth 3039 cy/pump 43.58 Mcy/s 1815 cy/sample | tri 72 px 6958 part 89 ch 1 | AHASH s=1080000 3c3b7676
PROF T t=45 ph=3 the plain frames=60 | clear=44018 sky=521730 floor=1248756 scene=784163 flat=0 gouraud=0 chrome=24273 texture=644257 furnace=0 embers=99123 bloom=0 veil=859 titles=1380 fade=221 | setup=115632 total=2700253
PHRASE t=46.0 bar=24 ph=4 the hand | render ms 8.61/9.02/20.65 | fps 59.6 | hold 2 miss 0 late 1 | gap ms 33.47 | under 0 fill 465 | copy 2437 cy/line 34.95 Mcy/s | synth 3040 cy/pump 43.60 Mcy/s 1816 cy/sample | tri 384 px 47016 part 94 ch 2 | AHASH s=1104000 159985cb
PROF PHRASE t=46 ph=4 the hand frames=918 | clear=44031 sky=521886 floor=1247312 scene=731286 flat=0 gouraud=0 chrome=25183 texture=590011 furnace=0 embers=95305 bloom=0 veil=38543 titles=1374 fade=222 | setup=116091 total=2679961
T t=46.1 bar=24 ph=4 the hand | render ms 9.09/11.67/20.68 | fps 56.7 | hold 2 miss 0 late 3 | gap ms 33.47 | under 0 fill 465 | copy 2458 cy/line 35.25 Mcy/s | synth 3042 cy/pump 43.63 Mcy/s 1817 cy/sample | tri 366 px 45784 part 94 ch 2 | AHASH s=1104000 159985cb
PROF T t=46 ph=4 the hand frames=57 | clear=44042 sky=522415 floor=1182821 scene=965040 flat=0 gouraud=0 chrome=61718 texture=789712 furnace=0 embers=99650 bloom=0 veil=656982 titles=1385 fade=220 | setup=113609 total=3472558
T t=47.1 bar=24 ph=4 the hand | render ms 15.70/16.67/20.08 | fps 47.8 | hold 2 miss 0 late 12 | gap ms 33.47 | under 0 fill 465 | copy 2491 cy/line 35.72 Mcy/s | synth 3046 cy/pump 43.68 Mcy/s 1820 cy/sample | tri 342 px 43760 part 94 ch 2 | AHASH s=1128000 a507af95
PROF T t=47 ph=4 the hand frames=48 | clear=44068 sky=515770 floor=0 scene=4029318 flat=0 gouraud=0 chrome=732633 texture=2974476 furnace=0 embers=104884 bloom=0 veil=276378 titles=1276 fade=228 | setup=322208 total=4971926
T t=48.1 bar=25 ph=4 the hand | render ms 15.75/15.85/15.89 | fps 59.7 | hold 1 miss 0 late 0 | gap ms 16.73 | under 0 fill 465 | copy 2505 cy/line 35.92 Mcy/s | synth 3068 cy/pump 44.00 Mcy/s 1833 cy/sample | tri 342 px 43851 part 94 ch 2 | AHASH s=1152000 fea4f11a
PROF T t=48 ph=4 the hand frames=60 | clear=44079 sky=518959 floor=0 scene=4039462 flat=0 gouraud=0 chrome=736493 texture=2975134 furnace=0 embers=104336 bloom=0 veil=831 titles=19662 fade=221 | setup=327834 total=4727553
T t=49.1 bar=25 ph=4 the hand | render ms 15.84/15.89/16.00 | fps 59.7 | hold 1 miss 0 late 0 | gap ms 16.73 | under 0 fill 465 | copy 2507 cy/line 35.95 Mcy/s | synth 3066 cy/pump 43.97 Mcy/s 1832 cy/sample | tri 342 px 43975 part 94 ch 2 | AHASH s=1176000 ac690a5a
PROF T t=49 ph=4 the hand frames=60 | clear=44041 sky=519960 floor=0 scene=4045614 flat=0 gouraud=0 chrome=738928 texture=2979191 furnace=0 embers=105159 bloom=0 veil=833 titles=22450 fade=222 | setup=327494 total=4738281
T t=50.1 bar=26 ph=4 the hand | render ms 15.88/15.94/16.04 | fps 58.7 | hold 2 miss 0 late 1 | gap ms 33.47 | under 0 fill 465 | copy 2505 cy/line 35.92 Mcy/s | synth 3065 cy/pump 43.95 Mcy/s 1831 cy/sample | tri 342 px 44185 part 94 ch 2 | AHASH s=1200000 f873dd08
PROF T t=50 ph=4 the hand frames=59 | clear=44063 sky=519576 floor=0 scene=4063012 flat=0 gouraud=0 chrome=741072 texture=2993400 furnace=0 embers=104550 bloom=0 veil=843 titles=22514 fade=211 | setup=328539 total=4754772
T t=51.1 bar=26 ph=4 the hand | render ms 15.91/15.96/16.05 | fps 58.7 | hold 2 miss 0 late 1 | gap ms 33.47 | under 0 fill 465 | copy 2504 cy/line 35.90 Mcy/s | synth 3069 cy/pump 44.02 Mcy/s 1834 cy/sample | tri 342 px 44108 part 94 ch 2 | AHASH s=1224000 c3b4bb76
PROF T t=51 ph=4 the hand frames=59 | clear=44063 sky=519632 floor=0 scene=4067377 flat=0 gouraud=0 chrome=737650 texture=3001282 furnace=0 embers=104869 bloom=0 veil=841 titles=22445 fade=223 | setup=328444 total=4759452
T t=52.2 bar=27 ph=4 the hand | render ms 15.94/16.01/16.11 | fps 58.7 | hold 2 miss 0 late 1 | gap ms 33.47 | under 0 fill 465 | copy 2506 cy/line 35.94 Mcy/s | synth 3068 cy/pump 44.00 Mcy/s 1833 cy/sample | tri 342 px 44625 part 94 ch 2 | AHASH s=1248000 05745f6b
PROF T t=52 ph=4 the hand frames=59 | clear=44065 sky=518996 floor=0 scene=4082087 flat=0 gouraud=0 chrome=739050 texture=3015039 furnace=0 embers=105817 bloom=0 veil=843 titles=22471 fade=229 | setup=327997 total=4774510
T t=53.2 bar=27 ph=4 the hand | render ms 16.03/16.07/16.16 | fps 58.7 | hold 2 miss 0 late 1 | gap ms 33.47 | under 0 fill 465 | copy 2506 cy/line 35.93 Mcy/s | synth 3067 cy/pump 43.98 Mcy/s 1832 cy/sample | tri 342 px 44905 part 94 ch 2 | AHASH s=1272000 a13b2140
PROF T t=53 ph=4 the hand frames=59 | clear=44051 sky=519211 floor=0 scene=4100152 flat=0 gouraud=0 chrome=741834 texture=3031857 furnace=0 embers=105296 bloom=0 veil=826 titles=22478 fade=217 | setup=326460 total=4792233
T t=54.2 bar=28 ph=4 the hand | render ms 16.05/16.13/16.21 | fps 58.7 | hold 2 miss 0 late 1 | gap ms 33.47 | under 0 fill 465 | copy 2508 cy/line 35.97 Mcy/s | synth 3066 cy/pump 43.98 Mcy/s 1832 cy/sample | tri 342 px 45311 part 95 ch 2 | AHASH s=1296000 78105b3c
PROF T t=54 ph=4 the hand frames=59 | clear=44051 sky=518890 floor=0 scene=4118545 flat=0 gouraud=0 chrome=744216 texture=3050059 furnace=0 embers=106166 bloom=0 veil=844 titles=22415 fade=227 | setup=324268 total=4811141
T t=55.2 bar=28 ph=4 the hand | render ms 16.17/16.24/16.31 | fps 58.7 | hold 2 miss 0 late 1 | gap ms 33.47 | under 0 fill 465 | copy 2508 cy/line 35.96 Mcy/s | synth 3065 cy/pump 43.96 Mcy/s 1831 cy/sample | tri 342 px 45652 part 95 ch 2 | AHASH s=1320000 afedece0
PROF T t=55 ph=4 the hand frames=59 | clear=44069 sky=519116 floor=0 scene=4151307 flat=0 gouraud=0 chrome=751874 texture=3071963 furnace=0 embers=105720 bloom=0 veil=830 titles=22411 fade=223 | setup=327469 total=4843677
T t=56.2 bar=29 ph=4 the hand | render ms 16.23/16.29/16.42 | fps 58.7 | hold 2 miss 0 late 1 | gap ms 33.47 | under 0 fill 465 | copy 2509 cy/line 35.98 Mcy/s | synth 3063 cy/pump 43.93 Mcy/s 1830 cy/sample | tri 342 px 46095 part 95 ch 2 | AHASH s=1344000 5b477c1e
PROF T t=56 ph=4 the hand frames=59 | clear=44076 sky=517943 floor=0 scene=4179005 flat=0 gouraud=0 chrome=756870 texture=3094520 furnace=0 embers=105651 bloom=0 veil=828 titles=10672 fade=224 | setup=327614 total=4858402
T t=57.2 bar=29 ph=4 the hand | render ms 16.28/16.33/16.42 | fps 58.7 | hold 2 miss 0 late 1 | gap ms 33.47 | under 0 fill 465 | copy 2509 cy/line 35.98 Mcy/s | synth 3063 cy/pump 43.92 Mcy/s 1830 cy/sample | tri 342 px 46532 part 95 ch 2 | AHASH s=1368000 812c4246
PROF T t=57 ph=4 the hand frames=59 | clear=44079 sky=516665 floor=0 scene=4202408 flat=0 gouraud=0 chrome=762258 texture=3112303 furnace=0 embers=106370 bloom=0 veil=858 titles=1376 fade=221 | setup=327847 total=4871979
T t=58.2 bar=30 ph=4 the hand | render ms 16.34/16.44/16.50 | fps 58.7 | hold 2 miss 0 late 1 | gap ms 33.47 | under 0 fill 465 | copy 2511 cy/line 36.01 Mcy/s | synth 3067 cy/pump 43.99 Mcy/s 1833 cy/sample | tri 342 px 46809 part 96 ch 2 | AHASH s=1392000 bd966cf3
PROF T t=58 ph=4 the hand frames=59 | clear=44053 sky=516905 floor=0 scene=4232179 flat=0 gouraud=0 chrome=765830 texture=3137849 furnace=0 embers=108640 bloom=0 veil=845 titles=1376 fade=222 | setup=328499 total=4904223
T t=59.2 bar=30 ph=4 the hand | render ms 16.38/16.45/16.57 | fps 58.7 | hold 2 miss 0 late 1 | gap ms 33.47 | under 0 fill 465 | copy 2511 cy/line 36.01 Mcy/s | synth 3067 cy/pump 43.98 Mcy/s 1832 cy/sample | tri 342 px 47158 part 96 ch 2 | AHASH s=1416000 6495f6fb
PROF T t=59 ph=4 the hand frames=59 | clear=44066 sky=516603 floor=0 scene=4236261 flat=0 gouraud=0 chrome=760020 texture=3147348 furnace=0 embers=108910 bloom=0 veil=844 titles=1355 fade=219 | setup=328892 total=4908261
T t=60.2 bar=31 ph=4 the hand | render ms 16.47/16.54/16.65 | fps 58.7 | hold 2 miss 0 late 1 | gap ms 33.47 | under 0 fill 465 | copy 2512 cy/line 36.03 Mcy/s | synth 3067 cy/pump 43.98 Mcy/s 1832 cy/sample | tri 342 px 47381 part 98 ch 2 | AHASH s=1440000 3f5f9a21
PROF T t=60 ph=4 the hand frames=59 | clear=44073 sky=514405 floor=0 scene=4264258 flat=0 gouraud=0 chrome=757281 texture=3177731 furnace=0 embers=107951 bloom=0 veil=836 titles=1382 fade=224 | setup=329245 total=4933132
T t=61.2 bar=31 ph=4 the hand | render ms 16.54/16.59/16.67 | fps 58.7 | hold 2 miss 0 late 1 | gap ms 33.47 | under 0 fill 465 | copy 2512 cy/line 36.02 Mcy/s | synth 3066 cy/pump 43.96 Mcy/s 1832 cy/sample | tri 342 px 47496 part 98 ch 2 | AHASH s=1464000 444d7d03
PROF T t=61 ph=4 the hand frames=59 | clear=44073 sky=515349 floor=0 scene=4278411 flat=0 gouraud=0 chrome=763015 texture=3187121 furnace=0 embers=108648 bloom=0 veil=840 titles=1374 fade=229 | setup=328274 total=4948927
PHRASE t=61.4 bar=32 ph=5 the hand | render ms 15.70/16.23/20.68 | fps 57.9 | hold 2 miss 0 late 27 | gap ms 33.47 | under 0 fill 465 | copy 2507 cy/line 35.95 Mcy/s | synth 3064 cy/pump 43.95 Mcy/s 1831 cy/sample | tri 342 px 47638 part 104 ch 2 | AHASH s=1464000 444d7d03
PROF PHRASE t=61 ph=5 the hand frames=889 | clear=44072 sky=517921 floor=0 scene=4141908 flat=0 gouraud=0 chrome=748867 texture=3066089 furnace=0 embers=106249 bloom=0 veil=18875 titles=13036 fade=223 | setup=326951 total=4842288
T t=62.2 bar=32 ph=5 the hand | render ms 16.57/16.66/16.77 | fps 56.7 | hold 2 miss 0 late 3 | gap ms 33.47 | under 0 fill 465 | copy 2509 cy/line 35.99 Mcy/s | synth 3063 cy/pump 43.93 Mcy/s 1830 cy/sample | tri 342 px 47745 part 104 ch 2 | AHASH s=1488000 941943d6
PROF T t=62 ph=5 the hand frames=57 | clear=44141 sky=516208 floor=0 scene=4293982 flat=0 gouraud=0 chrome=760773 texture=3204946 furnace=0 embers=114356 bloom=0 veil=836 titles=1368 fade=228 | setup=328263 total=4971122
T t=63.2 bar=32 ph=5 the hand | render ms 16.68/16.77/16.83 | fps 31.3 | hold 2 miss 0 late 29 | gap ms 33.47 | under 0 fill 465 | copy 2462 cy/line 35.31 Mcy/s | synth 3015 cy/pump 43.23 Mcy/s 1801 cy/sample | tri 342 px 48259 part 104 ch 2 | AHASH s=1512000 8a2532e6
PROF T t=63 ph=5 the hand frames=32 | clear=44106 sky=518591 floor=0 scene=4322808 flat=0 gouraud=0 chrome=768782 texture=3222893 furnace=0 embers=114383 bloom=0 veil=840 titles=1366 fade=227 | setup=331133 total=5002325
T t=64.2 bar=33 ph=5 the hand | render ms 16.79/16.84/16.91 | fps 29.8 | hold 2 miss 0 late 30 | gap ms 33.47 | under 0 fill 465 | copy 2459 cy/line 35.26 Mcy/s | synth 3012 cy/pump 43.20 Mcy/s 1800 cy/sample | tri 342 px 48436 part 104 ch 2 | AHASH s=1536000 106f9ee9
PROF T t=64 ph=5 the hand frames=30 | clear=44146 sky=518575 floor=0 scene=4345534 flat=0 gouraud=0 chrome=775248 texture=3238685 furnace=0 embers=113046 bloom=0 veil=864 titles=1378 fade=219 | setup=331600 total=5023765
T t=65.2 bar=33 ph=5 the hand | render ms 16.81/16.88/16.97 | fps 29.8 | hold 2 miss 0 late 30 | gap ms 33.47 | under 0 fill 465 | copy 2459 cy/line 35.26 Mcy/s | synth 3011 cy/pump 43.17 Mcy/s 1799 cy/sample | tri 340 px 48571 part 104 ch 2 | AHASH s=1560000 6056688e
PROF T t=65 ph=5 the hand frames=30 | clear=44145 sky=518933 floor=0 scene=4356329 flat=0 gouraud=0 chrome=763644 texture=3260947 furnace=0 embers=113496 bloom=0 veil=845 titles=1360 fade=219 | setup=331737 total=5035330
T t=66.2 bar=34 ph=5 the hand | render ms 16.87/16.93/17.01 | fps 29.8 | hold 2 miss 0 late 30 | gap ms 33.47 | under 0 fill 465 | copy 2460 cy/line 35.27 Mcy/s | synth 3014 cy/pump 43.22 Mcy/s 1800 cy/sample | tri 340 px 48809 part 104 ch 2 | AHASH s=1584000 ff52ffe2
PROF T t=66 ph=5 the hand frames=30 | clear=44194 sky=516007 floor=0 scene=4373959 flat=0 gouraud=0 chrome=764999 texture=3278147 furnace=0 embers=114795 bloom=0 veil=824 titles=1365 fade=231 | setup=330813 total=5051377
T t=67.2 bar=35 ph=5 the hand | render ms 16.96/16.99/17.06 | fps 29.8 | hold 2 miss 0 late 30 | gap ms 33.47 | under 0 fill 465 | copy 2460 cy/line 35.28 Mcy/s | synth 3014 cy/pump 43.23 Mcy/s 1801 cy/sample | tri 340 px 48977 part 104 ch 2 | AHASH s=1608000 83f990b5
PROF T t=67 ph=5 the hand frames=30 | clear=44123 sky=516306 floor=0 scene=4392728 flat=0 gouraud=0 chrome=767485 texture=3295344 furnace=0 embers=114119 bloom=0 veil=808 titles=1406 fade=224 | setup=329898 total=5069717
T t=68.2 bar=35 ph=5 the hand | render ms 16.97/17.07/17.13 | fps 29.8 | hold 2 miss 0 late 30 | gap ms 33.47 | under 0 fill 465 | copy 2459 cy/line 35.27 Mcy/s | synth 3014 cy/pump 43.22 Mcy/s 1801 cy/sample | tri 340 px 49636 part 104 ch 2 | AHASH s=1632000 1317fced
PROF T t=68 ph=5 the hand frames=30 | clear=44135 sky=516695 floor=0 scene=4414453 flat=0 gouraud=0 chrome=767770 texture=3316287 furnace=0 embers=114364 bloom=0 veil=846 titles=1374 fade=227 | setup=330394 total=5092098
T t=69.2 bar=36 ph=5 the hand | render ms 17.06/17.13/17.21 | fps 29.8 | hold 2 miss 0 late 30 | gap ms 33.47 | under 0 fill 465 | copy 2460 cy/line 35.28 Mcy/s | synth 3015 cy/pump 43.24 Mcy/s 1801 cy/sample | tri 340 px 50176 part 105 ch 2 | AHASH s=1656000 3cb02279
PROF T t=69 ph=5 the hand frames=30 | clear=44139 sky=516048 floor=0 scene=4435101 flat=0 gouraud=0 chrome=766805 texture=3339417 furnace=0 embers=114236 bloom=0 veil=833 titles=1376 fade=223 | setup=328877 total=5111957
T t=70.2 bar=36 ph=5 the hand | render ms 17.16/17.24/17.32 | fps 29.8 | hold 2 miss 0 late 30 | gap ms 33.47 | under 0 fill 465 | copy 2460 cy/line 35.28 Mcy/s | synth 3013 cy/pump 43.21 Mcy/s 1800 cy/sample | tri 340 px 50527 part 105 ch 2 | AHASH s=1680000 80101a1c
PROF T t=70 ph=5 the hand frames=30 | clear=44157 sky=514989 floor=0 scene=4465351 flat=0 gouraud=0 chrome=768624 texture=3368487 furnace=0 embers=116370 bloom=0 veil=829 titles=1393 fade=226 | setup=328239 total=5143318
T t=71.2 bar=37 ph=5 the hand | render ms 17.27/17.31/17.42 | fps 29.8 | hold 2 miss 0 late 30 | gap ms 33.47 | under 0 fill 465 | copy 2461 cy/line 35.29 Mcy/s | synth 3010 cy/pump 43.17 Mcy/s 1798 cy/sample | tri 340 px 50785 part 105 ch 2 | AHASH s=1704000 3b94f7bc
PROF T t=71 ph=5 the hand frames=30 | clear=44120 sky=517284 floor=0 scene=4486841 flat=0 gouraud=0 chrome=771949 texture=3385873 furnace=0 embers=115150 bloom=0 veil=802 titles=1363 fade=218 | setup=329018 total=5165781
T t=72.2 bar=37 ph=5 the hand | render ms 17.33/17.42/17.47 | fps 29.8 | hold 2 miss 0 late 30 | gap ms 33.47 | under 0 fill 465 | copy 2462 cy/line 35.30 Mcy/s | synth 3010 cy/pump 43.17 Mcy/s 1798 cy/sample | tri 340 px 51041 part 105 ch 2 | AHASH s=1728000 4db2e8f2
PROF T t=72 ph=5 the hand frames=30 | clear=44069 sky=518484 floor=0 scene=4519284 flat=0 gouraud=0 chrome=784170 texture=3408709 furnace=0 embers=114868 bloom=0 veil=852 titles=1350 fade=220 | setup=326405 total=5199131
T t=73.2 bar=38 ph=5 the hand | render ms 17.36/17.45/17.52 | fps 29.8 | hold 2 miss 0 late 30 | gap ms 33.47 | under 0 fill 465 | copy 2462 cy/line 35.31 Mcy/s | synth 3009 cy/pump 43.15 Mcy/s 1798 cy/sample | tri 340 px 51183 part 106 ch 2 | AHASH s=1752000 d6d05b06
PROF T t=73 ph=5 the hand frames=30 | clear=44143 sky=519120 floor=0 scene=4524891 flat=0 gouraud=0 chrome=780215 texture=3417650 furnace=0 embers=116414 bloom=0 veil=845 titles=1394 fade=223 | setup=327025 total=5207034
T t=74.2 bar=38 ph=5 the hand | render ms 17.39/17.44/17.55 | fps 29.8 | hold 2 miss 0 late 30 | gap ms 33.47 | under 0 fill 465 | copy 2461 cy/line 35.30 Mcy/s | synth 3010 cy/pump 43.17 Mcy/s 1799 cy/sample | tri 340 px 51205 part 106 ch 2 | AHASH s=1776000 22959014
PROF T t=74 ph=5 the hand frames=30 | clear=44104 sky=519501 floor=0 scene=4521048 flat=0 gouraud=0 chrome=774569 texture=3415895 furnace=0 embers=118485 bloom=0 veil=857 titles=1364 fade=221 | setup=330583 total=5205583
T t=75.2 bar=39 ph=5 the hand | render ms 17.37/17.44/17.53 | fps 29.8 | hold 2 miss 0 late 30 | gap ms 33.47 | under 0 fill 465 | copy 2461 cy/line 35.29 Mcy/s | synth 3009 cy/pump 43.15 Mcy/s 1798 cy/sample | tri 340 px 51227 part 107 ch 2 | AHASH s=1800000 1f021550
PROF T t=75 ph=5 the hand frames=30 | clear=44026 sky=518551 floor=0 scene=4521079 flat=0 gouraud=0 chrome=775241 texture=3416216 furnace=0 embers=118793 bloom=0 veil=849 titles=1343 fade=222 | setup=329622 total=5204866
T t=76.3 bar=39 ph=5 the hand | render ms 17.34/17.41/17.55 | fps 29.8 | hold 2 miss 0 late 30 | gap ms 33.47 | under 0 fill 465 | copy 2462 cy/line 35.30 Mcy/s | synth 3006 cy/pump 43.11 Mcy/s 1796 cy/sample | tri 340 px 51343 part 107 ch 2 | AHASH s=1824000 f424dace
PROF T t=76 ph=5 the hand frames=30 | clear=44118 sky=516131 floor=0 scene=4516339 flat=0 gouraud=0 chrome=770068 texture=3418846 furnace=0 embers=117704 bloom=0 veil=804 titles=1367 fade=221 | setup=327424 total=5196687
PHRASE t=76.8 bar=40 ph=6 the heart | render ms 15.11/17.23/21.30 | fps 31.4 | hold 2 miss 0 late 435 | gap ms 33.47 | under 0 fill 465 | copy 2464 cy/line 35.33 Mcy/s | synth 3014 cy/pump 43.23 Mcy/s 1801 cy/sample | tri 142 px 31234 part 108 ch 3 | AHASH s=1824000 f424dace
PROF PHRASE t=76 ph=6 the heart frames=483 | clear=44125 sky=517408 floor=0 scene=4426710 flat=150 gouraud=0 chrome=769899 texture=3327462 furnace=0 embers=115442 bloom=94 veil=35533 titles=1370 fade=224 | setup=329197 total=5140910
T t=77.3 bar=40 ph=6 the heart | render ms 11.23/16.65/21.30 | fps 45.8 | hold 2 miss 0 late 14 | gap ms 33.47 | under 0 fill 465 | copy 2492 cy/line 35.74 Mcy/s | synth 3037 cy/pump 43.56 Mcy/s 1815 cy/sample | tri 142 px 31192 part 108 ch 3 | AHASH s=1848000 1f7fa627
PROF T t=77 ph=6 the heart frames=46 | clear=44210 sky=522415 floor=0 scene=3193944 flat=51024 gouraud=0 chrome=560842 texture=2293102 furnace=0 embers=116146 bloom=31551 veil=1059190 titles=1259 fade=228 | setup=288975 total=4968947
T t=78.3 bar=40 ph=6 the heart | render ms 11.19/11.26/11.36 | fps 59.7 | hold 1 miss 0 late 0 | gap ms 16.73 | under 0 fill 465 | copy 2476 cy/line 35.51 Mcy/s | synth 3050 cy/pump 43.75 Mcy/s 1822 cy/sample | tri 142 px 31223 part 108 ch 3 | AHASH s=1872000 e386ffeb
PROF T t=78 ph=6 the heart frames=60 | clear=44089 sky=525003 floor=0 scene=2613448 flat=73315 gouraud=0 chrome=467916 texture=1800744 furnace=0 embers=114997 bloom=43972 veil=867 titles=8912 fade=226 | setup=271472 total=3351516
T t=79.3 bar=41 ph=6 the heart | render ms 11.31/11.35/11.44 | fps 59.7 | hold 1 miss 0 late 0 | gap ms 16.73 | under 0 fill 465 | copy 2476 cy/line 35.50 Mcy/s | synth 3050 cy/pump 43.74 Mcy/s 1822 cy/sample | tri 144 px 31237 part 108 ch 3 | AHASH s=1896000 7ee13529
PROF T t=79 ph=6 the heart frames=60 | clear=44104 sky=527295 floor=0 scene=2617054 flat=73330 gouraud=0 chrome=471429 texture=1800594 furnace=0 embers=115674 bloom=43385 veil=847 titles=28416 fade=228 | setup=271699 total=3377007
T t=80.3 bar=41 ph=6 the heart | render ms 11.32/11.37/11.43 | fps 59.7 | hold 1 miss 0 late 0 | gap ms 16.73 | under 0 fill 465 | copy 2476 cy/line 35.51 Mcy/s | synth 3054 cy/pump 43.80 Mcy/s 1825 cy/sample | tri 144 px 31281 part 108 ch 3 | AHASH s=1920000 1cc1e0a1
PROF T t=80 ph=6 the heart frames=60 | clear=44111 sky=527053 floor=0 scene=2623107 flat=73433 gouraud=0 chrome=476116 texture=1801521 furnace=0 embers=116701 bloom=43514 veil=855 titles=28384 fade=226 | setup=272037 total=3383955
T t=81.3 bar=42 ph=6 the heart | render ms 11.35/11.40/11.47 | fps 59.7 | hold 1 miss 0 late 0 | gap ms 16.73 | under 0 fill 465 | copy 2476 cy/line 35.51 Mcy/s | synth 3053 cy/pump 43.79 Mcy/s 1824 cy/sample | tri 146 px 31334 part 108 ch 3 | AHASH s=1944000 1ffa4469
PROF T t=81 ph=6 the heart frames=60 | clear=44087 sky=527119 floor=0 scene=2629814 flat=73349 gouraud=0 chrome=482220 texture=1801999 furnace=0 embers=117580 bloom=43672 veil=853 titles=28476 fade=227 | setup=272245 total=3391831
T t=82.3 bar=42 ph=6 the heart | render ms 11.40/11.44/11.51 | fps 59.7 | hold 1 miss 0 late 0 | gap ms 16.73 | under 0 fill 465 | copy 2476 cy/line 35.50 Mcy/s | synth 3053 cy/pump 43.78 Mcy/s 1824 cy/sample | tri 148 px 31420 part 108 ch 3 | AHASH s=1968000 a182c235
PROF T t=82 ph=6 the heart frames=60 | clear=44107 sky=527401 floor=0 scene=2639644 flat=72861 gouraud=0 chrome=490829 texture=1803302 furnace=0 embers=119391 bloom=43389 veil=849 titles=28465 fade=225 | setup=272652 total=3403475
T t=83.3 bar=43 ph=6 the heart | render ms 11.41/11.45/11.52 | fps 59.7 | hold 1 miss 0 late 0 | gap ms 16.73 | under 0 fill 465 | copy 2477 cy/line 35.52 Mcy/s | synth 3057 cy/pump 43.84 Mcy/s 1826 cy/sample | tri 146 px 31426 part 108 ch 3 | AHASH s=1992000 5027bfaf
PROF T t=83 ph=6 the heart frames=60 | clear=44108 sky=527714 floor=0 scene=2643848 flat=71759 gouraud=0 chrome=495782 texture=1802619 furnace=0 embers=119566 bloom=42749 veil=877 titles=28479 fade=229 | setup=273687 total=3407573
T t=84.3 bar=43 ph=6 the heart | render ms 11.39/11.45/11.56 | fps 59.7 | hold 1 miss 0 late 0 | gap ms 16.73 | under 0 fill 465 | copy 2477 cy/line 35.52 Mcy/s | synth 3055 cy/pump 43.81 Mcy/s 1825 cy/sample | tri 148 px 31650 part 108 ch 3 | AHASH s=2016000 7a85e49a
PROF T t=84 ph=6 the heart frames=60 | clear=44129 sky=527492 floor=0 scene=2650362 flat=71747 gouraud=0 chrome=497775 texture=1806475 furnace=0 embers=116781 bloom=38920 veil=847 titles=28524 fade=226 | setup=274364 total=3407284
T t=85.3 bar=44 ph=6 the heart | render ms 11.44/11.49/11.57 | fps 59.7 | hold 1 miss 0 late 0 | gap ms 16.73 | under 0 fill 465 | copy 2478 cy/line 35.54 Mcy/s | synth 3056 cy/pump 43.83 Mcy/s 1826 cy/sample | tri 146 px 31908 part 109 ch 3 | AHASH s=2040000 ff39b825
PROF T t=85 ph=6 the heart frames=60 | clear=44128 sky=527809 floor=0 scene=2661079 flat=73492 gouraud=0 chrome=498018 texture=1815711 furnace=0 embers=116843 bloom=41595 veil=867 titles=28412 fade=228 | setup=273858 total=3420965
T t=86.3 bar=44 ph=6 the heart | render ms 11.51/11.54/11.61 | fps 59.7 | hold 1 miss 0 late 0 | gap ms 16.73 | under 0 fill 465 | copy 2479 cy/line 35.55 Mcy/s | synth 3057 cy/pump 43.84 Mcy/s 1826 cy/sample | tri 146 px 31886 part 109 ch 3 | AHASH s=2064000 d6b81d94
PROF T t=86 ph=6 the heart frames=60 | clear=44144 sky=527451 floor=0 scene=2671860 flat=76191 gouraud=0 chrome=498701 texture=1823508 furnace=0 embers=119089 bloom=43673 veil=855 titles=28546 fade=229 | setup=273458 total=3435850
T t=87.3 bar=45 ph=6 the heart | render ms 11.37/11.43/11.68 | fps 59.7 | hold 1 miss 0 late 0 | gap ms 16.73 | under 0 fill 465 | copy 2479 cy/line 35.55 Mcy/s | synth 3055 cy/pump 43.81 Mcy/s 1825 cy/sample | tri 146 px 31811 part 109 ch 3 | AHASH s=2088000 12be213a
PROF T t=87 ph=6 the heart frames=60 | clear=44118 sky=523945 floor=0 scene=2665891 flat=78800 gouraud=0 chrome=491567 texture=1821915 furnace=0 embers=120123 bloom=44531 veil=860 titles=2266 fade=234 | setup=273608 total=3401970
T t=88.3 bar=46 ph=6 the heart | render ms 11.35/11.40/11.50 | fps 59.7 | hold 1 miss 0 late 0 | gap ms 16.73 | under 0 fill 465 | copy 2479 cy/line 35.55 Mcy/s | synth 3050 cy/pump 43.74 Mcy/s 1822 cy/sample | tri 142 px 31821 part 110 ch 3 | AHASH s=2112000 97f87b86
PROF T t=88 ph=6 the heart frames=60 | clear=44104 sky=523032 floor=0 scene=2657757 flat=79755 gouraud=0 chrome=482554 texture=1822540 furnace=0 embers=119204 bloom=45345 veil=843 titles=1340 fade=227 | setup=272906 total=3391856
T t=89.3 bar=46 ph=6 the heart | render ms 11.33/11.38/11.49 | fps 59.7 | hold 1 miss 0 late 0 | gap ms 16.73 | under 0 fill 465 | copy 2479 cy/line 35.56 Mcy/s | synth 3052 cy/pump 43.77 Mcy/s 1823 cy/sample | tri 146 px 31766 part 110 ch 3 | AHASH s=2136000 8830535a
PROF T t=89 ph=6 the heart frames=60 | clear=44099 sky=522618 floor=0 scene=2651177 flat=78516 gouraud=0 chrome=477162 texture=1822696 furnace=0 embers=122434 bloom=44464 veil=839 titles=1344 fade=227 | setup=272801 total=3387206
T t=90.3 bar=47 ph=6 the heart | render ms 11.32/11.37/11.45 | fps 59.7 | hold 1 miss 0 late 0 | gap ms 16.73 | under 0 fill 465 | copy 2478 cy/line 35.54 Mcy/s | synth 3052 cy/pump 43.78 Mcy/s 1824 cy/sample | tri 142 px 32191 part 110 ch 3 | AHASH s=2160000 fc2b037f
PROF T t=90 ph=6 the heart frames=60 | clear=44065 sky=523187 floor=0 scene=2651925 flat=75205 gouraud=0 chrome=474223 texture=1830061 furnace=0 embers=121377 bloom=39595 veil=852 titles=1332 fade=228 | setup=272435 total=3382565
T t=91.3 bar=47 ph=6 the heart | render ms 11.34/11.39/11.47 | fps 59.7 | hold 1 miss 0 late 0 | gap ms 16.73 | under 0 fill 465 | copy 2479 cy/line 35.56 Mcy/s | synth 3056 cy/pump 43.83 Mcy/s 1826 cy/sample | tri 146 px 31973 part 110 ch 3 | AHASH s=2184000 1bc4b39c
PROF T t=91 ph=6 the heart frames=60 | clear=44131 sky=523428 floor=0 scene=2659056 flat=73512 gouraud=0 chrome=470598 texture=1842263 furnace=0 embers=118891 bloom=42004 veil=845 titles=1347 fade=229 | setup=272682 total=3389935
PHRASE t=92.1 bar=48 ph=7 the heart | render ms 11.19/11.52/15.23 | fps 59.7 | hold 1 miss 0 late 0 | gap ms 16.73 | under 0 fill 465 | copy 2479 cy/line 35.55 Mcy/s | synth 3054 cy/pump 43.80 Mcy/s 1825 cy/sample | tri 142 px 31992 part 111 ch 3 | AHASH s=2208000 5dfce50c
PROF PHRASE t=92 ph=7 the heart frames=918 | clear=44113 sky=525566 floor=0 scene=2644440 flat=74653 gouraud=0 chrome=482499 texture=1814489 furnace=0 embers=118498 bloom=43086 veil=35630 titles=16075 fade=228 | setup=272797 total=3427639
T t=92.3 bar=48 ph=7 the heart | render ms 11.33/11.37/11.51 | fps 59.7 | hold 1 miss 0 late 0 | gap ms 16.73 | under 0 fill 465 | copy 2479 cy/line 35.56 Mcy/s | synth 3051 cy/pump 43.76 Mcy/s 1823 cy/sample | tri 144 px 31997 part 111 ch 3 | AHASH s=2208000 5dfce50c
PROF T t=92 ph=7 the heart frames=60 | clear=44187 sky=523331 floor=0 scene=2647970 flat=75355 gouraud=0 chrome=467640 texture=1832554 furnace=0 embers=120874 bloom=44804 veil=840 titles=1358 fade=227 | setup=272420 total=3383594
T t=93.3 bar=48 ph=7 the heart | render ms 11.36/11.40/11.51 | fps 59.7 | hold 1 miss 0 late 0 | gap ms 16.73 | under 0 fill 465 | copy 2480 cy/line 35.56 Mcy/s | synth 3054 cy/pump 43.80 Mcy/s 1825 cy/sample | tri 146 px 31995 part 111 ch 3 | AHASH s=2232000 15641653
PROF T t=93 ph=7 the heart frames=60 | clear=44118 sky=522990 floor=0 scene=2655756 flat=74425 gouraud=0 chrome=474849 texture=1833209 furnace=0 embers=123988 bloom=43924 veil=849 titles=1339 fade=226 | setup=273272 total=3393194
T t=94.3 bar=49 ph=7 the heart | render ms 11.36/11.41/11.51 | fps 59.7 | hold 1 miss 0 late 0 | gap ms 16.73 | under 0 fill 465 | copy 2480 cy/line 35.56 Mcy/s | synth 3051 cy/pump 43.76 Mcy/s 1823 cy/sample | tri 144 px 32066 part 111 ch 3 | AHASH s=2256000 6c2c8fe6
PROF T t=94 ph=7 the heart frames=60 | clear=44123 sky=522803 floor=0 scene=2661703 flat=73574 gouraud=0 chrome=481190 texture=1833229 furnace=0 embers=124239 bloom=39708 veil=855 titles=1325 fade=226 | setup=273710 total=3394987
T t=95.3 bar=49 ph=7 the heart | render ms 11.41/11.50/11.58 | fps 59.7 | hold 1 miss 0 late 0 | gap ms 16.73 | under 0 fill 465 | copy 2479 cy/line 35.55 Mcy/s | synth 3054 cy/pump 43.80 Mcy/s 1825 cy/sample | tri 144 px 32597 part 111 ch 3 | AHASH s=2280000 77459282
PROF T t=95 ph=7 the heart frames=60 | clear=44107 sky=523458 floor=0 scene=2687146 flat=77095 gouraud=0 chrome=488884 texture=1847107 furnace=0 embers=122133 bloom=42201 veil=843 titles=1337 fade=233 | setup=274059 total=3421462
T t=96.4 bar=50 ph=7 the heart | render ms 11.52/11.56/11.64 | fps 59.7 | hold 1 miss 0 late 0 | gap ms 16.73 | under 0 fill 465 | copy 2480 cy/line 35.56 Mcy/s | synth 3053 cy/pump 43.78 Mcy/s 1824 cy/sample | tri 144 px 32621 part 111 ch 3 | AHASH s=2304000 57ad9b3d
PROF T t=96 ph=7 the heart frames=60 | clear=44116 sky=524349 floor=0 scene=2701020 flat=80017 gouraud=0 chrome=493408 texture=1854055 furnace=0 embers=122958 bloom=45561 veil=843 titles=1359 fade=229 | setup=273539 total=3440437
T t=97.4 bar=50 ph=7 the heart | render ms 11.55/11.60/11.68 | fps 59.7 | hold 1 miss 0 late 0 | gap ms 16.73 | under 0 fill 465 | copy 2480 cy/line 35.57 Mcy/s | synth 3057 cy/pump 43.84 Mcy/s 1826 cy/sample | tri 150 px 32715 part 111 ch 3 | AHASH s=2328000 46324a32
PROF T t=97 ph=7 the heart frames=60 | clear=44123 sky=524112 floor=0 scene=2715259 flat=80883 gouraud=0 chrome=504406 texture=1855668 furnace=0 embers=121670 bloom=45672 veil=855 titles=1354 fade=229 | setup=274301 total=3453277
T t=98.4 bar=51 ph=7 the heart | render ms 11.56/11.61/11.70 | fps 59.7 | hold 1 miss 0 late 0 | gap ms 16.73 | under 0 fill 465 | copy 2480 cy/line 35.56 Mcy/s | synth 3056 cy/pump 43.83 Mcy/s 1826 cy/sample | tri 146 px 32730 part 111 ch 3 | AHASH s=2352000 f1166fe6
PROF T t=98 ph=7 the heart frames=60 | clear=44117 sky=524322 floor=0 scene=2719225 flat=79913 gouraud=0 chrome=509352 texture=1856164 furnace=0 embers=119928 bloom=45092 veil=863 titles=1356 fade=227 | setup=273793 total=3455132
T t=99.4 bar=51 ph=7 the heart | render ms 11.56/11.61/11.71 | fps 59.7 | hold 1 miss 0 late 0 | gap ms 16.73 | under 0 fill 465 | copy 2480 cy/line 35.57 Mcy/s | synth 3056 cy/pump 43.83 Mcy/s 1826 cy/sample | tri 146 px 32754 part 111 ch 3 | AHASH s=2376000 3f3f2310
PROF T t=99 ph=7 the heart frames=60 | clear=44102 sky=524081 floor=0 scene=2720071 flat=77312 gouraud=0 chrome=512175 texture=1857285 furnace=0 embers=120163 bloom=43738 veil=848 titles=1357 fade=229 | setup=273298 total=3454592
T t=100.4 bar=52 ph=7 the heart | render ms 11.58/11.65/11.73 | fps 59.7 | hold 1 miss 0 late 0 | gap ms 16.73 | under 0 fill 465 | copy 2481 cy/line 35.58 Mcy/s | synth 3055 cy/pump 43.81 Mcy/s 1825 cy/sample | tri 146 px 33247 part 111 ch 3 | AHASH s=2400000 ae191035
PROF T t=100 ph=7 the heart frames=60 | clear=44097 sky=524790 floor=0 scene=2734797 flat=75122 gouraud=0 chrome=517874 texture=1868095 furnace=0 embers=121432 bloom=40885 veil=861 titles=1342 fade=231 | setup=273704 total=3468438
T t=101.4 bar=52 ph=7 the heart | render ms 11.66/11.70/11.77 | fps 59.7 | hold 1 miss 0 late 0 | gap ms 16.73 | under 0 fill 465 | copy 2482 cy/line 35.59 Mcy/s | synth 3055 cy/pump 43.81 Mcy/s 1825 cy/sample | tri 146 px 33245 part 111 ch 3 | AHASH s=2424000 c9629b28
PROF T t=101 ph=7 the heart frames=60 | clear=44067 sky=524557 floor=0 scene=2746384 flat=73661 gouraud=0 chrome=517761 texture=1880721 furnace=0 embers=122073 bloom=42869 veil=843 titles=1330 fade=230 | setup=274239 total=3482355
T t=102.4 bar=53 ph=7 the heart | render ms 11.65/11.69/11.82 | fps 59.7 | hold 1 miss 0 late 0 | gap ms 16.73 | under 0 fill 465 | copy 2482 cy/line 35.59 Mcy/s | synth 3047 cy/pump 43.70 Mcy/s 1821 cy/sample | tri 148 px 33247 part 111 ch 3 | AHASH s=2448000 0c461bf6
PROF T t=102 ph=7 the heart frames=60 | clear=44106 sky=524003 floor=0 scene=2743892 flat=74498 gouraud=0 chrome=514649 texture=1881374 furnace=0 embers=122764 bloom=43346 veil=849 titles=1348 fade=227 | setup=273370 total=3480538
T t=103.4 bar=53 ph=7 the heart | render ms 11.64/11.69/11.79 | fps 59.7 | hold 1 miss 0 late 0 | gap ms 16.73 | under 0 fill 465 | copy 2481 cy/line 35.58 Mcy/s | synth 3051 cy/pump 43.75 Mcy/s 1823 cy/sample | tri 144 px 33266 part 111 ch 3 | AHASH s=2472000 417189a2
PROF T t=103 ph=7 the heart frames=60 | clear=44070 sky=523945 floor=0 scene=2741235 flat=75766 gouraud=0 chrome=509034 texture=1883091 furnace=0 embers=123546 bloom=44168 veil=847 titles=1362 fade=226 | setup=273343 total=3479403
T t=104.4 bar=54 ph=7 the heart | render ms 11.61/11.66/11.77 | fps 59.7 | hold 1 miss 0 late 0 | gap ms 16.73 | under 0 fill 465 | copy 2482 cy/line 35.59 Mcy/s | synth 3050 cy/pump 43.74 Mcy/s 1822 cy/sample | tri 144 px 33259 part 112 ch 3 | AHASH s=2496000 601664cb
PROF T t=104 ph=7 the heart frames=60 | clear=44076 sky=523521 floor=0 scene=2732552 flat=75822 gouraud=0 chrome=499886 texture=1884303 furnace=0 embers=123314 bloom=44197 veil=861 titles=1348 fade=227 | setup=272540 total=3470100
T t=105.4 bar=54 ph=7 the heart | render ms 11.58/11.64/11.76 | fps 59.7 | hold 1 miss 0 late 0 | gap ms 16.73 | under 0 fill 465 | copy 2481 cy/line 35.58 Mcy/s | synth 3049 cy/pump 43.73 Mcy/s 1822 cy/sample | tri 142 px 33243 part 112 ch 3 | AHASH s=2520000 cf98d3ed
PROF T t=105 ph=7 the heart frames=60 | clear=44104 sky=524076 floor=0 scene=2729666 flat=75792 gouraud=0 chrome=496590 texture=1884225 furnace=0 embers=119237 bloom=44395 veil=843 titles=1330 fade=229 | setup=273056 total=3463882
T t=106.4 bar=55 ph=7 the heart | render ms 11.58/11.62/11.77 | fps 59.7 | hold 1 miss 0 late 0 | gap ms 16.73 | under 0 fill 465 | copy 2480 cy/line 35.57 Mcy/s | synth 3052 cy/pump 43.77 Mcy/s 1823 cy/sample | tri 142 px 33214 part 113 ch 3 | AHASH s=2544000 e435c086
PROF T t=106 ph=7 the heart frames=60 | clear=44118 sky=524470 floor=0 scene=2725930 flat=75623 gouraud=0 chrome=492420 texture=1884765 furnace=0 embers=118257 bloom=43600 veil=869 titles=1345 fade=229 | setup=273121 total=3458822
T t=107.4 bar=55 ph=7 the heart | render ms 11.55/13.18/15.47 | fps 59.7 | hold 1 miss 0 late 0 | gap ms 16.73 | under 0 fill 465 | copy 2495 cy/line 35.79 Mcy/s | synth 3052 cy/pump 43.77 Mcy/s 1823 cy/sample | tri 144 px 33186 part 113 ch 3 | AHASH s=2568000 7e8bfa36
PROF T t=107 ph=7 the heart frames=60 | clear=44100 sky=524345 floor=0 scene=2717534 flat=75717 gouraud=0 chrome=483647 texture=1885133 furnace=0 embers=118385 bloom=45588 veil=475660 titles=1335 fade=234 | setup=273035 total=3927185
PHRASE t=107.5 bar=56 ph=8 the eye | render ms 11.35/11.72/15.92 | fps 59.7 | hold 1 miss 0 late 0 | gap ms 16.73 | under 0 fill 465 | copy 2482 cy/line 35.59 Mcy/s | synth 3053 cy/pump 43.78 Mcy/s 1824 cy/sample | tri 182 px 41826 part 78 ch 4 | AHASH s=2568000 7e8bfa36
PROF PHRASE t=107 ph=8 the eye frames=918 | clear=44111 sky=524062 floor=0 scene=2714744 flat=76246 gouraud=0 chrome=499001 texture=1865948 furnace=0 embers=121576 bloom=43648 veil=38207 titles=1344 fade=229 | setup=273547 total=3487923
T t=108.4 bar=56 ph=8 the eye | render ms 11.97/13.99/16.03 | fps 58.7 | hold 2 miss 0 late 1 | gap ms 33.47 | under 0 fill 465 | copy 2507 cy/line 35.95 Mcy/s | synth 2926 cy/pump 41.96 Mcy/s 1748 cy/sample | tri 182 px 41826 part 78 ch 4 | AHASH s=2592000 66b373d5
PROF T t=108 ph=8 the eye frames=59 | clear=44101 sky=543997 floor=0 scene=2885870 flat=5099 gouraud=0 chrome=306763 texture=2231449 furnace=0 embers=87348 bloom=3087 veil=604412 titles=1281 fade=222 | setup=342557 total=4170322
T t=109.4 bar=57 ph=8 the eye | render ms 11.97/12.07/12.16 | fps 59.7 | hold 1 miss 0 late 0 | gap ms 16.73 | under 0 fill 465 | copy 2502 cy/line 35.88 Mcy/s | synth 2724 cy/pump 39.06 Mcy/s 1627 cy/sample | tri 182 px 41826 part 78 ch 4 | AHASH s=2616000 c82a5663
PROF T t=109 ph=8 the eye frames=60 | clear=44022 sky=548551 floor=0 scene=2899276 flat=0 gouraud=0 chrome=294256 texture=2257895 furnace=0 embers=84862 bloom=0 veil=844 titles=16981 fade=224 | setup=347124 total=3594762
T t=110.4 bar=57 ph=8 the eye | render ms 12.07/12.10/12.22 | fps 59.7 | hold 1 miss 0 late 0 | gap ms 16.73 | under 0 fill 465 | copy 2502 cy/line 35.88 Mcy/s | synth 2722 cy/pump 39.04 Mcy/s 1626 cy/sample | tri 182 px 41826 part 78 ch 4 | AHASH s=2640000 9f6ffe38
PROF T t=110 ph=8 the eye frames=60 | clear=44016 sky=550854 floor=0 scene=2898893 flat=0 gouraud=0 chrome=294264 texture=2257684 furnace=0 embers=85045 bloom=0 veil=857 titles=23779 fade=221 | setup=346945 total=3603668
T t=111.4 bar=58 ph=8 the eye | render ms 12.07/12.10/12.23 | fps 59.7 | hold 1 miss 0 late 0 | gap ms 16.73 | under 0 fill 465 | copy 2502 cy/line 35.88 Mcy/s | synth 2723 cy/pump 39.05 Mcy/s 1627 cy/sample | tri 182 px 41826 part 78 ch 4 | AHASH s=2664000 670e852b
PROF T t=111 ph=8 the eye frames=60 | clear=44017 sky=550680 floor=0 scene=2898635 flat=0 gouraud=0 chrome=294234 texture=2257734 furnace=0 embers=84402 bloom=0 veil=863 titles=23810 fade=224 | setup=346666 total=3602633
T t=112.4 bar=58 ph=8 the eye | render ms 12.06/12.11/12.25 | fps 59.7 | hold 1 miss 0 late 0 | gap ms 16.73 | under 0 fill 465 | copy 2502 cy/line 35.88 Mcy/s | synth 2723 cy/pump 39.06 Mcy/s 1627 cy/sample | tri 182 px 41826 part 78 ch 4 | AHASH s=2688000 c39148f0
PROF T t=112 ph=8 the eye frames=60 | clear=44010 sky=550735 floor=0 scene=2899104 flat=0 gouraud=0 chrome=294241 texture=2257932 furnace=0 embers=86453 bloom=0 veil=839 titles=23788 fade=225 | setup=346930 total=3605156
T t=113.4 bar=59 ph=8 the eye | render ms 12.08/12.11/12.27 | fps 59.7 | hold 1 miss 0 late 0 | gap ms 16.73 | under 0 fill 465 | copy 2502 cy/line 35.89 Mcy/s | synth 2720 cy/pump 39.01 Mcy/s 1625 cy/sample | tri 182 px 41826 part 78 ch 4 | AHASH s=2712000 f53583f6
PROF T t=113 ph=8 the eye frames=60 | clear=43993 sky=550503 floor=0 scene=2899035 flat=0 gouraud=0 chrome=294243 texture=2257848 furnace=0 embers=86665 bloom=0 veil=861 titles=23824 fade=228 | setup=346943 total=3605112
T t=114.4 bar=59 ph=8 the eye | render ms 12.07/12.11/12.28 | fps 59.7 | hold 1 miss 0 late 0 | gap ms 16.73 | under 0 fill 465 | copy 2502 cy/line 35.88 Mcy/s | synth 2721 cy/pump 39.03 Mcy/s 1626 cy/sample | tri 182 px 41826 part 78 ch 4 | AHASH s=2736000 500e0439
PROF T t=114 ph=8 the eye frames=60 | clear=44097 sky=550457 floor=0 scene=2899087 flat=0 gouraud=0 chrome=294200 texture=2257997 furnace=0 embers=86679 bloom=0 veil=855 titles=23786 fade=228 | setup=346889 total=3605191
T t=115.4 bar=60 ph=8 the eye | render ms 12.06/12.10/12.26 | fps 59.7 | hold 1 miss 0 late 0 | gap ms 16.73 | under 0 fill 465 | copy 2502 cy/line 35.88 Mcy/s | synth 2722 cy/pump 39.04 Mcy/s 1626 cy/sample | tri 182 px 41826 part 79 ch 4 | AHASH s=2760000 92d069c7
PROF T t=115 ph=8 the eye frames=60 | clear=44002 sky=550839 floor=0 scene=2898709 flat=0 gouraud=0 chrome=294247 texture=2258077 furnace=0 embers=85362 bloom=0 veil=859 titles=23826 fade=225 | setup=346384 total=3603825
T t=116.4 bar=60 ph=8 the eye | render ms 12.07/12.09/12.24 | fps 59.7 | hold 1 miss 0 late 0 | gap ms 16.73 | under 0 fill 465 | copy 2502 cy/line 35.88 Mcy/s | synth 2721 cy/pump 39.02 Mcy/s 1626 cy/sample | tri 182 px 41826 part 79 ch 4 | AHASH s=2784000 3672f781
PROF T t=116 ph=8 the eye frames=60 | clear=44022 sky=550554 floor=0 scene=2898499 flat=0 gouraud=0 chrome=294305 texture=2257478 furnace=0 embers=83938 bloom=0 veil=853 titles=23801 fade=232 | setup=346715 total=3601902
T t=117.4 bar=61 ph=8 the eye | render ms 11.97/12.06/12.24 | fps 59.7 | hold 1 miss 0 late 0 | gap ms 16.73 | under 0 fill 465 | copy 2502 cy/line 35.89 Mcy/s | synth 2721 cy/pump 39.02 Mcy/s 1626 cy/sample | tri 182 px 41826 part 79 ch 4 | AHASH s=2808000 688c7659
PROF T t=117 ph=8 the eye frames=60 | clear=43998 sky=548727 floor=0 scene=2897833 flat=0 gouraud=0 chrome=294312 texture=2257227 furnace=0 embers=85033 bloom=0 veil=871 titles=15202 fade=225 | setup=346293 total=3591892
T t=118.4 bar=61 ph=8 the eye | render ms 11.97/12.00/12.14 | fps 59.7 | hold 1 miss 0 late 0 | gap ms 16.73 | under 0 fill 465 | copy 2502 cy/line 35.88 Mcy/s | synth 2723 cy/pump 39.05 Mcy/s 1627 cy/sample | tri 182 px 41826 part 79 ch 4 | AHASH s=2832000 3e67fc45
PROF T t=118 ph=8 the eye frames=60 | clear=44023 sky=545148 floor=0 scene=2897295 flat=0 gouraud=0 chrome=294107 texture=2256559 furnace=0 embers=84293 bloom=0 veil=855 titles=1376 fade=222 | setup=346628 total=3573215
T t=119.4 bar=62 ph=8 the eye | render ms 11.96/12.00/12.16 | fps 59.7 | hold 1 miss 0 late 0 | gap ms 16.73 | under 0 fill 465 | copy 2502 cy/line 35.88 Mcy/s | synth 2723 cy/pump 39.05 Mcy/s 1627 cy/sample | tri 182 px 41826 part 79 ch 4 | AHASH s=2856000 a1c508fe
PROF T t=119 ph=8 the eye frames=60 | clear=44004 sky=545084 floor=0 scene=2897453 flat=0 gouraud=0 chrome=294105 texture=2256566 furnace=0 embers=84836 bloom=0 veil=855 titles=1395 fade=235 | setup=346780 total=3573865
T t=120.5 bar=62 ph=8 the eye | render ms 11.98/12.01/12.17 | fps 59.7 | hold 1 miss 0 late 0 | gap ms 16.73 | under 0 fill 465 | copy 2502 cy/line 35.88 Mcy/s | synth 2724 cy/pump 39.07 Mcy/s 1628 cy/sample | tri 182 px 41826 part 79 ch 4 | AHASH s=2880000 c01fbcf3
PROF T t=120 ph=8 the eye frames=60 | clear=44048 sky=545199 floor=0 scene=2897266 flat=0 gouraud=0 chrome=294046 texture=2256820 furnace=0 embers=87733 bloom=0 veil=865 titles=1378 fade=225 | setup=346399 total=3576717
T t=121.5 bar=63 ph=8 the eye | render ms 11.99/12.02/12.18 | fps 59.7 | hold 1 miss 0 late 0 | gap ms 16.73 | under 0 fill 465 | copy 2501 cy/line 35.87 Mcy/s | synth 2722 cy/pump 39.04 Mcy/s 1626 cy/sample | tri 182 px 41826 part 80 ch 4 | AHASH s=2904000 bf7e4e19
PROF T t=121 ph=8 the eye frames=60 | clear=43943 sky=545647 floor=0 scene=2896792 flat=0 gouraud=0 chrome=294031 texture=2256276 furnace=0 embers=89158 bloom=0 veil=865 titles=1365 fade=222 | setup=346484 total=3577996
T t=122.5 bar=63 ph=8 the eye | render ms 11.98/12.02/12.18 | fps 59.7 | hold 1 miss 0 late 0 | gap ms 16.73 | under 0 fill 465 | copy 2502 cy/line 35.88 Mcy/s | synth 2722 cy/pump 39.04 Mcy/s 1626 cy/sample | tri 182 px 41826 part 80 ch 4 | AHASH s=2928000 e129bcd7
PROF T t=122 ph=8 the eye frames=60 | clear=44016 sky=545530 floor=0 scene=2896987 flat=0 gouraud=0 chrome=294049 texture=2256466 furnace=0 embers=89342 bloom=0 veil=839 titles=1353 fade=225 | setup=346471 total=3578296
PHRASE t=122.8 bar=64 ph=9 the eye | render ms 11.96/12.17/16.03 | fps 59.6 | hold 2 miss 0 late 1 | gap ms 33.47 | under 0 fill 465 | copy 2502 cy/line 35.88 Mcy/s | synth 2735 cy/pump 39.22 Mcy/s 1634 cy/sample | tri 182 px 41826 part 84 ch 4 | AHASH s=2928000 e129bcd7
PROF PHRASE t=122 ph=9 the eye frames=916 | clear=44018 sky=548200 floor=0 scene=2898205 flat=0 gouraud=0 chrome=294181 texture=2257278 furnace=0 embers=85986 bloom=0 veil=33396 titles=13580 fade=226 | setup=346744 total=3623613
T t=123.5 bar=64 ph=9 the eye | render ms 11.98/12.05/12.18 | fps 59.7 | hold 1 miss 0 late 0 | gap ms 16.73 | under 0 fill 465 | copy 2488 cy/line 35.69 Mcy/s | synth 2942 cy/pump 42.19 Mcy/s 1758 cy/sample | tri 182 px 42399 part 84 ch 4 | AHASH s=2952000 c84c1e21
PROF T t=123 ph=9 the eye frames=60 | clear=44056 sky=546170 floor=0 scene=2903589 flat=0 gouraud=0 chrome=295102 texture=2261569 furnace=0 embers=92139 bloom=0 veil=859 titles=1366 fade=230 | setup=346917 total=3588412
T t=124.5 bar=64 ph=9 the eye | render ms 12.12/12.39/12.70 | fps 59.7 | hold 1 miss 0 late 0 | gap ms 16.73 | under 0 fill 465 | copy 2486 cy/line 35.65 Mcy/s | synth 3050 cy/pump 43.75 Mcy/s 1822 cy/sample | tri 182 px 46470 part 84 ch 4 | AHASH s=2976000 f3539544
PROF T t=124 ph=9 the eye frames=60 | clear=44009 sky=546134 floor=0 scene=3005077 flat=0 gouraud=0 chrome=299148 texture=2358994 furnace=0 embers=94225 bloom=0 veil=863 titles=1380 fade=230 | setup=346934 total=3691922
T t=125.5 bar=65 ph=9 the eye | render ms 12.74/13.08/13.49 | fps 59.7 | hold 1 miss 0 late 0 | gap ms 16.73 | under 0 fill 465 | copy 2494 cy/line 35.76 Mcy/s | synth 3053 cy/pump 43.78 Mcy/s 1824 cy/sample | tri 182 px 50892 part 84 ch 4 | AHASH s=3000000 c4c7db5e
PROF T t=125 ph=9 the eye frames=60 | clear=44006 sky=551970 floor=0 scene=3207573 flat=0 gouraud=0 chrome=314209 texture=2546797 furnace=0 embers=92547 bloom=0 veil=871 titles=1368 fade=222 | setup=346567 total=3898560
T t=126.5 bar=65 ph=9 the eye | render ms 13.51/13.97/14.36 | fps 59.7 | hold 1 miss 0 late 0 | gap ms 16.73 | under 0 fill 465 | copy 2504 cy/line 35.91 Mcy/s | synth 3044 cy/pump 43.65 Mcy/s 1819 cy/sample | tri 182 px 55731 part 84 ch 4 | AHASH s=3024000 689501b6
PROF T t=126 ph=9 the eye frames=60 | clear=44039 sky=562581 floor=0 scene=3464279 flat=0 gouraud=0 chrome=346124 texture=2772415 furnace=0 embers=91524 bloom=0 veil=869 titles=1388 fade=231 | setup=345739 total=4164913
T t=127.5 bar=66 ph=9 the eye | render ms 14.33/14.53/14.72 | fps 59.7 | hold 1 miss 0 late 0 | gap ms 16.73 | under 0 fill 465 | copy 2512 cy/line 36.03 Mcy/s | synth 3039 cy/pump 43.58 Mcy/s 1816 cy/sample | tri 182 px 56573 part 85 ch 4 | AHASH s=3048000 54ddbfb4
PROF T t=127 ph=9 the eye frames=60 | clear=44026 sky=582869 floor=0 scene=3609934 flat=0 gouraud=0 chrome=408167 texture=2856158 furnace=0 embers=92129 bloom=0 veil=853 titles=1380 fade=222 | setup=345608 total=4331418
T t=128.5 bar=66 ph=9 the eye | render ms 14.39/14.79/15.40 | fps 59.7 | hold 1 miss 0 late 0 | gap ms 16.73 | under 0 fill 465 | copy 2515 cy/line 36.07 Mcy/s | synth 3043 cy/pump 43.63 Mcy/s 1818 cy/sample | tri 182 px 58686 part 85 ch 4 | AHASH s=3072000 ff2af1eb
PROF T t=128 ph=9 the eye frames=60 | clear=43988 sky=624273 floor=0 scene=3648269 flat=0 gouraud=0 chrome=536345 texture=2765205 furnace=0 embers=91804 bloom=0 veil=863 titles=1379 fade=219 | setup=346718 total=4410797
T t=129.5 bar=67 ph=9 the eye | render ms 14.09/14.87/15.48 | fps 59.7 | hold 1 miss 0 late 0 | gap ms 16.73 | under 0 fill 465 | copy 2517 cy/line 36.10 Mcy/s | synth 3044 cy/pump 43.65 Mcy/s 1819 cy/sample | tri 182 px 51998 part 85 ch 4 | AHASH s=3096000 bcfb55d3
PROF T t=129 ph=9 the eye frames=60 | clear=43975 sky=727017 floor=0 scene=3568907 flat=0 gouraud=0 chrome=832642 texture=2391660 furnace=0 embers=91376 bloom=0 veil=867 titles=1390 fade=233 | setup=344605 total=4433768
T t=130.5 bar=67 ph=9 the eye | render ms 12.35/13.26/14.25 | fps 59.7 | hold 1 miss 0 late 0 | gap ms 16.73 | under 0 fill 465 | copy 2501 cy/line 35.87 Mcy/s | synth 3038 cy/pump 43.57 Mcy/s 1815 cy/sample | tri 182 px 26932 part 85 ch 4 | AHASH s=3120000 55e3adeb
PROF T t=130 ph=9 the eye frames=60 | clear=44072 sky=1121769 floor=0 scene=2693915 flat=0 gouraud=0 chrome=1253659 texture=1101108 furnace=0 embers=89154 bloom=0 veil=871 titles=1415 fade=224 | setup=339147 total=3951423
T t=131.5 bar=68 ph=9 the eye | render ms 10.86/11.31/12.40 | fps 59.7 | hold 1 miss 0 late 0 | gap ms 16.73 | under 0 fill 465 | copy 2460 cy/line 35.28 Mcy/s | synth 3046 cy/pump 43.69 Mcy/s 1820 cy/sample | tri 182 px 9968 part 87 ch 4 | AHASH s=3144000 776b4edd
PROF T t=131 ph=9 the eye frames=60 | clear=44079 sky=1791495 floor=0 scene=1433607 flat=0 gouraud=0 chrome=204717 texture=891078 furnace=0 embers=93850 bloom=0 veil=887 titles=1424 fade=226 | setup=337811 total=3365571
T t=132.5 bar=69 ph=9 the eye | render ms 10.94/11.39/11.98 | fps 59.7 | hold 1 miss 0 late 0 | gap ms 16.73 | under 0 fill 465 | copy 2460 cy/line 35.28 Mcy/s | synth 3046 cy/pump 43.69 Mcy/s 1820 cy/sample | tri 182 px 15580 part 88 ch 4 | AHASH s=3168000 37750be0
PROF T t=132 ph=9 the eye frames=60 | clear=44124 sky=1811645 floor=0 scene=1436833 flat=0 gouraud=0 chrome=24434 texture=1074898 furnace=0 embers=93646 bloom=0 veil=883 titles=1426 fade=226 | setup=337500 total=3388785
T t=133.5 bar=69 ph=9 the eye | render ms 11.98/12.91/14.07 | fps 59.7 | hold 1 miss 0 late 0 | gap ms 16.73 | under 0 fill 465 | copy 2477 cy/line 35.53 Mcy/s | synth 3048 cy/pump 43.70 Mcy/s 1821 cy/sample | tri 182 px 27172 part 88 ch 4 | AHASH s=3192000 13b36c2c
PROF T t=133 ph=9 the eye frames=60 | clear=44122 sky=1811649 floor=0 scene=1891979 flat=0 gouraud=0 chrome=24288 texture=1529991 furnace=0 embers=94444 bloom=0 veil=891 titles=1418 fade=224 | setup=337698 total=3844730
T t=134.5 bar=70 ph=9 the eye | render ms 14.21/15.69/17.36 | fps 51.7 | hold 2 miss 0 late 8 | gap ms 33.47 | under 0 fill 465 | copy 2493 cy/line 35.75 Mcy/s | synth 3039 cy/pump 43.58 Mcy/s 1816 cy/sample | tri 182 px 46876 part 90 ch 4 | AHASH s=3216000 734b9e99
PROF T t=134 ph=9 the eye frames=52 | clear=44147 sky=1812180 floor=0 scene=2722762 flat=0 gouraud=0 chrome=22458 texture=2362260 furnace=0 embers=95836 bloom=0 veil=877 titles=1410 fade=228 | setup=338042 total=4677443
T t=135.5 bar=70 ph=9 the eye | render ms 12.25/15.14/17.66 | fps 47.8 | hold 2 miss 0 late 12 | gap ms 33.47 | under 0 fill 465 | copy 2481 cy/line 35.59 Mcy/s | synth 3035 cy/pump 43.52 Mcy/s 1813 cy/sample | tri 182 px 15992 part 90 ch 4 | AHASH s=3240000 c8e54c97
PROF T t=135 ph=9 the eye frames=48 | clear=44157 sky=1812342 floor=0 scene=2557389 flat=0 gouraud=0 chrome=22356 texture=2196916 furnace=0 embers=98562 bloom=0 veil=883 titles=1416 fade=228 | setup=338116 total=4514979
T t=136.5 bar=71 ph=9 the eye | render ms 11.76/12.06/12.41 | fps 59.7 | hold 1 miss 0 late 0 | gap ms 16.73 | under 0 fill 465 | copy 2468 cy/line 35.39 Mcy/s | synth 3048 cy/pump 43.71 Mcy/s 1821 cy/sample | tri 182 px 17336 part 94 ch 4 | AHASH s=3264000 477858f9
PROF T t=136 ph=9 the eye frames=60 | clear=44121 sky=1812309 floor=0 scene=1632316 flat=0 gouraud=0 chrome=22457 texture=1272178 furnace=0 embers=99319 bloom=0 veil=887 titles=1428 fade=226 | setup=337680 total=3590609
T t=137.5 bar=71 ph=9 the eye | render ms 12.42/12.65/12.83 | fps 59.7 | hold 1 miss 0 late 0 | gap ms 16.73 | under 0 fill 465 | copy 2474 cy/line 35.48 Mcy/s | synth 3049 cy/pump 43.72 Mcy/s 1821 cy/sample | tri 182 px 20728 part 94 ch 4 | AHASH s=3288000 b36904b5
PROF T t=137 ph=9 the eye frames=60 | clear=44134 sky=1811846 floor=0 scene=1806521 flat=0 gouraud=0 chrome=22364 texture=1446028 furnace=0 embers=102966 bloom=0 veil=881 titles=1421 fade=222 | setup=338128 total=3767993
PHRASE t=138.2 bar=72 ph=10 the load | render ms 10.86/13.41/17.66 | fps 57.9 | hold 2 miss 0 late 28 | gap ms 33.47 | under 0 fill 465 | copy 2488 cy/line 35.68 Mcy/s | synth 3044 cy/pump 43.66 Mcy/s 1819 cy/sample | tri 170 px 43145 part 126 ch 5 | AHASH s=3312000 4417a264
PROF PHRASE t=138 ph=10 the load frames=892 | clear=44071 sky=1219287 floor=0 scene=2604699 flat=0 gouraud=0 chrome=304967 texture=1958045 furnace=160 embers=94700 bloom=96 veil=30460 titles=1401 fade=226 | setup=341526 total=3994944
T t=138.5 bar=72 ph=10 the load | render ms 12.76/15.79/17.24 | fps 42.8 | hold 2 miss 0 late 17 | gap ms 33.47 | under 0 fill 465 | copy 2476 cy/line 35.51 Mcy/s | synth 3026 cy/pump 43.39 Mcy/s 1808 cy/sample | tri 170 px 43488 part 126 ch 5 | AHASH s=3312000 4417a264
PROF T t=138 ph=10 the load frames=43 | clear=44241 sky=1510262 floor=0 scene=2165779 flat=0 gouraud=0 chrome=133933 texture=1682748 furnace=32219 embers=111546 bloom=19758 veil=855417 titles=1389 fade=229 | setup=316877 total=4708627
T t=139.5 bar=72 ph=10 the load | render ms 13.29/13.70/17.15 | fps 56.7 | hold 2 miss 0 late 3 | gap ms 33.47 | under 0 fill 465 | copy 2496 cy/line 35.79 Mcy/s | synth 3040 cy/pump 43.60 Mcy/s 1816 cy/sample | tri 168 px 44770 part 126 ch 5 | AHASH s=3336000 b52e67ca
PROF T t=139 ph=10 the load frames=57 | clear=44078 sky=510543 floor=0 scene=3200910 flat=0 gouraud=0 chrome=519055 texture=2304955 furnace=128650 embers=138342 bloom=83205 veil=101704 titles=3768 fade=220 | setup=248249 total=4082772
T t=140.5 bar=73 ph=10 the load | render ms 13.51/13.59/13.69 | fps 59.7 | hold 1 miss 0 late 0 | gap ms 16.73 | under 0 fill 465 | copy 2512 cy/line 36.03 Mcy/s | synth 2755 cy/pump 39.51 Mcy/s 1646 cy/sample | tri 168 px 46189 part 126 ch 5 | AHASH s=3360000 e8c9be35
PROF T t=140 ph=10 the load frames=60 | clear=44099 sky=514394 floor=0 scene=3257573 flat=0 gouraud=0 chrome=545459 texture=2347629 furnace=115706 embers=135344 bloom=70533 veil=869 titles=25578 fade=226 | setup=248777 total=4048619
T t=141.5 bar=73 ph=10 the load | render ms 13.65/13.81/13.97 | fps 59.7 | hold 1 miss 0 late 0 | gap ms 16.73 | under 0 fill 465 | copy 2522 cy/line 36.17 Mcy/s | synth 2606 cy/pump 37.38 Mcy/s 1557 cy/sample | tri 170 px 47436 part 126 ch 5 | AHASH s=3384000 78ec8b6d
PROF T t=141 ph=10 the load frames=60 | clear=44097 sky=514911 floor=0 scene=3325982 flat=0 gouraud=0 chrome=573063 texture=2390527 furnace=113587 embers=135359 bloom=67505 veil=846 titles=25650 fade=229 | setup=248804 total=4114582
T t=142.5 bar=74 ph=10 the load | render ms 13.95/14.08/14.21 | fps 59.7 | hold 1 miss 0 late 0 | gap ms 16.73 | under 0 fill 465 | copy 2524 cy/line 36.20 Mcy/s | synth 2605 cy/pump 37.36 Mcy/s 1557 cy/sample | tri 170 px 48423 part 127 ch 5 | AHASH s=3408000 24e3995f
PROF T t=142 ph=10 the load frames=60 | clear=44088 sky=516170 floor=0 scene=3395674 flat=0 gouraud=0 chrome=590969 texture=2431711 furnace=124017 embers=137090 bloom=77410 veil=843 titles=25566 fade=230 | setup=248975 total=4197075
T t=143.5 bar=74 ph=10 the load | render ms 14.22/14.35/14.45 | fps 59.7 | hold 1 miss 0 late 0 | gap ms 16.73 | under 0 fill 465 | copy 2525 cy/line 36.22 Mcy/s | synth 2612 cy/pump 37.45 Mcy/s 1560 cy/sample | tri 170 px 49509 part 127 ch 5 | AHASH s=3432000 a167a78e
PROF T t=143 ph=10 the load frames=60 | clear=44099 sky=517361 floor=0 scene=3467133 flat=0 gouraud=0 chrome=607089 texture=2474804 furnace=136019 embers=136737 bloom=84515 veil=852 titles=25847 fade=227 | setup=249220 total=4276775
T t=144.6 bar=75 ph=10 the load | render ms 14.44/14.54/14.64 | fps 59.7 | hold 1 miss 0 late 0 | gap ms 16.73 | under 0 fill 465 | copy 2528 cy/line 36.25 Mcy/s | synth 2615 cy/pump 37.50 Mcy/s 1562 cy/sample | tri 170 px 50560 part 127 ch 5 | AHASH s=3456000 634c61d6
PROF T t=144 ph=10 the load frames=60 | clear=44109 sky=517161 floor=0 scene=3522358 flat=0 gouraud=0 chrome=622922 texture=2514829 furnace=135817 embers=138002 bloom=85660 veil=868 titles=25563 fade=227 | setup=248790 total=4333951
T t=145.6 bar=75 ph=10 the load | render ms 14.62/14.72/14.81 | fps 59.7 | hold 1 miss 0 late 0 | gap ms 16.73 | under 0 fill 465 | copy 2530 cy/line 36.29 Mcy/s | synth 2616 cy/pump 37.52 Mcy/s 1563 cy/sample | tri 170 px 51582 part 127 ch 5 | AHASH s=3480000 71fe7714
PROF T t=145 ph=10 the load frames=60 | clear=44101 sky=516588 floor=0 scene=3578183 flat=0 gouraud=0 chrome=639490 texture=2555625 furnace=133929 embers=139702 bloom=83968 veil=870 titles=25550 fade=229 | setup=249137 total=4389195
T t=146.6 bar=76 ph=10 the load | render ms 14.80/14.89/14.98 | fps 59.7 | hold 1 miss 0 late 0 | gap ms 16.73 | under 0 fill 465 | copy 2532 cy/line 36.31 Mcy/s | synth 2610 cy/pump 37.43 Mcy/s 1559 cy/sample | tri 170 px 53011 part 127 ch 5 | AHASH s=3504000 1ad90c4d
PROF T t=146 ph=10 the load frames=60 | clear=44091 sky=514457 floor=0 scene=3635047 flat=0 gouraud=0 chrome=664159 texture=2595924 furnace=125031 embers=138083 bloom=81898 veil=869 titles=25495 fade=232 | setup=249931 total=4440175
T t=147.6 bar=76 ph=10 the load | render ms 14.95/15.03/15.13 | fps 59.7 | hold 1 miss 0 late 0 | gap ms 16.73 | under 0 fill 465 | copy 2535 cy/line 36.36 Mcy/s | synth 2612 cy/pump 37.46 Mcy/s 1560 cy/sample | tri 168 px 54558 part 127 ch 5 | AHASH s=3528000 8841309f
PROF T t=147 ph=10 the load frames=60 | clear=44122 sky=514317 floor=0 scene=3689731 flat=0 gouraud=0 chrome=692420 texture=2636564 furnace=111424 embers=136387 bloom=69613 veil=880 titles=25711 fade=231 | setup=249321 total=4480995
T t=148.6 bar=77 ph=10 the load | render ms 15.01/15.13/15.25 | fps 59.7 | hold 1 miss 0 late 0 | gap ms 16.73 | under 0 fill 465 | copy 2538 cy/line 36.40 Mcy/s | synth 2608 cy/pump 37.40 Mcy/s 1558 cy/sample | tri 166 px 56147 part 127 ch 5 | AHASH s=3552000 dff90dbd
PROF T t=148 ph=10 the load frames=60 | clear=44116 sky=510402 floor=0 scene=3754085 flat=0 gouraud=0 chrome=725225 texture=2674880 furnace=105455 embers=135362 bloom=59814 veil=854 titles=6595 fade=230 | setup=248523 total=4511461
T t=149.6 bar=77 ph=10 the load | render ms 15.22/15.40/15.54 | fps 59.7 | hold 1 miss 0 late 0 | gap ms 16.73 | under 0 fill 465 | copy 2542 cy/line 36.45 Mcy/s | synth 2608 cy/pump 37.40 Mcy/s 1558 cy/sample | tri 166 px 57268 part 127 ch 5 | AHASH s=3576000 10ef495b
PROF T t=149 ph=10 the load frames=60 | clear=44156 sky=509568 floor=0 scene=3832592 flat=0 gouraud=0 chrome=754410 texture=2721009 furnace=108026 embers=135547 bloom=67678 veil=859 titles=1316 fade=226 | setup=249146 total=4591946
T t=150.6 bar=78 ph=10 the load | render ms 15.52/15.60/15.70 | fps 59.7 | hold 1 miss 0 late 0 | gap ms 16.73 | under 0 fill 465 | copy 2543 cy/line 36.47 Mcy/s | synth 2607 cy/pump 37.39 Mcy/s 1558 cy/sample | tri 166 px 57670 part 127 ch 5 | AHASH s=3600000 a827f115
PROF T t=150 ph=10 the load frames=60 | clear=44106 sky=510063 floor=0 scene=3883232 flat=0 gouraud=0 chrome=774570 texture=2740028 furnace=119281 embers=136393 bloom=75771 veil=863 titles=1324 fade=230 | setup=249352 total=4651986
T t=151.6 bar=78 ph=10 the load | render ms 15.60/15.65/15.81 | fps 59.7 | hold 1 miss 0 late 0 | gap ms 16.73 | under 0 fill 465 | copy 2543 cy/line 36.47 Mcy/s | synth 2611 cy/pump 37.45 Mcy/s 1560 cy/sample | tri 166 px 57757 part 127 ch 5 | AHASH s=3624000 70a52061
PROF T t=151 ph=10 the load frames=60 | clear=44090 sky=509581 floor=0 scene=3896247 flat=0 gouraud=0 chrome=787803 texture=2740440 furnace=118983 embers=138368 bloom=75850 veil=857 titles=1334 fade=228 | setup=249020 total=4666558
T t=152.6 bar=79 ph=10 the load | render ms 15.59/15.64/15.86 | fps 59.7 | hold 1 miss 0 late 0 | gap ms 16.73 | under 0 fill 465 | copy 2544 cy/line 36.48 Mcy/s | synth 2609 cy/pump 37.42 Mcy/s 1559 cy/sample | tri 166 px 57564 part 127 ch 5 | AHASH s=3648000 83a0cb6b
PROF T t=152 ph=10 the load frames=60 | clear=44089 sky=509268 floor=0 scene=3893511 flat=0 gouraud=0 chrome=791190 texture=2738286 furnace=115518 embers=140312 bloom=74765 veil=873 titles=1316 fade=227 | setup=248515 total=4664363
PHRASE t=153.6 bar=80 ph=11 the load | render ms 13.29/14.81/17.24 | fps 58.9 | hold 2 miss 0 late 12 | gap ms 33.47 | under 0 fill 465 | copy 2529 cy/line 36.27 Mcy/s | synth 2653 cy/pump 38.04 Mcy/s 1585 cy/sample | tri 166 px 57017 part 127 ch 5 | AHASH s=3672000 abe9098c
PROF PHRASE t=153 ph=11 the load frames=904 | clear=44107 sky=512952 floor=0 scene=3610674 flat=0 gouraud=0 chrome=669869 texture=2571247 furnace=120570 embers=137343 bloom=75585 veil=18673 titles=14728 fade=228 | setup=248987 total=4414294
T t=153.6 bar=80 ph=11 the load | render ms 15.54/15.60/15.78 | fps 59.7 | hold 1 miss 0 late 0 | gap ms 16.73 | under 0 fill 465 | copy 2542 cy/line 36.46 Mcy/s | synth 2570 cy/pump 36.85 Mcy/s 1535 cy/sample | tri 166 px 57063 part 127 ch 5 | AHASH s=3672000 abe9098c
PROF T t=153 ph=11 the load frames=60 | clear=44122 sky=509518 floor=0 scene=3882903 flat=0 gouraud=0 chrome=781468 texture=2737658 furnace=114623 embers=138937 bloom=74443 veil=850 titles=1329 fade=227 | setup=249153 total=4652332
T t=154.6 bar=80 ph=11 the load | render ms 15.51/15.56/15.75 | fps 59.7 | hold 1 miss 0 late 0 | gap ms 16.73 | under 0 fill 465 | copy 2542 cy/line 36.46 Mcy/s | synth 2607 cy/pump 37.38 Mcy/s 1557 cy/sample | tri 164 px 56557 part 127 ch 5 | AHASH s=3696000 3176b28e
PROF T t=154 ph=11 the load frames=60 | clear=44087 sky=508783 floor=0 scene=3875466 flat=0 gouraud=0 chrome=771044 texture=2739216 furnace=116110 embers=135860 bloom=74334 veil=873 titles=1298 fade=229 | setup=249095 total=4640933
T t=155.6 bar=81 ph=11 the load | render ms 15.54/15.61/15.73 | fps 59.7 | hold 1 miss 0 late 0 | gap ms 16.73 | under 0 fill 465 | copy 2540 cy/line 36.43 Mcy/s | synth 2681 cy/pump 38.45 Mcy/s 1602 cy/sample | tri 166 px 56469 part 127 ch 5 | AHASH s=3720000 95f09d70
PROF T t=155 ph=11 the load frames=60 | clear=44093 sky=509408 floor=0 scene=3884622 flat=0 gouraud=0 chrome=766174 texture=2740894 furnace=128707 embers=134301 bloom=81317 veil=879 titles=1349 fade=227 | setup=248846 total=4656199
T t=156.6 bar=81 ph=11 the load | render ms 15.58/15.64/15.79 | fps 59.7 | hold 1 miss 0 late 0 | gap ms 16.73 | under 0 fill 465 | copy 2525 cy/line 36.21 Mcy/s | synth 3048 cy/pump 43.70 Mcy/s 1821 cy/sample | tri 166 px 56489 part 127 ch 5 | AHASH s=3744000 ca1f9b64
PROF T t=156 ph=11 the load frames=60 | clear=44095 sky=508641 floor=0 scene=3890407 flat=0 gouraud=0 chrome=772376 texture=2741779 furnace=127636 embers=135615 bloom=82100 veil=891 titles=1370 fade=235 | setup=248614 total=4663359
T t=157.6 bar=82 ph=11 the load | render ms 15.58/15.64/15.83 | fps 59.7 | hold 1 miss 0 late 0 | gap ms 16.73 | under 0 fill 465 | copy 2526 cy/line 36.22 Mcy/s | synth 3047 cy/pump 43.70 Mcy/s 1821 cy/sample | tri 166 px 56470 part 127 ch 5 | AHASH s=3768000 9d415870
PROF T t=157 ph=11 the load frames=60 | clear=44101 sky=508836 floor=0 scene=3891612 flat=0 gouraud=0 chrome=775151 texture=2743767 furnace=124000 embers=136991 bloom=81848 veil=882 titles=1355 fade=231 | setup=248693 total=4665859
T t=158.6 bar=82 ph=11 the load | render ms 15.59/15.65/15.83 | fps 59.7 | hold 1 miss 0 late 0 | gap ms 16.73 | under 0 fill 465 | copy 2524 cy/line 36.19 Mcy/s | synth 3048 cy/pump 43.71 Mcy/s 1821 cy/sample | tri 166 px 56513 part 127 ch 5 | AHASH s=3792000 7d3d2864
PROF T t=158 ph=11 the load frames=60 | clear=44107 sky=508469 floor=0 scene=3893927 flat=0 gouraud=0 chrome=778903 texture=2745433 furnace=120677 embers=137377 bloom=80128 veil=865 titles=1324 fade=226 | setup=248913 total=4666427
T t=159.6 bar=83 ph=11 the load | render ms 15.51/15.59/15.82 | fps 59.7 | hold 1 miss 0 late 0 | gap ms 16.73 | under 0 fill 465 | copy 2525 cy/line 36.21 Mcy/s | synth 3047 cy/pump 43.70 Mcy/s 1820 cy/sample | tri 166 px 55876 part 127 ch 5 | AHASH s=3816000 deef4d72
PROF T t=159 ph=11 the load frames=60 | clear=44094 sky=507378 floor=0 scene=3880433 flat=0 gouraud=0 chrome=771523 texture=2743347 furnace=116940 embers=136535 bloom=78143 veil=877 titles=1336 fade=234 | setup=248622 total=4649033
T t=160.6 bar=83 ph=11 the load | render ms 15.42/15.51/15.72 | fps 59.7 | hold 1 miss 0 late 0 | gap ms 16.73 | under 0 fill 465 | copy 2524 cy/line 36.20 Mcy/s | synth 3048 cy/pump 43.71 Mcy/s 1821 cy/sample | tri 166 px 55244 part 127 ch 5 | AHASH s=3840000 9a42f6cc
PROF T t=160 ph=11 the load frames=60 | clear=44108 sky=507669 floor=0 scene=3859698 flat=0 gouraud=0 chrome=752723 texture=2744595 furnace=113402 embers=134519 bloom=76464 veil=852 titles=1342 fade=225 | setup=248976 total=4624880
T t=161.6 bar=84 ph=11 the load | render ms 15.34/15.42/15.64 | fps 59.7 | hold 1 miss 0 late 0 | gap ms 16.73 | under 0 fill 465 | copy 2524 cy/line 36.19 Mcy/s | synth 3044 cy/pump 43.66 Mcy/s 1819 cy/sample | tri 164 px 54773 part 127 ch 5 | AHASH s=3864000 41e70dda
PROF T t=161 ph=11 the load frames=60 | clear=44099 sky=507150 floor=0 scene=3836707 flat=0 gouraud=0 chrome=733641 texture=2745312 furnace=109886 embers=133737 bloom=74758 veil=868 titles=1315 fade=231 | setup=247866 total=4598868
T t=162.6 bar=84 ph=11 the load | render ms 15.32/15.39/15.56 | fps 59.7 | hold 1 miss 0 late 0 | gap ms 16.73 | under 0 fill 465 | copy 2523 cy/line 36.18 Mcy/s | synth 3046 cy/pump 43.69 Mcy/s 1820 cy/sample | tri 166 px 54609 part 127 ch 5 | AHASH s=3888000 31bd76a8
PROF T t=162 ph=11 the load frames=60 | clear=44081 sky=507235 floor=0 scene=3828356 flat=0 gouraud=0 chrome=728365 texture=2744155 furnace=106880 embers=135062 bloom=73272 veil=869 titles=1334 fade=233 | setup=248955 total=4590447
T t=163.6 bar=85 ph=11 the load | render ms 15.32/15.40/15.57 | fps 59.7 | hold 1 miss 0 late 0 | gap ms 16.73 | under 0 fill 465 | copy 2523 cy/line 36.18 Mcy/s | synth 3045 cy/pump 43.68 Mcy/s 1820 cy/sample | tri 166 px 54615 part 127 ch 5 | AHASH s=3912000 0ad3b991
PROF T t=163 ph=11 the load frames=60 | clear=44092 sky=507100 floor=0 scene=3830552 flat=0 gouraud=0 chrome=734458 texture=2743407 furnace=103936 embers=135823 bloom=71948 veil=864 titles=1318 fade=226 | setup=248749 total=4591925
T t=164.6 bar=85 ph=11 the load | render ms 15.34/15.39/15.55 | fps 59.7 | hold 1 miss 0 late 0 | gap ms 16.73 | under 0 fill 465 | copy 2522 cy/line 36.17 Mcy/s | synth 3044 cy/pump 43.66 Mcy/s 1819 cy/sample | tri 166 px 54556 part 127 ch 5 | AHASH s=3936000 b3d08b8f
PROF T t=164 ph=11 the load frames=60 | clear=44107 sky=507032 floor=0 scene=3829028 flat=0 gouraud=0 chrome=738060 texture=2740542 furnace=102053 embers=138062 bloom=70852 veil=869 titles=1319 fade=228 | setup=248372 total=4591501
T t=165.6 bar=86 ph=11 the load | render ms 15.25/15.36/15.58 | fps 59.7 | hold 1 miss 0 late 0 | gap ms 16.73 | under 0 fill 465 | copy 2522 cy/line 36.17 Mcy/s | synth 3046 cy/pump 43.68 Mcy/s 1820 cy/sample | tri 166 px 54456 part 127 ch 5 | AHASH s=3960000 d105d087
PROF T t=165 ph=11 the load frames=60 | clear=44112 sky=506855 floor=0 scene=3823110 flat=0 gouraud=0 chrome=739967 texture=2740814 furnace=93757 embers=138788 bloom=65574 veil=862 titles=1341 fade=224 | setup=248570 total=4580870
T t=166.6 bar=86 ph=11 the load | render ms 14.95/15.15/15.48 | fps 59.7 | hold 1 miss 0 late 0 | gap ms 16.73 | under 0 fill 465 | copy 2520 cy/line 36.14 Mcy/s | synth 3046 cy/pump 43.68 Mcy/s 1820 cy/sample | tri 166 px 53169 part 127 ch 5 | AHASH s=3984000 a355dacd
PROF T t=166 ph=11 the load frames=60 | clear=44087 sky=505479 floor=0 scene=3780591 flat=0 gouraud=0 chrome=727541 texture=2726751 furnace=77720 embers=136627 bloom=50294 veil=872 titles=1348 fade=223 | setup=248577 total=4519523
T t=167.6 bar=87 ph=11 the load | render ms 14.73/14.89/15.17 | fps 59.7 | hold 1 miss 0 late 0 | gap ms 16.73 | under 0 fill 465 | copy 2517 cy/line 36.09 Mcy/s | synth 3043 cy/pump 43.64 Mcy/s 1818 cy/sample | tri 166 px 51859 part 127 ch 5 | AHASH s=4008000 91641358
PROF T t=167 ph=11 the load frames=60 | clear=44084 sky=503934 floor=0 scene=3714124 flat=0 gouraud=0 chrome=707710 texture=2684841 furnace=73510 embers=133627 bloom=42635 veil=871 titles=1327 fade=222 | setup=248061 total=4440828
T t=168.6 bar=87 ph=11 the load | render ms 14.58/15.14/18.42 | fps 52.7 | hold 2 miss 0 late 7 | gap ms 33.47 | under 0 fill 465 | copy 2505 cy/line 35.92 Mcy/s | synth 3034 cy/pump 43.51 Mcy/s 1812 cy/sample | tri 168 px 50618 part 127 ch 5 | AHASH s=4032000 966fd824
PROF T t=168 ph=11 the load frames=53 | clear=44095 sky=504232 floor=0 scene=3653396 flat=0 gouraud=0 chrome=687794 texture=2646009 furnace=71057 embers=132641 bloom=40345 veil=140126 titles=1357 fade=228 | setup=248534 total=4516425
PHRASE t=168.9 bar=88 ph=12 the spine | render ms 10.82/15.45/18.52 | fps 58.7 | hold 2 miss 0 late 15 | gap ms 33.47 | under 0 fill 465 | copy 2523 cy/line 36.19 Mcy/s | synth 2988 cy/pump 42.86 Mcy/s 1785 cy/sample | tri 150 px 10088 part 115 ch 6 | AHASH s=4056000 2a6e3e64
PROF PHRASE t=168 ph=12 the spine frames=904 | clear=44101 sky=507303 floor=0 scene=3828360 flat=0 gouraud=0 chrome=745089 texture=2728946 furnace=105593 embers=135719 bloom=69486 veil=20541 titles=1335 fade=228 | setup=248730 total=4607077
T t=169.7 bar=88 ph=12 the spine | render ms 6.72/10.57/18.52 | fps 51.7 | hold 2 miss 0 late 8 | gap ms 33.47 | under 0 fill 465 | copy 2456 cy/line 35.23 Mcy/s | synth 2978 cy/pump 42.71 Mcy/s 1779 cy/sample | tri 154 px 10354 part 115 ch 6 | AHASH s=4056000 2a6e3e64
PROF T t=169 ph=12 the spine frames=52 | clear=44179 sky=498799 floor=0 scene=1689964 flat=0 gouraud=0 chrome=289660 texture=1098026 furnace=10616 embers=127615 bloom=6049 veil=775287 titles=1299 fade=232 | setup=291661 total=3143428
T t=170.7 bar=88 ph=12 the spine | render ms 6.77/6.92/7.10 | fps 59.7 | hold 1 miss 0 late 0 | gap ms 16.73 | under 0 fill 465 | copy 2428 cy/line 34.83 Mcy/s | synth 3015 cy/pump 43.24 Mcy/s 1801 cy/sample | tri 156 px 11050 part 115 ch 6 | AHASH s=4080000 3b693886
PROF T t=170 ph=12 the spine frames=60 | clear=44090 sky=499630 floor=0 scene=1363464 flat=0 gouraud=0 chrome=225460 texture=862760 furnace=0 embers=126012 bloom=0 veil=826 titles=14150 fade=231 | setup=275244 total=2048406
T t=171.7 bar=89 ph=12 the spine | render ms 6.97/7.03/7.23 | fps 59.7 | hold 1 miss 0 late 0 | gap ms 16.73 | under 0 fill 465 | copy 2430 cy/line 34.85 Mcy/s | synth 3015 cy/pump 43.24 Mcy/s 1801 cy/sample | tri 154 px 10727 part 115 ch 6 | AHASH s=4104000 9dae99f0
PROF T t=171 ph=12 the spine frames=60 | clear=44082 sky=502212 floor=0 scene=1384782 flat=0 gouraud=0 chrome=230233 texture=891739 furnace=0 embers=125355 bloom=0 veil=815 titles=26167 fade=233 | setup=262810 total=2083649
T t=172.7 bar=89 ph=12 the spine | render ms 6.85/6.96/7.14 | fps 59.7 | hold 1 miss 0 late 0 | gap ms 16.73 | under 0 fill 465 | copy 2429 cy/line 34.83 Mcy/s | synth 3016 cy/pump 43.26 Mcy/s 1802 cy/sample | tri 150 px 10576 part 115 ch 6 | AHASH s=4128000 570b885b
PROF T t=172 ph=12 the spine frames=60 | clear=44088 sky=502533 floor=0 scene=1361552 flat=0 gouraud=0 chrome=249141 texture=850838 furnace=0 embers=126353 bloom=0 veil=814 titles=26182 fade=239 | setup=261572 total=2061764
T t=173.7 bar=90 ph=12 the spine | render ms 6.62/6.83/7.19 | fps 59.7 | hold 1 miss 0 late 0 | gap ms 16.73 | under 0 fill 465 | copy 2429 cy/line 34.84 Mcy/s | synth 3015 cy/pump 43.23 Mcy/s 1801 cy/sample | tri 150 px 10421 part 115 ch 6 | AHASH s=4152000 ca16384e
PROF T t=173 ph=12 the spine frames=60 | clear=44082 sky=503115 floor=0 scene=1319390 flat=0 gouraud=0 chrome=246000 texture=854709 furnace=0 embers=128643 bloom=0 veil=802 titles=26160 fade=231 | setup=218680 total=2022427
T t=174.7 bar=91 ph=12 the spine | render ms 6.60/6.73/6.82 | fps 59.7 | hold 1 miss 0 late 0 | gap ms 16.73 | under 0 fill 465 | copy 2430 cy/line 34.85 Mcy/s | synth 3018 cy/pump 43.28 Mcy/s 1803 cy/sample | tri 156 px 10001 part 115 ch 6 | AHASH s=4176000 0d111beb
PROF T t=174 ph=12 the spine frames=60 | clear=44095 sky=502152 floor=0 scene=1288856 flat=0 gouraud=0 chrome=248411 texture=855583 furnace=0 embers=129254 bloom=0 veil=804 titles=26281 fade=226 | setup=184860 total=1991670
T t=175.7 bar=91 ph=12 the spine | render ms 6.55/6.63/6.76 | fps 59.7 | hold 1 miss 0 late 0 | gap ms 16.73 | under 0 fill 465 | copy 2428 cy/line 34.82 Mcy/s | synth 3020 cy/pump 43.31 Mcy/s 1804 cy/sample | tri 156 px 9801 part 115 ch 6 | AHASH s=4200000 b9b23caa
PROF T t=175 ph=12 the spine frames=60 | clear=44134 sky=501944 floor=0 scene=1260068 flat=0 gouraud=0 chrome=238488 texture=833126 furnace=0 embers=128309 bloom=0 veil=805 titles=26150 fade=228 | setup=188452 total=1961640
T t=176.7 bar=92 ph=12 the spine | render ms 6.44/6.52/6.78 | fps 59.7 | hold 1 miss 0 late 0 | gap ms 16.73 | under 0 fill 465 | copy 2427 cy/line 34.81 Mcy/s | synth 3017 cy/pump 43.27 Mcy/s 1802 cy/sample | tri 150 px 9267 part 115 ch 6 | AHASH s=4224000 ec41826b
PROF T t=176 ph=12 the spine frames=60 | clear=44091 sky=502190 floor=0 scene=1226942 flat=0 gouraud=0 chrome=241151 texture=797361 furnace=0 embers=128875 bloom=0 veil=804 titles=26213 fade=233 | setup=188429 total=1929350
T t=177.7 bar=92 ph=12 the spine | render ms 6.34/6.44/6.65 | fps 59.7 | hold 1 miss 0 late 0 | gap ms 16.73 | under 0 fill 465 | copy 2427 cy/line 34.80 Mcy/s | synth 3016 cy/pump 43.25 Mcy/s 1802 cy/sample | tri 150 px 9053 part 115 ch 6 | AHASH s=4248000 a8146d58
PROF T t=177 ph=12 the spine frames=60 | clear=44094 sky=501912 floor=0 scene=1202899 flat=0 gouraud=0 chrome=245524 texture=768990 furnace=0 embers=128409 bloom=0 veil=833 titles=26257 fade=224 | setup=188383 total=1904630
T t=178.7 bar=93 ph=12 the spine | render ms 6.09/6.31/6.66 | fps 59.7 | hold 1 miss 0 late 0 | gap ms 16.73 | under 0 fill 465 | copy 2425 cy/line 34.78 Mcy/s | synth 3016 cy/pump 43.25 Mcy/s 1802 cy/sample | tri 154 px 8292 part 115 ch 6 | AHASH s=4272000 2c216a89
PROF T t=178 ph=12 the spine frames=60 | clear=44080 sky=500653 floor=0 scene=1171573 flat=0 gouraud=0 chrome=240749 texture=742298 furnace=0 embers=126872 bloom=0 veil=820 titles=21192 fade=231 | setup=188525 total=1865424
T t=179.7 bar=93 ph=12 the spine | render ms 6.07/6.17/6.32 | fps 59.7 | hold 1 miss 0 late 0 | gap ms 16.73 | under 0 fill 465 | copy 2425 cy/line 34.78 Mcy/s | synth 3018 cy/pump 43.28 Mcy/s 1803 cy/sample | tri 156 px 8173 part 115 ch 6 | AHASH s=4296000 294d03a0
PROF T t=179 ph=12 the spine frames=60 | clear=44099 sky=495890 floor=0 scene=1155285 flat=0 gouraud=0 chrome=236078 texture=729386 furnace=0 embers=125778 bloom=0 veil=791 titles=1379 fade=218 | setup=189820 total=1823443
T t=180.7 bar=94 ph=12 the spine | render ms 6.08/6.18/6.26 | fps 59.7 | hold 1 miss 0 late 0 | gap ms 16.73 | under 0 fill 465 | copy 2425 cy/line 34.77 Mcy/s | synth 3017 cy/pump 43.27 Mcy/s 1803 cy/sample | tri 150 px 8308 part 115 ch 6 | AHASH s=4320000 c078dc9b
PROF T t=180 ph=12 the spine frames=60 | clear=44104 sky=495459 floor=0 scene=1161348 flat=0 gouraud=0 chrome=237787 texture=733275 furnace=0 embers=124123 bloom=0 veil=775 titles=1375 fade=229 | setup=190284 total=1827416
T t=181.7 bar=94 ph=12 the spine | render ms 6.09/6.19/6.35 | fps 59.7 | hold 1 miss 0 late 0 | gap ms 16.73 | under 0 fill 465 | copy 2425 cy/line 34.78 Mcy/s | synth 3022 cy/pump 43.34 Mcy/s 1806 cy/sample | tri 150 px 8435 part 115 ch 6 | AHASH s=4344000 7b701b47
PROF T t=181 ph=12 the spine frames=60 | clear=44096 sky=495278 floor=0 scene=1165059 flat=0 gouraud=0 chrome=240207 texture=734641 furnace=0 embers=123394 bloom=0 veil=800 titles=1369 fade=223 | setup=190210 total=1830222
T t=182.7 bar=95 ph=12 the spine | render ms 6.11/6.19/6.39 | fps 59.7 | hold 1 miss 0 late 0 | gap ms 16.73 | under 0 fill 465 | copy 2425 cy/line 34.78 Mcy/s | synth 3017 cy/pump 43.27 Mcy/s 1803 cy/sample | tri 150 px 8196 part 115 ch 6 | AHASH s=4368000 db66af5d
PROF T t=182 ph=12 the spine frames=60 | clear=44106 sky=495077 floor=0 scene=1167791 flat=0 gouraud=0 chrome=238193 texture=739345 furnace=0 embers=121900 bloom=0 veil=806 titles=1389 fade=234 | setup=190252 total=1831306
T t=183.7 bar=95 ph=12 the spine | render ms 6.13/6.20/6.39 | fps 59.7 | hold 1 miss 0 late 0 | gap ms 16.73 | under 0 fill 465 | copy 2425 cy/line 34.77 Mcy/s | synth 3020 cy/pump 43.32 Mcy/s 1805 cy/sample | tri 156 px 8171 part 115 ch 6 | AHASH s=4392000 834ccdbe
PROF T t=183 ph=12 the spine frames=60 | clear=44084 sky=495737 floor=0 scene=1167199 flat=0 gouraud=0 chrome=238410 texture=737232 furnace=0 embers=124239 bloom=0 veil=812 titles=1369 fade=232 | setup=191556 total=1833675
PHRASE t=184.3 bar=96 ph=13 the spine | render ms 6.07/6.65/23.93 | fps 59.6 | hold 2 miss 0 late 1 | gap ms 33.47 | under 0 fill 465 | copy 2428 cy/line 34.82 Mcy/s | synth 3018 cy/pump 43.28 Mcy/s 1803 cy/sample | tri 624 px 77017 part 102 ch 6 | AHASH s=4416000 7f5e6d22
PROF PHRASE t=184 ph=13 the spine frames=917 | clear=44095 sky=499298 floor=0 scene=1249989 flat=61 gouraud=0 chrome=239257 texture=798482 furnace=0 embers=126259 bloom=0 veil=33382 titles=14875 fade=230 | setup=212188 total=1968132
T t=184.7 bar=96 ph=13 the spine | render ms 6.14/11.47/24.14 | fps 46.0 | hold 2 miss 0 late 14 | gap ms 33.47 | under 0 fill 465 | copy 2448 cy/line 35.11 Mcy/s | synth 3021 cy/pump 43.33 Mcy/s 1805 cy/sample | tri 622 px 75898 part 102 ch 6 | AHASH s=4416000 7f5e6d22
PROF T t=184 ph=13 the spine frames=47 | clear=44165 sky=504729 floor=0 scene=2740056 flat=17314 gouraud=0 chrome=408039 texture=1925325 furnace=0 embers=122909 bloom=0 veil=827 titles=1395 fade=228 | setup=389376 total=3414312
T t=185.7 bar=96 ph=13 the spine | render ms 22.90/23.35/23.80 | fps 29.8 | hold 2 miss 0 late 30 | gap ms 33.47 | under 0 fill 465 | copy 2474 cy/line 35.48 Mcy/s | synth 3026 cy/pump 43.40 Mcy/s 1808 cy/sample | tri 614 px 72858 part 102 ch 6 | AHASH s=4440000 f6688f25
PROF T t=185 ph=13 the spine frames=30 | clear=44161 sky=525126 floor=0 scene=6289894 flat=64317 gouraud=0 chrome=792414 texture=4580507 furnace=0 embers=113838 bloom=0 veil=857 titles=1419 fade=230 | setup=852654 total=6975529
T t=186.7 bar=97 ph=13 the spine | render ms 22.01/22.57/23.21 | fps 29.8 | hold 2 miss 0 late 30 | gap ms 33.47 | under 0 fill 465 | copy 2471 cy/line 35.44 Mcy/s | synth 3021 cy/pump 43.33 Mcy/s 1805 cy/sample | tri 600 px 68989 part 102 ch 6 | AHASH s=4464000 08a66ad1
PROF T t=186 ph=13 the spine frames=30 | clear=44269 sky=525025 floor=0 scene=6058233 flat=69528 gouraud=0 chrome=777703 texture=4359675 furnace=0 embers=113456 bloom=0 veil=853 titles=1411 fade=232 | setup=851326 total=6743481
T t=187.7 bar=97 ph=13 the spine | render ms 21.42/21.80/22.22 | fps 29.8 | hold 2 miss 0 late 30 | gap ms 33.47 | under 0 fill 465 | copy 2469 cy/line 35.41 Mcy/s | synth 3021 cy/pump 43.32 Mcy/s 1805 cy/sample | tri 614 px 65066 part 102 ch 6 | AHASH s=4488000 d442a545
PROF T t=187 ph=13 the spine frames=30 | clear=44174 sky=524645 floor=0 scene=5827420 flat=69224 gouraud=0 chrome=767840 texture=4139890 furnace=0 embers=112912 bloom=0 veil=838 titles=1401 fade=231 | setup=850465 total=6511623
T t=188.7 bar=98 ph=13 the spine | render ms 20.56/21.00/21.60 | fps 29.8 | hold 2 miss 0 late 30 | gap ms 33.47 | under 0 fill 465 | copy 2464 cy/line 35.34 Mcy/s | synth 3020 cy/pump 43.31 Mcy/s 1804 cy/sample | tri 618 px 60812 part 102 ch 6 | AHASH s=4512000 e4258c4c
PROF T t=188 ph=13 the spine frames=30 | clear=44172 sky=522091 floor=0 scene=5588596 flat=68674 gouraud=0 chrome=754713 texture=3913125 furnace=0 embers=112992 bloom=0 veil=841 titles=1414 fade=223 | setup=852082 total=6270332
T t=189.7 bar=98 ph=13 the spine | render ms 19.81/20.22/20.71 | fps 29.8 | hold 2 miss 0 late 30 | gap ms 33.47 | under 0 fill 465 | copy 2459 cy/line 35.27 Mcy/s | synth 3018 cy/pump 43.28 Mcy/s 1803 cy/sample | tri 616 px 57253 part 102 ch 6 | AHASH s=4536000 3857df0b
PROF T t=189 ph=13 the spine frames=30 | clear=44192 sky=520844 floor=0 scene=5357020 flat=68394 gouraud=0 chrome=741741 texture=3696022 furnace=0 embers=112900 bloom=0 veil=865 titles=1406 fade=230 | setup=850862 total=6037461
T t=190.7 bar=99 ph=13 the spine | render ms 19.28/19.60/19.97 | fps 29.8 | hold 2 miss 0 late 30 | gap ms 33.47 | under 0 fill 465 | copy 2456 cy/line 35.22 Mcy/s | synth 3019 cy/pump 43.29 Mcy/s 1804 cy/sample | tri 638 px 53451 part 102 ch 6 | AHASH s=4560000 34b08260
PROF T t=190 ph=13 the spine frames=30 | clear=44156 sky=520104 floor=0 scene=5173052 flat=73153 gouraud=0 chrome=717850 texture=3529097 furnace=0 embers=113179 bloom=0 veil=856 titles=1413 fade=221 | setup=852950 total=5852983
T t=191.8 bar=99 ph=13 the spine | render ms 18.67/19.00/19.41 | fps 29.8 | hold 2 miss 0 late 30 | gap ms 33.47 | under 0 fill 465 | copy 2453 cy/line 35.18 Mcy/s | synth 3015 cy/pump 43.24 Mcy/s 1801 cy/sample | tri 636 px 49724 part 102 ch 6 | AHASH s=4584000 5c02ea2f
PROF T t=191 ph=13 the spine frames=30 | clear=44172 sky=520496 floor=0 scene=4992833 flat=79114 gouraud=0 chrome=683126 texture=3378680 furnace=0 embers=112921 bloom=0 veil=857 titles=1421 fade=229 | setup=851910 total=5672930
T t=192.8 bar=100 ph=13 the spine | render ms 17.87/18.32/18.76 | fps 29.8 | hold 2 miss 0 late 30 | gap ms 33.47 | under 0 fill 465 | copy 2451 cy/line 35.15 Mcy/s | synth 3014 cy/pump 43.22 Mcy/s 1801 cy/sample | tri 642 px 46027 part 103 ch 6 | AHASH s=4608000 9c8c2e5e
PROF T t=192 ph=13 the spine frames=30 | clear=44106 sky=520378 floor=0 scene=4785147 flat=80404 gouraud=0 chrome=648393 texture=3203351 furnace=0 embers=114147 bloom=0 veil=877 titles=1411 fade=229 | setup=852997 total=5466299
T t=193.8 bar=100 ph=13 the spine | render ms 17.24/17.59/17.99 | fps 29.8 | hold 2 miss 0 late 30 | gap ms 33.47 | under 0 fill 465 | copy 2450 cy/line 35.13 Mcy/s | synth 3014 cy/pump 43.22 Mcy/s 1801 cy/sample | tri 646 px 42866 part 103 ch 6 | AHASH s=4632000 82c359a6
PROF T t=193 ph=13 the spine frames=30 | clear=44163 sky=521869 floor=0 scene=4562304 flat=81242 gouraud=0 chrome=606458 texture=3021023 furnace=0 embers=116499 bloom=0 veil=849 titles=1417 fade=235 | setup=853579 total=5247339
T t=194.8 bar=101 ph=13 the spine | render ms 16.76/16.99/17.35 | fps 29.8 | hold 2 miss 0 late 30 | gap ms 33.47 | under 0 fill 465 | copy 2448 cy/line 35.10 Mcy/s | synth 3012 cy/pump 43.20 Mcy/s 1800 cy/sample | tri 642 px 40495 part 103 ch 6 | AHASH s=4656000 cc213693
PROF T t=194 ph=13 the spine frames=30 | clear=44123 sky=523103 floor=0 scene=4383440 flat=81200 gouraud=0 chrome=572970 texture=2879103 furnace=0 embers=116679 bloom=0 veil=860 titles=1417 fade=222 | setup=850165 total=5069847
T t=195.8 bar=101 ph=13 the spine | render ms 16.36/16.58/16.95 | fps 53.7 | hold 2 miss 0 late 6 | gap ms 33.47 | under 0 fill 465 | copy 2482 cy/line 35.59 Mcy/s | synth 3060 cy/pump 43.89 Mcy/s 1828 cy/sample | tri 646 px 38541 part 103 ch 6 | AHASH s=4680000 bc62e6e7
PROF T t=195 ph=13 the spine frames=54 | clear=44099 sky=522845 floor=0 scene=4260286 flat=82884 gouraud=0 chrome=555360 texture=2771342 furnace=0 embers=114548 bloom=0 veil=857 titles=1414 fade=225 | setup=850698 total=4944277
T t=196.8 bar=102 ph=13 the spine | render ms 16.04/16.24/16.54 | fps 58.7 | hold 2 miss 0 late 1 | gap ms 33.47 | under 0 fill 465 | copy 2484 cy/line 35.63 Mcy/s | synth 3069 cy/pump 44.02 Mcy/s 1834 cy/sample | tri 654 px 36801 part 104 ch 6 | AHASH s=4704000 f071fff0
PROF T t=196 ph=13 the spine frames=59 | clear=44046 sky=522277 floor=0 scene=4160053 flat=85006 gouraud=0 chrome=545074 texture=2679111 furnace=0 embers=114917 bloom=0 veil=850 titles=1413 fade=224 | setup=850861 total=4843783
T t=197.8 bar=103 ph=13 the spine | render ms 15.58/15.84/16.16 | fps 58.7 | hold 2 miss 0 late 1 | gap ms 33.47 | under 0 fill 465 | copy 2478 cy/line 35.54 Mcy/s | synth 3067 cy/pump 43.99 Mcy/s 1833 cy/sample | tri 650 px 34934 part 106 ch 6 | AHASH s=4728000 9599cf61
PROF T t=197 ph=13 the spine frames=59 | clear=44087 sky=522598 floor=0 scene=4041910 flat=87331 gouraud=0 chrome=529253 texture=2575602 furnace=0 embers=113296 bloom=0 veil=857 titles=1419 fade=224 | setup=849722 total=4724394
T t=198.8 bar=103 ph=13 the spine | render ms 15.00/15.29/15.75 | fps 59.7 | hold 1 miss 0 late 0 | gap ms 16.73 | under 0 fill 465 | copy 2476 cy/line 35.50 Mcy/s | synth 3069 cy/pump 44.02 Mcy/s 1834 cy/sample | tri 644 px 32500 part 106 ch 6 | AHASH s=4752000 150d43de
PROF T t=198 ph=13 the spine frames=60 | clear=44098 sky=522230 floor=0 scene=3872333 flat=89356 gouraud=0 chrome=507687 texture=2428001 furnace=0 embers=116595 bloom=0 veil=879 titles=1405 fade=226 | setup=847287 total=4557769
PHRASE t=199.6 bar=104 ph=14 the spine | render ms 14.55/18.10/24.14 | fps 38.8 | hold 2 miss 0 late 321 | gap ms 33.47 | under 0 fill 465 | copy 2466 cy/line 35.36 Mcy/s | synth 3034 cy/pump 43.51 Mcy/s 1812 cy/sample | tri 644 px 30492 part 115 ch 6 | AHASH s=4776000 625e270e
PROF PHRASE t=199 ph=14 the spine frames=595 | clear=44145 sky=522513 floor=0 scene=4716933 flat=79610 gouraud=0 chrome=623102 texture=3163735 furnace=0 embers=114554 bloom=0 veil=857 titles=1412 fade=227 | setup=850483 total=5400643
T t=199.8 bar=104 ph=14 the spine | render ms 14.47/14.73/15.10 | fps 59.7 | hold 1 miss 0 late 0 | gap ms 16.73 | under 0 fill 465 | copy 2469 cy/line 35.41 Mcy/s | synth 3066 cy/pump 43.98 Mcy/s 1832 cy/sample | tri 648 px 30048 part 115 ch 6 | AHASH s=4776000 625e270e
PROF T t=199 ph=14 the spine frames=60 | clear=44251 sky=522744 floor=0 scene=3703676 flat=91167 gouraud=0 chrome=488974 texture=2278608 furnace=0 embers=118649 bloom=0 veil=847 titles=1410 fade=223 | setup=844925 total=4391805
T t=200.8 bar=104 ph=14 the spine | render ms 13.91/14.20/14.62 | fps 59.7 | hold 1 miss 0 late 0 | gap ms 16.73 | under 0 fill 465 | copy 2463 cy/line 35.32 Mcy/s | synth 3066 cy/pump 43.97 Mcy/s 1832 cy/sample | tri 650 px 27311 part 115 ch 6 | AHASH s=4800000 a7f2d6fb
PROF T t=200 ph=14 the spine frames=60 | clear=44081 sky=522175 floor=0 scene=3537444 flat=93232 gouraud=0 chrome=477589 texture=2122636 furnace=0 embers=125073 bloom=0 veil=849 titles=1408 fade=218 | setup=843984 total=4231252
T t=201.8 bar=105 ph=14 the spine | render ms 13.29/13.60/14.03 | fps 59.7 | hold 1 miss 0 late 0 | gap ms 16.73 | under 0 fill 465 | copy 2457 cy/line 35.23 Mcy/s | synth 3065 cy/pump 43.95 Mcy/s 1831 cy/sample | tri 652 px 24649 part 115 ch 6 | AHASH s=4824000 b075041f
PROF T t=201 ph=14 the spine frames=60 | clear=44086 sky=521303 floor=0 scene=3358748 flat=95133 gouraud=0 chrome=461766 texture=1958925 furnace=0 embers=124264 bloom=0 veil=841 titles=1391 fade=220 | setup=842922 total=4050856
T t=202.8 bar=105 ph=14 the spine | render ms 12.60/12.96/13.39 | fps 59.7 | hold 1 miss 0 late 0 | gap ms 16.73 | under 0 fill 465 | copy 2450 cy/line 35.13 Mcy/s | synth 3057 cy/pump 43.84 Mcy/s 1827 cy/sample | tri 642 px 21742 part 115 ch 6 | AHASH s=4848000 f021a5d9
PROF T t=202 ph=14 the spine frames=60 | clear=44072 sky=517893 floor=0 scene=3171819 flat=99194 gouraud=0 chrome=428206 texture=1803825 furnace=0 embers=123210 bloom=0 veil=855 titles=1377 fade=217 | setup=840592 total=3859445
T t=203.8 bar=106 ph=14 the spine | render ms 11.97/12.28/12.69 | fps 59.7 | hold 1 miss 0 late 0 | gap ms 16.73 | under 0 fill 465 | copy 2444 cy/line 35.04 Mcy/s | synth 3051 cy/pump 43.76 Mcy/s 1823 cy/sample | tri 646 px 18857 part 115 ch 6 | AHASH s=4872000 a990b9de
PROF T t=203 ph=14 the spine frames=60 | clear=44070 sky=508493 floor=0 scene=2976178 flat=97922 gouraud=0 chrome=362493 texture=1676037 furnace=0 embers=123785 bloom=0 veil=853 titles=1390 fade=220 | setup=839725 total=3654992
T t=204.8 bar=106 ph=14 the spine | render ms 11.48/11.72/12.09 | fps 59.7 | hold 1 miss 0 late 0 | gap ms 16.73 | under 0 fill 465 | copy 2439 cy/line 34.97 Mcy/s | synth 3044 cy/pump 43.66 Mcy/s 1819 cy/sample | tri 644 px 16318 part 115 ch 6 | AHASH s=4896000 d9ad139a
PROF T t=204 ph=14 the spine frames=60 | clear=44052 sky=503182 floor=0 scene=2811902 flat=92985 gouraud=0 chrome=326078 texture=1555287 furnace=0 embers=127832 bloom=0 veil=855 titles=1367 fade=212 | setup=837550 total=3489403
T t=205.8 bar=107 ph=14 the spine | render ms 11.04/11.27/11.60 | fps 59.7 | hold 1 miss 0 late 0 | gap ms 16.73 | under 0 fill 465 | copy 2434 cy/line 34.91 Mcy/s | synth 3040 cy/pump 43.59 Mcy/s 1816 cy/sample | tri 648 px 13872 part 115 ch 6 | AHASH s=4920000 bca9eaa2
PROF T t=205 ph=14 the spine frames=60 | clear=44044 sky=502173 floor=0 scene=2675831 flat=88102 gouraud=0 chrome=310903 texture=1440521 furnace=0 embers=128819 bloom=0 veil=845 titles=1388 fade=223 | setup=836304 total=3353326
T t=206.8 bar=107 ph=14 the spine | render ms 10.59/10.81/11.22 | fps 59.7 | hold 1 miss 0 late 0 | gap ms 16.73 | under 0 fill 465 | copy 2429 cy/line 34.84 Mcy/s | synth 3038 cy/pump 43.57 Mcy/s 1815 cy/sample | tri 652 px 11740 part 115 ch 6 | AHASH s=4944000 4e29cf8b
PROF T t=206 ph=14 the spine frames=60 | clear=44063 sky=501773 floor=0 scene=2539589 flat=83595 gouraud=0 chrome=310217 texture=1310987 furnace=0 embers=127335 bloom=0 veil=858 titles=1354 fade=225 | setup=834788 total=3215199
T t=207.8 bar=108 ph=14 the spine | render ms 10.21/10.40/10.73 | fps 59.7 | hold 1 miss 0 late 0 | gap ms 16.73 | under 0 fill 465 | copy 2427 cy/line 34.80 Mcy/s | synth 3038 cy/pump 43.56 Mcy/s 1815 cy/sample | tri 648 px 10009 part 115 ch 6 | AHASH s=4968000 e967a20a
PROF T t=207 ph=14 the spine frames=60 | clear=44078 sky=501199 floor=0 scene=2418713 flat=79430 gouraud=0 chrome=307150 texture=1198866 furnace=0 embers=126644 bloom=0 veil=865 titles=1366 fade=215 | setup=833265 total=3093083
T t=208.8 bar=108 ph=14 the spine | render ms 9.97/10.10/10.37 | fps 59.7 | hold 1 miss 0 late 0 | gap ms 16.73 | under 0 fill 465 | copy 2423 cy/line 34.75 Mcy/s | synth 3038 cy/pump 43.57 Mcy/s 1815 cy/sample | tri 650 px 8899 part 115 ch 6 | AHASH s=4992000 2c73c629
PROF T t=208 ph=14 the spine frames=60 | clear=44057 sky=500888 floor=0 scene=2326861 flat=75864 gouraud=0 chrome=300077 texture=1119920 furnace=0 embers=127700 bloom=0 veil=859 titles=1358 fade=220 | setup=830997 total=3001945
T t=209.8 bar=109 ph=14 the spine | render ms 9.80/9.89/10.13 | fps 59.7 | hold 1 miss 0 late 0 | gap ms 16.73 | under 0 fill 465 | copy 2422 cy/line 34.73 Mcy/s | synth 3035 cy/pump 43.53 Mcy/s 1813 cy/sample | tri 650 px 8204 part 115 ch 6 | AHASH s=5016000 da8972a4
PROF T t=209 ph=14 the spine frames=60 | clear=44047 sky=500600 floor=0 scene=2265381 flat=72381 gouraud=0 chrome=288941 texture=1071918 furnace=0 embers=125520 bloom=0 veil=849 titles=1365 fade=210 | setup=832139 total=2937975
T t=210.8 bar=109 ph=14 the spine | render ms 9.63/9.72/9.94 | fps 59.7 | hold 1 miss 0 late 0 | gap ms 16.73 | under 0 fill 465 | copy 2420 cy/line 34.71 Mcy/s | synth 3029 cy/pump 43.45 Mcy/s 1810 cy/sample | tri 652 px 7516 part 115 ch 6 | AHASH s=5040000 fb19c748
PROF T t=210 ph=14 the spine frames=60 | clear=44057 sky=500180 floor=0 scene=2218206 flat=66280 gouraud=0 chrome=288895 texture=1032251 furnace=0 embers=124020 bloom=0 veil=868 titles=1383 fade=210 | setup=830778 total=2888927
T t=211.9 bar=110 ph=14 the spine | render ms 9.51/9.58/9.78 | fps 59.7 | hold 1 miss 0 late 0 | gap ms 16.73 | under 0 fill 465 | copy 2419 cy/line 34.69 Mcy/s | synth 3034 cy/pump 43.51 Mcy/s 1813 cy/sample | tri 652 px 6976 part 115 ch 6 | AHASH s=5064000 87a5ee77
PROF T t=211 ph=14 the spine frames=60 | clear=44072 sky=500179 floor=0 scene=2175055 flat=58243 gouraud=0 chrome=285793 texture=999909 furnace=0 embers=123758 bloom=0 veil=850 titles=1360 fade=221 | setup=831109 total=2845499
T t=212.9 bar=110 ph=14 the spine | render ms 9.37/9.44/9.65 | fps 59.7 | hold 1 miss 0 late 0 | gap ms 16.73 | under 0 fill 465 | copy 2418 cy/line 34.68 Mcy/s | synth 3033 cy/pump 43.49 Mcy/s 1812 cy/sample | tri 652 px 6547 part 115 ch 6 | AHASH s=5088000 949206dd
PROF T t=212 ph=14 the spine frames=60 | clear=44178 sky=500394 floor=0 scene=2135026 flat=50866 gouraud=0 chrome=283485 texture=969871 furnace=0 embers=123588 bloom=0 veil=854 titles=1364 fade=209 | setup=830802 total=2805616
T t=213.9 bar=111 ph=14 the spine | render ms 9.23/9.32/9.52 | fps 59.7 | hold 1 miss 0 late 0 | gap ms 16.73 | under 0 fill 465 | copy 2417 cy/line 34.66 Mcy/s | synth 3035 cy/pump 43.53 Mcy/s 1813 cy/sample | tri 650 px 6139 part 115 ch 6 | AHASH s=5112000 c792daea
PROF T t=213 ph=14 the spine frames=60 | clear=44083 sky=499969 floor=0 scene=2098641 flat=45800 gouraud=0 chrome=278608 texture=944024 furnace=0 embers=124656 bloom=0 veil=858 titles=1365 fade=214 | setup=830207 total=2769789
T t=214.9 bar=111 ph=14 the spine | render ms 9.16/10.54/13.02 | fps 59.7 | hold 1 miss 0 late 0 | gap ms 16.73 | under 0 fill 465 | copy 2428 cy/line 34.83 Mcy/s | synth 3039 cy/pump 43.58 Mcy/s 1816 cy/sample | tri 652 px 5712 part 115 ch 6 | AHASH s=5136000 82409aa2
PROF T t=214 ph=14 the spine frames=60 | clear=44051 sky=499491 floor=0 scene=2060159 flat=39273 gouraud=0 chrome=275241 texture=917531 furnace=0 embers=126061 bloom=0 veil=403515 titles=1360 fade=216 | setup=828113 total=3134857
PHRASE t=215.0 bar=112 ph=15 the crown | render ms 9.16/11.12/18.13 | fps 59.6 | hold 2 miss 0 late 1 | gap ms 33.47 | under 0 fill 465 | copy 2433 cy/line 34.89 Mcy/s | synth 3043 cy/pump 43.64 Mcy/s 1818 cy/sample | tri 328 px 47932 part 115 ch 7 | AHASH s=5160000 708f258d
PROF PHRASE t=215 ph=15 the crown frames=918 | clear=44080 sky=505531 floor=0 scene=2593002 flat=76240 gouraud=0 chrome=333210 texture=1348925 furnace=0 embers=125500 bloom=23 veil=37280 titles=1374 fade=217 | setup=834626 total=3307010
T t=215.9 bar=112 ph=15 the crown | render ms 12.98/15.33/18.31 | fps 44.8 | hold 2 miss 0 late 15 | gap ms 33.47 | under 0 fill 465 | copy 2470 cy/line 35.42 Mcy/s | synth 3031 cy/pump 43.47 Mcy/s 1811 cy/sample | tri 328 px 47940 part 115 ch 7 | AHASH s=5160000 708f258d
PROF T t=215 ph=15 the crown frames=45 | clear=44122 sky=502933 floor=0 scene=3326074 flat=446668 gouraud=0 chrome=43001 texture=2244035 furnace=0 embers=126015 bloom=18528 veil=549874 titles=1284 fade=216 | setup=592368 total=4569050
T t=216.9 bar=112 ph=15 the crown | render ms 14.26/14.37/14.46 | fps 59.7 | hold 1 miss 0 late 0 | gap ms 16.73 | under 0 fill 465 | copy 2489 cy/line 35.69 Mcy/s | synth 3061 cy/pump 43.89 Mcy/s 1829 cy/sample | tri 328 px 47932 part 115 ch 7 | AHASH s=5184000 7cd93894
PROF T t=216 ph=15 the crown frames=60 | clear=43967 sky=504855 floor=0 scene=3564717 flat=522620 gouraud=0 chrome=0 texture=2492812 furnace=0 embers=126054 bloom=21928 veil=847 titles=18527 fade=221 | setup=549283 total=4281119
T t=217.9 bar=113 ph=15 the crown | render ms 14.37/14.41/14.51 | fps 59.7 | hold 1 miss 0 late 0 | gap ms 16.73 | under 0 fill 465 | copy 2489 cy/line 35.69 Mcy/s | synth 3058 cy/pump 43.86 Mcy/s 1827 cy/sample | tri 328 px 47902 part 115 ch 7 | AHASH s=5208000 9aba97dc
PROF T t=217 ph=15 the crown frames=60 | clear=44021 sky=506328 floor=0 scene=3565013 flat=522830 gouraud=0 chrome=0 texture=2492972 furnace=0 embers=124927 bloom=21973 veil=857 titles=28526 fade=222 | setup=549210 total=4291871
T t=218.9 bar=114 ph=15 the crown | render ms 14.35/14.40/14.51 | fps 59.7 | hold 1 miss 0 late 0 | gap ms 16.73 | under 0 fill 465 | copy 2488 cy/line 35.68 Mcy/s | synth 3060 cy/pump 43.88 Mcy/s 1828 cy/sample | tri 328 px 47858 part 115 ch 7 | AHASH s=5232000 a7d6fe01
PROF T t=218 ph=15 the crown frames=60 | clear=43998 sky=506472 floor=0 scene=3561779 flat=523047 gouraud=0 chrome=0 texture=2489848 furnace=0 embers=126624 bloom=21933 veil=866 titles=28550 fade=215 | setup=548883 total=4290439
T t=219.9 bar=114 ph=15 the crown | render ms 14.34/14.39/14.50 | fps 59.7 | hold 1 miss 0 late 0 | gap ms 16.73 | under 0 fill 465 | copy 2488 cy/line 35.68 Mcy/s | synth 3061 cy/pump 43.89 Mcy/s 1829 cy/sample | tri 328 px 47802 part 115 ch 7 | AHASH s=5256000 8deb41c9
PROF T t=219 ph=15 the crown frames=60 | clear=43995 sky=506647 floor=0 scene=3559306 flat=522378 gouraud=0 chrome=0 texture=2487762 furnace=0 embers=126158 bloom=21929 veil=858 titles=28770 fade=220 | setup=549164 total=4287884
T t=220.9 bar=115 ph=15 the crown | render ms 14.32/14.38/14.50 | fps 59.7 | hold 1 miss 0 late 0 | gap ms 16.73 | under 0 fill 465 | copy 2489 cy/line 35.69 Mcy/s | synth 3061 cy/pump 43.90 Mcy/s 1829 cy/sample | tri 328 px 47720 part 115 ch 7 | AHASH s=5280000 cbd7f221
PROF T t=220 ph=15 the crown frames=60 | clear=43990 sky=506301 floor=0 scene=3556407 flat=520958 gouraud=0 chrome=0 texture=2485778 furnace=0 embers=125999 bloom=21910 veil=857 titles=28530 fade=217 | setup=549671 total=4284215
T t=221.9 bar=115 ph=15 the crown | render ms 14.32/14.36/14.47 | fps 59.7 | hold 1 miss 0 late 0 | gap ms 16.73 | under 0 fill 465 | copy 2489 cy/line 35.69 Mcy/s | synth 3062 cy/pump 43.91 Mcy/s 1829 cy/sample | tri 326 px 47624 part 115 ch 7 | AHASH s=5304000 dc9eb509
PROF T t=221 ph=15 the crown frames=60 | clear=43948 sky=506822 floor=0 scene=3552055 flat=520192 gouraud=0 chrome=0 texture=2482880 furnace=0 embers=124890 bloom=21914 veil=839 titles=28581 fade=214 | setup=548982 total=4279267
T t=222.9 bar=116 ph=15 the crown | render ms 14.27/14.33/14.47 | fps 59.7 | hold 1 miss 0 late 0 | gap ms 16.73 | under 0 fill 465 | copy 2488 cy/line 35.69 Mcy/s | synth 3061 cy/pump 43.90 Mcy/s 1829 cy/sample | tri 322 px 47671 part 115 ch 7 | AHASH s=5328000 f353331d
PROF T t=222 ph=15 the crown frames=60 | clear=44026 sky=506173 floor=0 scene=3544981 flat=518426 gouraud=0 chrome=0 texture=2477293 furnace=0 embers=123733 bloom=21811 veil=840 titles=28513 fade=223 | setup=549262 total=4270304
T t=223.9 bar=116 ph=15 the crown | render ms 14.27/14.32/14.41 | fps 59.7 | hold 1 miss 0 late 0 | gap ms 16.73 | under 0 fill 465 | copy 2488 cy/line 35.68 Mcy/s | synth 3061 cy/pump 43.90 Mcy/s 1829 cy/sample | tri 322 px 47573 part 115 ch 7 | AHASH s=5352000 2435ec76
PROF T t=223 ph=15 the crown frames=60 | clear=43995 sky=506161 floor=0 scene=3542328 flat=519552 gouraud=0 chrome=0 texture=2474195 furnace=0 embers=122685 bloom=22300 veil=854 titles=28562 fade=221 | setup=548581 total=4267110
T t=224.9 bar=117 ph=15 the crown | render ms 14.17/14.28/14.45 | fps 59.7 | hold 1 miss 0 late 0 | gap ms 16.73 | under 0 fill 465 | copy 2488 cy/line 35.68 Mcy/s | synth 3057 cy/pump 43.84 Mcy/s 1826 cy/sample | tri 322 px 47434 part 115 ch 7 | AHASH s=5376000 3cd040bd
PROF T t=224 ph=15 the crown frames=60 | clear=43986 sky=505296 floor=0 scene=3535368 flat=518921 gouraud=0 chrome=0 texture=2467949 furnace=0 embers=125206 bloom=22470 veil=857 titles=19981 fade=227 | setup=548496 total=4253394
T t=225.9 bar=117 ph=15 the crown | render ms 14.16/14.21/14.35 | fps 59.7 | hold 1 miss 0 late 0 | gap ms 16.73 | under 0 fill 465 | copy 2488 cy/line 35.68 Mcy/s | synth 3054 cy/pump 43.80 Mcy/s 1825 cy/sample | tri 322 px 47372 part 115 ch 7 | AHASH s=5400000 290ccdfd
PROF T t=225 ph=15 the crown frames=60 | clear=44001 sky=502310 floor=0 scene=3532478 flat=518011 gouraud=0 chrome=0 texture=2466827 furnace=0 embers=128415 bloom=22492 veil=848 titles=1379 fade=217 | setup=547638 total=4232143
T t=226.9 bar=118 ph=15 the crown | render ms 14.15/14.19/14.29 | fps 59.7 | hold 1 miss 0 late 0 | gap ms 16.73 | under 0 fill 465 | copy 2489 cy/line 35.70 Mcy/s | synth 3054 cy/pump 43.80 Mcy/s 1825 cy/sample | tri 322 px 47329 part 115 ch 7 | AHASH s=5448000 752152cf
PROF T t=226 ph=15 the crown frames=60 | clear=44005 sky=502414 floor=0 scene=3530616 flat=519200 gouraud=0 chrome=0 texture=2463169 furnace=0 embers=126939 bloom=21799 veil=859 titles=1373 fade=220 | setup=548246 total=4228228
T t=227.9 bar=118 ph=15 the crown | render ms 14.12/14.18/14.32 | fps 59.7 | hold 1 miss 0 late 0 | gap ms 16.73 | under 0 fill 465 | copy 2488 cy/line 35.69 Mcy/s | synth 3058 cy/pump 43.86 Mcy/s 1827 cy/sample | tri 322 px 47259 part 115 ch 7 | AHASH s=5472000 141e2680
PROF T t=227 ph=15 the crown frames=60 | clear=44006 sky=501927 floor=0 scene=3529803 flat=518782 gouraud=0 chrome=0 texture=2461937 furnace=0 embers=125760 bloom=19420 veil=849 titles=1386 fade=223 | setup=549084 total=4223378
T t=228.9 bar=119 ph=15 the crown | render ms 14.13/14.17/14.29 | fps 59.7 | hold 1 miss 0 late 0 | gap ms 16.73 | under 0 fill 465 | copy 2488 cy/line 35.68 Mcy/s | synth 3059 cy/pump 43.87 Mcy/s 1827 cy/sample | tri 322 px 47172 part 115 ch 7 | AHASH s=5496000 4c6b10cb
PROF T t=228 ph=15 the crown frames=60 | clear=44021 sky=502428 floor=0 scene=3526514 flat=518532 gouraud=0 chrome=0 texture=2459869 furnace=0 embers=127266 bloom=19432 veil=850 titles=1383 fade=219 | setup=548112 total=4222117
T t=229.9 bar=119 ph=15 the crown | render ms 14.09/14.16/14.30 | fps 59.7 | hold 1 miss 0 late 0 | gap ms 16.73 | under 0 fill 465 | copy 2488 cy/line 35.68 Mcy/s | synth 3061 cy/pump 43.90 Mcy/s 1829 cy/sample | tri 322 px 47091 part 115 ch 7 | AHASH s=5520000 b862e7f1
PROF T t=229 ph=15 the crown frames=60 | clear=44029 sky=502387 floor=0 scene=3522593 flat=517958 gouraud=0 chrome=0 texture=2455625 furnace=0 embers=125992 bloom=19861 veil=845 titles=1375 fade=216 | setup=549008 total=4217301
PHRASE t=230.4 bar=120 ph=16 the crown | render ms 14.09/14.35/18.31 | fps 58.8 | hold 2 miss 0 late 14 | gap ms 33.47 | under 0 fill 465 | copy 2487 cy/line 35.67 Mcy/s | synth 3058 cy/pump 43.85 Mcy/s 1827 cy/sample | tri 322 px 47079 part 115 ch 7 | AHASH s=5520000 b862e7f1
PROF PHRASE t=230 ph=16 the crown frames=903 | clear=44003 sky=504630 floor=0 scene=3544713 flat=520145 gouraud=0 chrome=0 texture=2475704 furnace=0 embers=125728 bloom=21539 veil=17936 titles=16400 fade=219 | setup=548863 total=4275171
T t=230.9 bar=120 ph=16 the crown | render ms 14.09/14.16/14.28 | fps 59.7 | hold 1 miss 0 late 0 | gap ms 16.73 | under 0 fill 465 | copy 2488 cy/line 35.67 Mcy/s | synth 3060 cy/pump 43.88 Mcy/s 1828 cy/sample | tri 322 px 47022 part 115 ch 7 | AHASH s=5544000 84661a73
PROF T t=230 ph=16 the crown frames=60 | clear=44071 sky=503162 floor=0 scene=3522210 flat=518202 gouraud=0 chrome=0 texture=2454600 furnace=0 embers=124494 bloom=21818 veil=846 titles=1382 fade=218 | setup=549407 total=4218205
T t=231.9 bar=120 ph=16 the crown | render ms 14.08/14.14/14.24 | fps 59.7 | hold 1 miss 0 late 0 | gap ms 16.73 | under 0 fill 465 | copy 2488 cy/line 35.68 Mcy/s | synth 3059 cy/pump 43.87 Mcy/s 1828 cy/sample | tri 322 px 46949 part 115 ch 7 | AHASH s=5568000 681533e2
PROF T t=231 ph=16 the crown frames=60 | clear=44016 sky=502251 floor=0 scene=3515781 flat=518341 gouraud=0 chrome=0 texture=2448990 furnace=0 embers=124721 bloom=21805 veil=845 titles=1371 fade=231 | setup=548448 total=4211024
T t=232.9 bar=121 ph=16 the crown | render ms 14.07/14.13/14.23 | fps 59.7 | hold 1 miss 0 late 0 | gap ms 16.73 | under 0 fill 465 | copy 2488 cy/line 35.68 Mcy/s | synth 3054 cy/pump 43.80 Mcy/s 1825 cy/sample | tri 322 px 46867 part 115 ch 7 | AHASH s=5592000 64407f3f
PROF T t=232 ph=16 the crown frames=60 | clear=44010 sky=502650 floor=0 scene=3512672 flat=517403 gouraud=0 chrome=0 texture=2447578 furnace=0 embers=124189 bloom=22135 veil=856 titles=1380 fade=220 | setup=547689 total=4208115
T t=233.9 bar=121 ph=16 the crown | render ms 14.07/14.12/14.25 | fps 59.7 | hold 1 miss 0 late 0 | gap ms 16.73 | under 0 fill 465 | copy 2487 cy/line 35.67 Mcy/s | synth 3055 cy/pump 43.82 Mcy/s 1825 cy/sample | tri 322 px 46822 part 115 ch 7 | AHASH s=5616000 7c38cb85
PROF T t=233 ph=16 the crown frames=60 | clear=44043 sky=502272 floor=0 scene=3508721 flat=517055 gouraud=0 chrome=0 texture=2443940 furnace=0 embers=126124 bloom=22475 veil=866 titles=1371 fade=220 | setup=547724 total=4206094
T t=234.9 bar=122 ph=16 the crown | render ms 14.06/14.11/14.22 | fps 59.7 | hold 1 miss 0 late 0 | gap ms 16.73 | under 0 fill 465 | copy 2488 cy/line 35.68 Mcy/s | synth 3060 cy/pump 43.88 Mcy/s 1828 cy/sample | tri 322 px 46768 part 115 ch 7 | AHASH s=5640000 9db84134
PROF T t=234 ph=16 the crown frames=60 | clear=44019 sky=502322 floor=0 scene=3505728 flat=517849 gouraud=0 chrome=0 texture=2440401 furnace=0 embers=126039 bloom=22478 veil=847 titles=1390 fade=223 | setup=547477 total=4203051
T t=236.0 bar=122 ph=16 the crown | render ms 14.04/14.11/14.25 | fps 59.7 | hold 1 miss 0 late 0 | gap ms 16.73 | under 0 fill 465 | copy 2488 cy/line 35.68 Mcy/s | synth 3059 cy/pump 43.88 Mcy/s 1828 cy/sample | tri 322 px 46731 part 115 ch 7 | AHASH s=5664000 6c183dfc
PROF T t=236 ph=16 the crown frames=60 | clear=43993 sky=502200 floor=0 scene=3504556 flat=518302 gouraud=0 chrome=0 texture=2438553 furnace=0 embers=126231 bloom=22836 veil=850 titles=1374 fade=219 | setup=547700 total=4202263
T t=237.0 bar=123 ph=16 the crown | render ms 14.06/14.11/14.22 | fps 59.7 | hold 1 miss 0 late 0 | gap ms 16.73 | under 0 fill 465 | copy 2488 cy/line 35.67 Mcy/s | synth 3059 cy/pump 43.87 Mcy/s 1828 cy/sample | tri 322 px 46715 part 115 ch 7 | AHASH s=5688000 05d539ef
PROF T t=237 ph=16 the crown frames=60 | clear=44009 sky=502591 floor=0 scene=3504768 flat=519582 gouraud=0 chrome=0 texture=2437442 furnace=0 embers=126644 bloom=23153 veil=849 titles=1370 fade=215 | setup=547744 total=4203603
T t=238.0 bar=123 ph=16 the crown | render ms 14.05/14.10/14.21 | fps 59.7 | hold 1 miss 0 late 0 | gap ms 16.73 | under 0 fill 465 | copy 2489 cy/line 35.70 Mcy/s | synth 3061 cy/pump 43.89 Mcy/s 1829 cy/sample | tri 322 px 46712 part 115 ch 7 | AHASH s=5712000 31cbeeea
PROF T t=238 ph=16 the crown frames=60 | clear=44023 sky=502073 floor=0 scene=3503461 flat=519628 gouraud=0 chrome=0 texture=2436201 furnace=0 embers=125779 bloom=23158 veil=845 titles=1384 fade=224 | setup=547631 total=4200952
T t=239.0 bar=124 ph=16 the crown | render ms 14.04/14.10/14.21 | fps 59.7 | hold 1 miss 0 late 0 | gap ms 16.73 | under 0 fill 465 | copy 2488 cy/line 35.68 Mcy/s | synth 3061 cy/pump 43.90 Mcy/s 1829 cy/sample | tri 322 px 46712 part 115 ch 7 | AHASH s=5736000 c81eba09
PROF T t=239 ph=16 the crown frames=60 | clear=44031 sky=502342 floor=0 scene=3502860 flat=519504 gouraud=0 chrome=0 texture=2435656 furnace=0 embers=125260 bloom=23151 veil=845 titles=1362 fade=225 | setup=547699 total=4200080
T t=240.0 bar=125 ph=16 the crown | render ms 14.04/14.10/14.23 | fps 59.7 | hold 1 miss 0 late 0 | gap ms 16.73 | under 0 fill 465 | copy 2488 cy/line 35.68 Mcy/s | synth 3058 cy/pump 43.85 Mcy/s 1827 cy/sample | tri 322 px 46712 part 115 ch 7 | AHASH s=5760000 2c68c39b
PROF T t=240 ph=16 the crown frames=60 | clear=44032 sky=502166 floor=0 scene=3502609 flat=519703 gouraud=0 chrome=0 texture=2435496 furnace=0 embers=125830 bloom=23156 veil=844 titles=1366 fade=230 | setup=547409 total=4200235
T t=241.0 bar=125 ph=16 the crown | render ms 14.05/14.09/14.21 | fps 59.7 | hold 1 miss 0 late 0 | gap ms 16.73 | under 0 fill 465 | copy 2488 cy/line 35.69 Mcy/s | synth 3056 cy/pump 43.83 Mcy/s 1826 cy/sample | tri 322 px 46712 part 115 ch 7 | AHASH s=5784000 41cf35c7
PROF T t=241 ph=16 the crown frames=60 | clear=44029 sky=502333 floor=0 scene=3500640 flat=519562 gouraud=0 chrome=0 texture=2434442 furnace=0 embers=125379 bloom=23151 veil=856 titles=1390 fade=223 | setup=546635 total=4198004
T t=242.0 bar=126 ph=16 the crown | render ms 14.04/14.09/14.20 | fps 59.7 | hold 1 miss 0 late 0 | gap ms 16.73 | under 0 fill 465 | copy 2488 cy/line 35.68 Mcy/s | synth 3056 cy/pump 43.83 Mcy/s 1826 cy/sample | tri 322 px 46712 part 115 ch 7 | AHASH s=5808000 32b03b3d
PROF T t=242 ph=16 the crown frames=60 | clear=44013 sky=502075 floor=0 scene=3500943 flat=519577 gouraud=0 chrome=0 texture=2434537 furnace=0 embers=124889 bloom=23146 veil=839 titles=1381 fade=218 | setup=546828 total=4197507
T t=243.0 bar=126 ph=16 the crown | render ms 14.04/14.09/14.22 | fps 59.7 | hold 1 miss 0 late 0 | gap ms 16.73 | under 0 fill 465 | copy 2488 cy/line 35.69 Mcy/s | synth 3052 cy/pump 43.77 Mcy/s 1824 cy/sample | tri 322 px 46712 part 115 ch 7 | AHASH s=5832000 f1d57bbc
PROF T t=243 ph=16 the crown frames=60 | clear=44004 sky=502307 floor=0 scene=3499870 flat=519680 gouraud=0 chrome=0 texture=2433969 furnace=0 embers=124420 bloom=23148 veil=862 titles=1385 fade=219 | setup=546220 total=4196219
T t=244.0 bar=127 ph=16 the crown | render ms 14.04/14.09/14.23 | fps 59.7 | hold 1 miss 0 late 0 | gap ms 16.73 | under 0 fill 465 | copy 2488 cy/line 35.68 Mcy/s | synth 3054 cy/pump 43.80 Mcy/s 1825 cy/sample | tri 322 px 46712 part 115 ch 7 | AHASH s=5856000 1e801b8d
PROF T t=244 ph=16 the crown frames=60 | clear=43972 sky=502734 floor=0 scene=3500305 flat=519582 gouraud=0 chrome=0 texture=2434302 furnace=0 embers=125603 bloom=23159 veil=862 titles=1372 fade=219 | setup=546421 total=4198229
T t=245.0 bar=127 ph=16 the crown | render ms 14.04/14.09/14.22 | fps 59.7 | hold 1 miss 0 late 0 | gap ms 16.73 | under 0 fill 465 | copy 2487 cy/line 35.67 Mcy/s | synth 3054 cy/pump 43.80 Mcy/s 1825 cy/sample | tri 322 px 46712 part 115 ch 7 | AHASH s=5880000 a4ba12db
PROF T t=245 ph=16 the crown frames=60 | clear=44038 sky=502502 floor=0 scene=3499766 flat=519628 gouraud=0 chrome=0 texture=2434174 furnace=0 embers=123979 bloom=23143 veil=835 titles=1376 fade=217 | setup=545963 total=4195861
PHRASE t=245.7 bar=128 ph=17 the colossus | render ms 14.04/14.18/24.31 | fps 58.7 | hold 2 miss 0 late 15 | gap ms 33.47 | under 0 fill 465 | copy 2487 cy/line 35.67 Mcy/s | synth 3055 cy/pump 43.82 Mcy/s 1825 cy/sample | tri 594 px 46546 part 115 ch 8 | AHASH s=5880000 a4ba12db
PROF PHRASE t=245 ph=17 the colossus frames=903 | clear=44020 sky=502385 floor=1384 scene=3505650 flat=518733 gouraud=0 chrome=323 texture=2438893 furnace=0 embers=125322 bloom=22833 veil=20184 titles=1377 fade=221 | setup=547699 total=4223380
T t=246.0 bar=128 ph=17 the colossus | render ms 14.04/18.05/24.48 | fps 36.8 | hold 2 miss 0 late 23 | gap ms 33.47 | under 0 fill 465 | copy 2468 cy/line 35.39 Mcy/s | synth 3018 cy/pump 43.29 Mcy/s 1803 cy/sample | tri 594 px 46522 part 115 ch 8 | AHASH s=5904000 c4f406e2
PROF T t=246 ph=17 the colossus frames=37 | clear=44198 sky=509942 floor=302043 scene=3658540 flat=473387 gouraud=0 chrome=70864 texture=2475975 furnace=0 embers=125304 bloom=22873 veil=722552 titles=1295 fade=210 | setup=638313 total=5386961
T t=247.0 bar=128 ph=17 the colossus | render ms 20.31/21.15/24.43 | fps 29.8 | hold 2 miss 0 late 30 | gap ms 33.47 | under 0 fill 465 | copy 2451 cy/line 35.15 Mcy/s | synth 3011 cy/pump 43.19 Mcy/s 1799 cy/sample | tri 592 px 45172 part 115 ch 8 | AHASH s=5928000 383eb593
PROF T t=247 ph=17 the colossus frames=30 | clear=44225 sky=533574 floor=1242542 scene=4139416 flat=326615 gouraud=0 chrome=290083 texture=2594959 furnace=0 embers=124490 bloom=20678 veil=211513 titles=1034 fade=229 | setup=927759 total=6317704
T t=248.0 bar=129 ph=17 the colossus | render ms 20.22/20.53/20.99 | fps 29.8 | hold 2 miss 0 late 30 | gap ms 33.47 | under 0 fill 465 | copy 2447 cy/line 35.10 Mcy/s | synth 3009 cy/pump 43.16 Mcy/s 1798 cy/sample | tri 580 px 48170 part 115 ch 8 | AHASH s=5952000 baab71cd
PROF T t=248 ph=17 the colossus frames=30 | clear=44209 sky=534338 floor=1242531 scene=4162311 flat=311802 gouraud=0 chrome=287834 texture=2634371 furnace=0 embers=124446 bloom=20254 veil=869 titles=1038 fade=227 | setup=928302 total=6130225
T t=249.0 bar=129 ph=17 the colossus | render ms 21.08/21.63/22.00 | fps 29.8 | hold 2 miss 0 late 30 | gap ms 33.47 | under 0 fill 465 | copy 2451 cy/line 35.15 Mcy/s | synth 3013 cy/pump 43.22 Mcy/s 1800 cy/sample | tri 588 px 52397 part 115 ch 8 | AHASH s=5976000 8380b23d
PROF T t=249 ph=17 the colossus frames=30 | clear=44157 sky=534682 floor=1243371 scene=4492354 flat=290695 gouraud=0 chrome=296890 texture=2975786 furnace=0 embers=125992 bloom=19521 veil=877 titles=1041 fade=232 | setup=928981 total=6462231
T t=250.0 bar=130 ph=17 the colossus | render ms 21.91/22.05/22.14 | fps 29.8 | hold 2 miss 0 late 30 | gap ms 33.47 | under 0 fill 465 | copy 2454 cy/line 35.19 Mcy/s | synth 3013 cy/pump 43.22 Mcy/s 1800 cy/sample | tri 586 px 49439 part 115 ch 8 | AHASH s=6000000 138c9b24
PROF T t=250 ph=17 the colossus frames=30 | clear=44186 sky=534326 floor=1242270 scene=4620458 flat=264162 gouraud=0 chrome=316750 texture=3106811 furnace=0 embers=126212 bloom=17468 veil=873 titles=1043 fade=229 | setup=932734 total=6587070
T t=251.0 bar=130 ph=17 the colossus | render ms 21.70/21.89/22.02 | fps 29.8 | hold 2 miss 0 late 30 | gap ms 33.47 | under 0 fill 465 | copy 2452 cy/line 35.17 Mcy/s | synth 3013 cy/pump 43.20 Mcy/s 1800 cy/sample | tri 584 px 45672 part 115 ch 8 | AHASH s=6024000 47ca3d94
PROF T t=251 ph=17 the colossus frames=30 | clear=44213 sky=535055 floor=1242587 scene=4573923 flat=234735 gouraud=0 chrome=357658 texture=3049279 furnace=0 embers=126488 bloom=13741 veil=861 titles=1045 fade=227 | setup=932249 total=6538143
T t=252.0 bar=131 ph=17 the colossus | render ms 21.10/21.43/21.77 | fps 29.8 | hold 2 miss 0 late 30 | gap ms 33.47 | under 0 fill 465 | copy 2450 cy/line 35.14 Mcy/s | synth 3012 cy/pump 43.20 Mcy/s 1800 cy/sample | tri 574 px 39400 part 115 ch 8 | AHASH s=6048000 8b47c525
PROF T t=252 ph=17 the colossus frames=30 | clear=44216 sky=536260 floor=1243263 scene=4439079 flat=207779 gouraud=0 chrome=433384 texture=2865118 furnace=0 embers=124768 bloom=10590 veil=885 titles=1046 fade=224 | setup=932796 total=6400335
T t=253.0 bar=131 ph=17 the colossus | render ms 21.03/21.31/21.65 | fps 29.8 | hold 2 miss 0 late 30 | gap ms 33.47 | under 0 fill 465 | copy 2449 cy/line 35.12 Mcy/s | synth 3015 cy/pump 43.24 Mcy/s 1801 cy/sample | tri 578 px 38968 part 115 ch 8 | AHASH s=6072000 f3391ce0
PROF T t=253 ph=17 the colossus frames=30 | clear=44204 sky=538567 floor=1243994 scene=4401361 flat=183152 gouraud=0 chrome=496309 texture=2788157 furnace=0 embers=125647 bloom=8689 veil=889 titles=1039 fade=237 | setup=933742 total=6364630
T t=254.0 bar=132 ph=17 the colossus | render ms 21.64/21.91/22.28 | fps 29.8 | hold 2 miss 0 late 30 | gap ms 33.47 | under 0 fill 465 | copy 2452 cy/line 35.16 Mcy/s | synth 3013 cy/pump 43.21 Mcy/s 1800 cy/sample | tri 588 px 34283 part 115 ch 8 | AHASH s=6096000 de4ce337
PROF T t=254 ph=17 the colossus frames=30 | clear=44212 sky=539357 floor=1244800 scene=4580058 flat=164035 gouraud=0 chrome=571951 texture=2907634 furnace=0 embers=127432 bloom=7813 veil=885 titles=1045 fade=226 | setup=936437 total=6545831
T t=255.0 bar=132 ph=17 the colossus | render ms 20.86/21.78/22.34 | fps 29.8 | hold 2 miss 0 late 30 | gap ms 33.47 | under 0 fill 465 | copy 2450 cy/line 35.14 Mcy/s | synth 3016 cy/pump 43.25 Mcy/s 1802 cy/sample | tri 562 px 26640 part 115 ch 8 | AHASH s=6120000 a8a5e1d0
PROF T t=255 ph=17 the colossus frames=30 | clear=44213 sky=539252 floor=1246006 scene=4544368 flat=149037 gouraud=0 chrome=636669 texture=2816123 furnace=0 embers=127585 bloom=3198 veil=869 titles=1040 fade=226 | setup=942537 total=6506761
T t=256.0 bar=133 ph=17 the colossus | render ms 18.90/19.72/20.83 | fps 29.8 | hold 2 miss 0 late 30 | gap ms 33.47 | under 0 fill 465 | copy 2443 cy/line 35.04 Mcy/s | synth 3011 cy/pump 43.18 Mcy/s 1799 cy/sample | tri 528 px 19546 part 115 ch 8 | AHASH s=6144000 59f4b5c6
PROF T t=256 ph=17 the colossus frames=30 | clear=44214 sky=538933 floor=1245314 scene=3925967 flat=138969 gouraud=0 chrome=535072 texture=2317424 furnace=0 embers=127899 bloom=3006 veil=881 titles=1037 fade=224 | setup=934501 total=5887479
T t=257.0 bar=133 ph=17 the colossus | render ms 18.28/18.55/18.92 | fps 29.8 | hold 2 miss 0 late 30 | gap ms 33.47 | under 0 fill 465 | copy 2441 cy/line 35.00 Mcy/s | synth 3010 cy/pump 43.17 Mcy/s 1798 cy/sample | tri 540 px 15868 part 115 ch 8 | AHASH s=6168000 2863794b
PROF T t=257 ph=17 the colossus frames=30 | clear=44050 sky=539355 floor=1273167 scene=3544917 flat=125543 gouraud=0 chrome=465225 texture=2026246 furnace=0 embers=127980 bloom=4472 veil=869 titles=1034 fade=228 | setup=927901 total=5536077
T t=258.0 bar=134 ph=17 the colossus | render ms 17.56/17.93/18.35 | fps 29.8 | hold 2 miss 0 late 30 | gap ms 33.47 | under 0 fill 465 | copy 2437 cy/line 34.95 Mcy/s | synth 3010 cy/pump 43.17 Mcy/s 1798 cy/sample | tri 572 px 12993 part 115 ch 8 | AHASH s=6192000 79d74958
PROF T t=258 ph=17 the colossus frames=30 | clear=44224 sky=538570 floor=1297223 scene=3334240 flat=122061 gouraud=0 chrome=428894 texture=1855141 furnace=0 embers=125521 bloom=7087 veil=877 titles=1039 fade=223 | setup=928143 total=5349007
T t=259.0 bar=134 ph=17 the colossus | render ms 17.17/17.36/17.64 | fps 29.8 | hold 2 miss 0 late 30 | gap ms 33.47 | under 0 fill 465 | copy 2435 cy/line 34.93 Mcy/s | synth 3008 cy/pump 43.13 Mcy/s 1797 cy/sample | tri 572 px 11804 part 115 ch 8 | AHASH s=6216000 48d65178
PROF T t=259 ph=17 the colossus frames=30 | clear=44156 sky=537984 floor=1290120 scene=3180686 flat=118065 gouraud=0 chrome=407073 texture=1728088 furnace=0 embers=124292 bloom=0 veil=861 titles=1035 fade=229 | setup=927458 total=5179366
T t=260.0 bar=135 ph=17 the colossus | render ms 16.81/16.89/17.25 | fps 29.8 | hold 2 miss 0 late 30 | gap ms 33.47 | under 0 fill 465 | copy 2435 cy/line 34.91 Mcy/s | synth 3007 cy/pump 43.12 Mcy/s 1796 cy/sample | tri 570 px 11787 part 115 ch 8 | AHASH s=6240000 a573fad9
PROF T t=260 ph=17 the colossus frames=30 | clear=44212 sky=537694 floor=1287448 scene=3041183 flat=117477 gouraud=0 chrome=403410 texture=1684065 furnace=0 embers=125199 bloom=0 veil=881 titles=1036 fade=228 | setup=836230 total=5037884
T t=261.0 bar=135 ph=17 the colossus | render ms 16.81/16.86/16.91 | fps 29.8 | hold 2 miss 0 late 30 | gap ms 33.47 | under 0 fill 465 | copy 2435 cy/line 34.92 Mcy/s | synth 3010 cy/pump 43.17 Mcy/s 1798 cy/sample | tri 570 px 11769 part 115 ch 8 | AHASH s=6264000 695c5400
PROF T t=261 ph=17 the colossus frames=30 | clear=44193 sky=537518 floor=1287811 scene=3029715 flat=117502 gouraud=0 chrome=403501 texture=1684814 furnace=0 embers=126901 bloom=0 veil=885 titles=1043 fade=220 | setup=823897 total=5028288
PHRASE t=261.1 bar=136 ph=18 the colossus | render ms 16.81/20.13/24.48 | fps 29.8 | hold 2 miss 0 late 459 | gap ms 33.47 | under 0 fill 465 | copy 2446 cy/line 35.08 Mcy/s | synth 3011 cy/pump 43.19 Mcy/s 1799 cy/sample | tri 570 px 11771 part 115 ch 8 | AHASH s=6264000 695c5400
PROF PHRASE t=261 ph=18 the colossus frames=459 | clear=44210 sky=537006 floor=1257911 scene=4001285 flat=193696 gouraud=0 chrome=419731 texture=2469669 furnace=0 embers=126065 bloom=9304 veil=34781 titles=1040 fade=227 | setup=918187 total=6011833
T t=262.0 bar=136 ph=18 the colossus | render ms 16.81/16.84/16.97 | fps 29.8 | hold 2 miss 0 late 30 | gap ms 33.47 | under 0 fill 465 | copy 2435 cy/line 34.92 Mcy/s | synth 3007 cy/pump 43.12 Mcy/s 1796 cy/sample | tri 570 px 11780 part 115 ch 8 | AHASH s=6288000 305069cf
PROF T t=262 ph=18 the colossus frames=30 | clear=44334 sky=538123 floor=1287512 scene=3025635 flat=117508 gouraud=0 chrome=402481 texture=1681925 furnace=0 embers=127057 bloom=0 veil=885 titles=1044 fade=227 | setup=823719 total=5024820
T t=263.0 bar=137 ph=18 the colossus | render ms 16.81/16.85/16.92 | fps 29.8 | hold 2 miss 0 late 30 | gap ms 33.47 | under 0 fill 465 | copy 2435 cy/line 34.92 Mcy/s | synth 3009 cy/pump 43.15 Mcy/s 1797 cy/sample | tri 570 px 11777 part 115 ch 8 | AHASH s=6312000 828dd9c1
PROF T t=263 ph=18 the colossus frames=30 | clear=44188 sky=538159 floor=1287528 scene=3026059 flat=117553 gouraud=0 chrome=402312 texture=1682276 furnace=0 embers=127755 bloom=0 veil=889 titles=1044 fade=221 | setup=823916 total=5025845
T t=264.1 bar=137 ph=18 the colossus | render ms 16.81/16.85/16.95 | fps 29.8 | hold 2 miss 0 late 30 | gap ms 33.47 | under 0 fill 465 | copy 2435 cy/line 34.92 Mcy/s | synth 3007 cy/pump 43.12 Mcy/s 1796 cy/sample | tri 570 px 11766 part 115 ch 8 | AHASH s=6336000 7059147f
PROF T t=264 ph=18 the colossus frames=30 | clear=44178 sky=537541 floor=1287818 scene=3027294 flat=117538 gouraud=0 chrome=402643 texture=1681729 furnace=0 embers=128852 bloom=0 veil=881 titles=1036 fade=225 | setup=825382 total=5027830
T t=265.1 bar=138 ph=18 the colossus | render ms 16.81/16.85/16.92 | fps 29.8 | hold 2 miss 0 late 30 | gap ms 33.47 | under 0 fill 465 | copy 2435 cy/line 34.92 Mcy/s | synth 3006 cy/pump 43.11 Mcy/s 1796 cy/sample | tri 570 px 11771 part 115 ch 8 | AHASH s=6360000 7aa6dded
PROF T t=265 ph=18 the colossus frames=30 | clear=44188 sky=537369 floor=1287237 scene=3028211 flat=117551 gouraud=0 chrome=402751 texture=1682403 furnace=0 embers=128018 bloom=0 veil=861 titles=1034 fade=216 | setup=825505 total=5027139
T t=266.1 bar=138 ph=18 the colossus | render ms 16.79/16.84/16.91 | fps 29.8 | hold 2 miss 0 late 30 | gap ms 33.47 | under 0 fill 465 | copy 2435 cy/line 34.92 Mcy/s | synth 3010 cy/pump 43.16 Mcy/s 1798 cy/sample | tri 570 px 11765 part 115 ch 8 | AHASH s=6384000 81e2d431
PROF T t=266 ph=18 the colossus frames=30 | clear=44184 sky=537515 floor=1287087 scene=3025386 flat=117633 gouraud=0 chrome=402675 texture=1681066 furnace=0 embers=126117 bloom=0 veil=873 titles=1041 fade=227 | setup=824011 total=5022433
T t=267.1 bar=139 ph=18 the colossus | render ms 16.78/17.10/17.86 | fps 29.8 | hold 2 miss 0 late 30 | gap ms 33.47 | under 0 fill 465 | copy 2435 cy/line 34.92 Mcy/s | synth 3010 cy/pump 43.16 Mcy/s 1798 cy/sample | tri 570 px 11775 part 115 ch 8 | AHASH s=6408000 ef30adf0
PROF T t=267 ph=18 the colossus frames=30 | clear=44192 sky=540168 floor=1287884 scene=3029058 flat=117524 gouraud=0 chrome=402836 texture=1682960 furnace=0 embers=124018 bloom=0 veil=877 titles=75822 fade=220 | setup=825737 total=5102243
T t=268.1 bar=139 ph=18 the colossus | render ms 17.78/17.82/17.86 | fps 29.8 | hold 2 miss 0 late 30 | gap ms 33.47 | under 0 fill 465 | copy 2435 cy/line 34.92 Mcy/s | synth 3016 cy/pump 43.25 Mcy/s 1802 cy/sample | tri 570 px 11781 part 115 ch 8 | AHASH s=6432000 60062f57
PROF T t=268 ph=18 the colossus frames=30 | clear=44272 sky=549025 floor=1289328 scene=3033059 flat=117500 gouraud=0 chrome=403603 texture=1686694 furnace=0 embers=120657 bloom=0 veil=881 titles=280072 fade=227 | setup=825260 total=5317524
T t=269.1 bar=140 ph=18 the colossus | render ms 17.79/17.82/17.87 | fps 29.8 | hold 2 miss 0 late 30 | gap ms 33.47 | under 0 fill 465 | copy 2434 cy/line 34.91 Mcy/s | synth 3017 cy/pump 43.27 Mcy/s 1802 cy/sample | tri 570 px 11776 part 115 ch 8 | AHASH s=6456000 7b930143
PROF T t=269 ph=18 the colossus frames=30 | clear=44272 sky=548644 floor=1289160 scene=3034565 flat=117513 gouraud=0 chrome=403906 texture=1687615 furnace=0 embers=119004 bloom=0 veil=889 titles=280474 fade=232 | setup=825529 total=5317243
T t=270.1 bar=140 ph=18 the colossus | render ms 17.79/17.84/17.87 | fps 29.8 | hold 2 miss 0 late 30 | gap ms 33.47 | under 0 fill 465 | copy 2435 cy/line 34.92 Mcy/s | synth 3016 cy/pump 43.25 Mcy/s 1802 cy/sample | tri 570 px 11802 part 115 ch 8 | AHASH s=6480000 2adcb194
PROF T t=270 ph=18 the colossus frames=30 | clear=44249 sky=548899 floor=1289487 scene=3037257 flat=117483 gouraud=0 chrome=404261 texture=1689898 furnace=0 embers=121444 bloom=0 veil=889 titles=280108 fade=226 | setup=825614 total=5322562
T t=271.1 bar=141 ph=18 the colossus | render ms 17.82/17.86/17.90 | fps 29.8 | hold 2 miss 0 late 30 | gap ms 33.47 | under 0 fill 465 | copy 2435 cy/line 34.92 Mcy/s | synth 3016 cy/pump 43.25 Mcy/s 1802 cy/sample | tri 570 px 11788 part 115 ch 8 | AHASH s=6504000 17007f35
PROF T t=271 ph=18 the colossus frames=30 | clear=44239 sky=549435 floor=1289296 scene=3040247 flat=117534 gouraud=0 chrome=404277 texture=1689545 furnace=0 embers=123128 bloom=0 veil=885 titles=280120 fade=223 | setup=828889 total=5327576
T t=272.1 bar=141 ph=18 the colossus | render ms 17.82/17.86/17.94 | fps 29.8 | hold 2 miss 0 late 30 | gap ms 33.47 | under 0 fill 465 | copy 2435 cy/line 34.92 Mcy/s | synth 3017 cy/pump 43.26 Mcy/s 1802 cy/sample | tri 570 px 11780 part 115 ch 8 | AHASH s=6528000 b433fa00
PROF T t=272 ph=18 the colossus frames=30 | clear=44186 sky=548705 floor=1289848 scene=3039079 flat=117601 gouraud=0 chrome=403242 texture=1689760 furnace=0 embers=126759 bloom=0 veil=893 titles=280268 fade=223 | setup=828474 total=5329964
T t=273.1 bar=142 ph=18 the colossus | render ms 17.82/17.86/17.91 | fps 29.8 | hold 2 miss 0 late 30 | gap ms 33.47 | under 0 fill 465 | copy 2435 cy/line 34.92 Mcy/s | synth 3016 cy/pump 43.25 Mcy/s 1802 cy/sample | tri 570 px 11779 part 115 ch 8 | AHASH s=6552000 4fefd826
PROF T t=273 ph=18 the colossus frames=30 | clear=44236 sky=549202 floor=1289425 scene=3039435 flat=117514 gouraud=0 chrome=403164 texture=1690353 furnace=0 embers=126502 bloom=0 veil=873 titles=279761 fade=220 | setup=828402 total=5329658
T t=274.1 bar=142 ph=18 the colossus | render ms 17.83/17.86/17.91 | fps 29.8 | hold 2 miss 0 late 30 | gap ms 33.47 | under 0 fill 465 | copy 2435 cy/line 34.92 Mcy/s | synth 3016 cy/pump 43.26 Mcy/s 1802 cy/sample | tri 570 px 11788 part 115 ch 8 | AHASH s=6576000 cef0dd1d
PROF T t=274 ph=18 the colossus frames=30 | clear=44203 sky=549154 floor=1289642 scene=3039622 flat=117524 gouraud=0 chrome=403151 texture=1689674 furnace=0 embers=126187 bloom=0 veil=885 titles=280225 fade=233 | setup=829271 total=5330154
T t=275.1 bar=143 ph=18 the colossus | render ms 17.83/17.87/17.92 | fps 29.8 | hold 2 miss 0 late 30 | gap ms 33.47 | under 0 fill 465 | copy 2435 cy/line 34.92 Mcy/s | synth 3017 cy/pump 43.26 Mcy/s 1802 cy/sample | tri 570 px 11801 part 115 ch 8 | AHASH s=6600000 9e70d01d
PROF T t=275 ph=18 the colossus frames=30 | clear=44233 sky=548558 floor=1289616 scene=3039091 flat=117485 gouraud=0 chrome=404185 texture=1689539 furnace=0 embers=128239 bloom=0 veil=877 titles=280010 fade=229 | setup=827880 total=5330857
T t=276.1 bar=143 ph=18 the colossus | render ms 17.82/18.40/21.49 | fps 29.8 | hold 2 miss 0 late 30 | gap ms 33.47 | under 0 fill 465 | copy 2435 cy/line 34.93 Mcy/s | synth 3018 cy/pump 43.28 Mcy/s 1803 cy/sample | tri 570 px 11775 part 115 ch 8 | AHASH s=6624000 c64f2443
PROF T t=276 ph=18 the colossus frames=30 | clear=44216 sky=549014 floor=1289465 scene=3037902 flat=117514 gouraud=0 chrome=404278 texture=1689611 furnace=0 embers=127751 bloom=0 veil=162156 titles=280415 fade=225 | setup=826496 total=5491148
PHRASE t=276.4 bar=144 ph=19 coda | render ms 16.78/17.59/21.66 | fps 29.8 | hold 2 miss 0 late 459 | gap ms 33.47 | under 0 fill 465 | copy 2435 cy/line 34.92 Mcy/s | synth 3013 cy/pump 43.22 Mcy/s 1800 cy/sample | tri 570 px 11758 part 64 ch 9 | AHASH s=6624000 c64f2443
PROF PHRASE t=276 ph=19 coda frames=459 | clear=44223 sky=544733 floor=1288746 scene=3033481 flat=117530 gouraud=0 chrome=403353 texture=1686342 furnace=0 embers=125351 bloom=0 veil=35925 titles=175790 fade=225 | setup=826254 total=5248477
T t=277.1 bar=144 ph=19 coda | render ms 16.88/20.10/21.66 | fps 29.8 | hold 2 miss 0 late 30 | gap ms 33.47 | under 0 fill 465 | copy 2442 cy/line 35.03 Mcy/s | synth 3015 cy/pump 43.24 Mcy/s 1802 cy/sample | tri 570 px 11778 part 64 ch 9 | AHASH s=6648000 cb7a3c0a
PROF T t=277 ph=19 coda frames=30 | clear=44376 sky=543667 floor=1288889 scene=3030960 flat=117543 gouraud=0 chrome=403284 texture=1684972 furnace=0 embers=88330 bloom=0 veil=867810 titles=139186 fade=222 | setup=825159 total=6003443
T t=278.1 bar=144 ph=19 coda | render ms 16.89/16.93/16.99 | fps 29.8 | hold 2 miss 0 late 30 | gap ms 33.47 | under 0 fill 465 | copy 2434 cy/line 34.91 Mcy/s | synth 3007 cy/pump 43.12 Mcy/s 1797 cy/sample | tri 570 px 11764 part 64 ch 9 | AHASH s=6672000 1b3cb947
PROF T t=278 ph=19 coda frames=30 | clear=44154 sky=540801 floor=1287396 scene=3029101 flat=117569 gouraud=0 chrome=402760 texture=1683971 furnace=0 embers=71480 bloom=0 veil=881 titles=78051 fade=223 | setup=824800 total=5052089
T t=279.1 bar=145 ph=19 coda | render ms 16.88/16.92/16.99 | fps 29.8 | hold 2 miss 0 late 30 | gap ms 33.47 | under 0 fill 465 | copy 2434 cy/line 34.91 Mcy/s | synth 3008 cy/pump 43.14 Mcy/s 1797 cy/sample | tri 570 px 11764 part 64 ch 9 | AHASH s=6696000 c33b0199
PROF T t=279 ph=19 coda frames=30 | clear=44166 sky=540697 floor=1287298 scene=3026741 flat=117532 gouraud=0 chrome=401339 texture=1683751 furnace=0 embers=70537 bloom=0 veil=877 titles=78151 fade=226 | setup=824117 total=5048697
T t=280.1 bar=145 ph=19 coda | render ms 16.88/16.92/16.97 | fps 29.8 | hold 2 miss 0 late 30 | gap ms 33.47 | under 0 fill 465 | copy 2434 cy/line 34.91 Mcy/s | synth 3007 cy/pump 43.12 Mcy/s 1796 cy/sample | tri 570 px 11766 part 64 ch 9 | AHASH s=6720000 24c69270
PROF T t=280 ph=19 coda frames=30 | clear=44163 sky=540279 floor=1287578 scene=3030123 flat=117542 gouraud=0 chrome=402789 texture=1683397 furnace=0 embers=68491 bloom=0 veil=881 titles=77879 fade=230 | setup=826393 total=5049628
T t=281.1 bar=146 ph=19 coda | render ms 16.89/16.93/16.97 | fps 29.8 | hold 2 miss 0 late 30 | gap ms 33.47 | under 0 fill 465 | copy 2434 cy/line 34.91 Mcy/s | synth 3006 cy/pump 43.12 Mcy/s 1796 cy/sample | tri 570 px 11765 part 64 ch 9 | AHASH s=6744000 a7bea33b
PROF T t=281 ph=19 coda frames=30 | clear=44179 sky=540201 floor=1287574 scene=3030843 flat=117533 gouraud=0 chrome=402265 texture=1684580 furnace=0 embers=68967 bloom=0 veil=877 titles=78249 fade=234 | setup=826464 total=5051129
T t=282.1 bar=146 ph=19 coda | render ms 16.88/16.93/16.97 | fps 29.8 | hold 2 miss 0 late 30 | gap ms 33.47 | under 0 fill 465 | copy 2434 cy/line 34.91 Mcy/s | synth 3008 cy/pump 43.14 Mcy/s 1797 cy/sample | tri 570 px 11762 part 64 ch 9 | AHASH s=6768000 5f3af91b
PROF T t=282 ph=19 coda frames=30 | clear=44194 sky=540182 floor=1287612 scene=3028447 flat=117532 gouraud=0 chrome=401423 texture=1684837 furnace=0 embers=71352 bloom=0 veil=881 titles=77967 fade=231 | setup=824653 total=5050871
T t=283.1 bar=147 ph=19 coda | render ms 16.84/16.89/17.04 | fps 29.8 | hold 2 miss 0 late 30 | gap ms 33.47 | under 0 fill 465 | copy 2434 cy/line 34.90 Mcy/s | synth 3008 cy/pump 43.13 Mcy/s 1797 cy/sample | tri 570 px 11776 part 64 ch 9 | AHASH s=6792000 950631a6
PROF T t=283 ph=19 coda frames=30 | clear=44172 sky=539945 floor=1287183 scene=3028313 flat=117551 gouraud=0 chrome=402447 texture=1684520 furnace=0 embers=72268 bloom=0 veil=885 titles=66104 fade=224 | setup=823794 total=5039098
T t=284.1 bar=148 ph=19 coda | render ms 16.83/16.88/16.95 | fps 29.8 | hold 2 miss 0 late 30 | gap ms 33.47 | under 0 fill 465 | copy 2434 cy/line 34.91 Mcy/s | synth 3010 cy/pump 43.16 Mcy/s 1798 cy/sample | tri 562 px 11755 part 64 ch 9 | AHASH s=6816000 147dbfff
PROF T t=284 ph=19 coda frames=30 | clear=44161 sky=540291 floor=1287269 scene=3026561 flat=117515 gouraud=0 chrome=401663 texture=1683111 furnace=0 embers=72827 bloom=0 veil=869 titles=65641 fade=217 | setup=824270 total=5037839
T t=285.1 bar=148 ph=19 coda | render ms 16.79/16.84/16.91 | fps 29.8 | hold 2 miss 0 late 30 | gap ms 33.47 | under 0 fill 465 | copy 2434 cy/line 34.91 Mcy/s | synth 3007 cy/pump 43.12 Mcy/s 1796 cy/sample | tri 562 px 11770 part 64 ch 9 | AHASH s=6840000 00406ffd
PROF T t=285 ph=19 coda frames=30 | clear=44177 sky=540256 floor=1287123 scene=3012395 flat=117530 gouraud=0 chrome=391438 texture=1681383 furnace=0 embers=73194 bloom=0 veil=877 titles=65656 fade=215 | setup=822042 total=5023897
T t=286.2 bar=149 ph=19 coda | render ms 16.71/16.79/16.90 | fps 31.3 | hold 2 miss 0 late 29 | gap ms 33.47 | under 0 fill 465 | copy 2436 cy/line 34.93 Mcy/s | synth 3011 cy/pump 43.19 Mcy/s 1799 cy/sample | tri 538 px 11773 part 64 ch 9 | AHASH s=6864000 6a0d4962
PROF T t=286 ph=19 coda frames=32 | clear=44184 sky=539950 floor=1287257 scene=3000952 flat=117517 gouraud=0 chrome=386880 texture=1673944 furnace=0 embers=71451 bloom=0 veil=878 titles=65640 fade=214 | setup=822610 total=5010530
T t=287.2 bar=149 ph=19 coda | render ms 16.68/16.72/16.77 | fps 39.1 | hold 2 miss 0 late 21 | gap ms 33.47 | under 0 fill 465 | copy 2437 cy/line 34.95 Mcy/s | synth 3027 cy/pump 43.42 Mcy/s 1809 cy/sample | tri 538 px 11762 part 64 ch 9 | AHASH s=6888000 9b63138c
PROF T t=287 ph=19 coda frames=40 | clear=44139 sky=539705 floor=1288010 scene=2979714 flat=117493 gouraud=0 chrome=379714 texture=1661211 furnace=0 embers=69549 bloom=0 veil=890 titles=65651 fade=229 | setup=821295 total=4987889
T t=288.2 bar=150 ph=19 coda | render ms 16.66/16.73/16.79 | fps 36.2 | hold 2 miss 0 late 24 | gap ms 33.47 | under 0 fill 465 | copy 2437 cy/line 34.96 Mcy/s | synth 3018 cy/pump 43.28 Mcy/s 1803 cy/sample | tri 542 px 11754 part 64 ch 9 | AHASH s=6912000 829f894d
PROF T t=288 ph=19 coda frames=37 | clear=44145 sky=539718 floor=1287433 scene=2981856 flat=117468 gouraud=0 chrome=381449 texture=1660981 furnace=0 embers=69986 bloom=0 veil=872 titles=66817 fade=217 | setup=821956 total=4991047
T t=289.2 bar=150 ph=19 coda | render ms 16.68/16.73/16.84 | fps 34.8 | hold 2 miss 0 late 25 | gap ms 33.47 | under 0 fill 465 | copy 2435 cy/line 34.92 Mcy/s | synth 3016 cy/pump 43.26 Mcy/s 1802 cy/sample | tri 538 px 11758 part 64 ch 9 | AHASH s=6936000 1f23e7aa
PROF T t=289 ph=19 coda frames=35 | clear=44196 sky=539903 floor=1287361 scene=2977769 flat=117482 gouraud=0 chrome=379686 texture=1659541 furnace=0 embers=71346 bloom=0 veil=887 titles=70319 fade=225 | setup=821059 total=4992010
T t=290.2 bar=151 ph=19 coda | render ms 16.69/16.73/16.82 | fps 34.2 | hold 2 miss 0 late 26 | gap ms 33.47 | under 0 fill 465 | copy 2436 cy/line 34.94 Mcy/s | synth 3015 cy/pump 43.23 Mcy/s 1801 cy/sample | tri 538 px 11767 part 64 ch 9 | AHASH s=6960000 2faf33e5
PROF T t=290 ph=19 coda frames=35 | clear=44181 sky=539766 floor=1287817 scene=2978394 flat=117486 gouraud=0 chrome=380420 texture=1660296 furnace=0 embers=71417 bloom=0 veil=882 titles=70299 fade=220 | setup=820191 total=4992980
T t=291.2 bar=151 ph=19 coda | render ms 16.67/16.72/16.84 | fps 37.8 | hold 2 miss 0 late 22 | gap ms 33.47 | under 0 fill 465 | copy 2437 cy/line 34.95 Mcy/s | synth 3020 cy/pump 43.31 Mcy/s 1804 cy/sample | tri 538 px 11746 part 64 ch 9 | AHASH s=6984000 c239b3d9
PROF T t=291 ph=19 coda frames=38 | clear=44141 sky=539944 floor=1287690 scene=2975302 flat=117467 gouraud=0 chrome=380873 texture=1658102 furnace=0 embers=71232 bloom=0 veil=880 titles=70336 fade=220 | setup=818859 total=4989748
PHRASE t=291.8 bar=152 ph=20 coda | render ms 16.66/16.92/20.79 | fps 32.5 | hold 2 miss 0 late 418 | gap ms 33.47 | under 0 fill 465 | copy 2435 cy/line 34.93 Mcy/s | synth 3013 cy/pump 43.20 Mcy/s 1800 cy/sample | tri 538 px 11746 part 64 ch 9 | AHASH s=6984000 c239b3d9
PROF PHRASE t=291 ph=20 coda frames=500 | clear=44176 sky=540112 floor=1287531 scene=3004923 flat=117513 gouraud=0 chrome=391480 texture=1673181 furnace=0 embers=70986 bloom=0 veil=30402 titles=71211 fade=223 | setup=822747 total=5049568
T t=292.2 bar=152 ph=20 coda | render ms 16.68/16.73/16.81 | fps 39.8 | hold 2 miss 0 late 20 | gap ms 33.47 | under 0 fill 465 | copy 2439 cy/line 34.98 Mcy/s | synth 3026 cy/pump 43.39 Mcy/s 1808 cy/sample | tri 538 px 11752 part 64 ch 9 | AHASH s=7008000 704099c2
PROF T t=292 ph=20 coda frames=40 | clear=44259 sky=540234 floor=1287467 scene=2976358 flat=117483 gouraud=0 chrome=380229 texture=1658947 furnace=0 embers=70582 bloom=0 veil=878 titles=70424 fade=225 | setup=819698 total=4990429
T t=293.2 bar=152 ph=20 coda | render ms 16.68/16.73/16.81 | fps 36.8 | hold 2 miss 0 late 23 | gap ms 33.47 | under 0 fill 465 | copy 2435 cy/line 34.92 Mcy/s | synth 3020 cy/pump 43.32 Mcy/s 1805 cy/sample | tri 538 px 11767 part 64 ch 9 | AHASH s=7032000 995b0358
PROF T t=293 ph=20 coda frames=37 | clear=44145 sky=540080 floor=1287546 scene=2976513 flat=117450 gouraud=0 chrome=379134 texture=1660564 furnace=0 embers=71060 bloom=0 veil=877 titles=70336 fade=218 | setup=819363 total=4990779
T t=294.2 bar=153 ph=20 coda | render ms 16.66/16.75/16.83 | fps 35.8 | hold 2 miss 0 late 24 | gap ms 33.47 | under 0 fill 465 | copy 2438 cy/line 34.97 Mcy/s | synth 3020 cy/pump 43.31 Mcy/s 1804 cy/sample | tri 550 px 11762 part 64 ch 9 | AHASH s=7056000 2f66bfb1
PROF T t=294 ph=20 coda frames=36 | clear=44186 sky=539467 floor=1288169 scene=2989360 flat=117491 gouraud=0 chrome=383082 texture=1668443 furnace=0 embers=71791 bloom=0 veil=883 titles=62243 fade=220 | setup=820344 total=4996323
T t=295.3 bar=153 ph=20 coda | render ms 16.70/16.74/16.81 | fps 32.8 | hold 2 miss 0 late 27 | gap ms 33.47 | under 0 fill 465 | copy 2436 cy/line 34.93 Mcy/s | synth 3013 cy/pump 43.21 Mcy/s 1800 cy/sample | tri 550 px 11768 part 64 ch 9 | AHASH s=7080000 e194e682
PROF T t=295 ph=20 coda frames=33 | clear=44155 sky=539339 floor=1287809 scene=2993039 flat=117467 gouraud=0 chrome=384423 texture=1670272 furnace=0 embers=72059 bloom=0 veil=882 titles=57053 fade=224 | setup=820876 total=4994565
T t=296.3 bar=154 ph=20 coda | render ms 16.66/16.71/16.84 | fps 43.8 | hold 2 miss 0 late 16 | gap ms 33.47 | under 0 fill 465 | copy 2449 cy/line 35.12 Mcy/s | synth 2972 cy/pump 42.62 Mcy/s 1776 cy/sample | tri 538 px 11760 part 64 ch 9 | AHASH s=7104000 564c453e
PROF T t=296 ph=20 coda frames=44 | clear=44121 sky=539268 floor=1287862 scene=2984185 flat=117513 gouraud=0 chrome=381189 texture=1664427 furnace=0 embers=72522 bloom=0 veil=879 titles=57017 fade=224 | setup=821055 total=4986082
T t=297.3 bar=154 ph=20 coda | render ms 16.66/16.70/16.78 | fps 45.8 | hold 2 miss 0 late 14 | gap ms 33.47 | under 0 fill 465 | copy 2464 cy/line 35.33 Mcy/s | synth 2718 cy/pump 38.97 Mcy/s 1624 cy/sample | tri 538 px 11765 part 64 ch 9 | AHASH s=7128000 eb476912
PROF T t=297 ph=20 coda frames=46 | clear=44139 sky=539489 floor=1287476 scene=2982366 flat=117511 gouraud=0 chrome=380571 texture=1663722 furnace=0 embers=72373 bloom=0 veil=862 titles=57025 fade=216 | setup=820561 total=4983949
T t=298.3 bar=155 ph=20 coda | render ms 16.65/16.70/16.80 | fps 49.7 | hold 2 miss 0 late 10 | gap ms 33.47 | under 0 fill 465 | copy 2470 cy/line 35.42 Mcy/s | synth 2727 cy/pump 39.10 Mcy/s 1629 cy/sample | tri 538 px 11749 part 64 ch 9 | AHASH s=7152000 94ebcd29
PROF T t=298 ph=20 coda frames=50 | clear=44157 sky=539342 floor=1287665 scene=2979973 flat=117474 gouraud=0 chrome=379450 texture=1662674 furnace=0 embers=72511 bloom=0 veil=864 titles=57064 fade=221 | setup=820373 total=4981800
T t=299.3 bar=155 ph=20 coda | render ms 16.65/16.69/16.82 | fps 54.7 | hold 2 miss 0 late 5 | gap ms 33.47 | under 0 fill 465 | copy 2477 cy/line 35.52 Mcy/s | synth 2737 cy/pump 39.25 Mcy/s 1635 cy/sample | tri 538 px 11744 part 64 ch 9 | AHASH s=7176000 688e80ce
PROF T t=299 ph=20 coda frames=55 | clear=44130 sky=539328 floor=1287445 scene=2978455 flat=117485 gouraud=0 chrome=379969 texture=1660373 furnace=0 embers=72388 bloom=0 veil=882 titles=57061 fade=220 | setup=820627 total=4979914
T t=300.3 bar=156 ph=20 coda | render ms 16.67/17.06/17.26 | fps 34.2 | hold 2 miss 0 late 26 | gap ms 33.47 | under 0 fill 465 | copy 2458 cy/line 35.26 Mcy/s | synth 2697 cy/pump 38.67 Mcy/s 1611 cy/sample | tri 542 px 11730 part 64 ch 9 | AHASH s=7200000 595bd6d6
PROF T t=300 ph=20 coda frames=35 | clear=44208 sky=542667 floor=1288619 scene=2983238 flat=117509 gouraud=0 chrome=381925 texture=1662182 furnace=0 embers=71805 bloom=0 veil=873 titles=159738 fade=221 | setup=821620 total=5091372
T t=301.3 bar=156 ph=20 coda | render ms 17.20/17.23/17.30 | fps 29.8 | hold 2 miss 0 late 30 | gap ms 33.47 | under 0 fill 465 | copy 2446 cy/line 35.08 Mcy/s | synth 2514 cy/pump 36.05 Mcy/s 1502 cy/sample | tri 546 px 11748 part 64 ch 9 | AHASH s=7224000 9b690296
PROF T t=301 ph=20 coda frames=30 | clear=44210 sky=544344 floor=1288327 scene=2993256 flat=117530 gouraud=0 chrome=389379 texture=1662188 furnace=0 embers=70755 bloom=0 veil=870 titles=200742 fade=225 | setup=824158 total=5142734
T t=302.3 bar=157 ph=20 coda | render ms 17.20/17.24/17.30 | fps 29.8 | hold 2 miss 0 late 30 | gap ms 33.47 | under 0 fill 465 | copy 2435 cy/line 34.92 Mcy/s | synth 2263 cy/pump 32.45 Mcy/s 1352 cy/sample | tri 546 px 11750 part 64 ch 9 | AHASH s=7248000 06c26f09
PROF T t=302 ph=20 coda frames=30 | clear=44229 sky=544483 floor=1287718 scene=2997392 flat=117551 gouraud=0 chrome=392233 texture=1663360 furnace=0 embers=69603 bloom=0 veil=869 titles=200902 fade=230 | setup=824247 total=5145430
T t=303.3 bar=157 ph=20 coda | render ms 17.20/17.24/17.34 | fps 29.8 | hold 2 miss 0 late 30 | gap ms 33.47 | under 0 fill 465 | copy 2436 cy/line 34.93 Mcy/s | synth 2262 cy/pump 32.44 Mcy/s 1351 cy/sample | tri 546 px 11747 part 64 ch 9 | AHASH s=7272000 59a672b8
PROF T t=303 ph=20 coda frames=30 | clear=44200 sky=544335 floor=1287946 scene=2995854 flat=117514 gouraud=0 chrome=392024 texture=1662726 furnace=0 embers=70586 bloom=0 veil=881 titles=201116 fade=224 | setup=823588 total=5145144
T t=304.3 bar=158 ph=20 coda | render ms 17.20/17.24/17.31 | fps 29.8 | hold 2 miss 0 late 30 | gap ms 33.47 | under 0 fill 465 | copy 2436 cy/line 34.93 Mcy/s | synth 2262 cy/pump 32.44 Mcy/s 1351 cy/sample | tri 546 px 11733 part 64 ch 9 | AHASH s=7296000 1cf1f220
PROF T t=304 ph=20 coda frames=30 | clear=44203 sky=544457 floor=1287802 scene=2994838 flat=117526 gouraud=0 chrome=392626 texture=1661931 furnace=0 embers=71685 bloom=0 veil=877 titles=200909 fade=223 | setup=822753 total=5144997
T t=305.3 bar=159 ph=20 coda | render ms 17.20/17.71/21.98 | fps 29.8 | hold 2 miss 0 late 30 | gap ms 33.47 | under 0 fill 465 | copy 2437 cy/line 34.95 Mcy/s | synth 2263 cy/pump 32.45 Mcy/s 1352 cy/sample | tri 546 px 11737 part 64 ch 9 | AHASH s=7320000 1c41b916
PROF T t=305 ph=20 coda frames=30 | clear=44223 sky=544665 floor=1288217 scene=2992414 flat=117538 gouraud=0 chrome=392623 texture=1660717 furnace=0 embers=72096 bloom=0 veil=873 titles=201268 fade=140773 | setup=821535 total=5284532
T t=306.3 bar=159 ph=20 coda | render ms 21.87/21.93/22.08 | fps 29.8 | hold 2 miss 0 late 30 | gap ms 33.47 | under 0 fill 465 | copy 2456 cy/line 35.22 Mcy/s | synth 2267 cy/pump 32.52 Mcy/s 1355 cy/sample | tri 546 px 11739 part 64 ch 9 | AHASH s=7344000 024e2125
PROF T t=306 ph=20 coda frames=30 | clear=44234 sky=544405 floor=1288294 scene=2993110 flat=117480 gouraud=0 chrome=392537 texture=1662064 furnace=0 embers=73142 bloom=0 veil=877 titles=200762 fade=1407692 | setup=821027 total=6552517
PHRASE t=307.1 bar=159 ph=20 coda | render ms 16.65/17.42/22.08 | fps 36.3 | hold 2 miss 0 late 359 | gap ms 33.47 | under 0 fill 465 | copy 2448 cy/line 35.11 Mcy/s | synth 2616 cy/pump 37.51 Mcy/s 1563 cy/sample | tri 546 px 11737 part 64 ch 9 | AHASH s=7368000 cc1dbcdf
PROF PHRASE t=307 ph=20 coda frames=558 | clear=44183 sky=541542 floor=1287863 scene=2986873 flat=117505 gouraud=0 chrome=384989 texture=1662996 furnace=0 embers=71824 bloom=0 veil=875 titles=117981 fade=146521 | setup=821381 total=5197665
DONE frames=15791 render_max_us=24483 gap_max_us=33473 miss=0 late=2567 under=0 min_fill=465 copy_worst_cy=3231 pump_worst_cy=98890 vsyncs=18362 heap_free=36864 peak=29914
