
=== COLOSSUS / LATENT / 2026 === sys_clk=300000000
BOOT heap_region=61560 heap_free=61560 ballast=0 total_samples=7372800 bars=160
BOOT heap_free_after_init=61560
BOOT heap_free_after_video=49152 scanout_lines=240
T t=0.9 bar=0 ph=1 overture | render ms 46.84/46.88/46.92 | fps 19.9 | hold 3 miss 20 late 20 | gap ms 50.23 | under 0 fill 465 | copy 2359 cy/line 34.40 Mcy/s | synth 2217 cy/pump 31.80 Mcy/s 1325 cy/sample | tri 0 px 0 part 66 ch 0 | AHASH s=24000 45de1a0f
PROF T t=0 ph=1 overture frames=20 | clear=44194 sky=11537973 floor=0 scene=7075 flat=0 gouraud=0 chrome=0 texture=0 furnace=0 embers=78911 bloom=0 veil=1655 titles=501495 fade=1853144 | setup=7075 total=14024450
T t=1.9 bar=1 ph=1 overture | render ms 40.70/46.58/47.04 | fps 19.9 | hold 3 miss 20 late 20 | gap ms 50.20 | under 0 fill 465 | copy 2359 cy/line 33.84 Mcy/s | synth 2219 cy/pump 31.82 Mcy/s 1326 cy/sample | tri 0 px 0 part 66 ch 0 | AHASH s=48000 a2fc1ab4
PROF T t=1 ph=1 overture frames=20 | clear=44348 sky=11538398 floor=0 scene=7182 flat=0 gouraud=0 chrome=0 texture=0 furnace=0 embers=80312 bloom=0 veil=1644 titles=502457 fade=1761263 | setup=7182 total=13935606
T t=2.9 bar=1 ph=1 overture | render ms 40.68/40.71/40.84 | fps 19.9 | hold 3 miss 20 late 20 | gap ms 50.20 | under 0 fill 465 | copy 2374 cy/line 34.05 Mcy/s | synth 2219 cy/pump 31.82 Mcy/s 1326 cy/sample | tri 0 px 0 part 66 ch 0 | AHASH s=72000 27282b38
PROF T t=2 ph=1 overture frames=20 | clear=44429 sky=11538456 floor=0 scene=7732 flat=0 gouraud=0 chrome=0 texture=0 furnace=0 embers=80137 bloom=0 veil=1654 titles=502279 fade=432 | setup=7732 total=12175122
T t=3.9 bar=2 ph=1 overture | render ms 40.69/40.71/40.83 | fps 19.9 | hold 3 miss 20 late 20 | gap ms 50.20 | under 0 fill 465 | copy 2377 cy/line 34.09 Mcy/s | synth 2277 cy/pump 32.66 Mcy/s 1360 cy/sample | tri 0 px 0 part 67 ch 0 | AHASH s=96000 7defff26
PROF T t=3 ph=1 overture frames=20 | clear=44337 sky=11538141 floor=0 scene=8021 flat=0 gouraud=0 chrome=0 texture=0 furnace=0 embers=80883 bloom=0 veil=1667 titles=502281 fade=442 | setup=8021 total=12175775
T t=4.9 bar=2 ph=1 overture | render ms 40.70/40.72/40.86 | fps 19.9 | hold 3 miss 20 late 20 | gap ms 50.20 | under 0 fill 465 | copy 2389 cy/line 34.26 Mcy/s | synth 2514 cy/pump 36.06 Mcy/s 1502 cy/sample | tri 0 px 0 part 67 ch 0 | AHASH s=120000 586f7958
PROF T t=4 ph=1 overture frames=20 | clear=44308 sky=11539955 floor=0 scene=8028 flat=0 gouraud=0 chrome=0 texture=0 furnace=0 embers=82280 bloom=0 veil=1656 titles=501623 fade=444 | setup=8028 total=12178297
T t=5.9 bar=3 ph=1 overture | render ms 40.69/40.72/40.85 | fps 19.9 | hold 3 miss 20 late 20 | gap ms 50.20 | under 0 fill 465 | copy 2389 cy/line 34.26 Mcy/s | synth 2517 cy/pump 36.10 Mcy/s 1504 cy/sample | tri 0 px 0 part 68 ch 0 | AHASH s=144000 3f1c7235
PROF T t=5 ph=1 overture frames=20 | clear=44343 sky=11539637 floor=0 scene=8089 flat=0 gouraud=0 chrome=0 texture=0 furnace=0 embers=81873 bloom=0 veil=1640 titles=501818 fade=437 | setup=8089 total=12177839
T t=6.9 bar=3 ph=1 overture | render ms 40.68/40.72/40.84 | fps 19.9 | hold 3 miss 20 late 20 | gap ms 50.20 | under 0 fill 465 | copy 2390 cy/line 34.27 Mcy/s | synth 2516 cy/pump 36.09 Mcy/s 1503 cy/sample | tri 0 px 0 part 68 ch 0 | AHASH s=168000 9f2cdd11
PROF T t=6 ph=1 overture frames=20 | clear=44408 sky=11539476 floor=0 scene=7919 flat=0 gouraud=0 chrome=0 texture=0 furnace=0 embers=81338 bloom=0 veil=1640 titles=501630 fade=444 | setup=7919 total=12176859
T t=7.9 bar=4 ph=1 overture | render ms 40.69/40.72/40.85 | fps 19.9 | hold 3 miss 20 late 20 | gap ms 50.20 | under 0 fill 465 | copy 2383 cy/line 34.18 Mcy/s | synth 2681 cy/pump 38.45 Mcy/s 1602 cy/sample | tri 0 px 0 part 69 ch 0 | AHASH s=192000 cbe11e82
PROF T t=7 ph=1 overture frames=20 | clear=44352 sky=11539350 floor=0 scene=8099 flat=0 gouraud=0 chrome=0 texture=0 furnace=0 embers=82048 bloom=0 veil=1660 titles=501644 fade=444 | setup=8099 total=12177599
T t=8.9 bar=4 ph=1 overture | render ms 40.69/40.73/40.86 | fps 19.9 | hold 3 miss 20 late 20 | gap ms 50.20 | under 0 fill 465 | copy 2374 cy/line 34.05 Mcy/s | synth 2957 cy/pump 42.41 Mcy/s 1767 cy/sample | tri 0 px 0 part 69 ch 0 | AHASH s=216000 e3ba8e4b
PROF T t=8 ph=1 overture frames=20 | clear=44385 sky=11538156 floor=0 scene=7895 flat=0 gouraud=0 chrome=0 texture=0 furnace=0 embers=84179 bloom=0 veil=1634 titles=502355 fade=444 | setup=7895 total=12179050
T t=9.9 bar=5 ph=1 overture | render ms 40.69/40.87/41.09 | fps 19.9 | hold 3 miss 20 late 20 | gap ms 50.21 | under 0 fill 465 | copy 2374 cy/line 34.05 Mcy/s | synth 2958 cy/pump 42.43 Mcy/s 1768 cy/sample | tri 4 px 173 part 70 ch 0 | AHASH s=240000 67cd6e7a
PROF T t=9 ph=1 overture frames=20 | clear=44373 sky=11543292 floor=0 scene=42753 flat=0 gouraud=0 chrome=0 texture=26809 furnace=0 embers=83960 bloom=0 veil=1686 titles=504440 fade=443 | setup=15943 total=12220948
T t=10.9 bar=5 ph=1 overture | render ms 41.04/41.08/41.18 | fps 19.9 | hold 3 miss 20 late 20 | gap ms 50.20 | under 0 fill 465 | copy 2374 cy/line 34.04 Mcy/s | synth 2963 cy/pump 42.49 Mcy/s 1770 cy/sample | tri 4 px 173 part 70 ch 0 | AHASH s=264000 893f3166
PROF T t=10 ph=1 overture frames=20 | clear=44369 sky=11551933 floor=0 scene=94532 flat=0 gouraud=0 chrome=0 texture=66808 furnace=0 embers=83694 bloom=0 veil=1684 titles=508678 fade=445 | setup=27724 total=12285338
T t=12.0 bar=6 ph=1 overture | render ms 41.06/41.09/41.17 | fps 19.9 | hold 3 miss 20 late 20 | gap ms 50.20 | under 0 fill 465 | copy 2373 cy/line 34.04 Mcy/s | synth 2963 cy/pump 42.49 Mcy/s 1770 cy/sample | tri 4 px 173 part 71 ch 0 | AHASH s=288000 6e17375a
PROF T t=12 ph=1 overture frames=20 | clear=44354 sky=11551572 floor=0 scene=94947 flat=0 gouraud=0 chrome=0 texture=67166 furnace=0 embers=84633 bloom=0 veil=1688 titles=508944 fade=446 | setup=27781 total=12286587
T t=13.0 bar=6 ph=1 overture | render ms 41.06/41.08/41.18 | fps 19.9 | hold 3 miss 20 late 20 | gap ms 50.21 | under 0 fill 465 | copy 2374 cy/line 34.04 Mcy/s | synth 2965 cy/pump 42.51 Mcy/s 1771 cy/sample | tri 4 px 173 part 71 ch 0 | AHASH s=312000 c2bd4215
PROF T t=13 ph=1 overture frames=20 | clear=44322 sky=11552212 floor=0 scene=95117 flat=0 gouraud=0 chrome=0 texture=67444 furnace=0 embers=83579 bloom=0 veil=1672 titles=508677 fade=442 | setup=27672 total=12286023
T t=13.9 bar=7 ph=1 overture | render ms 41.06/44.14/70.07 | fps 18.6 | hold 5 miss 19 late 19 | gap ms 83.68 | under 0 fill 465 | copy 2373 cy/line 34.04 Mcy/s | synth 2961 cy/pump 42.46 Mcy/s 1769 cy/sample | tri 8 px 173 part 72 ch 0 | AHASH s=336000 1968032c
PROF T t=13 ph=1 overture frames=19 | clear=44356 sky=11553298 floor=0 scene=95099 flat=0 gouraud=0 chrome=0 texture=74047 furnace=0 embers=84432 bloom=0 veil=915866 titles=509033 fade=445 | setup=21051 total=13202533
T t=14.9 bar=7 ph=1 overture | render ms 70.50/71.26/72.02 | fps 11.9 | hold 5 miss 12 late 12 | gap ms 83.68 | under 0 fill 465 | copy 2368 cy/line 33.96 Mcy/s | synth 2956 cy/pump 42.39 Mcy/s 1766 cy/sample | tri 8 px 7373 part 72 ch 0 | AHASH s=360000 e3a69d4c
PROF T t=14 ph=1 overture frames=12 | clear=44515 sky=11557245 floor=0 scene=94779 flat=0 gouraud=0 chrome=0 texture=487642 furnace=0 embers=85786 bloom=0 veil=9045302 titles=510877 fade=444 | setup=0 total=21338951
PHRASE t=15.4 bar=8 ph=2 the plain | render ms 40.68/43.69/96.18 | fps 19.0 | hold 6 miss 296 late 296 | gap ms 100.41 | under 0 fill 465 | copy 2375 cy/line 34.06 Mcy/s | synth 2667 cy/pump 38.25 Mcy/s 1594 cy/sample | tri 74 px 11634 part 75 ch 1 | AHASH s=360000 e3a69d4c
PROF PHRASE t=15 ph=2 the plain frames=296 | clear=44363 sky=11525928 floor=42201 scene=40175 flat=0 gouraud=0 chrome=82 texture=54409 furnace=0 embers=82505 bloom=0 veil=584639 titles=502770 fade=244600 | setup=0 total=13067184
T t=16.0 bar=8 ph=2 the plain | render ms 72.23/87.29/96.18 | fps 10.6 | hold 6 miss 11 late 11 | gap ms 100.41 | under 0 fill 465 | copy 2359 cy/line 33.83 Mcy/s | synth 2953 cy/pump 42.35 Mcy/s 1764 cy/sample | tri 74 px 8269 part 75 ch 1 | AHASH s=384000 d7159f11
PROF T t=16 ph=2 the plain frames=11 | clear=44789 sky=8182277 floor=7946533 scene=427009 flat=0 gouraud=0 chrome=15376 texture=961807 furnace=0 embers=87925 bloom=0 veil=9269771 titles=187156 fade=451 | setup=0 total=26145914
T t=17.0 bar=8 ph=2 the plain | render ms 65.14/86.63/95.42 | fps 10.9 | hold 6 miss 11 late 11 | gap ms 100.41 | under 0 fill 465 | copy 2356 cy/line 33.78 Mcy/s | synth 2955 cy/pump 42.38 Mcy/s 1765 cy/sample | tri 70 px 2986 part 75 ch 1 | AHASH s=408000 61dc6c0f
PROF T t=17 ph=2 the plain frames=11 | clear=44570 sky=6246198 floor=12488354 scene=615020 flat=0 gouraud=0 chrome=24099 texture=632303 furnace=0 embers=89504 bloom=0 veil=6448424 titles=15244 fade=435 | setup=0 total=25947751
T t=18.0 bar=9 ph=2 the plain | render ms 65.13/65.17/65.25 | fps 14.9 | hold 4 miss 15 late 15 | gap ms 66.94 | under 0 fill 465 | copy 2352 cy/line 33.73 Mcy/s | synth 2961 cy/pump 42.46 Mcy/s 1769 cy/sample | tri 70 px 3001 part 75 ch 1 | AHASH s=432000 2e15854e
PROF T t=18 ph=2 the plain frames=15 | clear=44402 sky=6245944 floor=12487402 scene=612614 flat=0 gouraud=0 chrome=24080 texture=455963 furnace=0 embers=89208 bloom=0 veil=1665 titles=27030 fade=441 | setup=132571 total=19508711
T t=19.0 bar=9 ph=2 the plain | render ms 65.14/65.17/65.26 | fps 14.9 | hold 4 miss 15 late 15 | gap ms 66.94 | under 0 fill 465 | copy 2352 cy/line 33.73 Mcy/s | synth 2961 cy/pump 42.47 Mcy/s 1769 cy/sample | tri 70 px 2994 part 75 ch 1 | AHASH s=456000 0fee5aae
PROF T t=19 ph=2 the plain frames=15 | clear=44369 sky=6244977 floor=12487797 scene=615898 flat=0 gouraud=0 chrome=24085 texture=457654 furnace=0 embers=89654 bloom=0 veil=1668 titles=26861 fade=441 | setup=134157 total=19511666
T t=20.0 bar=10 ph=2 the plain | render ms 65.14/65.17/65.26 | fps 14.9 | hold 4 miss 15 late 15 | gap ms 66.94 | under 0 fill 465 | copy 2352 cy/line 33.73 Mcy/s | synth 2960 cy/pump 42.45 Mcy/s 1769 cy/sample | tri 70 px 3004 part 75 ch 1 | AHASH s=480000 024f13e5
PROF T t=20 ph=2 the plain frames=15 | clear=44439 sky=6245828 floor=12487845 scene=615776 flat=0 gouraud=0 chrome=23813 texture=456495 furnace=0 embers=87397 bloom=0 veil=1658 titles=27212 fade=420 | setup=135467 total=19510579
T t=21.0 bar=10 ph=2 the plain | render ms 65.15/65.18/65.29 | fps 14.9 | hold 4 miss 15 late 15 | gap ms 66.94 | under 0 fill 465 | copy 2352 cy/line 33.73 Mcy/s | synth 2961 cy/pump 42.46 Mcy/s 1769 cy/sample | tri 70 px 3005 part 75 ch 1 | AHASH s=504000 6bc4f7f9
PROF T t=21 ph=2 the plain frames=15 | clear=44506 sky=6246060 floor=12488159 scene=616290 flat=0 gouraud=0 chrome=23966 texture=458283 furnace=0 embers=87324 bloom=0 veil=1713 titles=27146 fade=443 | setup=134039 total=19511643
T t=22.0 bar=11 ph=2 the plain | render ms 65.13/65.17/65.25 | fps 14.9 | hold 4 miss 15 late 15 | gap ms 66.94 | under 0 fill 465 | copy 2352 cy/line 33.73 Mcy/s | synth 2960 cy/pump 42.45 Mcy/s 1769 cy/sample | tri 70 px 3027 part 76 ch 1 | AHASH s=528000 6c7867f1
PROF T t=22 ph=2 the plain frames=15 | clear=44308 sky=6245471 floor=12487690 scene=615750 flat=0 gouraud=0 chrome=24037 texture=459244 furnace=0 embers=88666 bloom=0 veil=1703 titles=27042 fade=438 | setup=132469 total=19511072
T t=23.0 bar=12 ph=2 the plain | render ms 65.15/65.18/65.29 | fps 14.9 | hold 4 miss 15 late 15 | gap ms 66.94 | under 0 fill 465 | copy 2352 cy/line 33.73 Mcy/s | synth 2961 cy/pump 42.47 Mcy/s 1769 cy/sample | tri 70 px 3031 part 77 ch 1 | AHASH s=552000 4c4ba436
PROF T t=23 ph=2 the plain frames=15 | clear=44440 sky=6246375 floor=12488004 scene=615304 flat=0 gouraud=0 chrome=23987 texture=458365 furnace=0 embers=90507 bloom=0 veil=1683 titles=27191 fade=429 | setup=132952 total=19513937
T t=24.0 bar=12 ph=2 the plain | render ms 65.13/65.20/65.24 | fps 14.9 | hold 4 miss 15 late 15 | gap ms 66.94 | under 0 fill 465 | copy 2352 cy/line 33.73 Mcy/s | synth 2960 cy/pump 42.45 Mcy/s 1768 cy/sample | tri 70 px 3061 part 77 ch 1 | AHASH s=576000 dd9eff28
PROF T t=24 ph=2 the plain frames=15 | clear=44424 sky=6246732 floor=12488451 scene=617185 flat=0 gouraud=0 chrome=23794 texture=459794 furnace=0 embers=91994 bloom=0 veil=1657 titles=26994 fade=449 | setup=133595 total=19517888
T t=25.0 bar=13 ph=2 the plain | render ms 65.08/65.19/65.28 | fps 14.9 | hold 4 miss 15 late 15 | gap ms 66.94 | under 0 fill 465 | copy 2352 cy/line 33.73 Mcy/s | synth 2960 cy/pump 42.45 Mcy/s 1768 cy/sample | tri 70 px 3040 part 77 ch 1 | AHASH s=600000 77d6e64d
PROF T t=25 ph=2 the plain frames=15 | clear=44490 sky=6245746 floor=12488947 scene=617920 flat=0 gouraud=0 chrome=23957 texture=460195 furnace=0 embers=92644 bloom=0 veil=1650 titles=23688 fade=443 | setup=133767 total=19515531
T t=26.0 bar=13 ph=2 the plain | render ms 65.08/65.12/65.21 | fps 14.9 | hold 4 miss 15 late 15 | gap ms 66.94 | under 0 fill 465 | copy 2352 cy/line 33.73 Mcy/s | synth 2962 cy/pump 42.47 Mcy/s 1769 cy/sample | tri 70 px 3055 part 77 ch 1 | AHASH s=624000 5b6cb012
PROF T t=26 ph=2 the plain frames=15 | clear=44427 sky=6244085 floor=12488359 scene=620395 flat=0 gouraud=0 chrome=24064 texture=460578 furnace=0 embers=92578 bloom=0 veil=1661 titles=1505 fade=441 | setup=135751 total=19493454
T t=27.0 bar=14 ph=2 the plain | render ms 65.08/65.12/65.19 | fps 14.9 | hold 4 miss 15 late 15 | gap ms 66.94 | under 0 fill 465 | copy 2352 cy/line 33.73 Mcy/s | synth 2959 cy/pump 42.44 Mcy/s 1768 cy/sample | tri 70 px 3081 part 78 ch 1 | AHASH s=648000 6b7bf1ef
PROF T t=27 ph=2 the plain frames=15 | clear=44379 sky=6245656 floor=12487584 scene=621838 flat=0 gouraud=0 chrome=24034 texture=463484 furnace=0 embers=90772 bloom=0 veil=1677 titles=1479 fade=438 | setup=134319 total=19493826
T t=28.1 bar=14 ph=2 the plain | render ms 65.06/65.09/65.17 | fps 14.9 | hold 4 miss 15 late 15 | gap ms 66.94 | under 0 fill 465 | copy 2352 cy/line 33.73 Mcy/s | synth 2961 cy/pump 42.46 Mcy/s 1769 cy/sample | tri 70 px 3067 part 78 ch 1 | AHASH s=672000 ffe2d472
PROF T t=28 ph=2 the plain frames=15 | clear=44361 sky=6243107 floor=12487772 scene=619256 flat=0 gouraud=0 chrome=24188 texture=463164 furnace=0 embers=89277 bloom=0 veil=1684 titles=1429 fade=438 | setup=131903 total=19487328
T t=29.1 bar=15 ph=2 the plain | render ms 65.08/65.12/65.23 | fps 14.9 | hold 4 miss 15 late 15 | gap ms 66.94 | under 0 fill 465 | copy 2352 cy/line 33.73 Mcy/s | synth 2963 cy/pump 42.49 Mcy/s 1770 cy/sample | tri 70 px 3076 part 79 ch 1 | AHASH s=696000 f6db67eb
PROF T t=29 ph=2 the plain frames=15 | clear=44359 sky=6245663 floor=12488066 scene=622386 flat=0 gouraud=0 chrome=24057 texture=464337 furnace=0 embers=89891 bloom=0 veil=1689 titles=1498 fade=425 | setup=133991 total=19493980
T t=30.1 bar=15 ph=2 the plain | render ms 65.10/65.13/65.18 | fps 14.9 | hold 4 miss 15 late 15 | gap ms 66.94 | under 0 fill 465 | copy 2352 cy/line 33.73 Mcy/s | synth 2963 cy/pump 42.49 Mcy/s 1770 cy/sample | tri 70 px 3093 part 79 ch 1 | AHASH s=720000 f5803255
PROF T t=30 ph=2 the plain frames=15 | clear=44245 sky=6245284 floor=12487727 scene=623813 flat=0 gouraud=0 chrome=24079 texture=465355 furnace=0 embers=91984 bloom=0 veil=1691 titles=1474 fade=432 | setup=134378 total=19496654
PHRASE t=30.7 bar=16 ph=3 the plain | render ms 65.06/67.05/96.15 | fps 14.4 | hold 6 miss 222 late 222 | gap ms 100.41 | under 0 fill 465 | copy 2352 cy/line 33.73 Mcy/s | synth 2960 cy/pump 42.45 Mcy/s 1769 cy/sample | tri 70 px 3132 part 82 ch 1 | AHASH s=720000 f5803255
PROF PHRASE t=30 ph=3 the plain frames=222 | clear=44422 sky=6245622 floor=12487989 scene=618103 flat=0 gouraud=0 chrome=24028 texture=484921 furnace=0 embers=90159 bloom=0 veil=570123 titles=15757 fade=437 | setup=109152 total=725917
T t=31.1 bar=16 ph=3 the plain | render ms 65.09/65.13/65.23 | fps 14.9 | hold 4 miss 15 late 15 | gap ms 66.94 | under 0 fill 465 | copy 2352 cy/line 33.73 Mcy/s | synth 2963 cy/pump 42.49 Mcy/s 1770 cy/sample | tri 70 px 3134 part 82 ch 1 | AHASH s=744000 81431960
PROF T t=31 ph=3 the plain frames=15 | clear=44734 sky=6246297 floor=12488400 scene=624197 flat=0 gouraud=0 chrome=24141 texture=466165 furnace=0 embers=92026 bloom=0 veil=1689 titles=1471 fade=437 | setup=133889 total=19499254
T t=32.1 bar=16 ph=3 the plain | render ms 65.10/65.14/65.21 | fps 14.9 | hold 4 miss 15 late 15 | gap ms 66.94 | under 0 fill 465 | copy 2352 cy/line 33.73 Mcy/s | synth 2963 cy/pump 42.49 Mcy/s 1770 cy/sample | tri 70 px 3141 part 82 ch 1 | AHASH s=768000 2e36c2ff
PROF T t=32 ph=3 the plain frames=15 | clear=44280 sky=6246568 floor=12488279 scene=625626 flat=0 gouraud=0 chrome=23941 texture=468004 furnace=0 embers=92083 bloom=0 veil=1684 titles=1441 fade=427 | setup=133681 total=19500390
T t=33.1 bar=17 ph=3 the plain | render ms 65.13/65.16/65.23 | fps 14.9 | hold 4 miss 15 late 15 | gap ms 66.94 | under 0 fill 465 | copy 2352 cy/line 33.73 Mcy/s | synth 2963 cy/pump 42.50 Mcy/s 1771 cy/sample | tri 70 px 3162 part 82 ch 1 | AHASH s=792000 db9f6da3
PROF T t=33 ph=3 the plain frames=15 | clear=44381 sky=6246857 floor=12489462 scene=629350 flat=0 gouraud=0 chrome=23978 texture=470819 furnace=0 embers=92817 bloom=0 veil=1662 titles=1446 fade=437 | setup=134552 total=19506414
T t=34.1 bar=17 ph=3 the plain | render ms 65.12/65.16/65.24 | fps 14.9 | hold 4 miss 15 late 15 | gap ms 66.94 | under 0 fill 465 | copy 2352 cy/line 33.73 Mcy/s | synth 2964 cy/pump 42.51 Mcy/s 1771 cy/sample | tri 70 px 3178 part 82 ch 1 | AHASH s=816000 fe2692d6
PROF T t=34 ph=3 the plain frames=15 | clear=44464 sky=6245397 floor=12487242 scene=630487 flat=0 gouraud=0 chrome=23905 texture=471490 furnace=0 embers=95173 bloom=0 veil=1687 titles=1487 fade=455 | setup=135091 total=19506396
T t=35.1 bar=18 ph=3 the plain | render ms 65.12/65.16/65.23 | fps 14.9 | hold 4 miss 15 late 15 | gap ms 66.94 | under 0 fill 465 | copy 2352 cy/line 33.73 Mcy/s | synth 2962 cy/pump 42.48 Mcy/s 1770 cy/sample | tri 70 px 3192 part 83 ch 1 | AHASH s=840000 c7922fc0
PROF T t=35 ph=3 the plain frames=15 | clear=44451 sky=6246817 floor=12487178 scene=632472 flat=0 gouraud=0 chrome=24083 texture=472700 furnace=0 embers=93533 bloom=0 veil=1673 titles=1420 fade=421 | setup=135688 total=19507969
T t=36.1 bar=18 ph=3 the plain | render ms 65.16/65.19/65.29 | fps 14.9 | hold 4 miss 15 late 15 | gap ms 66.94 | under 0 fill 465 | copy 2352 cy/line 33.73 Mcy/s | synth 2964 cy/pump 42.51 Mcy/s 1771 cy/sample | tri 70 px 3195 part 83 ch 1 | AHASH s=864000 197a6d81
PROF T t=36 ph=3 the plain frames=15 | clear=44424 sky=6246001 floor=12489491 scene=635286 flat=0 gouraud=0 chrome=24033 texture=475080 furnace=0 embers=96652 bloom=0 veil=1676 titles=1488 fade=420 | setup=136172 total=19515442
T t=37.1 bar=19 ph=3 the plain | render ms 65.16/65.19/65.27 | fps 14.9 | hold 4 miss 15 late 15 | gap ms 66.94 | under 0 fill 465 | copy 2352 cy/line 33.73 Mcy/s | synth 2963 cy/pump 42.50 Mcy/s 1770 cy/sample | tri 70 px 3208 part 84 ch 1 | AHASH s=888000 7489a231
PROF T t=37 ph=3 the plain frames=15 | clear=44406 sky=6245556 floor=12488112 scene=633383 flat=0 gouraud=0 chrome=24117 texture=474466 furnace=0 embers=99973 bloom=0 veil=1689 titles=1454 fade=438 | setup=134800 total=19515014
T t=38.1 bar=19 ph=3 the plain | render ms 65.13/65.18/65.23 | fps 14.9 | hold 4 miss 15 late 15 | gap ms 66.94 | under 0 fill 465 | copy 2352 cy/line 33.73 Mcy/s | synth 2963 cy/pump 42.50 Mcy/s 1770 cy/sample | tri 70 px 3218 part 84 ch 1 | AHASH s=912000 f1caa5b0
PROF T t=38 ph=3 the plain frames=15 | clear=44350 sky=6245432 floor=12488202 scene=630982 flat=0 gouraud=0 chrome=24222 texture=472606 furnace=0 embers=99646 bloom=0 veil=1693 titles=1504 fade=433 | setup=134152 total=19512244
T t=39.1 bar=20 ph=3 the plain | render ms 65.16/65.19/65.27 | fps 14.9 | hold 4 miss 15 late 15 | gap ms 66.94 | under 0 fill 465 | copy 2352 cy/line 33.73 Mcy/s | synth 2965 cy/pump 42.52 Mcy/s 1771 cy/sample | tri 70 px 3231 part 86 ch 1 | AHASH s=936000 6502a091
PROF T t=39 ph=3 the plain frames=15 | clear=44470 sky=6245871 floor=12488466 scene=633627 flat=0 gouraud=0 chrome=24221 texture=474749 furnace=0 embers=100716 bloom=0 veil=1662 titles=1584 fade=474 | setup=134657 total=19516873
T t=40.1 bar=20 ph=3 the plain | render ms 65.15/65.19/65.29 | fps 14.9 | hold 4 miss 15 late 15 | gap ms 66.94 | under 0 fill 465 | copy 2352 cy/line 33.73 Mcy/s | synth 2962 cy/pump 42.49 Mcy/s 1770 cy/sample | tri 70 px 3237 part 86 ch 1 | AHASH s=960000 343dd2f7
PROF T t=40 ph=3 the plain frames=15 | clear=44440 sky=6245433 floor=12487554 scene=634444 flat=0 gouraud=0 chrome=24084 texture=475932 furnace=0 embers=100227 bloom=0 veil=1658 titles=1462 fade=448 | setup=134428 total=19515669
T t=41.1 bar=21 ph=3 the plain | render ms 65.16/65.19/65.26 | fps 14.9 | hold 4 miss 15 late 15 | gap ms 66.94 | under 0 fill 465 | copy 2352 cy/line 33.73 Mcy/s | synth 2963 cy/pump 42.50 Mcy/s 1770 cy/sample | tri 70 px 3254 part 86 ch 1 | AHASH s=984000 1856fdf2
PROF T t=41 ph=3 the plain frames=15 | clear=44435 sky=6245418 floor=12487946 scene=635545 flat=0 gouraud=0 chrome=24150 texture=477673 furnace=0 embers=100513 bloom=0 veil=1677 titles=1481 fade=441 | setup=133721 total=19517460
T t=42.1 bar=21 ph=3 the plain | render ms 65.17/65.19/65.27 | fps 14.9 | hold 4 miss 15 late 15 | gap ms 66.94 | under 0 fill 465 | copy 2352 cy/line 33.73 Mcy/s | synth 2964 cy/pump 42.50 Mcy/s 1771 cy/sample | tri 70 px 3252 part 86 ch 1 | AHASH s=1008000 a0412651
PROF T t=42 ph=3 the plain frames=15 | clear=44440 sky=6246114 floor=12487737 scene=636486 flat=0 gouraud=0 chrome=24216 texture=477413 furnace=0 embers=99014 bloom=0 veil=1655 titles=1505 fade=430 | setup=134856 total=19517385
T t=43.1 bar=22 ph=3 the plain | render ms 65.15/65.20/65.29 | fps 14.9 | hold 4 miss 15 late 15 | gap ms 66.94 | under 0 fill 465 | copy 2352 cy/line 33.73 Mcy/s | synth 2961 cy/pump 42.46 Mcy/s 1769 cy/sample | tri 70 px 3260 part 87 ch 1 | AHASH s=1032000 aaebaad7
PROF T t=43 ph=3 the plain frames=15 | clear=44448 sky=6246216 floor=12487413 scene=638141 flat=0 gouraud=0 chrome=23885 texture=478465 furnace=0 embers=98878 bloom=0 veil=1658 titles=1502 fade=435 | setup=135790 total=19518694
T t=44.1 bar=23 ph=3 the plain | render ms 65.18/65.20/65.32 | fps 14.9 | hold 4 miss 15 late 15 | gap ms 66.94 | under 0 fill 465 | copy 2352 cy/line 33.73 Mcy/s | synth 2963 cy/pump 42.49 Mcy/s 1770 cy/sample | tri 70 px 3250 part 89 ch 1 | AHASH s=1056000 b6aeddef
PROF T t=44 ph=3 the plain frames=15 | clear=44378 sky=6245559 floor=12488937 scene=635675 flat=0 gouraud=0 chrome=23915 texture=476707 furnace=0 embers=100726 bloom=0 veil=1687 titles=1466 fade=427 | setup=135053 total=19518859
T t=45.1 bar=23 ph=3 the plain | render ms 65.15/79.95/95.18 | fps 11.9 | hold 6 miss 12 late 12 | gap ms 100.41 | under 0 fill 465 | copy 2355 cy/line 33.77 Mcy/s | synth 2963 cy/pump 42.50 Mcy/s 1770 cy/sample | tri 74 px 6139 part 89 ch 1 | AHASH s=1080000 3c3b7676
PROF T t=45 ph=3 the plain frames=12 | clear=44434 sky=6247208 floor=12486775 scene=633613 flat=0 gouraud=0 chrome=24065 texture=583615 furnace=0 embers=101356 bloom=0 veil=4427526 titles=1450 fade=432 | setup=25933 total=23942796
PHRASE t=46.1 bar=24 ph=4 the hand | render ms 65.10/67.23/96.39 | fps 14.4 | hold 6 miss 222 late 222 | gap ms 100.41 | under 0 fill 465 | copy 2352 cy/line 33.74 Mcy/s | synth 2963 cy/pump 42.50 Mcy/s 1770 cy/sample | tri 346 px 52337 part 94 ch 2 | AHASH s=1104000 159985cb
PROF PHRASE t=46 ph=4 the hand frames=222 | clear=44440 sky=6246279 floor=12431808 scene=650692 flat=0 gouraud=0 chrome=27326 texture=519607 furnace=0 embers=97988 bloom=0 veil=656431 titles=1476 fade=436 | setup=103758 total=782855
T t=46.2 bar=24 ph=4 the hand | render ms 67.57/90.78/96.39 | fps 10.2 | hold 6 miss 11 late 11 | gap ms 100.41 | under 0 fill 465 | copy 2358 cy/line 33.81 Mcy/s | synth 2968 cy/pump 42.57 Mcy/s 1773 cy/sample | tri 346 px 51874 part 94 ch 2 | AHASH s=1104000 159985cb
PROF T t=46 ph=4 the hand frames=11 | clear=44983 sky=6252986 floor=10217107 scene=1340655 flat=0 gouraud=0 chrome=155986 texture=1594585 furnace=0 embers=102849 bloom=0 veil=9233568 titles=1437 fade=426 | setup=0 total=27194013
T t=47.2 bar=24 ph=4 the hand | render ms 66.03/66.78/67.57 | fps 13.4 | hold 5 miss 14 late 14 | gap ms 83.68 | under 0 fill 465 | copy 2362 cy/line 33.87 Mcy/s | synth 2978 cy/pump 42.71 Mcy/s 1779 cy/sample | tri 346 px 44746 part 94 ch 2 | AHASH s=1128000 a507af95
PROF T t=47 ph=4 the hand frames=14 | clear=44342 sky=6259578 floor=0 scene=4495773 flat=0 gouraud=0 chrome=747705 texture=3804648 furnace=0 embers=106830 bloom=0 veil=9086703 titles=1258 fade=444 | setup=0 total=19994930
T t=48.3 bar=25 ph=4 the hand | render ms 36.58/42.75/66.03 | fps 18.6 | hold 4 miss 19 late 19 | gap ms 66.94 | under 0 fill 465 | copy 2376 cy/line 34.07 Mcy/s | synth 2973 cy/pump 42.63 Mcy/s 1776 cy/sample | tri 342 px 43867 part 94 ch 2 | AHASH s=1152000 fea4f11a
PROF T t=48 ph=4 the hand frames=19 | clear=44230 sky=6257579 floor=0 scene=4510334 flat=0 gouraud=0 chrome=751962 texture=3389864 furnace=0 embers=105655 bloom=0 veil=1844269 titles=22755 fade=431 | setup=368507 total=12785257
T t=49.3 bar=25 ph=4 the hand | render ms 36.60/36.65/36.73 | fps 19.9 | hold 3 miss 20 late 20 | gap ms 50.20 | under 0 fill 465 | copy 2384 cy/line 34.20 Mcy/s | synth 2968 cy/pump 42.57 Mcy/s 1773 cy/sample | tri 342 px 44013 part 94 ch 2 | AHASH s=1176000 ac690a5a
PROF T t=49 ph=4 the hand frames=20 | clear=44329 sky=6255641 floor=0 scene=4523490 flat=0 gouraud=0 chrome=754715 texture=3373421 furnace=0 embers=106242 bloom=0 veil=1659 titles=22852 fade=436 | setup=395352 total=10954650
T t=50.3 bar=26 ph=4 the hand | render ms 36.68/36.71/36.78 | fps 19.9 | hold 3 miss 20 late 20 | gap ms 50.20 | under 0 fill 465 | copy 2384 cy/line 34.19 Mcy/s | synth 2969 cy/pump 42.58 Mcy/s 1774 cy/sample | tri 342 px 44247 part 94 ch 2 | AHASH s=1200000 f873dd08
PROF T t=50 ph=4 the hand frames=20 | clear=44356 sky=6256941 floor=0 scene=4540149 flat=0 gouraud=0 chrome=756785 texture=3387679 furnace=0 embers=106029 bloom=0 veil=1664 titles=22822 fade=426 | setup=395684 total=10972391
T t=51.3 bar=26 ph=4 the hand | render ms 36.67/36.72/36.81 | fps 19.9 | hold 3 miss 20 late 20 | gap ms 50.20 | under 0 fill 465 | copy 2384 cy/line 34.20 Mcy/s | synth 2969 cy/pump 42.58 Mcy/s 1774 cy/sample | tri 342 px 44129 part 94 ch 2 | AHASH s=1224000 c3b4bb76
PROF T t=51 ph=4 the hand frames=20 | clear=44312 sky=6255818 floor=0 scene=4544574 flat=0 gouraud=0 chrome=752529 texture=3396718 furnace=0 embers=106491 bloom=0 veil=1659 titles=22911 fade=436 | setup=395326 total=10976203
T t=52.3 bar=27 ph=4 the hand | render ms 36.73/36.79/36.84 | fps 19.9 | hold 3 miss 20 late 20 | gap ms 50.20 | under 0 fill 465 | copy 2384 cy/line 34.19 Mcy/s | synth 2969 cy/pump 42.58 Mcy/s 1774 cy/sample | tri 342 px 44660 part 94 ch 2 | AHASH s=1248000 05745f6b
PROF T t=52 ph=4 the hand frames=20 | clear=44531 sky=6255076 floor=0 scene=4564196 flat=0 gouraud=0 chrome=753707 texture=3415938 furnace=0 embers=107580 bloom=0 veil=1644 titles=23088 fade=446 | setup=394551 total=10996564
T t=53.3 bar=27 ph=4 the hand | render ms 36.83/36.87/36.98 | fps 19.9 | hold 3 miss 20 late 20 | gap ms 50.20 | under 0 fill 465 | copy 2384 cy/line 34.19 Mcy/s | synth 2975 cy/pump 42.66 Mcy/s 1777 cy/sample | tri 342 px 44946 part 94 ch 2 | AHASH s=1272000 a13b2140
PROF T t=53 ph=4 the hand frames=20 | clear=44339 sky=6255951 floor=0 scene=4585826 flat=0 gouraud=0 chrome=756927 texture=3435120 furnace=0 embers=107731 bloom=0 veil=1639 titles=22911 fade=433 | setup=393778 total=11018833
T t=54.3 bar=28 ph=4 the hand | render ms 36.87/36.94/37.03 | fps 19.9 | hold 3 miss 20 late 20 | gap ms 50.20 | under 0 fill 465 | copy 2384 cy/line 34.19 Mcy/s | synth 2970 cy/pump 42.60 Mcy/s 1775 cy/sample | tri 342 px 45305 part 95 ch 2 | AHASH s=1296000 78105b3c
PROF T t=54 ph=4 the hand frames=20 | clear=44242 sky=6254916 floor=0 scene=4608021 flat=0 gouraud=0 chrome=761994 texture=3455889 furnace=0 embers=108642 bloom=0 veil=1698 titles=22961 fade=426 | setup=390137 total=11040909
T t=55.3 bar=28 ph=4 the hand | render ms 36.97/37.04/37.10 | fps 19.9 | hold 3 miss 20 late 20 | gap ms 50.20 | under 0 fill 465 | copy 2384 cy/line 34.19 Mcy/s | synth 2972 cy/pump 42.62 Mcy/s 1775 cy/sample | tri 342 px 45669 part 95 ch 2 | AHASH s=1320000 afedece0
PROF T t=55 ph=4 the hand frames=20 | clear=44196 sky=6256007 floor=0 scene=4637113 flat=0 gouraud=0 chrome=769270 texture=3479064 furnace=0 embers=108059 bloom=0 veil=1653 titles=22839 fade=432 | setup=388777 total=11070301
T t=56.3 bar=29 ph=4 the hand | render ms 37.03/37.10/37.20 | fps 19.9 | hold 3 miss 20 late 20 | gap ms 50.20 | under 0 fill 465 | copy 2384 cy/line 34.18 Mcy/s | synth 2967 cy/pump 42.55 Mcy/s 1773 cy/sample | tri 342 px 46173 part 95 ch 2 | AHASH s=1344000 5b477c1e
PROF T t=56 ph=4 the hand frames=20 | clear=44373 sky=6255815 floor=0 scene=4670253 flat=0 gouraud=0 chrome=776921 texture=3502958 furnace=0 embers=107656 bloom=0 veil=1610 titles=7798 fade=435 | setup=390373 total=11087942
T t=57.3 bar=29 ph=4 the hand | render ms 37.09/37.16/37.27 | fps 19.9 | hold 3 miss 20 late 20 | gap ms 50.20 | under 0 fill 465 | copy 2383 cy/line 34.18 Mcy/s | synth 2966 cy/pump 42.53 Mcy/s 1772 cy/sample | tri 342 px 46475 part 95 ch 2 | AHASH s=1368000 812c4246
PROF T t=57 ph=4 the hand frames=20 | clear=44348 sky=6256158 floor=0 scene=4696370 flat=0 gouraud=0 chrome=783634 texture=3524022 furnace=0 embers=108337 bloom=0 veil=1649 titles=1438 fade=434 | setup=388713 total=11108737
T t=58.3 bar=30 ph=4 the hand | render ms 37.23/37.29/37.35 | fps 19.9 | hold 3 miss 20 late 20 | gap ms 50.21 | under 0 fill 465 | copy 2383 cy/line 34.18 Mcy/s | synth 2965 cy/pump 42.51 Mcy/s 1771 cy/sample | tri 342 px 46656 part 96 ch 2 | AHASH s=1392000 bd966cf3
PROF T t=58 ph=4 the hand frames=20 | clear=44380 sky=6256493 floor=0 scene=4731878 flat=0 gouraud=0 chrome=784917 texture=3554975 furnace=0 embers=110068 bloom=0 veil=1641 titles=1445 fade=443 | setup=391985 total=11146351
T t=59.3 bar=30 ph=4 the hand | render ms 37.22/37.30/37.36 | fps 19.9 | hold 3 miss 20 late 20 | gap ms 50.20 | under 0 fill 465 | copy 2383 cy/line 34.18 Mcy/s | synth 2965 cy/pump 42.52 Mcy/s 1771 cy/sample | tri 342 px 47281 part 96 ch 2 | AHASH s=1416000 6495f6fb
PROF T t=59 ph=4 the hand frames=20 | clear=44295 sky=6255452 floor=0 scene=4735065 flat=0 gouraud=0 chrome=779986 texture=3565453 furnace=0 embers=110364 bloom=0 veil=1591 titles=1413 fade=442 | setup=389625 total=11148624
T t=60.3 bar=31 ph=4 the hand | render ms 37.31/37.37/37.44 | fps 19.9 | hold 3 miss 20 late 20 | gap ms 50.20 | under 0 fill 465 | copy 2383 cy/line 34.18 Mcy/s | synth 2963 cy/pump 42.49 Mcy/s 1770 cy/sample | tri 342 px 47403 part 98 ch 2 | AHASH s=1440000 3f5f9a21
PROF T t=60 ph=4 the hand frames=20 | clear=44328 sky=6253837 floor=0 scene=4760606 flat=0 gouraud=0 chrome=773856 texture=3597686 furnace=0 embers=109389 bloom=0 veil=1671 titles=1455 fade=442 | setup=389064 total=11171730
T t=61.3 bar=31 ph=4 the hand | render ms 37.39/37.44/37.56 | fps 19.9 | hold 3 miss 20 late 20 | gap ms 50.20 | under 0 fill 465 | copy 2383 cy/line 34.17 Mcy/s | synth 2966 cy/pump 42.53 Mcy/s 1772 cy/sample | tri 342 px 47568 part 98 ch 2 | AHASH s=1464000 444d7d03
PROF T t=61 ph=4 the hand frames=20 | clear=44329 sky=6253956 floor=0 scene=4778937 flat=0 gouraud=0 chrome=780288 texture=3608051 furnace=0 embers=110234 bloom=0 veil=1672 titles=1454 fade=438 | setup=390598 total=11191024
PHRASE t=61.4 bar=32 ph=5 the hand | render ms 36.58/38.91/67.57 | fps 19.3 | hold 5 miss 296 late 296 | gap ms 83.68 | under 0 fill 465 | copy 2382 cy/line 34.16 Mcy/s | synth 2969 cy/pump 42.58 Mcy/s 1774 cy/sample | tri 342 px 47637 part 104 ch 2 | AHASH s=1464000 444d7d03
PROF PHRASE t=61 ph=5 the hand frames=296 | clear=44356 sky=6255967 floor=0 scene=4629135 flat=0 gouraud=0 chrome=766095 texture=3496164 furnace=0 embers=108019 bloom=0 veil=581060 titles=13385 fade=436 | setup=366875 total=11632362
T t=62.3 bar=32 ph=5 the hand | render ms 37.48/37.55/37.60 | fps 19.9 | hold 3 miss 20 late 20 | gap ms 50.20 | under 0 fill 465 | copy 2383 cy/line 34.17 Mcy/s | synth 2963 cy/pump 42.49 Mcy/s 1770 cy/sample | tri 342 px 47924 part 104 ch 2 | AHASH s=1488000 941943d6
PROF T t=62 ph=5 the hand frames=20 | clear=44613 sky=6255243 floor=0 scene=4803849 flat=0 gouraud=0 chrome=777749 texture=3631675 furnace=0 embers=116466 bloom=0 veil=1670 titles=1450 fade=432 | setup=394424 total=11223727
T t=63.3 bar=33 ph=5 the hand | render ms 37.55/37.64/37.70 | fps 19.9 | hold 3 miss 20 late 20 | gap ms 50.20 | under 0 fill 465 | copy 2382 cy/line 34.17 Mcy/s | synth 2966 cy/pump 42.53 Mcy/s 1772 cy/sample | tri 342 px 48261 part 104 ch 2 | AHASH s=1512000 8a2532e6
PROF T t=63 ph=5 the hand frames=20 | clear=44373 sky=6255744 floor=0 scene=4831725 flat=0 gouraud=0 chrome=788470 texture=3647861 furnace=0 embers=115693 bloom=0 veil=1631 titles=1419 fade=442 | setup=395393 total=11251030
T t=64.3 bar=33 ph=5 the hand | render ms 37.66/37.71/37.78 | fps 19.9 | hold 3 miss 20 late 20 | gap ms 50.21 | under 0 fill 465 | copy 2382 cy/line 34.16 Mcy/s | synth 2965 cy/pump 42.51 Mcy/s 1771 cy/sample | tri 342 px 48217 part 104 ch 2 | AHASH s=1536000 106f9ee9
PROF T t=64 ph=5 the hand frames=20 | clear=44329 sky=6255442 floor=0 scene=4856285 flat=0 gouraud=0 chrome=794141 texture=3666033 furnace=0 embers=113989 bloom=0 veil=1688 titles=1423 fade=433 | setup=396109 total=11273591
T t=65.3 bar=34 ph=5 the hand | render ms 37.73/37.77/37.83 | fps 19.9 | hold 3 miss 20 late 20 | gap ms 50.21 | under 0 fill 465 | copy 2382 cy/line 34.16 Mcy/s | synth 2964 cy/pump 42.50 Mcy/s 1771 cy/sample | tri 340 px 48560 part 104 ch 2 | AHASH s=1560000 6056688e
PROF T t=65 ph=5 the hand frames=20 | clear=44313 sky=6256339 floor=0 scene=4871337 flat=0 gouraud=0 chrome=782048 texture=3691631 furnace=0 embers=115714 bloom=0 veil=1666 titles=1394 fade=444 | setup=397657 total=11291209
T t=66.3 bar=34 ph=5 the hand | render ms 37.79/37.84/37.90 | fps 19.9 | hold 3 miss 20 late 20 | gap ms 50.20 | under 0 fill 465 | copy 2382 cy/line 34.16 Mcy/s | synth 2966 cy/pump 42.53 Mcy/s 1772 cy/sample | tri 340 px 49005 part 104 ch 2 | AHASH s=1584000 ff52ffe2
PROF T t=66 ph=5 the hand frames=20 | clear=44320 sky=6254195 floor=0 scene=4891805 flat=0 gouraud=0 chrome=782584 texture=3712372 furnace=0 embers=116520 bloom=0 veil=1628 titles=1464 fade=427 | setup=396848 total=11310361
T t=67.4 bar=35 ph=5 the hand | render ms 37.85/37.89/37.98 | fps 19.9 | hold 3 miss 20 late 20 | gap ms 50.20 | under 0 fill 465 | copy 2382 cy/line 34.16 Mcy/s | synth 2966 cy/pump 42.54 Mcy/s 1772 cy/sample | tri 340 px 48977 part 104 ch 2 | AHASH s=1608000 83f990b5
PROF T t=67 ph=5 the hand frames=20 | clear=44308 sky=6255367 floor=0 scene=4907894 flat=0 gouraud=0 chrome=785062 texture=3727333 furnace=0 embers=115807 bloom=0 veil=1653 titles=1470 fade=436 | setup=395498 total=11326938
T t=68.4 bar=35 ph=5 the hand | render ms 37.91/37.99/38.07 | fps 19.9 | hold 3 miss 20 late 20 | gap ms 50.20 | under 0 fill 465 | copy 2382 cy/line 34.15 Mcy/s | synth 2964 cy/pump 42.51 Mcy/s 1771 cy/sample | tri 340 px 49672 part 104 ch 2 | AHASH s=1632000 1317fced
PROF T t=68 ph=5 the hand frames=20 | clear=44340 sky=6255422 floor=0 scene=4938069 flat=0 gouraud=0 chrome=784056 texture=3758012 furnace=0 embers=115902 bloom=0 veil=1641 titles=1451 fade=450 | setup=396000 total=11357279
T t=69.4 bar=36 ph=5 the hand | render ms 38.01/38.07/38.15 | fps 19.9 | hold 3 miss 20 late 20 | gap ms 50.20 | under 0 fill 465 | copy 2382 cy/line 34.16 Mcy/s | synth 2966 cy/pump 42.54 Mcy/s 1772 cy/sample | tri 340 px 50244 part 105 ch 2 | AHASH s=1656000 3cb02279
PROF T t=69 ph=5 the hand frames=20 | clear=44349 sky=6254338 floor=0 scene=4961185 flat=0 gouraud=0 chrome=782408 texture=3786683 furnace=0 embers=115943 bloom=0 veil=1637 titles=1465 fade=431 | setup=392093 total=11379349
T t=70.4 bar=36 ph=5 the hand | render ms 38.11/38.18/38.25 | fps 19.9 | hold 3 miss 20 late 20 | gap ms 50.20 | under 0 fill 465 | copy 2381 cy/line 34.15 Mcy/s | synth 2966 cy/pump 42.54 Mcy/s 1772 cy/sample | tri 340 px 50493 part 105 ch 2 | AHASH s=1680000 80101a1c
PROF T t=70 ph=5 the hand frames=20 | clear=44335 sky=6254731 floor=0 scene=4992527 flat=0 gouraud=0 chrome=784488 texture=3816559 furnace=0 embers=117856 bloom=0 veil=1628 titles=1453 fade=448 | setup=391480 total=11412982
T t=71.4 bar=37 ph=5 the hand | render ms 38.20/38.26/38.35 | fps 19.9 | hold 3 miss 20 late 20 | gap ms 50.20 | under 0 fill 465 | copy 2381 cy/line 34.15 Mcy/s | synth 2964 cy/pump 42.51 Mcy/s 1771 cy/sample | tri 340 px 51020 part 105 ch 2 | AHASH s=1704000 3b94f7bc
PROF T t=71 ph=5 the hand frames=20 | clear=44368 sky=6254874 floor=0 scene=5017273 flat=0 gouraud=0 chrome=786926 texture=3837771 furnace=0 embers=116521 bloom=0 veil=1625 titles=1409 fade=442 | setup=392575 total=11436515
T t=72.4 bar=37 ph=5 the hand | render ms 38.35/38.40/38.49 | fps 19.9 | hold 3 miss 20 late 20 | gap ms 50.20 | under 0 fill 465 | copy 2381 cy/line 34.15 Mcy/s | synth 2965 cy/pump 42.52 Mcy/s 1771 cy/sample | tri 340 px 51060 part 105 ch 2 | AHASH s=1728000 4db2e8f2
PROF T t=72 ph=5 the hand frames=20 | clear=44380 sky=6256056 floor=0 scene=5058026 flat=0 gouraud=0 chrome=802235 texture=3864209 furnace=0 embers=117257 bloom=0 veil=1596 titles=1432 fade=443 | setup=391582 total=11479194
T t=73.4 bar=38 ph=5 the hand | render ms 38.37/38.41/38.47 | fps 19.9 | hold 3 miss 20 late 20 | gap ms 50.20 | under 0 fill 465 | copy 2381 cy/line 34.15 Mcy/s | synth 2963 cy/pump 42.50 Mcy/s 1770 cy/sample | tri 340 px 51174 part 106 ch 2 | AHASH s=1752000 d6d05b06
PROF T t=73 ph=5 the hand frames=20 | clear=44392 sky=6256350 floor=0 scene=5058500 flat=0 gouraud=0 chrome=796728 texture=3871578 furnace=0 embers=119452 bloom=0 veil=1648 titles=1483 fade=438 | setup=390192 total=11482267
T t=74.4 bar=38 ph=5 the hand | render ms 38.35/38.41/38.53 | fps 19.9 | hold 3 miss 20 late 20 | gap ms 50.20 | under 0 fill 465 | copy 2381 cy/line 34.15 Mcy/s | synth 2967 cy/pump 42.54 Mcy/s 1772 cy/sample | tri 340 px 51263 part 106 ch 2 | AHASH s=1776000 22959014
PROF T t=74 ph=5 the hand frames=20 | clear=44374 sky=6256509 floor=0 scene=5056564 flat=0 gouraud=0 chrome=791916 texture=3869816 furnace=0 embers=121233 bloom=0 veil=1670 titles=1455 fade=442 | setup=394830 total=11482249
T t=75.4 bar=39 ph=5 the hand | render ms 38.37/41.47/67.34 | fps 18.6 | hold 5 miss 19 late 19 | gap ms 83.68 | under 0 fill 465 | copy 2380 cy/line 34.13 Mcy/s | synth 2964 cy/pump 42.50 Mcy/s 1771 cy/sample | tri 344 px 51196 part 107 ch 2 | AHASH s=1800000 1f021550
PROF T t=75 ph=5 the hand frames=19 | clear=44379 sky=6255607 floor=0 scene=5061114 flat=0 gouraud=0 chrome=794089 texture=3879052 furnace=0 embers=121718 bloom=0 veil=916319 titles=1470 fade=433 | setup=387973 total=12401043
T t=76.4 bar=39 ph=5 the hand | render ms 67.72/68.47/69.19 | fps 11.9 | hold 5 miss 12 late 12 | gap ms 83.68 | under 0 fill 465 | copy 2372 cy/line 34.02 Mcy/s | synth 2957 cy/pump 42.40 Mcy/s 1767 cy/sample | tri 344 px 58509 part 107 ch 2 | AHASH s=1824000 f424dace
PROF T t=76 ph=5 the hand frames=12 | clear=44471 sky=6256624 floor=0 scene=5058070 flat=0 gouraud=0 chrome=787558 texture=4274315 furnace=0 embers=119531 bloom=0 veil=9021423 titles=1424 fade=430 | setup=0 total=20501974
PHRASE t=76.8 bar=40 ph=6 the heart | render ms 37.49/40.03/73.88 | fps 19.0 | hold 5 miss 294 late 294 | gap ms 83.68 | under 0 fill 465 | copy 2381 cy/line 34.14 Mcy/s | synth 2964 cy/pump 42.51 Mcy/s 1771 cy/sample | tri 146 px 39845 part 108 ch 3 | AHASH s=1824000 f424dace
PROF PHRASE t=76 ph=6 the heart frames=294 | clear=44371 sky=6266994 floor=0 scene=4950428 flat=242 gouraud=0 chrome=787265 texture=3797206 furnace=0 embers=117261 bloom=109 veil=587083 titles=1445 fade=438 | setup=365714 total=11968133
T t=77.4 bar=40 ph=6 the heart | render ms 69.35/72.24/73.97 | fps 11.9 | hold 5 miss 12 late 12 | gap ms 83.68 | under 0 fill 465 | copy 2368 cy/line 33.96 Mcy/s | synth 2958 cy/pump 42.43 Mcy/s 1767 cy/sample | tri 146 px 36474 part 108 ch 3 | AHASH s=1848000 1f7fa627
PROF T t=77 ph=6 the heart frames=12 | clear=44874 sky=8510692 floor=0 scene=3670681 flat=47830 gouraud=0 chrome=615991 texture=3322164 furnace=0 embers=117702 bloom=21511 veil=9264577 titles=1396 fade=437 | setup=0 total=21631873
T t=78.4 bar=40 ph=6 the heart | render ms 42.86/64.03/73.21 | fps 13.4 | hold 5 miss 14 late 14 | gap ms 83.68 | under 0 fill 465 | copy 2368 cy/line 33.96 Mcy/s | synth 2963 cy/pump 42.50 Mcy/s 1771 cy/sample | tri 142 px 31214 part 108 ch 3 | AHASH s=1872000 e386ffeb
PROF T t=78 ph=6 the heart frames=14 | clear=44386 sky=9634546 floor=0 scene=2974411 flat=71679 gouraud=0 chrome=529456 texture=2274509 furnace=0 embers=117391 bloom=30994 veil=6351865 titles=14910 fade=435 | setup=98765 total=19168941
T t=79.5 bar=41 ph=6 the heart | render ms 42.88/42.92/42.99 | fps 19.9 | hold 3 miss 20 late 20 | gap ms 50.21 | under 0 fill 465 | copy 2370 cy/line 33.99 Mcy/s | synth 2971 cy/pump 42.61 Mcy/s 1775 cy/sample | tri 142 px 31242 part 108 ch 3 | AHASH s=1896000 7ee13529
PROF T t=79 ph=6 the heart frames=20 | clear=44304 sky=9633354 floor=0 scene=2977247 flat=71642 gouraud=0 chrome=533410 texture=2082849 furnace=0 embers=118027 bloom=31096 veil=1701 titles=28692 fade=437 | setup=289345 total=12834863
T t=80.5 bar=41 ph=6 the heart | render ms 42.90/42.94/43.04 | fps 19.9 | hold 3 miss 20 late 20 | gap ms 50.20 | under 0 fill 465 | copy 2370 cy/line 33.99 Mcy/s | synth 2970 cy/pump 42.59 Mcy/s 1774 cy/sample | tri 144 px 31281 part 108 ch 3 | AHASH s=1920000 1cc1e0a1
PROF T t=80 ph=6 the heart frames=20 | clear=44360 sky=9632996 floor=0 scene=2982371 flat=71761 gouraud=0 chrome=538146 texture=2083317 furnace=0 embers=118883 bloom=30826 veil=1707 titles=28606 fade=465 | setup=289147 total=12840216
T t=81.5 bar=42 ph=6 the heart | render ms 42.92/42.97/43.03 | fps 19.9 | hold 3 miss 20 late 20 | gap ms 50.20 | under 0 fill 465 | copy 2370 cy/line 33.99 Mcy/s | synth 2972 cy/pump 42.62 Mcy/s 1775 cy/sample | tri 148 px 31345 part 108 ch 3 | AHASH s=1944000 1ffa4469
PROF T t=81 ph=6 the heart frames=20 | clear=44293 sky=9633809 floor=0 scene=2990342 flat=71746 gouraud=0 chrome=544375 texture=2084166 furnace=0 embers=119719 bloom=31235 veil=1697 titles=28747 fade=436 | setup=290053 total=12850282
T t=82.5 bar=42 ph=6 the heart | render ms 42.97/43.01/43.11 | fps 19.9 | hold 3 miss 20 late 20 | gap ms 50.21 | under 0 fill 465 | copy 2370 cy/line 33.99 Mcy/s | synth 2972 cy/pump 42.62 Mcy/s 1776 cy/sample | tri 146 px 31413 part 108 ch 3 | AHASH s=1968000 a182c235
PROF T t=82 ph=6 the heart frames=20 | clear=44378 sky=9634673 floor=0 scene=3000409 flat=71070 gouraud=0 chrome=552849 texture=2085414 furnace=0 embers=121345 bloom=30897 veil=1683 titles=28834 fade=434 | setup=291075 total=12862657
T t=83.5 bar=43 ph=6 the heart | render ms 43.01/43.03/43.10 | fps 19.9 | hold 3 miss 20 late 20 | gap ms 50.20 | under 0 fill 465 | copy 2370 cy/line 33.99 Mcy/s | synth 2971 cy/pump 42.61 Mcy/s 1775 cy/sample | tri 146 px 31421 part 108 ch 3 | AHASH s=1992000 5027bfaf
PROF T t=83 ph=6 the heart frames=20 | clear=44338 sky=9634797 floor=0 scene=3006462 flat=70188 gouraud=0 chrome=559309 texture=2085292 furnace=0 embers=121573 bloom=30387 veil=1735 titles=29020 fade=430 | setup=291671 total=12868744
T t=84.5 bar=44 ph=6 the heart | render ms 42.96/43.04/43.11 | fps 19.9 | hold 3 miss 20 late 20 | gap ms 50.20 | under 0 fill 465 | copy 2370 cy/line 33.99 Mcy/s | synth 2973 cy/pump 42.64 Mcy/s 1776 cy/sample | tri 146 px 31658 part 109 ch 3 | AHASH s=2016000 7a85e49a
PROF T t=84 ph=6 the heart frames=20 | clear=44346 sky=9633339 floor=0 scene=3015332 flat=70301 gouraud=0 chrome=560598 texture=2093229 furnace=0 embers=118969 bloom=27595 veil=1686 titles=28989 fade=435 | setup=291202 total=12870695
T t=85.5 bar=44 ph=6 the heart | render ms 43.03/43.08/43.14 | fps 19.9 | hold 3 miss 20 late 20 | gap ms 50.20 | under 0 fill 465 | copy 2370 cy/line 33.99 Mcy/s | synth 2972 cy/pump 42.62 Mcy/s 1776 cy/sample | tri 146 px 31899 part 109 ch 3 | AHASH s=2040000 ff39b825
PROF T t=85 ph=6 the heart frames=20 | clear=44301 sky=9633796 floor=0 scene=3024311 flat=72036 gouraud=0 chrome=559888 texture=2101901 furnace=0 embers=119596 bloom=30214 veil=1688 titles=29127 fade=463 | setup=290484 total=12883498
T t=86.5 bar=45 ph=6 the heart | render ms 43.04/43.12/43.21 | fps 19.9 | hold 3 miss 20 late 20 | gap ms 50.20 | under 0 fill 465 | copy 2370 cy/line 33.98 Mcy/s | synth 2971 cy/pump 42.61 Mcy/s 1775 cy/sample | tri 148 px 31868 part 109 ch 3 | AHASH s=2064000 d6b81d94
PROF T t=86 ph=6 the heart frames=20 | clear=44382 sky=9633998 floor=0 scene=3035898 flat=74764 gouraud=0 chrome=561032 texture=2109493 furnace=0 embers=121455 bloom=31339 veil=1684 titles=24700 fade=429 | setup=290607 total=12893888
T t=87.5 bar=45 ph=6 the heart | render ms 42.97/43.00/43.11 | fps 19.9 | hold 3 miss 20 late 20 | gap ms 50.20 | under 0 fill 465 | copy 2370 cy/line 33.99 Mcy/s | synth 2972 cy/pump 42.62 Mcy/s 1776 cy/sample | tri 146 px 31819 part 109 ch 3 | AHASH s=2088000 12be213a
PROF T t=87 ph=6 the heart frames=20 | clear=44310 sky=9632222 floor=0 scene=3025993 flat=76920 gouraud=0 chrome=550731 texture=2107956 furnace=0 embers=121715 bloom=31994 veil=1687 titles=1497 fade=437 | setup=290384 total=12859859
T t=88.5 bar=46 ph=6 the heart | render ms 42.94/42.97/43.05 | fps 19.9 | hold 3 miss 20 late 20 | gap ms 50.20 | under 0 fill 465 | copy 2370 cy/line 33.99 Mcy/s | synth 2968 cy/pump 42.57 Mcy/s 1773 cy/sample | tri 144 px 31793 part 110 ch 3 | AHASH s=2112000 97f87b86
PROF T t=88 ph=6 the heart frames=20 | clear=44383 sky=9632784 floor=0 scene=3015494 flat=77565 gouraud=0 chrome=541376 texture=2107990 furnace=0 embers=121893 bloom=32323 veil=1675 titles=1511 fade=441 | setup=288562 total=12850508
T t=89.5 bar=46 ph=6 the heart | render ms 42.92/42.96/43.03 | fps 19.9 | hold 3 miss 20 late 20 | gap ms 50.20 | under 0 fill 465 | copy 2370 cy/line 33.99 Mcy/s | synth 2970 cy/pump 42.60 Mcy/s 1775 cy/sample | tri 142 px 31767 part 110 ch 3 | AHASH s=2136000 8830535a
PROF T t=89 ph=6 the heart frames=20 | clear=44364 sky=9632960 floor=0 scene=3011184 flat=76149 gouraud=0 chrome=538099 texture=2108228 furnace=0 embers=124151 bloom=30998 veil=1705 titles=1506 fade=443 | setup=288707 total=12847315
T t=90.5 bar=47 ph=6 the heart | render ms 42.91/42.97/43.03 | fps 19.9 | hold 3 miss 20 late 20 | gap ms 50.20 | under 0 fill 465 | copy 2370 cy/line 33.99 Mcy/s | synth 2970 cy/pump 42.60 Mcy/s 1775 cy/sample | tri 144 px 32227 part 110 ch 3 | AHASH s=2160000 fc2b037f
PROF T t=90 ph=6 the heart frames=20 | clear=44292 sky=9632563 floor=0 scene=3018834 flat=72967 gouraud=0 chrome=535761 texture=2121759 furnace=0 embers=121740 bloom=27975 veil=1649 titles=1506 fade=433 | setup=288347 total=12848995
T t=91.5 bar=47 ph=6 the heart | render ms 42.91/42.99/43.08 | fps 19.9 | hold 3 miss 20 late 20 | gap ms 50.20 | under 0 fill 465 | copy 2370 cy/line 33.99 Mcy/s | synth 2970 cy/pump 42.59 Mcy/s 1774 cy/sample | tri 142 px 31976 part 110 ch 3 | AHASH s=2184000 1bc4b39c
PROF T t=91 ph=6 the heart frames=20 | clear=44381 sky=9631689 floor=0 scene=3024020 flat=72220 gouraud=0 chrome=533263 texture=2129517 furnace=0 embers=120567 bloom=30921 veil=1736 titles=1495 fade=438 | setup=289018 total=12855249
PHRASE t=92.2 bar=48 ph=7 the heart | render ms 42.86/44.73/73.97 | fps 19.1 | hold 5 miss 294 late 294 | gap ms 83.68 | under 0 fill 465 | copy 2370 cy/line 33.99 Mcy/s | synth 2970 cy/pump 42.59 Mcy/s 1774 cy/sample | tri 142 px 31957 part 111 ch 3 | AHASH s=2208000 5dfce50c
PROF PHRASE t=92 ph=7 the heart frames=294 | clear=44361 sky=9633420 floor=0 scene=3007497 flat=72971 gouraud=0 chrome=544800 texture=2123558 furnace=0 embers=120549 bloom=30723 veil=523988 titles=16742 fade=440 | setup=266167 total=13377723
T t=92.5 bar=48 ph=7 the heart | render ms 42.94/42.97/43.04 | fps 19.9 | hold 3 miss 20 late 20 | gap ms 50.20 | under 0 fill 465 | copy 2370 cy/line 33.99 Mcy/s | synth 2970 cy/pump 42.60 Mcy/s 1775 cy/sample | tri 144 px 31978 part 111 ch 3 | AHASH s=2208000 5dfce50c
PROF T t=92 ph=7 the heart frames=20 | clear=44604 sky=9632858 floor=0 scene=3014017 flat=73720 gouraud=0 chrome=530499 texture=2121095 furnace=0 embers=122733 bloom=32130 veil=1672 titles=1501 fade=446 | setup=288701 total=12849963
T t=93.5 bar=48 ph=7 the heart | render ms 42.93/42.99/43.10 | fps 19.9 | hold 3 miss 20 late 20 | gap ms 50.20 | under 0 fill 465 | copy 2370 cy/line 33.99 Mcy/s | synth 2972 cy/pump 42.62 Mcy/s 1776 cy/sample | tri 142 px 32003 part 111 ch 3 | AHASH s=2232000 15641653
PROF T t=93 ph=7 the heart frames=20 | clear=44347 sky=9631248 floor=0 scene=3020941 flat=72387 gouraud=0 chrome=538786 texture=2121530 furnace=0 embers=124793 bloom=31115 veil=1647 titles=1517 fade=433 | setup=288237 total=12856046
T t=94.5 bar=49 ph=7 the heart | render ms 42.98/43.00/43.07 | fps 19.9 | hold 3 miss 20 late 20 | gap ms 50.20 | under 0 fill 465 | copy 2370 cy/line 33.99 Mcy/s | synth 2971 cy/pump 42.61 Mcy/s 1775 cy/sample | tri 144 px 32051 part 111 ch 3 | AHASH s=2256000 6c2c8fe6
PROF T t=94 ph=7 the heart frames=20 | clear=44366 sky=9632001 floor=0 scene=3027508 flat=72240 gouraud=0 chrome=545081 texture=2120579 furnace=0 embers=124938 bloom=28130 veil=1723 titles=1473 fade=430 | setup=289606 total=12860571
T t=95.5 bar=49 ph=7 the heart | render ms 43.05/43.12/43.19 | fps 19.9 | hold 3 miss 20 late 20 | gap ms 50.20 | under 0 fill 465 | copy 2370 cy/line 33.99 Mcy/s | synth 2971 cy/pump 42.61 Mcy/s 1775 cy/sample | tri 144 px 32594 part 111 ch 3 | AHASH s=2280000 77459282
PROF T t=95 ph=7 the heart frames=20 | clear=44411 sky=9631343 floor=0 scene=3060256 flat=75642 gouraud=0 chrome=552498 texture=2143062 furnace=0 embers=123675 bloom=30641 veil=1688 titles=1496 fade=439 | setup=289053 total=12893953
T t=96.5 bar=50 ph=7 the heart | render ms 43.12/43.17/43.25 | fps 19.9 | hold 3 miss 20 late 20 | gap ms 50.20 | under 0 fill 465 | copy 2370 cy/line 33.99 Mcy/s | synth 2972 cy/pump 42.62 Mcy/s 1775 cy/sample | tri 148 px 32622 part 111 ch 3 | AHASH s=2304000 57ad9b3d
PROF T t=96 ph=7 the heart frames=20 | clear=44374 sky=9633110 floor=0 scene=3072158 flat=77815 gouraud=0 chrome=558392 texture=2147216 furnace=0 embers=124117 bloom=32255 veil=1678 titles=1497 fade=440 | setup=288733 total=12909632
T t=97.5 bar=50 ph=7 the heart | render ms 43.16/43.20/43.27 | fps 19.9 | hold 3 miss 20 late 20 | gap ms 50.21 | under 0 fill 465 | copy 2370 cy/line 33.99 Mcy/s | synth 2974 cy/pump 42.65 Mcy/s 1777 cy/sample | tri 146 px 32733 part 111 ch 3 | AHASH s=2328000 46324a32
PROF T t=97 ph=7 the heart frames=20 | clear=44404 sky=9632617 floor=0 scene=3085032 flat=78387 gouraud=0 chrome=569404 texture=2147346 furnace=0 embers=122628 bloom=32094 veil=1657 titles=1477 fade=438 | setup=289894 total=12920351
T t=98.5 bar=51 ph=7 the heart | render ms 43.20/43.23/43.34 | fps 19.9 | hold 3 miss 20 late 20 | gap ms 50.20 | under 0 fill 465 | copy 2369 cy/line 33.98 Mcy/s | synth 2971 cy/pump 42.61 Mcy/s 1775 cy/sample | tri 148 px 32732 part 111 ch 3 | AHASH s=2352000 f1166fe6
PROF T t=98 ph=7 the heart frames=20 | clear=44361 sky=9633679 floor=0 scene=3092634 flat=76979 gouraud=0 chrome=574653 texture=2150410 furnace=0 embers=122665 bloom=31780 veil=1663 titles=1487 fade=428 | setup=290590 total=12928701
T t=99.5 bar=51 ph=7 the heart | render ms 43.18/43.22/43.31 | fps 19.9 | hold 3 miss 20 late 20 | gap ms 50.20 | under 0 fill 465 | copy 2369 cy/line 33.98 Mcy/s | synth 2973 cy/pump 42.63 Mcy/s 1776 cy/sample | tri 148 px 32763 part 111 ch 3 | AHASH s=2376000 3f3f2310
PROF T t=99 ph=7 the heart frames=20 | clear=44359 sky=9631932 floor=0 scene=3093354 flat=74538 gouraud=0 chrome=577952 texture=2150778 furnace=0 embers=122847 bloom=30453 veil=1669 titles=1507 fade=431 | setup=290084 total=12926555
T t=100.5 bar=52 ph=7 the heart | render ms 43.20/43.30/43.35 | fps 19.9 | hold 3 miss 20 late 20 | gap ms 50.20 | under 0 fill 465 | copy 2369 cy/line 33.98 Mcy/s | synth 2970 cy/pump 42.60 Mcy/s 1775 cy/sample | tri 148 px 33244 part 111 ch 3 | AHASH s=2400000 ae191035
PROF T t=100 ph=7 the heart frames=20 | clear=44355 sky=9633002 floor=0 scene=3114651 flat=72500 gouraud=0 chrome=582197 texture=2170379 furnace=0 embers=124017 bloom=28668 veil=1674 titles=1500 fade=436 | setup=289574 total=12948305
T t=101.5 bar=52 ph=7 the heart | render ms 43.32/43.34/43.42 | fps 19.9 | hold 3 miss 20 late 20 | gap ms 50.21 | under 0 fill 465 | copy 2369 cy/line 33.98 Mcy/s | synth 2975 cy/pump 42.66 Mcy/s 1777 cy/sample | tri 148 px 33252 part 111 ch 3 | AHASH s=2424000 c9629b28
PROF T t=101 ph=7 the heart frames=20 | clear=44366 sky=9633550 floor=0 scene=3124147 flat=71677 gouraud=0 chrome=582755 texture=2179559 furnace=0 embers=124209 bloom=30996 veil=1666 titles=1507 fade=431 | setup=290155 total=12960875
T t=102.5 bar=53 ph=7 the heart | render ms 43.29/43.33/43.44 | fps 19.9 | hold 3 miss 20 late 20 | gap ms 50.20 | under 0 fill 465 | copy 2369 cy/line 33.98 Mcy/s | synth 2973 cy/pump 42.63 Mcy/s 1776 cy/sample | tri 148 px 33247 part 111 ch 3 | AHASH s=2448000 0c461bf6
PROF T t=102 ph=7 the heart frames=20 | clear=44357 sky=9632182 floor=0 scene=3122420 flat=72513 gouraud=0 chrome=579340 texture=2180903 furnace=0 embers=124917 bloom=30604 veil=1673 titles=1487 fade=433 | setup=289662 total=12958077
T t=103.6 bar=53 ph=7 the heart | render ms 43.27/43.32/43.42 | fps 19.9 | hold 3 miss 20 late 20 | gap ms 50.20 | under 0 fill 465 | copy 2369 cy/line 33.98 Mcy/s | synth 2971 cy/pump 42.60 Mcy/s 1775 cy/sample | tri 142 px 33240 part 111 ch 3 | AHASH s=2472000 417189a2
PROF T t=103 ph=7 the heart frames=20 | clear=44298 sky=9632454 floor=0 scene=3117749 flat=73560 gouraud=0 chrome=571762 texture=2183745 furnace=0 embers=126026 bloom=31264 veil=1667 titles=1475 fade=438 | setup=288681 total=12955373
T t=104.6 bar=54 ph=7 the heart | render ms 43.25/43.29/43.41 | fps 19.9 | hold 3 miss 20 late 20 | gap ms 50.21 | under 0 fill 465 | copy 2369 cy/line 33.98 Mcy/s | synth 2971 cy/pump 42.61 Mcy/s 1775 cy/sample | tri 144 px 33266 part 112 ch 3 | AHASH s=2496000 601664cb
PROF T t=104 ph=7 the heart frames=20 | clear=44364 sky=9632697 floor=0 scene=3110671 flat=73602 gouraud=0 chrome=564774 texture=2183889 furnace=0 embers=124807 bloom=31132 veil=1680 titles=1481 fade=443 | setup=288404 total=12947278
T t=105.6 bar=55 ph=7 the heart | render ms 43.22/43.27/43.33 | fps 19.9 | hold 3 miss 20 late 20 | gap ms 50.21 | under 0 fill 465 | copy 2369 cy/line 33.98 Mcy/s | synth 2975 cy/pump 42.66 Mcy/s 1777 cy/sample | tri 144 px 33231 part 113 ch 3 | AHASH s=2520000 cf98d3ed
PROF T t=105 ph=7 the heart frames=20 | clear=44338 sky=9631978 floor=0 scene=3106894 flat=73570 gouraud=0 chrome=561174 texture=2184653 furnace=0 embers=121270 bloom=31231 veil=1695 titles=1475 fade=423 | setup=287496 total=12939308
T t=106.6 bar=55 ph=7 the heart | render ms 43.21/57.99/73.28 | fps 14.9 | hold 5 miss 16 late 16 | gap ms 83.68 | under 0 fill 465 | copy 2368 cy/line 33.96 Mcy/s | synth 2962 cy/pump 42.48 Mcy/s 1770 cy/sample | tri 148 px 36572 part 113 ch 3 | AHASH s=2544000 e435c086
PROF T t=106 ph=7 the heart frames=16 | clear=44359 sky=9633248 floor=0 scene=3100768 flat=73623 gouraud=0 chrome=556239 texture=2295005 furnace=0 embers=120026 bloom=30919 veil=4424243 titles=1515 fade=445 | setup=175899 total=17355525
PHRASE t=107.5 bar=56 ph=8 the eye | render ms 42.93/45.16/74.33 | fps 19.0 | hold 5 miss 294 late 294 | gap ms 83.68 | under 0 fill 465 | copy 2369 cy/line 33.98 Mcy/s | synth 2971 cy/pump 42.60 Mcy/s 1775 cy/sample | tri 186 px 50466 part 78 ch 4 | AHASH s=2568000 7e8bfa36
PROF PHRASE t=107 ph=8 the eye frames=294 | clear=44375 sky=9631402 floor=0 scene=3088426 flat=73926 gouraud=0 chrome=563390 texture=2190298 furnace=0 embers=123497 bloom=30783 veil=587375 titles=1492 fade=435 | setup=260812 total=13507790
T t=107.6 bar=56 ph=8 the eye | render ms 73.46/73.94/74.33 | fps 11.9 | hold 5 miss 12 late 12 | gap ms 83.68 | under 0 fill 465 | copy 2366 cy/line 33.93 Mcy/s | synth 2957 cy/pump 42.41 Mcy/s 1767 cy/sample | tri 186 px 50466 part 78 ch 4 | AHASH s=2568000 7e8bfa36
PROF T t=107 ph=8 the eye frames=12 | clear=44829 sky=9576777 floor=0 scene=3145074 flat=61200 gouraud=0 chrome=515402 texture=2875046 furnace=0 embers=115349 bloom=26862 veil=9230749 titles=1477 fade=434 | setup=0 total=22141553
T t=108.6 bar=56 ph=8 the eye | render ms 72.46/73.16/73.90 | fps 11.9 | hold 5 miss 12 late 12 | gap ms 83.68 | under 0 fill 465 | copy 2380 cy/line 34.14 Mcy/s | synth 2745 cy/pump 39.37 Mcy/s 1640 cy/sample | tri 186 px 43266 part 78 ch 4 | AHASH s=2592000 66b373d5
PROF T t=108 ph=8 the eye frames=12 | clear=44291 sky=9268829 floor=0 scene=3406492 flat=0 gouraud=0 chrome=351050 texture=3170532 furnace=0 embers=87644 bloom=0 veil=9099094 titles=1322 fade=430 | setup=0 total=21908104
T t=109.7 bar=57 ph=8 the eye | render ms 42.87/49.38/72.40 | fps 17.3 | hold 5 miss 18 late 18 | gap ms 83.68 | under 0 fill 465 | copy 2390 cy/line 34.28 Mcy/s | synth 2646 cy/pump 37.95 Mcy/s 1581 cy/sample | tri 182 px 41826 part 78 ch 4 | AHASH s=2616000 c82a5663
PROF T t=109 ph=8 the eye frames=18 | clear=44218 sky=9266495 floor=0 scene=3406084 flat=0 gouraud=0 chrome=350880 texture=2723957 furnace=0 embers=87573 bloom=0 veil=1946218 titles=23296 fade=433 | setup=331246 total=14774321
T t=110.7 bar=57 ph=8 the eye | render ms 42.87/42.90/43.01 | fps 19.9 | hold 3 miss 20 late 20 | gap ms 50.20 | under 0 fill 465 | copy 2391 cy/line 34.29 Mcy/s | synth 2648 cy/pump 37.98 Mcy/s 1582 cy/sample | tri 182 px 41826 part 78 ch 4 | AHASH s=2640000 9f6ffe38
PROF T t=110 ph=8 the eye frames=20 | clear=44221 sky=9266552 floor=0 scene=3405443 flat=0 gouraud=0 chrome=350801 texture=2694389 furnace=0 embers=87049 bloom=0 veil=1649 titles=24551 fade=435 | setup=360251 total=12829903
T t=111.7 bar=58 ph=8 the eye | render ms 42.86/42.90/42.98 | fps 19.9 | hold 3 miss 20 late 20 | gap ms 50.20 | under 0 fill 465 | copy 2391 cy/line 34.29 Mcy/s | synth 2648 cy/pump 37.98 Mcy/s 1582 cy/sample | tri 182 px 41826 part 78 ch 4 | AHASH s=2664000 670e852b
PROF T t=111 ph=8 the eye frames=20 | clear=44331 sky=9265679 floor=0 scene=3405495 flat=0 gouraud=0 chrome=350545 texture=2694842 furnace=0 embers=87148 bloom=0 veil=1677 titles=24515 fade=430 | setup=360107 total=12829278
T t=112.7 bar=58 ph=8 the eye | render ms 42.88/42.91/43.02 | fps 19.9 | hold 3 miss 20 late 20 | gap ms 50.20 | under 0 fill 465 | copy 2391 cy/line 34.29 Mcy/s | synth 2649 cy/pump 37.99 Mcy/s 1583 cy/sample | tri 182 px 41826 part 78 ch 4 | AHASH s=2688000 c39148f0
PROF T t=112 ph=8 the eye frames=20 | clear=44419 sky=9264836 floor=0 scene=3405977 flat=0 gouraud=0 chrome=351236 texture=2694708 furnace=0 embers=88970 bloom=0 veil=1704 titles=24559 fade=443 | setup=360033 total=12830910
T t=113.7 bar=59 ph=8 the eye | render ms 42.87/42.91/43.00 | fps 19.9 | hold 3 miss 20 late 20 | gap ms 50.20 | under 0 fill 465 | copy 2391 cy/line 34.29 Mcy/s | synth 2649 cy/pump 37.99 Mcy/s 1583 cy/sample | tri 182 px 41826 part 78 ch 4 | AHASH s=2712000 f53583f6
PROF T t=113 ph=8 the eye frames=20 | clear=44340 sky=9267005 floor=0 scene=3404726 flat=0 gouraud=0 chrome=351135 texture=2695079 furnace=0 embers=89203 bloom=0 veil=1691 titles=24559 fade=430 | setup=358512 total=12831958
T t=114.7 bar=59 ph=8 the eye | render ms 42.86/42.91/43.02 | fps 19.9 | hold 3 miss 20 late 20 | gap ms 50.20 | under 0 fill 465 | copy 2391 cy/line 34.29 Mcy/s | synth 2648 cy/pump 37.97 Mcy/s 1582 cy/sample | tri 182 px 41826 part 78 ch 4 | AHASH s=2736000 500e0439
PROF T t=114 ph=8 the eye frames=20 | clear=44378 sky=9266537 floor=0 scene=3403640 flat=0 gouraud=0 chrome=350901 texture=2693456 furnace=0 embers=90054 bloom=0 veil=1670 titles=24534 fade=448 | setup=359282 total=12831263
T t=115.7 bar=60 ph=8 the eye | render ms 42.84/42.89/43.00 | fps 19.9 | hold 3 miss 20 late 20 | gap ms 50.20 | under 0 fill 465 | copy 2391 cy/line 34.29 Mcy/s | synth 2646 cy/pump 37.94 Mcy/s 1581 cy/sample | tri 182 px 41826 part 79 ch 4 | AHASH s=2760000 92d069c7
PROF T t=115 ph=8 the eye frames=20 | clear=44321 sky=9266578 floor=0 scene=3402491 flat=0 gouraud=0 chrome=350143 texture=2693714 furnace=0 embers=87610 bloom=0 veil=1659 titles=24520 fade=438 | setup=358633 total=12827619
T t=116.7 bar=60 ph=8 the eye | render ms 42.86/42.90/42.98 | fps 19.9 | hold 3 miss 20 late 20 | gap ms 50.21 | under 0 fill 465 | copy 2391 cy/line 34.29 Mcy/s | synth 2647 cy/pump 37.96 Mcy/s 1581 cy/sample | tri 182 px 41826 part 79 ch 4 | AHASH s=2784000 3672f781
PROF T t=116 ph=8 the eye frames=20 | clear=44350 sky=9265646 floor=0 scene=3404115 flat=0 gouraud=0 chrome=351090 texture=2693835 furnace=0 embers=87160 bloom=0 veil=1698 titles=24505 fade=438 | setup=359189 total=12827916
T t=117.7 bar=61 ph=8 the eye | render ms 42.78/42.85/43.01 | fps 19.9 | hold 3 miss 20 late 20 | gap ms 50.20 | under 0 fill 465 | copy 2391 cy/line 34.29 Mcy/s | synth 2645 cy/pump 37.94 Mcy/s 1580 cy/sample | tri 182 px 41826 part 79 ch 4 | AHASH s=2808000 688c7659
PROF T t=117 ph=8 the eye frames=20 | clear=44341 sky=9267085 floor=0 scene=3402796 flat=0 gouraud=0 chrome=350900 texture=2692695 furnace=0 embers=87563 bloom=0 veil=1706 titles=9544 fade=427 | setup=359201 total=12813465
T t=118.7 bar=61 ph=8 the eye | render ms 42.77/42.81/42.91 | fps 19.9 | hold 3 miss 20 late 20 | gap ms 50.20 | under 0 fill 465 | copy 2391 cy/line 34.29 Mcy/s | synth 2647 cy/pump 37.96 Mcy/s 1581 cy/sample | tri 182 px 41826 part 79 ch 4 | AHASH s=2832000 3e67fc45
PROF T t=118 ph=8 the eye frames=20 | clear=44325 sky=9265517 floor=0 scene=3402968 flat=0 gouraud=0 chrome=350802 texture=2692961 furnace=0 embers=87036 bloom=0 veil=1679 titles=1471 fade=443 | setup=359205 total=12803442
T t=119.7 bar=62 ph=8 the eye | render ms 42.79/42.82/42.89 | fps 19.9 | hold 3 miss 20 late 20 | gap ms 50.20 | under 0 fill 465 | copy 2391 cy/line 34.29 Mcy/s | synth 2647 cy/pump 37.96 Mcy/s 1581 cy/sample | tri 182 px 41826 part 79 ch 4 | AHASH s=2856000 a1c508fe
PROF T t=119 ph=8 the eye frames=20 | clear=44351 sky=9265608 floor=0 scene=3403113 flat=0 gouraud=0 chrome=351070 texture=2693260 furnace=0 embers=88409 bloom=0 veil=1700 titles=1484 fade=442 | setup=358782 total=12805109
T t=120.7 bar=62 ph=8 the eye | render ms 42.80/42.83/42.94 | fps 19.9 | hold 3 miss 20 late 20 | gap ms 50.20 | under 0 fill 465 | copy 2391 cy/line 34.29 Mcy/s | synth 2647 cy/pump 37.96 Mcy/s 1582 cy/sample | tri 182 px 41826 part 79 ch 4 | AHASH s=2880000 c01fbcf3
PROF T t=120 ph=8 the eye frames=20 | clear=44366 sky=9265781 floor=0 scene=3403288 flat=0 gouraud=0 chrome=350887 texture=2693445 furnace=0 embers=91561 bloom=0 veil=1671 titles=1472 fade=427 | setup=358954 total=12808570
T t=121.7 bar=63 ph=8 the eye | render ms 42.79/42.83/42.92 | fps 19.9 | hold 3 miss 20 late 20 | gap ms 50.20 | under 0 fill 465 | copy 2391 cy/line 34.29 Mcy/s | synth 2647 cy/pump 37.96 Mcy/s 1581 cy/sample | tri 182 px 41826 part 80 ch 4 | AHASH s=2904000 bf7e4e19
PROF T t=121 ph=8 the eye frames=20 | clear=44174 sky=9265193 floor=0 scene=3402195 flat=0 gouraud=0 chrome=350802 texture=2692935 furnace=0 embers=91853 bloom=0 veil=1655 titles=1456 fade=431 | setup=358457 total=12806959
T t=122.7 bar=63 ph=8 the eye | render ms 42.79/42.83/42.90 | fps 19.9 | hold 3 miss 20 late 20 | gap ms 50.21 | under 0 fill 465 | copy 2391 cy/line 34.29 Mcy/s | synth 2649 cy/pump 37.99 Mcy/s 1583 cy/sample | tri 182 px 41826 part 80 ch 4 | AHASH s=2928000 e129bcd7
PROF T t=122 ph=8 the eye frames=20 | clear=44362 sky=9265428 floor=0 scene=3402318 flat=0 gouraud=0 chrome=350888 texture=2692975 furnace=0 embers=91076 bloom=0 veil=1688 titles=1471 fade=437 | setup=358454 total=12806784
PHRASE t=122.8 bar=64 ph=9 the eye | render ms 42.77/44.62/74.01 | fps 19.1 | hold 5 miss 293 late 293 | gap ms 83.68 | under 0 fill 465 | copy 2390 cy/line 34.28 Mcy/s | synth 2657 cy/pump 38.11 Mcy/s 1587 cy/sample | tri 182 px 41826 part 84 ch 4 | AHASH s=2928000 e129bcd7
PROF PHRASE t=122 ph=9 the eye frames=293 | clear=44342 sky=9266274 floor=0 scene=3404050 flat=0 gouraud=0 chrome=350888 texture=2717501 furnace=0 embers=88740 bloom=0 veil=525520 titles=14376 fade=436 | setup=335659 total=13343741
T t=123.7 bar=64 ph=9 the eye | render ms 42.85/42.95/43.13 | fps 19.9 | hold 3 miss 20 late 20 | gap ms 50.20 | under 0 fill 465 | copy 2371 cy/line 34.00 Mcy/s | synth 2954 cy/pump 42.37 Mcy/s 1765 cy/sample | tri 182 px 43189 part 84 ch 4 | AHASH s=2952000 c84c1e21
PROF T t=123 ph=9 the eye frames=20 | clear=44462 sky=9269891 floor=0 scene=3429004 flat=0 gouraud=0 chrome=353718 texture=2716165 furnace=0 embers=96878 bloom=0 veil=1691 titles=1502 fade=440 | setup=359120 total=12843871
T t=124.7 bar=64 ph=9 the eye | render ms 43.17/43.53/43.93 | fps 19.9 | hold 3 miss 20 late 20 | gap ms 50.21 | under 0 fill 465 | copy 2369 cy/line 33.97 Mcy/s | synth 2960 cy/pump 42.45 Mcy/s 1768 cy/sample | tri 182 px 47533 part 84 ch 4 | AHASH s=2976000 f3539544
PROF T t=124 ph=9 the eye frames=20 | clear=44298 sky=9274057 floor=0 scene=3598452 flat=0 gouraud=0 chrome=355026 texture=2885186 furnace=0 embers=96541 bloom=0 veil=1712 titles=1482 fade=432 | setup=358239 total=13016977
T t=125.7 bar=65 ph=9 the eye | render ms 44.04/44.48/45.09 | fps 19.9 | hold 3 miss 20 late 20 | gap ms 50.21 | under 0 fill 465 | copy 2366 cy/line 33.93 Mcy/s | synth 2959 cy/pump 42.44 Mcy/s 1768 cy/sample | tri 182 px 52693 part 84 ch 4 | AHASH s=3000000 c4c7db5e
PROF T t=125 ph=9 the eye frames=20 | clear=44362 sky=9292634 floor=0 scene=3866485 flat=0 gouraud=0 chrome=382712 texture=3125841 furnace=0 embers=94901 bloom=0 veil=1663 titles=1521 fade=438 | setup=357931 total=13302007
T t=126.8 bar=66 ph=9 the eye | render ms 45.16/45.61/45.98 | fps 19.9 | hold 3 miss 20 late 20 | gap ms 50.20 | under 0 fill 465 | copy 2364 cy/line 33.90 Mcy/s | synth 2962 cy/pump 42.47 Mcy/s 1769 cy/sample | tri 182 px 56304 part 85 ch 4 | AHASH s=3024000 689501b6
PROF T t=126 ph=9 the eye frames=20 | clear=44324 sky=9327135 floor=0 scene=4174023 flat=0 gouraud=0 chrome=431110 texture=3385115 furnace=0 embers=93449 bloom=0 veil=1673 titles=1495 fade=437 | setup=357797 total=13642539
T t=127.8 bar=66 ph=9 the eye | render ms 46.04/46.20/46.37 | fps 19.9 | hold 3 miss 20 late 20 | gap ms 50.20 | under 0 fill 465 | copy 2362 cy/line 33.87 Mcy/s | synth 2961 cy/pump 42.46 Mcy/s 1769 cy/sample | tri 182 px 55312 part 85 ch 4 | AHASH s=3048000 54ddbfb4
PROF T t=127 ph=9 the eye frames=20 | clear=44369 sky=9391965 floor=0 scene=4283838 flat=0 gouraud=0 chrome=539090 texture=3388471 furnace=0 embers=94938 bloom=0 veil=1661 titles=1499 fade=433 | setup=356277 total=13818706
T t=128.8 bar=67 ph=9 the eye | render ms 46.11/46.99/47.68 | fps 19.9 | hold 3 miss 20 late 20 | gap ms 50.21 | under 0 fill 465 | copy 2360 cy/line 33.84 Mcy/s | synth 2959 cy/pump 42.44 Mcy/s 1768 cy/sample | tri 182 px 57908 part 85 ch 4 | AHASH s=3072000 ff2af1eb
PROF T t=128 ph=9 the eye frames=20 | clear=44342 sky=9534250 floor=0 scene=4378398 flat=0 gouraud=0 chrome=770624 texture=3252265 furnace=0 embers=94315 bloom=0 veil=1681 titles=1464 fade=429 | setup=355508 total=14054882
T t=129.8 bar=67 ph=9 the eye | render ms 47.30/47.44/47.58 | fps 19.9 | hold 3 miss 20 late 20 | gap ms 50.21 | under 0 fill 465 | copy 2358 cy/line 33.82 Mcy/s | synth 2960 cy/pump 42.44 Mcy/s 1768 cy/sample | tri 182 px 48282 part 85 ch 4 | AHASH s=3096000 bcfb55d3
PROF T t=129 ph=9 the eye frames=20 | clear=44322 sky=9930067 floor=0 scene=4118519 flat=0 gouraud=0 chrome=1389156 texture=2381303 furnace=0 embers=93818 bloom=0 veil=1672 titles=1457 fade=432 | setup=348058 total=14190290
T t=130.8 bar=68 ph=9 the eye | render ms 47.52/48.95/49.68 | fps 19.9 | hold 3 miss 20 late 20 | gap ms 50.21 | under 0 fill 465 | copy 2353 cy/line 33.75 Mcy/s | synth 2957 cy/pump 42.40 Mcy/s 1767 cy/sample | tri 182 px 8248 part 87 ch 4 | AHASH s=3120000 55e3adeb
PROF T t=130 ph=9 the eye frames=20 | clear=44335 sky=11638417 floor=0 scene=2864439 flat=0 gouraud=0 chrome=1523046 texture=1000940 furnace=0 embers=92650 bloom=0 veil=1722 titles=1461 fade=445 | setup=340452 total=14643472
T t=131.8 bar=68 ph=9 the eye | render ms 45.79/48.30/49.84 | fps 19.5 | hold 4 miss 20 late 20 | gap ms 66.94 | under 0 fill 465 | copy 2356 cy/line 33.78 Mcy/s | synth 2958 cy/pump 42.42 Mcy/s 1767 cy/sample | tri 182 px 11276 part 87 ch 4 | AHASH s=3144000 776b4edd
PROF T t=131 ph=9 the eye frames=20 | clear=44308 sky=12849503 floor=0 scene=1456093 flat=0 gouraud=0 chrome=84478 texture=1032900 furnace=0 embers=96827 bloom=0 veil=1672 titles=1463 fade=433 | setup=338714 total=14450302
T t=132.8 bar=69 ph=9 the eye | render ms 46.19/46.76/47.56 | fps 19.9 | hold 3 miss 20 late 20 | gap ms 50.20 | under 0 fill 465 | copy 2358 cy/line 33.82 Mcy/s | synth 2956 cy/pump 42.39 Mcy/s 1766 cy/sample | tri 182 px 18064 part 88 ch 4 | AHASH s=3168000 37750be0
PROF T t=132 ph=9 the eye frames=20 | clear=44311 sky=12149174 floor=0 scene=1695694 flat=0 gouraud=0 chrome=30902 texture=1325357 furnace=0 embers=95905 bloom=0 veil=1690 titles=1481 fade=437 | setup=339434 total=13988695
T t=133.8 bar=69 ph=9 the eye | render ms 47.78/49.03/50.89 | fps 18.9 | hold 4 miss 20 late 20 | gap ms 66.94 | under 0 fill 465 | copy 2358 cy/line 33.82 Mcy/s | synth 2958 cy/pump 42.42 Mcy/s 1767 cy/sample | tri 182 px 33728 part 88 ch 4 | AHASH s=3192000 13b36c2c
PROF T t=133 ph=9 the eye frames=20 | clear=44334 sky=12149685 floor=0 scene=2374802 flat=0 gouraud=0 chrome=27413 texture=2007053 furnace=0 embers=97207 bloom=0 veil=1685 titles=1473 fade=417 | setup=340335 total=14669605
T t=134.8 bar=70 ph=9 the eye | render ms 51.36/52.83/53.74 | fps 14.9 | hold 4 miss 15 late 15 | gap ms 66.94 | under 0 fill 465 | copy 2376 cy/line 34.08 Mcy/s | synth 2954 cy/pump 42.37 Mcy/s 1765 cy/sample | tri 182 px 45348 part 90 ch 4 | AHASH s=3216000 734b9e99
PROF T t=134 ph=9 the eye frames=15 | clear=44377 sky=12150767 floor=0 scene=3511995 flat=0 gouraud=0 chrome=22293 texture=3149889 furnace=0 embers=99182 bloom=0 veil=1690 titles=1503 fade=446 | setup=339812 total=15809963
T t=135.9 bar=70 ph=9 the eye | render ms 46.79/48.68/52.87 | fps 18.3 | hold 4 miss 19 late 19 | gap ms 66.94 | under 0 fill 465 | copy 2363 cy/line 33.89 Mcy/s | synth 2958 cy/pump 42.42 Mcy/s 1767 cy/sample | tri 182 px 14792 part 90 ch 4 | AHASH s=3264000 477858f9
PROF T t=135 ph=9 the eye frames=19 | clear=44591 sky=12151382 floor=0 scene=2264082 flat=0 gouraud=0 chrome=22420 texture=1902922 furnace=0 embers=101445 bloom=0 veil=1668 titles=1499 fade=425 | setup=338738 total=14565094
T t=136.9 bar=71 ph=9 the eye | render ms 47.03/52.21/77.05 | fps 17.9 | hold 5 miss 18 late 18 | gap ms 83.68 | under 0 fill 465 | copy 2358 cy/line 33.82 Mcy/s | synth 2953 cy/pump 42.35 Mcy/s 1764 cy/sample | tri 186 px 19172 part 94 ch 4 | AHASH s=3288000 b36904b5
PROF T t=136 ph=9 the eye frames=18 | clear=44247 sky=12149000 floor=0 scene=1868778 flat=0 gouraud=0 chrome=22434 texture=1523536 furnace=0 embers=102939 bloom=0 veil=1455008 titles=1440 fade=436 | setup=322807 total=15621849
T t=137.9 bar=71 ph=9 the eye | render ms 77.25/78.15/79.06 | fps 11.9 | hold 5 miss 12 late 12 | gap ms 83.68 | under 0 fill 465 | copy 2358 cy/line 33.82 Mcy/s | synth 2952 cy/pump 42.33 Mcy/s 1763 cy/sample | tri 186 px 28936 part 94 ch 4 | AHASH s=3312000 4417a264
PROF T t=137 ph=9 the eye frames=12 | clear=44537 sky=12159544 floor=0 scene=2045315 flat=0 gouraud=0 chrome=22463 texture=2106108 furnace=0 embers=105602 bloom=0 veil=9047671 titles=1459 fade=410 | setup=0 total=23404541
PHRASE t=138.2 bar=72 ph=10 the load | render ms 42.85/49.03/79.29 | fps 18.5 | hold 5 miss 286 late 286 | gap ms 83.68 | under 0 fill 465 | copy 2362 cy/line 33.87 Mcy/s | synth 2958 cy/pump 42.42 Mcy/s 1767 cy/sample | tri 174 px 26085 part 126 ch 5 | AHASH s=3312000 4417a264
PROF PHRASE t=138 ph=10 the load frames=286 | clear=44361 sky=10845284 floor=0 scene=3078311 flat=0 gouraud=0 chrome=417163 texture=2342047 furnace=206 embers=97030 bloom=123 veil=602990 titles=1481 fade=432 | setup=318893 total=14670016
T t=138.9 bar=72 ph=10 the load | render ms 71.80/74.03/79.29 | fps 11.9 | hold 5 miss 12 late 12 | gap ms 83.68 | under 0 fill 465 | copy 2365 cy/line 33.92 Mcy/s | synth 2951 cy/pump 42.32 Mcy/s 1763 cy/sample | tri 174 px 22208 part 126 ch 5 | AHASH s=3336000 b52e67ca
PROF T t=138 ph=10 the load frames=12 | clear=44860 sky=10497760 floor=0 scene=2201209 flat=0 gouraud=0 chrome=580306 texture=1914974 furnace=43830 embers=132293 bloom=26447 veil=9263320 titles=1382 fade=396 | setup=0 total=22167669
T t=139.9 bar=72 ph=10 the load | render ms 41.53/60.57/71.84 | fps 13.9 | hold 5 miss 14 late 14 | gap ms 83.68 | under 0 fill 465 | copy 2371 cy/line 34.00 Mcy/s | synth 2929 cy/pump 42.01 Mcy/s 1750 cy/sample | tri 170 px 17432 part 126 ch 5 | AHASH s=3360000 e8c9be35
PROF T t=139 ph=10 the load frames=14 | clear=44299 sky=9938921 floor=0 scene=2239968 flat=0 gouraud=0 chrome=767195 texture=1291438 furnace=62291 embers=139515 bloom=36122 veil=5714422 titles=15302 fade=352 | setup=119043 total=18128905
T t=140.9 bar=73 ph=10 the load | render ms 41.51/41.55/41.67 | fps 19.9 | hold 3 miss 20 late 20 | gap ms 50.20 | under 0 fill 465 | copy 2388 cy/line 34.25 Mcy/s | synth 2521 cy/pump 36.16 Mcy/s 1506 cy/sample | tri 166 px 17394 part 126 ch 5 | AHASH s=3384000 78ec8b6d
PROF T t=140 ph=10 the load frames=20 | clear=44369 sky=9939029 floor=0 scene=2237845 flat=0 gouraud=0 chrome=769413 texture=1116592 furnace=63161 embers=137915 bloom=36167 veil=1665 titles=25787 fade=349 | setup=288678 total=12423129
T t=141.9 bar=73 ph=10 the load | render ms 41.52/41.56/41.63 | fps 19.9 | hold 3 miss 20 late 20 | gap ms 50.20 | under 0 fill 465 | copy 2388 cy/line 34.25 Mcy/s | synth 2522 cy/pump 36.16 Mcy/s 1506 cy/sample | tri 166 px 17433 part 126 ch 5 | AHASH s=3408000 24e3995f
PROF T t=141 ph=10 the load frames=20 | clear=44356 sky=9937294 floor=0 scene=2240497 flat=0 gouraud=0 chrome=771617 texture=1116376 furnace=63025 embers=140351 bloom=36169 veil=1637 titles=25764 fade=349 | setup=289478 total=12426419
T t=142.9 bar=74 ph=10 the load | render ms 41.52/41.57/41.65 | fps 19.9 | hold 3 miss 20 late 20 | gap ms 50.20 | under 0 fill 465 | copy 2388 cy/line 34.25 Mcy/s | synth 2524 cy/pump 36.19 Mcy/s 1508 cy/sample | tri 164 px 17379 part 127 ch 5 | AHASH s=3432000 a167a78e
PROF T t=142 ph=10 the load frames=20 | clear=44359 sky=9939578 floor=0 scene=2241042 flat=0 gouraud=0 chrome=772669 texture=1117148 furnace=61808 embers=140048 bloom=36157 veil=1650 titles=25879 fade=349 | setup=289415 total=12429065
T t=143.9 bar=74 ph=10 the load | render ms 41.53/41.56/41.63 | fps 19.9 | hold 3 miss 20 late 20 | gap ms 50.20 | under 0 fill 465 | copy 2388 cy/line 34.25 Mcy/s | synth 2527 cy/pump 36.24 Mcy/s 1510 cy/sample | tri 164 px 17441 part 127 ch 5 | AHASH s=3456000 634c61d6
PROF T t=143 ph=10 the load frames=20 | clear=44358 sky=9939425 floor=0 scene=2238869 flat=0 gouraud=0 chrome=772136 texture=1118129 furnace=59132 embers=140118 bloom=35616 veil=1716 titles=25851 fade=349 | setup=289470 total=12426305
T t=144.9 bar=75 ph=10 the load | render ms 41.50/41.54/41.64 | fps 19.9 | hold 3 miss 20 late 20 | gap ms 50.20 | under 0 fill 465 | copy 2388 cy/line 34.25 Mcy/s | synth 2523 cy/pump 36.18 Mcy/s 1507 cy/sample | tri 164 px 17502 part 127 ch 5 | AHASH s=3480000 71fe7714
PROF T t=144 ph=10 the load frames=20 | clear=44338 sky=9937486 floor=0 scene=2236526 flat=0 gouraud=0 chrome=773006 texture=1118837 furnace=56599 embers=142794 bloom=33477 veil=1688 titles=25741 fade=349 | setup=288082 total=12422402
T t=145.9 bar=76 ph=10 the load | render ms 41.53/41.57/41.68 | fps 19.9 | hold 3 miss 20 late 20 | gap ms 50.21 | under 0 fill 465 | copy 2389 cy/line 34.26 Mcy/s | synth 2522 cy/pump 36.17 Mcy/s 1507 cy/sample | tri 162 px 17530 part 127 ch 5 | AHASH s=3504000 1ad90c4d
PROF T t=145 ph=10 the load frames=20 | clear=44391 sky=9937350 floor=0 scene=2243341 flat=0 gouraud=0 chrome=773180 texture=1122471 furnace=58318 embers=142413 bloom=35062 veil=1659 titles=25798 fade=349 | setup=289371 total=12430365
T t=146.9 bar=76 ph=10 the load | render ms 41.54/41.58/41.68 | fps 19.9 | hold 3 miss 20 late 20 | gap ms 50.20 | under 0 fill 465 | copy 2389 cy/line 34.26 Mcy/s | synth 2520 cy/pump 36.15 Mcy/s 1506 cy/sample | tri 162 px 17585 part 127 ch 5 | AHASH s=3528000 8841309f
PROF T t=146 ph=10 the load frames=20 | clear=44349 sky=9938380 floor=0 scene=2247175 flat=0 gouraud=0 chrome=773406 texture=1124189 furnace=61431 embers=140513 bloom=35901 veil=1681 titles=25782 fade=349 | setup=288146 total=12434131
T t=147.9 bar=77 ph=10 the load | render ms 41.52/41.60/41.68 | fps 19.9 | hold 3 miss 20 late 20 | gap ms 50.20 | under 0 fill 465 | copy 2389 cy/line 34.26 Mcy/s | synth 2521 cy/pump 36.15 Mcy/s 1506 cy/sample | tri 164 px 17597 part 127 ch 5 | AHASH s=3552000 dff90dbd
PROF T t=147 ph=10 the load frames=20 | clear=44369 sky=9937899 floor=0 scene=2256588 flat=0 gouraud=0 chrome=778995 texture=1125489 furnace=64016 embers=139788 bloom=36382 veil=1692 titles=22151 fade=349 | setup=288087 total=12439222
T t=148.9 bar=77 ph=10 the load | render ms 41.50/41.55/41.65 | fps 19.9 | hold 3 miss 20 late 20 | gap ms 50.20 | under 0 fill 465 | copy 2388 cy/line 34.25 Mcy/s | synth 2521 cy/pump 36.16 Mcy/s 1506 cy/sample | tri 164 px 17670 part 127 ch 5 | AHASH s=3576000 10ef495b
PROF T t=148 ph=10 the load frames=20 | clear=44366 sky=9936248 floor=0 scene=2264441 flat=0 gouraud=0 chrome=783136 texture=1127786 furnace=65045 embers=138169 bloom=36813 veil=1695 titles=1471 fade=349 | setup=288473 total=12423554
T t=149.9 bar=78 ph=10 the load | render ms 41.54/41.58/41.65 | fps 19.9 | hold 3 miss 20 late 20 | gap ms 50.20 | under 0 fill 465 | copy 2388 cy/line 34.25 Mcy/s | synth 2522 cy/pump 36.17 Mcy/s 1507 cy/sample | tri 164 px 17718 part 127 ch 5 | AHASH s=3600000 a827f115
PROF T t=149 ph=10 the load frames=20 | clear=44367 sky=9935868 floor=0 scene=2271607 flat=0 gouraud=0 chrome=785982 texture=1130928 furnace=66658 embers=137522 bloom=39366 veil=1733 titles=1590 fade=364 | setup=288038 total=12432422
T t=151.0 bar=78 ph=10 the load | render ms 41.56/41.61/41.68 | fps 19.9 | hold 3 miss 20 late 20 | gap ms 50.20 | under 0 fill 465 | copy 2388 cy/line 34.25 Mcy/s | synth 2522 cy/pump 36.17 Mcy/s 1507 cy/sample | tri 164 px 17752 part 127 ch 5 | AHASH s=3624000 70a52061
PROF T t=151 ph=10 the load frames=20 | clear=44379 sky=9936257 floor=0 scene=2278005 flat=0 gouraud=0 chrome=786373 texture=1134364 furnace=68139 embers=139265 bloom=39980 veil=1758 titles=1459 fade=349 | setup=289128 total=12441457
T t=152.0 bar=79 ph=10 the load | render ms 41.57/41.62/41.72 | fps 19.9 | hold 3 miss 20 late 20 | gap ms 50.20 | under 0 fill 465 | copy 2388 cy/line 34.25 Mcy/s | synth 2524 cy/pump 36.19 Mcy/s 1508 cy/sample | tri 164 px 17817 part 127 ch 5 | AHASH s=3648000 83a0cb6b
PROF T t=152 ph=10 the load frames=20 | clear=44391 sky=9935718 floor=0 scene=2279892 flat=0 gouraud=0 chrome=786597 texture=1135087 furnace=70003 embers=140792 bloom=40638 veil=1625 titles=1473 fade=349 | setup=288204 total=12444882
T t=153.0 bar=79 ph=10 the load | render ms 41.57/41.63/41.72 | fps 19.9 | hold 3 miss 20 late 20 | gap ms 50.20 | under 0 fill 465 | copy 2388 cy/line 34.25 Mcy/s | synth 2521 cy/pump 36.16 Mcy/s 1506 cy/sample | tri 158 px 17819 part 127 ch 5 | AHASH s=3672000 abe9098c
PROF T t=153 ph=10 the load frames=20 | clear=44371 sky=9935649 floor=0 scene=2279902 flat=0 gouraud=0 chrome=784355 texture=1134539 furnace=74163 embers=141766 bloom=41322 veil=1667 titles=1476 fade=349 | setup=286845 total=12446506
PHRASE t=153.6 bar=80 ph=11 the load | render ms 41.50/43.32/72.66 | fps 19.1 | hold 5 miss 294 late 294 | gap ms 83.68 | under 0 fill 465 | copy 2386 cy/line 34.22 Mcy/s | synth 2565 cy/pump 36.79 Mcy/s 1533 cy/sample | tri 158 px 17853 part 127 ch 5 | AHASH s=3672000 abe9098c
PROF PHRASE t=153 ph=11 the load frames=294 | clear=44387 sky=9937587 floor=0 scene=2254975 flat=0 gouraud=0 chrome=777157 texture=1149838 furnace=64242 embers=140116 bloom=37247 veil=525001 titles=15124 fade=351 | setup=263735 total=12954791
T t=154.0 bar=80 ph=11 the load | render ms 41.61/41.65/41.73 | fps 19.9 | hold 3 miss 20 late 20 | gap ms 50.20 | under 0 fill 465 | copy 2387 cy/line 34.23 Mcy/s | synth 2484 cy/pump 35.63 Mcy/s 1484 cy/sample | tri 158 px 17840 part 127 ch 5 | AHASH s=3696000 3176b28e
PROF T t=154 ph=11 the load frames=20 | clear=44620 sky=9937871 floor=0 scene=2285121 flat=0 gouraud=0 chrome=783855 texture=1138555 furnace=76063 embers=139600 bloom=41905 veil=1683 titles=1444 fade=349 | setup=286647 total=12452596
T t=155.0 bar=80 ph=11 the load | render ms 41.63/41.67/41.74 | fps 19.9 | hold 3 miss 20 late 20 | gap ms 50.21 | under 0 fill 465 | copy 2388 cy/line 34.25 Mcy/s | synth 2523 cy/pump 36.19 Mcy/s 1507 cy/sample | tri 160 px 17958 part 127 ch 5 | AHASH s=3720000 95f09d70
PROF T t=155 ph=11 the load frames=20 | clear=44358 sky=9936352 floor=0 scene=2293692 flat=0 gouraud=0 chrome=787899 texture=1141121 furnace=76952 embers=138617 bloom=42646 veil=1718 titles=1461 fade=349 | setup=287718 total=12459197
T t=156.0 bar=81 ph=11 the load | render ms 41.66/41.69/41.74 | fps 19.9 | hold 3 miss 20 late 20 | gap ms 50.20 | under 0 fill 465 | copy 2380 cy/line 34.13 Mcy/s | synth 2773 cy/pump 39.77 Mcy/s 1657 cy/sample | tri 160 px 18007 part 127 ch 5 | AHASH s=3744000 ca1f9b64
PROF T t=156 ph=11 the load frames=20 | clear=44372 sky=9936800 floor=0 scene=2300730 flat=0 gouraud=0 chrome=791111 texture=1144023 furnace=76623 embers=137844 bloom=43269 veil=1667 titles=1443 fade=349 | setup=288971 total=12466475
T t=157.0 bar=81 ph=11 the load | render ms 41.69/41.71/41.79 | fps 19.9 | hold 3 miss 20 late 20 | gap ms 50.20 | under 0 fill 465 | copy 2373 cy/line 34.04 Mcy/s | synth 2963 cy/pump 42.49 Mcy/s 1770 cy/sample | tri 160 px 18041 part 127 ch 5 | AHASH s=3768000 9d415870
PROF T t=157 ph=11 the load frames=20 | clear=44370 sky=9937928 floor=0 scene=2303644 flat=0 gouraud=0 chrome=793705 texture=1146912 furnace=75465 embers=139677 bloom=43947 veil=1675 titles=1467 fade=349 | setup=287561 total=12473060
T t=158.0 bar=82 ph=11 the load | render ms 41.70/41.74/41.80 | fps 19.9 | hold 3 miss 20 late 20 | gap ms 50.20 | under 0 fill 465 | copy 2373 cy/line 34.03 Mcy/s | synth 2962 cy/pump 42.48 Mcy/s 1770 cy/sample | tri 160 px 18205 part 127 ch 5 | AHASH s=3792000 7d3d2864
PROF T t=158 ph=11 the load frames=20 | clear=44360 sky=9936008 floor=0 scene=2312168 flat=0 gouraud=0 chrome=795023 texture=1151804 furnace=77147 embers=140526 bloom=44341 veil=1622 titles=1469 fade=349 | setup=288193 total=12480845
T t=159.0 bar=82 ph=11 the load | render ms 41.73/41.75/41.81 | fps 19.9 | hold 3 miss 20 late 20 | gap ms 50.20 | under 0 fill 465 | copy 2373 cy/line 34.03 Mcy/s | synth 2963 cy/pump 42.50 Mcy/s 1771 cy/sample | tri 160 px 18199 part 127 ch 5 | AHASH s=3816000 deef4d72
PROF T t=159 ph=11 the load frames=20 | clear=44422 sky=9936222 floor=0 scene=2314957 flat=0 gouraud=0 chrome=796973 texture=1154014 furnace=76670 embers=140890 bloom=44364 veil=1666 titles=1456 fade=349 | setup=287298 total=12484326
T t=160.0 bar=83 ph=11 the load | render ms 41.77/41.80/41.86 | fps 19.9 | hold 3 miss 20 late 20 | gap ms 50.20 | under 0 fill 465 | copy 2373 cy/line 34.03 Mcy/s | synth 2965 cy/pump 42.52 Mcy/s 1772 cy/sample | tri 162 px 18256 part 127 ch 5 | AHASH s=3840000 9a42f6cc
PROF T t=160 ph=11 the load frames=20 | clear=44379 sky=9939033 floor=0 scene=2326711 flat=0 gouraud=0 chrome=800620 texture=1159938 furnace=76545 embers=140508 bloom=44222 veil=1652 titles=1454 fade=349 | setup=289607 total=12498310
T t=161.0 bar=83 ph=11 the load | render ms 41.76/41.81/41.90 | fps 19.9 | hold 3 miss 20 late 20 | gap ms 50.20 | under 0 fill 465 | copy 2373 cy/line 34.03 Mcy/s | synth 2963 cy/pump 42.50 Mcy/s 1771 cy/sample | tri 162 px 18376 part 127 ch 5 | AHASH s=3864000 41e70dda
PROF T t=161 ph=11 the load frames=20 | clear=44449 sky=9938878 floor=0 scene=2331953 flat=0 gouraud=0 chrome=800934 texture=1166244 furnace=76116 embers=139426 bloom=44233 veil=1675 titles=1460 fade=349 | setup=288657 total=12502425
T t=162.0 bar=84 ph=11 the load | render ms 41.78/41.84/41.91 | fps 19.9 | hold 3 miss 20 late 20 | gap ms 50.20 | under 0 fill 465 | copy 2373 cy/line 34.03 Mcy/s | synth 2964 cy/pump 42.50 Mcy/s 1771 cy/sample | tri 164 px 18414 part 127 ch 5 | AHASH s=3888000 31bd76a8
PROF T t=162 ph=11 the load frames=20 | clear=44348 sky=9940444 floor=0 scene=2339398 flat=0 gouraud=0 chrome=804160 texture=1170617 furnace=75480 embers=139485 bloom=44205 veil=1668 titles=1478 fade=349 | setup=289139 total=12511379
T t=163.0 bar=84 ph=11 the load | render ms 41.82/41.86/41.93 | fps 19.9 | hold 3 miss 20 late 20 | gap ms 50.20 | under 0 fill 465 | copy 2373 cy/line 34.03 Mcy/s | synth 2964 cy/pump 42.51 Mcy/s 1771 cy/sample | tri 164 px 18485 part 127 ch 5 | AHASH s=3912000 0ad3b991
PROF T t=163 ph=11 the load frames=20 | clear=44395 sky=9939830 floor=0 scene=2346085 flat=0 gouraud=0 chrome=805808 texture=1175215 furnace=76195 embers=140802 bloom=43817 veil=1651 titles=1460 fade=349 | setup=288866 total=12518392
T t=164.0 bar=85 ph=11 the load | render ms 41.86/41.89/41.93 | fps 19.9 | hold 3 miss 20 late 20 | gap ms 50.20 | under 0 fill 465 | copy 2373 cy/line 34.03 Mcy/s | synth 2962 cy/pump 42.47 Mcy/s 1769 cy/sample | tri 164 px 18621 part 127 ch 5 | AHASH s=3936000 b3d08b8f
PROF T t=164 ph=11 the load frames=20 | clear=44338 sky=9939788 floor=0 scene=2351813 flat=0 gouraud=0 chrome=807319 texture=1178589 furnace=77016 embers=142156 bloom=43397 veil=1679 titles=1467 fade=349 | setup=288888 total=12524990
T t=165.0 bar=85 ph=11 the load | render ms 41.88/41.91/41.99 | fps 19.9 | hold 3 miss 20 late 20 | gap ms 50.20 | under 0 fill 465 | copy 2373 cy/line 34.03 Mcy/s | synth 2966 cy/pump 42.53 Mcy/s 1772 cy/sample | tri 164 px 18663 part 127 ch 5 | AHASH s=3960000 d105d087
PROF T t=165 ph=11 the load frames=20 | clear=44377 sky=9939730 floor=0 scene=2357911 flat=0 gouraud=0 chrome=809333 texture=1183023 furnace=76795 embers=143330 bloom=43064 veil=1676 titles=1456 fade=349 | setup=288759 total=12531896
T t=166.0 bar=86 ph=11 the load | render ms 41.87/41.91/42.02 | fps 19.9 | hold 3 miss 20 late 20 | gap ms 50.20 | under 0 fill 465 | copy 2373 cy/line 34.03 Mcy/s | synth 2963 cy/pump 42.49 Mcy/s 1770 cy/sample | tri 164 px 18625 part 127 ch 5 | AHASH s=3984000 a355dacd
PROF T t=166 ph=11 the load frames=20 | clear=44372 sky=9938211 floor=0 scene=2361418 flat=0 gouraud=0 chrome=809874 texture=1185175 furnace=75104 embers=141140 bloom=42807 veil=1669 titles=1434 fade=343 | setup=291263 total=12531397
T t=167.0 bar=87 ph=11 the load | render ms 41.86/41.90/41.99 | fps 19.9 | hold 3 miss 20 late 20 | gap ms 50.20 | under 0 fill 465 | copy 2373 cy/line 34.03 Mcy/s | synth 2964 cy/pump 42.50 Mcy/s 1771 cy/sample | tri 164 px 18723 part 127 ch 5 | AHASH s=4008000 91641358
PROF T t=167 ph=11 the load frames=20 | clear=44301 sky=9939160 floor=0 scene=2360926 flat=0 gouraud=0 chrome=810160 texture=1185206 furnace=75685 embers=138910 bloom=42466 veil=1649 titles=1463 fade=349 | setup=289873 total=12529226
T t=168.0 bar=87 ph=11 the load | render ms 41.88/57.60/71.85 | fps 14.6 | hold 5 miss 15 late 15 | gap ms 83.68 | under 0 fill 465 | copy 2370 cy/line 33.99 Mcy/s | synth 2957 cy/pump 42.41 Mcy/s 1767 cy/sample | tri 166 px 21634 part 127 ch 5 | AHASH s=4032000 966fd824
PROF T t=168 ph=11 the load frames=15 | clear=44392 sky=9941201 floor=0 scene=2359343 flat=0 gouraud=0 chrome=808566 texture=1298898 furnace=74613 embers=137978 bloom=41629 veil=4712392 titles=1452 fade=352 | setup=177264 total=17238741
PHRASE t=168.9 bar=88 ph=12 the spine | render ms 41.61/43.76/73.01 | fps 19.0 | hold 5 miss 294 late 294 | gap ms 83.68 | under 0 fill 465 | copy 2375 cy/line 34.05 Mcy/s | synth 2907 cy/pump 41.70 Mcy/s 1737 cy/sample | tri 154 px 18759 part 115 ch 6 | AHASH s=4056000 2a6e3e64
PROF PHRASE t=168 ph=12 the spine frames=294 | clear=44389 sky=9940470 floor=0 scene=2329314 flat=0 gouraud=0 chrome=799332 texture=1193206 furnace=75714 embers=140018 bloom=43201 veil=587065 titles=1459 fade=350 | setup=261061 total=13086270
T t=169.0 bar=88 ph=12 the spine | render ms 71.85/72.48/73.01 | fps 11.9 | hold 5 miss 12 late 12 | gap ms 83.68 | under 0 fill 465 | copy 2370 cy/line 33.98 Mcy/s | synth 2917 cy/pump 41.83 Mcy/s 1742 cy/sample | tri 154 px 18784 part 115 ch 6 | AHASH s=4056000 2a6e3e64
PROF T t=169 ph=12 the spine frames=12 | clear=45051 sky=10032758 floor=0 scene=2219204 flat=0 gouraud=0 chrome=715067 texture=1748220 furnace=58500 embers=137235 bloom=33730 veil=9231851 titles=1475 fade=404 | setup=0 total=21701710
T t=170.0 bar=88 ph=12 the spine | render ms 70.30/71.02/71.77 | fps 11.9 | hold 5 miss 12 late 12 | gap ms 83.68 | under 0 fill 465 | copy 2369 cy/line 33.97 Mcy/s | synth 2957 cy/pump 42.41 Mcy/s 1767 cy/sample | tri 158 px 12112 part 115 ch 6 | AHASH s=4080000 3b693886
PROF T t=170 ph=12 the spine frames=12 | clear=44601 sky=10469123 floor=0 scene=1515927 flat=0 gouraud=0 chrome=249147 texture=1421101 furnace=0 embers=126812 bloom=0 veil=9105555 titles=1302 fade=444 | setup=0 total=21263767
T t=171.1 bar=89 ph=12 the spine | render ms 40.89/47.40/70.34 | fps 17.3 | hold 5 miss 18 late 18 | gap ms 83.68 | under 0 fill 465 | copy 2373 cy/line 34.03 Mcy/s | synth 2963 cy/pump 42.49 Mcy/s 1770 cy/sample | tri 156 px 10923 part 115 ch 6 | AHASH s=4104000 9dae99f0
PROF T t=171 ph=12 the spine frames=18 | clear=44426 sky=10468699 floor=0 scene=1566760 flat=0 gouraud=0 chrome=258323 texture=1025483 furnace=0 embers=126256 bloom=0 veil=1945982 titles=25372 fade=443 | setup=282954 total=14177941
T t=172.1 bar=89 ph=12 the spine | render ms 40.73/40.87/41.07 | fps 19.9 | hold 3 miss 20 late 20 | gap ms 50.20 | under 0 fill 465 | copy 2374 cy/line 34.05 Mcy/s | synth 2965 cy/pump 42.52 Mcy/s 1772 cy/sample | tri 150 px 10448 part 115 ch 6 | AHASH s=4128000 570b885b
PROF T t=172 ph=12 the spine frames=20 | clear=44420 sky=10467346 floor=0 scene=1550370 flat=0 gouraud=0 chrome=264107 texture=982034 furnace=0 embers=126832 bloom=0 veil=1674 titles=26809 fade=446 | setup=304228 total=12217901
T t=173.1 bar=90 ph=12 the spine | render ms 40.79/40.88/40.96 | fps 19.9 | hold 3 miss 20 late 20 | gap ms 50.20 | under 0 fill 465 | copy 2375 cy/line 34.06 Mcy/s | synth 2965 cy/pump 42.53 Mcy/s 1772 cy/sample | tri 150 px 10549 part 115 ch 6 | AHASH s=4152000 ca16384e
PROF T t=173 ph=12 the spine frames=20 | clear=44394 sky=10467961 floor=0 scene=1552490 flat=0 gouraud=0 chrome=285862 texture=964824 furnace=0 embers=127556 bloom=0 veil=1671 titles=26720 fade=447 | setup=301803 total=12221242
T t=174.1 bar=90 ph=12 the spine | render ms 40.44/40.56/40.92 | fps 19.9 | hold 3 miss 20 late 20 | gap ms 50.20 | under 0 fill 465 | copy 2375 cy/line 34.06 Mcy/s | synth 2965 cy/pump 42.52 Mcy/s 1771 cy/sample | tri 154 px 10436 part 115 ch 6 | AHASH s=4176000 0d111beb
PROF T t=174 ph=12 the spine frames=20 | clear=44364 sky=10467301 floor=0 scene=1453942 flat=0 gouraud=0 chrome=266436 texture=954231 furnace=0 embers=130816 bloom=0 veil=1660 titles=26738 fade=444 | setup=233274 total=12125266
T t=175.1 bar=91 ph=12 the spine | render ms 40.39/40.54/40.74 | fps 19.9 | hold 3 miss 20 late 20 | gap ms 50.20 | under 0 fill 465 | copy 2375 cy/line 34.07 Mcy/s | synth 2962 cy/pump 42.47 Mcy/s 1769 cy/sample | tri 156 px 10030 part 115 ch 6 | AHASH s=4200000 b9b23caa
PROF T t=175 ph=12 the spine frames=20 | clear=44420 sky=10465968 floor=0 scene=1450088 flat=0 gouraud=0 chrome=269167 texture=952392 furnace=0 embers=130182 bloom=0 veil=1650 titles=26628 fade=444 | setup=228529 total=12119383
T t=176.1 bar=91 ph=12 the spine | render ms 40.29/40.41/40.59 | fps 19.9 | hold 3 miss 20 late 20 | gap ms 50.20 | under 0 fill 465 | copy 2376 cy/line 34.07 Mcy/s | synth 2961 cy/pump 42.47 Mcy/s 1769 cy/sample | tri 154 px 9489 part 115 ch 6 | AHASH s=4224000 ec41826b
PROF T t=176 ph=12 the spine frames=20 | clear=44411 sky=10465829 floor=0 scene=1410615 flat=0 gouraud=0 chrome=266730 texture=916790 furnace=0 embers=130057 bloom=0 veil=1678 titles=26780 fade=449 | setup=227094 total=12079820
T t=177.1 bar=92 ph=12 the spine | render ms 40.16/40.29/40.42 | fps 19.9 | hold 3 miss 20 late 20 | gap ms 50.20 | under 0 fill 465 | copy 2376 cy/line 34.07 Mcy/s | synth 2961 cy/pump 42.47 Mcy/s 1769 cy/sample | tri 150 px 9089 part 115 ch 6 | AHASH s=4248000 a8146d58
PROF T t=177 ph=12 the spine frames=20 | clear=44411 sky=10465383 floor=0 scene=1375392 flat=0 gouraud=0 chrome=271005 texture=876631 furnace=0 embers=130328 bloom=0 veil=1666 titles=26868 fade=449 | setup=227756 total=12044501
T t=178.1 bar=92 ph=12 the spine | render ms 40.02/40.17/40.34 | fps 19.9 | hold 3 miss 20 late 20 | gap ms 50.20 | under 0 fill 465 | copy 2376 cy/line 34.07 Mcy/s | synth 2961 cy/pump 42.47 Mcy/s 1769 cy/sample | tri 150 px 8628 part 115 ch 6 | AHASH s=4272000 2c216a89
PROF T t=178 ph=12 the spine frames=20 | clear=44409 sky=10464861 floor=0 scene=1341769 flat=0 gouraud=0 chrome=268207 texture=846961 furnace=0 embers=128630 bloom=0 veil=1678 titles=26827 fade=449 | setup=226601 total=12008626
T t=179.1 bar=93 ph=12 the spine | render ms 39.85/39.99/40.18 | fps 19.9 | hold 3 miss 20 late 20 | gap ms 50.20 | under 0 fill 465 | copy 2376 cy/line 34.08 Mcy/s | synth 2959 cy/pump 42.44 Mcy/s 1768 cy/sample | tri 156 px 8380 part 115 ch 6 | AHASH s=4296000 294d03a0
PROF T t=179 ph=12 the spine frames=20 | clear=44267 sky=10464788 floor=0 scene=1306853 flat=0 gouraud=0 chrome=262046 texture=818749 furnace=0 embers=127698 bloom=0 veil=1650 titles=10313 fade=446 | setup=226057 total=11956017
T t=180.1 bar=93 ph=12 the spine | render ms 39.84/39.96/40.20 | fps 19.9 | hold 3 miss 20 late 20 | gap ms 50.20 | under 0 fill 465 | copy 2377 cy/line 34.08 Mcy/s | synth 2961 cy/pump 42.47 Mcy/s 1769 cy/sample | tri 156 px 8371 part 115 ch 6 | AHASH s=4320000 c078dc9b
PROF T t=180 ph=12 the spine frames=20 | clear=44427 sky=10463560 floor=0 scene=1309108 flat=0 gouraud=0 chrome=269638 texture=814506 furnace=0 embers=126779 bloom=0 veil=1650 titles=1460 fade=441 | setup=224963 total=11947427
T t=181.1 bar=94 ph=12 the spine | render ms 39.86/39.93/40.01 | fps 19.9 | hold 3 miss 20 late 20 | gap ms 50.20 | under 0 fill 465 | copy 2376 cy/line 34.08 Mcy/s | synth 2959 cy/pump 42.43 Mcy/s 1768 cy/sample | tri 150 px 8563 part 115 ch 6 | AHASH s=4344000 7b701b47
PROF T t=181 ph=12 the spine frames=20 | clear=44325 sky=10463103 floor=0 scene=1300915 flat=0 gouraud=0 chrome=256956 texture=818891 furnace=0 embers=125901 bloom=0 veil=1627 titles=1450 fade=444 | setup=225067 total=11937767
T t=182.1 bar=94 ph=12 the spine | render ms 39.90/39.97/40.07 | fps 19.9 | hold 3 miss 20 late 20 | gap ms 50.20 | under 0 fill 465 | copy 2377 cy/line 34.08 Mcy/s | synth 2960 cy/pump 42.45 Mcy/s 1768 cy/sample | tri 150 px 8375 part 115 ch 6 | AHASH s=4368000 db66af5d
PROF T t=182 ph=12 the spine frames=20 | clear=44446 sky=10464196 floor=0 scene=1311851 flat=0 gouraud=0 chrome=265466 texture=821589 furnace=0 embers=124789 bloom=0 veil=1652 titles=1460 fade=444 | setup=224795 total=11948840
T t=183.1 bar=95 ph=12 the spine | render ms 39.91/39.96/40.15 | fps 19.9 | hold 3 miss 20 late 20 | gap ms 50.20 | under 0 fill 465 | copy 2377 cy/line 34.08 Mcy/s | synth 2960 cy/pump 42.45 Mcy/s 1769 cy/sample | tri 154 px 8255 part 115 ch 6 | AHASH s=4392000 834ccdbe
PROF T t=183 ph=12 the spine frames=20 | clear=44480 sky=10464350 floor=0 scene=1309638 flat=0 gouraud=0 chrome=258288 texture=824056 furnace=0 embers=123918 bloom=0 veil=1668 titles=1486 fade=436 | setup=227293 total=11945979
T t=184.1 bar=95 ph=12 the spine | render ms 39.90/39.96/40.11 | fps 19.9 | hold 3 miss 20 late 20 | gap ms 50.20 | under 0 fill 465 | copy 2377 cy/line 34.08 Mcy/s | synth 2961 cy/pump 42.47 Mcy/s 1769 cy/sample | tri 156 px 8104 part 115 ch 6 | AHASH s=4416000 7f5e6d22
PROF T t=184 ph=12 the spine frames=20 | clear=44373 sky=10463412 floor=0 scene=1308519 flat=0 gouraud=0 chrome=263984 texture=816683 furnace=0 embers=127030 bloom=0 veil=1647 titles=1444 fade=446 | setup=227851 total=11946875
PHRASE t=184.3 bar=96 ph=13 the spine | render ms 39.84/42.13/71.85 | fps 19.1 | hold 5 miss 294 late 294 | gap ms 83.68 | under 0 fill 465 | copy 2375 cy/line 34.06 Mcy/s | synth 2961 cy/pump 42.47 Mcy/s 1769 cy/sample | tri 624 px 77104 part 102 ch 6 | AHASH s=4416000 7f5e6d22
PROF PHRASE t=184 ph=13 the spine frames=294 | clear=44444 sky=10465770 floor=0 scene=1420430 flat=231 gouraud=0 chrome=267375 texture=926671 furnace=0 embers=127565 bloom=0 veil=523975 titles=15571 fade=445 | setup=226151 total=12598203
T t=185.2 bar=96 ph=13 the spine | render ms 39.98/57.58/60.59 | fps 15.4 | hold 4 miss 16 late 16 | gap ms 66.94 | under 0 fill 465 | copy 2366 cy/line 33.93 Mcy/s | synth 2958 cy/pump 42.43 Mcy/s 1767 cy/sample | tri 620 px 74490 part 102 ch 6 | AHASH s=4440000 f6688f25
PROF T t=185 ph=13 the spine frames=16 | clear=44802 sky=10481396 floor=0 scene=6586668 flat=63357 gouraud=0 chrome=785772 texture=4829558 furnace=0 embers=117044 bloom=0 veil=1674 titles=1496 fade=440 | setup=907979 total=17233522
T t=186.2 bar=96 ph=13 the spine | render ms 58.81/59.30/59.76 | fps 14.9 | hold 4 miss 15 late 15 | gap ms 66.94 | under 0 fill 465 | copy 2367 cy/line 33.94 Mcy/s | synth 2959 cy/pump 42.43 Mcy/s 1768 cy/sample | tri 614 px 70881 part 102 ch 6 | AHASH s=4464000 08a66ad1
PROF T t=186 ph=13 the spine frames=15 | clear=44539 sky=10484867 floor=0 scene=7099079 flat=83069 gouraud=0 chrome=846182 texture=5172277 furnace=0 embers=115850 bloom=0 veil=1676 titles=1509 fade=446 | setup=997549 total=17747969
T t=187.2 bar=97 ph=13 the spine | render ms 57.97/58.33/58.85 | fps 14.9 | hold 4 miss 15 late 15 | gap ms 66.94 | under 0 fill 465 | copy 2368 cy/line 33.96 Mcy/s | synth 2958 cy/pump 42.43 Mcy/s 1768 cy/sample | tri 608 px 67412 part 102 ch 6 | AHASH s=4488000 d442a545
PROF T t=187 ph=13 the spine frames=15 | clear=44564 sky=10484104 floor=0 scene=6810141 flat=85260 gouraud=0 chrome=833875 texture=4896637 furnace=0 embers=114905 bloom=0 veil=1684 titles=1508 fade=442 | setup=994367 total=17457351
T t=188.2 bar=98 ph=13 the spine | render ms 43.54/54.97/58.00 | fps 15.6 | hold 4 miss 16 late 16 | gap ms 66.94 | under 0 fill 465 | copy 2370 cy/line 33.99 Mcy/s | synth 2961 cy/pump 42.46 Mcy/s 1769 cy/sample | tri 616 px 63089 part 102 ch 6 | AHASH s=4512000 e4258c4c
PROF T t=188 ph=13 the spine frames=16 | clear=44505 sky=9721400 floor=0 scene=6564317 flat=84936 gouraud=0 chrome=822599 texture=4653715 furnace=0 embers=113634 bloom=0 veil=1695 titles=1517 fade=446 | setup=1003065 total=16447515
T t=189.2 bar=98 ph=13 the spine | render ms 42.51/42.98/43.45 | fps 19.9 | hold 3 miss 20 late 20 | gap ms 50.20 | under 0 fill 465 | copy 2371 cy/line 34.01 Mcy/s | synth 2966 cy/pump 42.53 Mcy/s 1772 cy/sample | tri 614 px 58874 part 102 ch 6 | AHASH s=4536000 3857df0b
PROF T t=189 ph=13 the spine frames=20 | clear=44402 sky=6414528 floor=0 scene=6276023 flat=84505 gouraud=0 chrome=808877 texture=4381107 furnace=0 embers=114568 bloom=0 veil=1682 titles=1502 fade=434 | setup=1001532 total=12853142
T t=190.2 bar=99 ph=13 the spine | render ms 41.68/42.14/42.60 | fps 19.9 | hold 3 miss 20 late 20 | gap ms 50.20 | under 0 fill 465 | copy 2373 cy/line 34.04 Mcy/s | synth 2968 cy/pump 42.57 Mcy/s 1773 cy/sample | tri 618 px 55601 part 102 ch 6 | AHASH s=4560000 34b08260
PROF T t=190 ph=13 the spine frames=20 | clear=44513 sky=6414211 floor=0 scene=6022802 flat=84333 gouraud=0 chrome=788597 texture=4149367 furnace=0 embers=115215 bloom=0 veil=1680 titles=1508 fade=441 | setup=1000503 total=12600373
T t=191.2 bar=99 ph=13 the spine | render ms 41.16/41.53/41.98 | fps 19.9 | hold 3 miss 20 late 20 | gap ms 50.20 | under 0 fill 465 | copy 2375 cy/line 34.06 Mcy/s | synth 2968 cy/pump 42.56 Mcy/s 1773 cy/sample | tri 636 px 51771 part 102 ch 6 | AHASH s=4584000 5c02ea2f
PROF T t=191 ph=13 the spine frames=20 | clear=44369 sky=6415263 floor=0 scene=5838783 flat=94473 gouraud=0 chrome=756394 texture=3981794 furnace=0 embers=115014 bloom=0 veil=1672 titles=1508 fade=446 | setup=1006121 total=12417057
T t=192.2 bar=100 ph=13 the spine | render ms 40.38/40.74/41.22 | fps 19.9 | hold 3 miss 20 late 20 | gap ms 50.20 | under 0 fill 465 | copy 2377 cy/line 34.09 Mcy/s | synth 2969 cy/pump 42.58 Mcy/s 1774 cy/sample | tri 640 px 47946 part 103 ch 6 | AHASH s=4608000 9c8c2e5e
PROF T t=192 ph=13 the spine frames=20 | clear=44409 sky=6413717 floor=0 scene=5603497 flat=95746 gouraud=0 chrome=722061 texture=3778217 furnace=0 embers=115346 bloom=0 veil=1695 titles=1508 fade=444 | setup=1007472 total=12180618
T t=193.2 bar=100 ph=13 the spine | render ms 39.50/39.91/40.36 | fps 19.9 | hold 3 miss 20 late 20 | gap ms 50.20 | under 0 fill 465 | copy 2379 cy/line 34.11 Mcy/s | synth 2973 cy/pump 42.63 Mcy/s 1776 cy/sample | tri 648 px 44780 part 103 ch 6 | AHASH s=4632000 82c359a6
PROF T t=193 ph=13 the spine frames=20 | clear=44390 sky=6415135 floor=0 scene=5350999 flat=96852 gouraud=0 chrome=679971 texture=3566437 furnace=0 embers=117645 bloom=0 veil=1642 titles=1508 fade=434 | setup=1007736 total=11931756
T t=194.2 bar=101 ph=13 the spine | render ms 38.76/39.13/39.57 | fps 19.9 | hold 3 miss 20 late 20 | gap ms 50.20 | under 0 fill 465 | copy 2380 cy/line 34.13 Mcy/s | synth 2969 cy/pump 42.57 Mcy/s 1774 cy/sample | tri 638 px 41734 part 103 ch 6 | AHASH s=4656000 cc213693
PROF T t=194 ph=13 the spine frames=20 | clear=44447 sky=6415436 floor=0 scene=5114801 flat=97702 gouraud=0 chrome=639270 texture=3373973 furnace=0 embers=119122 bloom=0 veil=1640 titles=1502 fade=439 | setup=1003855 total=11697390
T t=195.2 bar=101 ph=13 the spine | render ms 38.31/38.55/38.88 | fps 19.9 | hold 3 miss 20 late 20 | gap ms 50.20 | under 0 fill 465 | copy 2381 cy/line 34.15 Mcy/s | synth 2968 cy/pump 42.56 Mcy/s 1773 cy/sample | tri 644 px 39392 part 103 ch 6 | AHASH s=4680000 bc62e6e7
PROF T t=195 ph=13 the spine frames=20 | clear=44410 sky=6414760 floor=0 scene=4940899 flat=98381 gouraud=0 chrome=617390 texture=3227656 furnace=0 embers=117979 bloom=0 veil=1677 titles=1488 fade=444 | setup=997471 total=11521661
T t=196.2 bar=102 ph=13 the spine | render ms 37.85/38.13/38.39 | fps 19.9 | hold 3 miss 20 late 20 | gap ms 50.21 | under 0 fill 465 | copy 2382 cy/line 34.16 Mcy/s | synth 2969 cy/pump 42.57 Mcy/s 1774 cy/sample | tri 650 px 37796 part 104 ch 6 | AHASH s=4704000 f071fff0
PROF T t=196 ph=13 the spine frames=20 | clear=44424 sky=6415970 floor=0 scene=4814459 flat=100653 gouraud=0 chrome=605670 texture=3110487 furnace=0 embers=117450 bloom=0 veil=1662 titles=1492 fade=434 | setup=997648 total=11395894
T t=197.2 bar=102 ph=13 the spine | render ms 37.50/37.71/37.98 | fps 19.9 | hold 3 miss 20 late 20 | gap ms 50.20 | under 0 fill 465 | copy 2383 cy/line 34.17 Mcy/s | synth 2971 cy/pump 42.60 Mcy/s 1775 cy/sample | tri 654 px 36127 part 104 ch 6 | AHASH s=4728000 9599cf61
PROF T t=197 ph=13 the spine frames=20 | clear=44406 sky=6414686 floor=0 scene=4691087 flat=103080 gouraud=0 chrome=590319 texture=3001092 furnace=0 embers=116271 bloom=0 veil=1640 titles=1489 fade=446 | setup=996594 total=11270028
T t=198.3 bar=103 ph=13 the spine | render ms 36.86/37.17/37.54 | fps 19.9 | hold 3 miss 20 late 20 | gap ms 50.20 | under 0 fill 465 | copy 2384 cy/line 34.19 Mcy/s | synth 2969 cy/pump 42.57 Mcy/s 1774 cy/sample | tri 648 px 33756 part 106 ch 6 | AHASH s=4752000 150d43de
PROF T t=198 ph=13 the spine frames=20 | clear=44425 sky=6414589 floor=0 scene=4528774 flat=105580 gouraud=0 chrome=570800 texture=2856379 furnace=0 embers=116867 bloom=0 veil=1706 titles=1511 fade=441 | setup=996013 total=11108317
T t=199.3 bar=103 ph=13 the spine | render ms 36.17/36.50/36.87 | fps 19.9 | hold 3 miss 20 late 20 | gap ms 50.20 | under 0 fill 465 | copy 2385 cy/line 34.21 Mcy/s | synth 2969 cy/pump 42.58 Mcy/s 1774 cy/sample | tri 644 px 31421 part 106 ch 6 | AHASH s=4776000 625e270e
PROF T t=199 ph=13 the spine frames=20 | clear=44416 sky=6415671 floor=0 scene=4325716 flat=107850 gouraud=0 chrome=548822 texture=2678187 furnace=0 embers=117972 bloom=0 veil=1655 titles=1499 fade=439 | setup=990856 total=10907371
PHRASE t=199.7 bar=104 ph=14 the spine | render ms 35.94/43.22/60.59 | fps 18.7 | hold 4 miss 287 late 287 | gap ms 66.94 | under 0 fill 465 | copy 2376 cy/line 34.08 Mcy/s | synth 2966 cy/pump 42.54 Mcy/s 1772 cy/sample | tri 644 px 30431 part 115 ch 6 | AHASH s=4776000 625e270e
PROF PHRASE t=199 ph=14 the spine frames=287 | clear=44454 sky=7208937 floor=0 scene=5549376 flat=94385 gouraud=0 chrome=698290 texture=3756712 furnace=0 embers=116409 bloom=0 veil=1673 titles=1501 fade=441 | setup=999987 total=12922794
T t=200.3 bar=104 ph=14 the spine | render ms 35.52/35.87/36.20 | fps 19.9 | hold 3 miss 20 late 20 | gap ms 50.20 | under 0 fill 465 | copy 2387 cy/line 34.23 Mcy/s | synth 2969 cy/pump 42.58 Mcy/s 1774 cy/sample | tri 648 px 28807 part 115 ch 6 | AHASH s=4800000 a7f2d6fb
PROF T t=200 ph=14 the spine frames=20 | clear=44717 sky=6415445 floor=0 scene=4132041 flat=110232 gouraud=0 chrome=531324 texture=2504553 furnace=0 embers=124117 bloom=0 veil=1671 titles=1470 fade=441 | setup=985931 total=10719906
T t=201.3 bar=104 ph=14 the spine | render ms 34.85/35.18/35.65 | fps 19.9 | hold 3 miss 20 late 20 | gap ms 50.20 | under 0 fill 465 | copy 2388 cy/line 34.24 Mcy/s | synth 2969 cy/pump 42.58 Mcy/s 1774 cy/sample | tri 652 px 26017 part 115 ch 6 | AHASH s=4824000 b075041f
PROF T t=201 ph=14 the spine frames=20 | clear=44426 sky=6414062 floor=0 scene=3925863 flat=112415 gouraud=0 chrome=516731 texture=2315143 furnace=0 embers=124889 bloom=0 veil=1660 titles=1508 fade=444 | setup=981573 total=10512854
T t=202.3 bar=105 ph=14 the spine | render ms 34.08/34.47/34.86 | fps 19.9 | hold 3 miss 20 late 20 | gap ms 50.20 | under 0 fill 465 | copy 2388 cy/line 34.24 Mcy/s | synth 2969 cy/pump 42.58 Mcy/s 1774 cy/sample | tri 648 px 23362 part 115 ch 6 | AHASH s=4848000 f021a5d9
PROF T t=202 ph=14 the spine frames=20 | clear=44444 sky=6413356 floor=0 scene=3713269 flat=115539 gouraud=0 chrome=493636 texture=2127941 furnace=0 embers=124516 bloom=0 veil=1702 titles=1479 fade=445 | setup=976152 total=10299214
T t=203.3 bar=105 ph=14 the spine | render ms 33.29/33.61/34.12 | fps 22.5 | hold 3 miss 15 late 23 | gap ms 50.20 | under 0 fill 465 | copy 2379 cy/line 34.12 Mcy/s | synth 2970 cy/pump 42.59 Mcy/s 1774 cy/sample | tri 648 px 20257 part 115 ch 6 | AHASH s=4872000 a990b9de
PROF T t=203 ph=14 the spine frames=23 | clear=44413 sky=6410218 floor=0 scene=3459546 flat=118307 gouraud=0 chrome=423388 texture=1949158 furnace=0 embers=124609 bloom=0 veil=1669 titles=1491 fade=442 | setup=968691 total=10042392
T t=204.3 bar=106 ph=14 the spine | render ms 32.59/32.90/33.31 | fps 29.3 | hold 3 miss 1 late 30 | gap ms 50.20 | under 0 fill 465 | copy 2355 cy/line 33.77 Mcy/s | synth 2976 cy/pump 42.68 Mcy/s 1778 cy/sample | tri 646 px 17472 part 115 ch 6 | AHASH s=4896000 d9ad139a
PROF T t=204 ph=14 the spine frames=30 | clear=44291 sky=6407799 floor=0 scene=3246334 flat=112109 gouraud=0 chrome=358532 texture=1812460 furnace=0 embers=126344 bloom=0 veil=1675 titles=1489 fade=441 | setup=963232 total=9828375
T t=205.3 bar=106 ph=14 the spine | render ms 32.01/32.29/32.62 | fps 29.8 | hold 2 miss 0 late 30 | gap ms 33.47 | under 0 fill 465 | copy 2356 cy/line 33.79 Mcy/s | synth 2979 cy/pump 42.72 Mcy/s 1780 cy/sample | tri 644 px 15049 part 115 ch 6 | AHASH s=4920000 bca9eaa2
PROF T t=205 ph=14 the spine frames=30 | clear=44279 sky=6406440 floor=0 scene=3062184 flat=105383 gouraud=0 chrome=335492 texture=1667940 furnace=0 embers=130024 bloom=0 veil=1659 titles=1479 fade=439 | setup=953368 total=9646506
T t=206.3 bar=107 ph=14 the spine | render ms 31.44/31.74/32.13 | fps 29.8 | hold 2 miss 0 late 30 | gap ms 33.47 | under 0 fill 465 | copy 2358 cy/line 33.82 Mcy/s | synth 2978 cy/pump 42.70 Mcy/s 1779 cy/sample | tri 648 px 12758 part 115 ch 6 | AHASH s=4944000 4e29cf8b
PROF T t=206 ph=14 the spine frames=30 | clear=44260 sky=6406052 floor=0 scene=2896267 flat=98380 gouraud=0 chrome=327390 texture=1522606 furnace=0 embers=129974 bloom=0 veil=1678 titles=1485 fade=444 | setup=947889 total=9480163
T t=207.3 bar=108 ph=14 the spine | render ms 30.97/31.20/31.54 | fps 29.8 | hold 2 miss 0 late 30 | gap ms 33.47 | under 0 fill 465 | copy 2360 cy/line 33.85 Mcy/s | synth 2977 cy/pump 42.69 Mcy/s 1778 cy/sample | tri 652 px 10767 part 115 ch 6 | AHASH s=4968000 e967a20a
PROF T t=207 ph=14 the spine frames=30 | clear=44285 sky=6405053 floor=0 scene=2737008 flat=92930 gouraud=0 chrome=325620 texture=1379383 furnace=0 embers=127982 bloom=0 veil=1625 titles=1493 fade=439 | setup=939073 total=9317888
T t=208.3 bar=108 ph=14 the spine | render ms 30.62/30.77/31.08 | fps 29.8 | hold 2 miss 0 late 30 | gap ms 33.47 | under 0 fill 465 | copy 2362 cy/line 33.87 Mcy/s | synth 2977 cy/pump 42.69 Mcy/s 1779 cy/sample | tri 652 px 9365 part 115 ch 6 | AHASH s=4992000 2c73c629
PROF T t=208 ph=14 the spine frames=30 | clear=44305 sky=6405434 floor=0 scene=2607705 flat=87287 gouraud=0 chrome=320649 texture=1266312 furnace=0 embers=128105 bloom=0 veil=1647 titles=1483 fade=436 | setup=933454 total=9189117
T t=209.3 bar=109 ph=14 the spine | render ms 30.33/30.49/30.71 | fps 29.8 | hold 2 miss 0 late 30 | gap ms 33.47 | under 0 fill 465 | copy 2363 cy/line 33.89 Mcy/s | synth 2978 cy/pump 42.70 Mcy/s 1779 cy/sample | tri 650 px 8540 part 115 ch 6 | AHASH s=5016000 da8972a4
PROF T t=209 ph=14 the spine frames=30 | clear=44313 sky=6405715 floor=0 scene=2523224 flat=82269 gouraud=0 chrome=308651 texture=1201051 furnace=0 embers=129165 bloom=0 veil=1683 titles=1476 fade=445 | setup=931251 total=9106023
T t=210.4 bar=109 ph=14 the spine | render ms 30.17/30.27/30.46 | fps 29.8 | hold 2 miss 0 late 30 | gap ms 33.47 | under 0 fill 465 | copy 2364 cy/line 33.90 Mcy/s | synth 2974 cy/pump 42.65 Mcy/s 1777 cy/sample | tri 650 px 7831 part 115 ch 6 | AHASH s=5040000 fb19c748
PROF T t=210 ph=14 the spine frames=30 | clear=44318 sky=6403972 floor=0 scene=2462027 flat=77487 gouraud=0 chrome=305291 texture=1150606 furnace=0 embers=125863 bloom=0 veil=1634 titles=1509 fade=439 | setup=928642 total=9039764
T t=211.4 bar=110 ph=14 the spine | render ms 30.01/30.11/30.31 | fps 29.8 | hold 2 miss 0 late 30 | gap ms 33.47 | under 0 fill 465 | copy 2364 cy/line 33.91 Mcy/s | synth 2973 cy/pump 42.64 Mcy/s 1776 cy/sample | tri 652 px 7231 part 115 ch 6 | AHASH s=5064000 87a5ee77
PROF T t=211 ph=14 the spine frames=30 | clear=44289 sky=6404729 floor=0 scene=2412509 flat=68575 gouraud=0 chrome=304842 texture=1111879 furnace=0 embers=124666 bloom=0 veil=1655 titles=1488 fade=439 | setup=927211 total=8989778
T t=212.4 bar=110 ph=14 the spine | render ms 29.86/29.96/30.12 | fps 29.8 | hold 2 miss 0 late 30 | gap ms 33.47 | under 0 fill 465 | copy 2365 cy/line 33.92 Mcy/s | synth 2975 cy/pump 42.67 Mcy/s 1777 cy/sample | tri 652 px 6746 part 115 ch 6 | AHASH s=5088000 949206dd
PROF T t=212 ph=14 the spine frames=30 | clear=44331 sky=6404138 floor=0 scene=2368568 flat=60469 gouraud=0 chrome=301016 texture=1079864 furnace=0 embers=124928 bloom=0 veil=1643 titles=1468 fade=438 | setup=927218 total=8945515
T t=213.4 bar=111 ph=14 the spine | render ms 29.73/29.82/30.00 | fps 29.8 | hold 2 miss 0 late 30 | gap ms 33.47 | under 0 fill 465 | copy 2366 cy/line 33.93 Mcy/s | synth 2972 cy/pump 42.63 Mcy/s 1776 cy/sample | tri 650 px 6343 part 115 ch 6 | AHASH s=5112000 c792daea
PROF T t=213 ph=14 the spine frames=30 | clear=44295 sky=6404327 floor=0 scene=2326426 flat=53109 gouraud=0 chrome=298862 texture=1048520 furnace=0 embers=125710 bloom=0 veil=1611 titles=1467 fade=442 | setup=925934 total=8904282
T t=214.4 bar=111 ph=14 the spine | render ms 29.69/54.12/60.03 | fps 16.3 | hold 4 miss 14 late 17 | gap ms 66.94 | under 0 fill 465 | copy 2365 cy/line 33.92 Mcy/s | synth 2959 cy/pump 42.43 Mcy/s 1768 cy/sample | tri 654 px 11217 part 115 ch 6 | AHASH s=5136000 82409aa2
PROF T t=214 ph=14 the spine frames=17 | clear=44464 sky=6406106 floor=0 scene=2285423 flat=47932 gouraud=0 chrome=291461 texture=1252035 furnace=0 embers=125610 bloom=0 veil=7331132 titles=1468 fade=440 | setup=693993 total=16194646
PHRASE t=215.0 bar=112 ph=15 the crown | render ms 29.69/33.34/60.63 | fps 26.1 | hold 4 miss 92 late 402 | gap ms 66.94 | under 0 fill 465 | copy 2367 cy/line 33.95 Mcy/s | synth 2972 cy/pump 42.63 Mcy/s 1776 cy/sample | tri 36 px 27451 part 115 ch 7 | AHASH s=5160000 708f258d
PROF PHRASE t=215 ph=15 the crown frames=402 | clear=44343 sky=6406507 floor=0 scene=2839218 flat=87190 gouraud=0 chrome=346987 texture=1488700 furnace=0 embers=126787 bloom=0 veil=542084 titles=1485 fade=441 | setup=916340 total=9960867
T t=215.4 bar=112 ph=15 the crown | render ms 57.27/59.27/60.63 | fps 14.9 | hold 4 miss 15 late 15 | gap ms 66.94 | under 0 fill 465 | copy 2366 cy/line 33.93 Mcy/s | synth 2956 cy/pump 42.39 Mcy/s 1766 cy/sample | tri 36 px 26013 part 115 ch 7 | AHASH s=5160000 708f258d
PROF T t=215 ph=15 the crown frames=15 | clear=44830 sky=6343481 floor=0 scene=1952939 flat=69313 gouraud=0 chrome=176625 texture=1756335 furnace=0 embers=127928 bloom=0 veil=9270553 titles=1448 fade=445 | setup=0 total=17741628
T t=216.4 bar=112 ph=15 the crown | render ms 55.60/56.46/57.32 | fps 14.9 | hold 4 miss 15 late 15 | gap ms 66.94 | under 0 fill 465 | copy 2370 cy/line 33.99 Mcy/s | synth 2957 cy/pump 42.40 Mcy/s 1767 cy/sample | tri 36 px 18808 part 115 ch 7 | AHASH s=5184000 7cd93894
PROF T t=216 ph=15 the crown frames=15 | clear=44480 sky=6240644 floor=0 scene=1504257 flat=111004 gouraud=0 chrome=0 texture=1636553 furnace=0 embers=128849 bloom=0 veil=8974048 titles=6651 fade=433 | setup=0 total=16899364
T t=217.4 bar=113 ph=15 the crown | render ms 26.59/27.61/55.68 | fps 28.8 | hold 4 miss 1 late 29 | gap ms 66.94 | under 0 fill 465 | copy 2378 cy/line 34.11 Mcy/s | synth 2971 cy/pump 42.61 Mcy/s 1775 cy/sample | tri 32 px 18813 part 115 ch 7 | AHASH s=5208000 9aba97dc
PROF T t=217 ph=15 the crown frames=29 | clear=44306 sky=6237061 floor=0 scene=1503838 flat=111035 gouraud=0 chrome=0 texture=1289047 furnace=0 embers=128336 bloom=0 veil=301175 titles=28282 fade=435 | setup=103754 total=8243436
T t=218.4 bar=113 ph=15 the crown | render ms 26.58/26.62/26.75 | fps 29.8 | hold 2 miss 0 late 30 | gap ms 33.47 | under 0 fill 465 | copy 2378 cy/line 34.11 Mcy/s | synth 2972 cy/pump 42.62 Mcy/s 1776 cy/sample | tri 32 px 18811 part 115 ch 7 | AHASH s=5232000 a7d6fe01
PROF T t=218 ph=15 the crown frames=30 | clear=44275 sky=6237574 floor=0 scene=1504598 flat=110899 gouraud=0 chrome=0 texture=1286711 furnace=0 embers=129111 bloom=0 veil=1661 titles=28306 fade=438 | setup=106987 total=7945966
T t=219.4 bar=114 ph=15 the crown | render ms 26.58/26.62/26.74 | fps 29.8 | hold 2 miss 0 late 30 | gap ms 33.47 | under 0 fill 465 | copy 2378 cy/line 34.11 Mcy/s | synth 2972 cy/pump 42.61 Mcy/s 1775 cy/sample | tri 32 px 18809 part 115 ch 7 | AHASH s=5256000 8deb41c9
PROF T t=219 ph=15 the crown frames=30 | clear=44279 sky=6238399 floor=0 scene=1503395 flat=110108 gouraud=0 chrome=0 texture=1286880 furnace=0 embers=128823 bloom=0 veil=1607 titles=28276 fade=431 | setup=106406 total=7945211
T t=220.4 bar=114 ph=15 the crown | render ms 26.59/26.62/26.74 | fps 29.8 | hold 2 miss 0 late 30 | gap ms 33.47 | under 0 fill 465 | copy 2378 cy/line 34.11 Mcy/s | synth 2973 cy/pump 42.63 Mcy/s 1776 cy/sample | tri 32 px 18809 part 115 ch 7 | AHASH s=5280000 cbd7f221
PROF T t=220 ph=15 the crown frames=30 | clear=44197 sky=6237838 floor=0 scene=1504034 flat=110875 gouraud=0 chrome=0 texture=1286537 furnace=0 embers=129159 bloom=0 veil=1633 titles=28294 fade=435 | setup=106621 total=7945593
T t=221.4 bar=115 ph=15 the crown | render ms 26.59/26.62/26.75 | fps 29.8 | hold 2 miss 0 late 30 | gap ms 33.47 | under 0 fill 465 | copy 2378 cy/line 34.11 Mcy/s | synth 2973 cy/pump 42.64 Mcy/s 1776 cy/sample | tri 32 px 18812 part 115 ch 7 | AHASH s=5304000 dc9eb509
PROF T t=221 ph=15 the crown frames=30 | clear=44296 sky=6238352 floor=0 scene=1503578 flat=110240 gouraud=0 chrome=0 texture=1286477 furnace=0 embers=128276 bloom=0 veil=1643 titles=28311 fade=431 | setup=106859 total=7944890
T t=222.4 bar=115 ph=15 the crown | render ms 26.59/26.62/26.74 | fps 29.8 | hold 2 miss 0 late 30 | gap ms 33.47 | under 0 fill 465 | copy 2378 cy/line 34.11 Mcy/s | synth 2973 cy/pump 42.63 Mcy/s 1776 cy/sample | tri 32 px 18808 part 115 ch 7 | AHASH s=5328000 f353331d
PROF T t=222 ph=15 the crown frames=30 | clear=44346 sky=6237645 floor=0 scene=1504362 flat=110641 gouraud=0 chrome=0 texture=1287383 furnace=0 embers=128219 bloom=0 veil=1632 titles=28290 fade=436 | setup=106337 total=7944933
T t=223.4 bar=116 ph=15 the crown | render ms 26.58/26.61/26.70 | fps 29.8 | hold 2 miss 0 late 30 | gap ms 33.47 | under 0 fill 465 | copy 2378 cy/line 34.11 Mcy/s | synth 2971 cy/pump 42.61 Mcy/s 1775 cy/sample | tri 32 px 18814 part 115 ch 7 | AHASH s=5352000 2435ec76
PROF T t=223 ph=15 the crown frames=30 | clear=44302 sky=6237885 floor=0 scene=1504126 flat=110317 gouraud=0 chrome=0 texture=1287496 furnace=0 embers=125635 bloom=0 veil=1627 titles=28345 fade=426 | setup=106313 total=7942350
T t=224.4 bar=116 ph=15 the crown | render ms 26.56/26.62/26.73 | fps 29.8 | hold 2 miss 0 late 30 | gap ms 33.47 | under 0 fill 465 | copy 2378 cy/line 34.11 Mcy/s | synth 2972 cy/pump 42.62 Mcy/s 1776 cy/sample | tri 32 px 18817 part 115 ch 7 | AHASH s=5376000 3cd040bd
PROF T t=224 ph=15 the crown frames=30 | clear=44334 sky=6238762 floor=0 scene=1502780 flat=110294 gouraud=0 chrome=0 texture=1286532 furnace=0 embers=127690 bloom=0 veil=1641 titles=28287 fade=442 | setup=105953 total=7943940
T t=225.4 bar=117 ph=15 the crown | render ms 26.49/26.54/26.74 | fps 29.8 | hold 2 miss 0 late 30 | gap ms 33.47 | under 0 fill 465 | copy 2379 cy/line 34.11 Mcy/s | synth 2972 cy/pump 42.62 Mcy/s 1776 cy/sample | tri 32 px 18824 part 115 ch 7 | AHASH s=5400000 290ccdfd
PROF T t=225 ph=15 the crown frames=30 | clear=44318 sky=6235641 floor=0 scene=1503215 flat=110229 gouraud=0 chrome=0 texture=1286430 furnace=0 embers=130049 bloom=0 veil=1615 titles=4978 fade=441 | setup=106555 total=7920260
T t=226.5 bar=117 ph=15 the crown | render ms 26.49/26.52/26.66 | fps 29.8 | hold 2 miss 0 late 30 | gap ms 33.47 | under 0 fill 465 | copy 2379 cy/line 34.11 Mcy/s | synth 2972 cy/pump 42.62 Mcy/s 1776 cy/sample | tri 32 px 18815 part 115 ch 7 | AHASH s=5424000 d6d55e3e
PROF T t=226 ph=15 the crown frames=30 | clear=44283 sky=6235707 floor=0 scene=1501980 flat=110209 gouraud=0 chrome=0 texture=1285491 furnace=0 embers=131025 bloom=0 veil=1623 titles=1420 fade=427 | setup=106279 total=7916469
T t=227.5 bar=118 ph=15 the crown | render ms 26.49/26.52/26.67 | fps 29.8 | hold 2 miss 0 late 30 | gap ms 33.47 | under 0 fill 465 | copy 2379 cy/line 34.11 Mcy/s | synth 2972 cy/pump 42.62 Mcy/s 1775 cy/sample | tri 32 px 18811 part 115 ch 7 | AHASH s=5448000 752152cf
PROF T t=227 ph=15 the crown frames=30 | clear=44335 sky=6236353 floor=0 scene=1502870 flat=110241 gouraud=0 chrome=0 texture=1286455 furnace=0 embers=129772 bloom=0 veil=1640 titles=1420 fade=432 | setup=106173 total=7916825
T t=228.5 bar=119 ph=15 the crown | render ms 26.49/26.52/26.62 | fps 29.8 | hold 2 miss 0 late 30 | gap ms 33.47 | under 0 fill 465 | copy 2379 cy/line 34.11 Mcy/s | synth 2973 cy/pump 42.63 Mcy/s 1776 cy/sample | tri 32 px 18818 part 115 ch 7 | AHASH s=5472000 141e2680
PROF T t=228 ph=15 the crown frames=30 | clear=44260 sky=6235695 floor=0 scene=1502912 flat=110386 gouraud=0 chrome=0 texture=1286445 furnace=0 embers=129645 bloom=0 veil=1648 titles=1426 fade=428 | setup=106079 total=7916017
T t=229.5 bar=119 ph=15 the crown | render ms 26.49/26.53/26.64 | fps 29.8 | hold 2 miss 0 late 30 | gap ms 33.47 | under 0 fill 465 | copy 2379 cy/line 34.11 Mcy/s | synth 2973 cy/pump 42.64 Mcy/s 1776 cy/sample | tri 32 px 18828 part 115 ch 7 | AHASH s=5496000 4c6b10cb
PROF T t=229 ph=15 the crown frames=30 | clear=44312 sky=6236329 floor=0 scene=1504049 flat=110292 gouraud=0 chrome=0 texture=1287003 furnace=0 embers=129850 bloom=0 veil=1640 titles=1392 fade=432 | setup=106753 total=7918008
PHRASE t=230.4 bar=120 ph=16 the crown | render ms 26.48/28.03/57.71 | fps 28.5 | hold 4 miss 21 late 436 | gap ms 66.94 | under 0 fill 465 | copy 2378 cy/line 34.10 Mcy/s | synth 2971 cy/pump 42.60 Mcy/s 1775 cy/sample | tri 32 px 18842 part 115 ch 7 | AHASH s=5520000 b862e7f1
PROF PHRASE t=230 ph=16 the crown frames=436 | clear=44314 sky=6237282 floor=0 scene=1503590 flat=110445 gouraud=0 chrome=0 texture=1306416 furnace=0 embers=128828 bloom=0 veil=436624 titles=16575 fade=434 | setup=86728 total=8367651
T t=230.5 bar=120 ph=16 the crown | render ms 26.48/26.53/26.63 | fps 29.8 | hold 2 miss 0 late 30 | gap ms 33.47 | under 0 fill 465 | copy 2378 cy/line 34.11 Mcy/s | synth 2971 cy/pump 42.61 Mcy/s 1775 cy/sample | tri 32 px 18843 part 115 ch 7 | AHASH s=5520000 b862e7f1
PROF T t=230 ph=16 the crown frames=30 | clear=44453 sky=6236854 floor=0 scene=1504199 flat=110247 gouraud=0 chrome=0 texture=1287591 furnace=0 embers=127830 bloom=0 veil=1644 titles=1414 fade=443 | setup=106360 total=7916840
T t=231.5 bar=120 ph=16 the crown | render ms 26.49/26.52/26.64 | fps 29.8 | hold 2 miss 0 late 30 | gap ms 33.47 | under 0 fill 465 | copy 2378 cy/line 34.11 Mcy/s | synth 2973 cy/pump 42.63 Mcy/s 1776 cy/sample | tri 32 px 18857 part 115 ch 7 | AHASH s=5544000 84661a73
PROF T t=231 ph=16 the crown frames=30 | clear=44272 sky=6236242 floor=0 scene=1504969 flat=110149 gouraud=0 chrome=0 texture=1288046 furnace=0 embers=127401 bloom=0 veil=1633 titles=1440 fade=436 | setup=106773 total=7916396
T t=232.5 bar=121 ph=16 the crown | render ms 26.46/26.52/26.66 | fps 29.8 | hold 2 miss 0 late 30 | gap ms 33.47 | under 0 fill 465 | copy 2379 cy/line 34.11 Mcy/s | synth 2973 cy/pump 42.63 Mcy/s 1776 cy/sample | tri 32 px 18865 part 115 ch 7 | AHASH s=5568000 681533e2
PROF T t=232 ph=16 the crown frames=30 | clear=44304 sky=6235601 floor=0 scene=1505428 flat=110132 gouraud=0 chrome=0 texture=1288566 furnace=0 embers=127463 bloom=0 veil=1653 titles=1430 fade=436 | setup=106729 total=7916318
T t=233.5 bar=121 ph=16 the crown | render ms 26.48/26.52/26.65 | fps 29.8 | hold 2 miss 0 late 30 | gap ms 33.47 | under 0 fill 465 | copy 2378 cy/line 34.11 Mcy/s | synth 2972 cy/pump 42.62 Mcy/s 1776 cy/sample | tri 32 px 18884 part 115 ch 7 | AHASH s=5592000 64407f3f
PROF T t=233 ph=16 the crown frames=30 | clear=44306 sky=6234747 floor=0 scene=1506672 flat=110081 gouraud=0 chrome=0 texture=1289585 furnace=0 embers=127480 bloom=0 veil=1634 titles=1432 fade=436 | setup=107006 total=7916710
T t=234.5 bar=122 ph=16 the crown | render ms 26.51/26.53/26.63 | fps 29.8 | hold 2 miss 0 late 30 | gap ms 33.47 | under 0 fill 465 | copy 2379 cy/line 34.11 Mcy/s | synth 2971 cy/pump 42.60 Mcy/s 1775 cy/sample | tri 32 px 18913 part 115 ch 7 | AHASH s=5616000 7c38cb85
PROF T t=234 ph=16 the crown frames=30 | clear=44358 sky=6235607 floor=0 scene=1507091 flat=110026 gouraud=0 chrome=0 texture=1290481 furnace=0 embers=128946 bloom=0 veil=1641 titles=1456 fade=440 | setup=106583 total=7919542
T t=235.5 bar=122 ph=16 the crown | render ms 26.50/26.54/26.68 | fps 29.8 | hold 2 miss 0 late 30 | gap ms 33.47 | under 0 fill 465 | copy 2379 cy/line 34.11 Mcy/s | synth 2974 cy/pump 42.64 Mcy/s 1777 cy/sample | tri 32 px 18916 part 115 ch 7 | AHASH s=5640000 9db84134
PROF T t=235 ph=16 the crown frames=30 | clear=44255 sky=6235878 floor=0 scene=1507360 flat=109988 gouraud=0 chrome=0 texture=1290992 furnace=0 embers=128926 bloom=0 veil=1641 titles=1418 fade=440 | setup=106378 total=7919921
T t=236.5 bar=123 ph=16 the crown | render ms 26.50/26.55/26.67 | fps 29.8 | hold 2 miss 0 late 30 | gap ms 33.47 | under 0 fill 465 | copy 2379 cy/line 34.11 Mcy/s | synth 2973 cy/pump 42.64 Mcy/s 1776 cy/sample | tri 32 px 18937 part 115 ch 7 | AHASH s=5664000 6c183dfc
PROF T t=236 ph=16 the crown frames=30 | clear=44293 sky=6235638 floor=0 scene=1509740 flat=109931 gouraud=0 chrome=0 texture=1292528 furnace=0 embers=129849 bloom=0 veil=1624 titles=1426 fade=425 | setup=107280 total=7922999
T t=237.5 bar=123 ph=16 the crown | render ms 26.52/26.55/26.68 | fps 29.8 | hold 2 miss 0 late 30 | gap ms 33.47 | under 0 fill 465 | copy 2378 cy/line 34.11 Mcy/s | synth 2977 cy/pump 42.69 Mcy/s 1778 cy/sample | tri 32 px 18945 part 115 ch 7 | AHASH s=5688000 05d539ef
PROF T t=237 ph=16 the crown frames=30 | clear=44262 sky=6234664 floor=0 scene=1512131 flat=110503 gouraud=0 chrome=0 texture=1294041 furnace=0 embers=129707 bloom=0 veil=1640 titles=1462 fade=441 | setup=107585 total=7924308
T t=238.5 bar=124 ph=16 the crown | render ms 26.53/26.55/26.67 | fps 29.8 | hold 2 miss 0 late 30 | gap ms 33.47 | under 0 fill 465 | copy 2379 cy/line 34.11 Mcy/s | synth 2975 cy/pump 42.66 Mcy/s 1777 cy/sample | tri 32 px 18967 part 115 ch 7 | AHASH s=5712000 31cbeeea
PROF T t=238 ph=16 the crown frames=30 | clear=44286 sky=6235592 floor=0 scene=1512137 flat=109895 gouraud=0 chrome=0 texture=1295123 furnace=0 embers=129195 bloom=0 veil=1639 titles=1429 fade=435 | setup=107118 total=7924716
T t=239.5 bar=124 ph=16 the crown | render ms 26.51/26.55/26.66 | fps 29.8 | hold 2 miss 0 late 30 | gap ms 33.47 | under 0 fill 465 | copy 2379 cy/line 34.11 Mcy/s | synth 2975 cy/pump 42.66 Mcy/s 1777 cy/sample | tri 32 px 18980 part 115 ch 7 | AHASH s=5736000 c81eba09
PROF T t=239 ph=16 the crown frames=30 | clear=44282 sky=6236641 floor=0 scene=1512837 flat=109885 gouraud=0 chrome=0 texture=1296063 furnace=0 embers=128441 bloom=0 veil=1618 titles=1414 fade=440 | setup=106889 total=7925677
T t=240.5 bar=125 ph=16 the crown | render ms 26.53/26.56/26.70 | fps 29.8 | hold 2 miss 0 late 30 | gap ms 33.47 | under 0 fill 465 | copy 2379 cy/line 34.11 Mcy/s | synth 2974 cy/pump 42.65 Mcy/s 1777 cy/sample | tri 32 px 18996 part 115 ch 7 | AHASH s=5760000 2c68c39b
PROF T t=240 ph=16 the crown frames=30 | clear=44298 sky=6235416 floor=0 scene=1514079 flat=110250 gouraud=0 chrome=0 texture=1296020 furnace=0 embers=128872 bloom=0 veil=1623 titles=1395 fade=435 | setup=107808 total=7926120
T t=241.5 bar=125 ph=16 the crown | render ms 26.51/26.55/26.68 | fps 29.8 | hold 2 miss 0 late 30 | gap ms 33.47 | under 0 fill 465 | copy 2379 cy/line 34.11 Mcy/s | synth 2974 cy/pump 42.64 Mcy/s 1777 cy/sample | tri 32 px 19014 part 115 ch 7 | AHASH s=5784000 41cf35c7
PROF T t=241 ph=16 the crown frames=30 | clear=44192 sky=6235641 floor=0 scene=1513915 flat=109474 gouraud=0 chrome=0 texture=1296870 furnace=0 embers=128435 bloom=0 veil=1629 titles=1430 fade=448 | setup=107571 total=7925694
T t=242.5 bar=126 ph=16 the crown | render ms 26.53/26.55/26.67 | fps 29.8 | hold 2 miss 0 late 30 | gap ms 33.47 | under 0 fill 465 | copy 2379 cy/line 34.11 Mcy/s | synth 2974 cy/pump 42.65 Mcy/s 1777 cy/sample | tri 32 px 19012 part 115 ch 7 | AHASH s=5808000 32b03b3d
PROF T t=242 ph=16 the crown frames=30 | clear=44286 sky=6235952 floor=0 scene=1514298 flat=110224 gouraud=0 chrome=0 texture=1297172 furnace=0 embers=127659 bloom=0 veil=1654 titles=1435 fade=437 | setup=106901 total=7925723
T t=243.5 bar=126 ph=16 the crown | render ms 26.53/26.57/26.72 | fps 29.8 | hold 2 miss 0 late 30 | gap ms 33.47 | under 0 fill 465 | copy 2378 cy/line 34.11 Mcy/s | synth 2974 cy/pump 42.66 Mcy/s 1777 cy/sample | tri 32 px 19028 part 115 ch 7 | AHASH s=5832000 f1d57bbc
PROF T t=243 ph=16 the crown frames=30 | clear=44332 sky=6236469 floor=0 scene=1515355 flat=109476 gouraud=0 chrome=0 texture=1299037 furnace=0 embers=129232 bloom=0 veil=1625 titles=1445 fade=428 | setup=106841 total=7928888
T t=244.5 bar=127 ph=16 the crown | render ms 26.52/32.40/56.04 | fps 24.8 | hold 4 miss 5 late 25 | gap ms 66.94 | under 0 fill 465 | copy 2376 cy/line 34.07 Mcy/s | synth 2967 cy/pump 42.55 Mcy/s 1773 cy/sample | tri 36 px 19999 part 115 ch 7 | AHASH s=5856000 1e801b8d
PROF T t=244 ph=16 the crown frames=25 | clear=44316 sky=6236732 floor=0 scene=1515060 flat=109489 gouraud=0 chrome=0 texture=1325482 furnace=0 embers=127508 bloom=0 veil=1752682 titles=1459 fade=423 | setup=80089 total=9678183
T t=245.5 bar=127 ph=16 the crown | render ms 56.16/56.89/57.52 | fps 14.9 | hold 4 miss 15 late 15 | gap ms 66.94 | under 0 fill 465 | copy 2370 cy/line 33.99 Mcy/s | synth 2958 cy/pump 42.42 Mcy/s 1767 cy/sample | tri 36 px 27201 part 115 ch 7 | AHASH s=5880000 a4ba12db
PROF T t=245 ph=16 the crown frames=15 | clear=44394 sky=6241295 floor=0 scene=1515906 flat=110287 gouraud=0 chrome=0 texture=1769041 furnace=0 embers=127290 bloom=0 veil=9095081 titles=1477 fade=411 | setup=0 total=17025857
PHRASE t=245.8 bar=128 ph=17 the colossus | render ms 26.46/28.32/109.04 | fps 28.2 | hold 7 miss 24 late 437 | gap ms 117.15 | under 0 fill 465 | copy 2378 cy/line 34.10 Mcy/s | synth 2972 cy/pump 42.62 Mcy/s 1775 cy/sample | tri 496 px 44412 part 115 ch 8 | AHASH s=5880000 a4ba12db
PROF PHRASE t=245 ph=17 the colossus frames=437 | clear=44312 sky=6236107 floor=28585 scene=1517684 flat=109871 gouraud=0 chrome=1266 texture=1322005 furnace=0 embers=128470 bloom=0 veil=499215 titles=1433 fade=435 | setup=84541 total=8456245
T t=246.5 bar=128 ph=17 the colossus | render ms 57.62/93.44/109.07 | fps 9.7 | hold 7 miss 10 late 10 | gap ms 117.15 | under 0 fill 465 | copy 2361 cy/line 33.86 Mcy/s | synth 2955 cy/pump 42.38 Mcy/s 1765 cy/sample | tri 496 px 40055 part 115 ch 8 | AHASH s=5904000 c4f406e2
PROF T t=246 ph=17 the colossus frames=10 | clear=45057 sky=6252318 floor=8743567 scene=3577600 flat=72028 gouraud=0 chrome=384277 texture=3165462 furnace=0 embers=127124 bloom=0 veil=9242504 titles=1112 fade=436 | setup=0 total=27989720
T t=247.5 bar=128 ph=17 the colossus | render ms 78.47/96.08/108.07 | fps 9.6 | hold 7 miss 10 late 10 | gap ms 117.15 | under 0 fill 465 | copy 2359 cy/line 33.83 Mcy/s | synth 2958 cy/pump 42.43 Mcy/s 1768 cy/sample | tri 488 px 37225 part 115 ch 8 | AHASH s=5928000 383eb593
PROF T t=247 ph=17 the colossus frames=10 | clear=44560 sky=6254697 floor=12481877 scene=4559771 flat=50751 gouraud=0 chrome=571171 texture=3298738 furnace=0 embers=124612 bloom=0 veil=5315905 titles=1041 fade=439 | setup=639109 total=28782905
T t=248.5 bar=129 ph=17 the colossus | render ms 78.64/78.92/79.20 | fps 11.9 | hold 5 miss 12 late 12 | gap ms 83.68 | under 0 fill 465 | copy 2357 cy/line 33.80 Mcy/s | synth 2962 cy/pump 42.47 Mcy/s 1769 cy/sample | tri 484 px 36281 part 115 ch 8 | AHASH s=5952000 baab71cd
PROF T t=248 ph=17 the colossus frames=12 | clear=44542 sky=6255496 floor=12486075 scene=4719138 flat=47445 gouraud=0 chrome=634918 texture=3252833 furnace=0 embers=125971 bloom=0 veil=1713 titles=1058 fade=432 | setup=783941 total=23634429
T t=249.6 bar=130 ph=17 the colossus | render ms 79.18/79.24/79.36 | fps 11.9 | hold 5 miss 12 late 12 | gap ms 83.68 | under 0 fill 465 | copy 2356 cy/line 33.79 Mcy/s | synth 2963 cy/pump 42.50 Mcy/s 1770 cy/sample | tri 486 px 33270 part 115 ch 8 | AHASH s=5976000 8380b23d
PROF T t=249 ph=17 the colossus frames=12 | clear=44585 sky=6254237 floor=12488903 scene=4812692 flat=43583 gouraud=0 chrome=707630 texture=3261434 furnace=0 embers=127088 bloom=0 veil=1742 titles=1054 fade=430 | setup=800042 total=23730733
T t=250.6 bar=130 ph=17 the colossus | render ms 77.98/78.55/79.15 | fps 11.9 | hold 5 miss 12 late 12 | gap ms 83.68 | under 0 fill 465 | copy 2357 cy/line 33.81 Mcy/s | synth 2962 cy/pump 42.47 Mcy/s 1769 cy/sample | tri 476 px 29009 part 115 ch 8 | AHASH s=6000000 138c9b24
PROF T t=250 ph=17 the colossus frames=12 | clear=44545 sky=6255138 floor=12482387 scene=4611349 flat=39931 gouraud=0 chrome=672308 texture=3094487 furnace=0 embers=127394 bloom=0 veil=1689 titles=1041 fade=417 | setup=804622 total=23523962
T t=251.6 bar=131 ph=17 the colossus | render ms 76.72/77.27/77.92 | fps 11.9 | hold 5 miss 12 late 12 | gap ms 83.68 | under 0 fill 465 | copy 2359 cy/line 33.84 Mcy/s | synth 2961 cy/pump 42.47 Mcy/s 1769 cy/sample | tri 476 px 24399 part 115 ch 8 | AHASH s=6024000 47ca3d94
PROF T t=251 ph=17 the colossus frames=12 | clear=44476 sky=6253355 floor=12484865 scene=4228991 flat=36477 gouraud=0 chrome=619118 texture=2778684 furnace=0 embers=125621 bloom=0 veil=1675 titles=1053 fade=452 | setup=794711 total=23140491
T t=252.6 bar=131 ph=17 the colossus | render ms 75.61/76.11/76.65 | fps 11.9 | hold 5 miss 12 late 12 | gap ms 83.68 | under 0 fill 465 | copy 2361 cy/line 33.86 Mcy/s | synth 2964 cy/pump 42.50 Mcy/s 1771 cy/sample | tri 478 px 20708 part 115 ch 8 | AHASH s=6048000 8b47c525
PROF T t=252 ph=17 the colossus frames=12 | clear=44603 sky=6253779 floor=12482994 scene=3880182 flat=30984 gouraud=0 chrome=568631 texture=2495479 furnace=0 embers=126454 bloom=0 veil=1716 titles=1046 fade=436 | setup=785087 total=22791212
T t=253.6 bar=132 ph=17 the colossus | render ms 75.01/75.31/75.66 | fps 11.9 | hold 5 miss 12 late 12 | gap ms 83.68 | under 0 fill 465 | copy 2362 cy/line 33.88 Mcy/s | synth 2962 cy/pump 42.48 Mcy/s 1770 cy/sample | tri 474 px 18056 part 115 ch 8 | AHASH s=6072000 f3391ce0
PROF T t=253 ph=17 the colossus frames=12 | clear=44561 sky=6253885 floor=12484992 scene=3635968 flat=25515 gouraud=0 chrome=530784 texture=2304015 furnace=0 embers=127646 bloom=0 veil=1688 titles=1052 fade=432 | setup=775651 total=22550227
T t=254.6 bar=132 ph=17 the colossus | render ms 74.23/74.60/74.99 | fps 11.9 | hold 5 miss 12 late 12 | gap ms 83.68 | under 0 fill 465 | copy 2364 cy/line 33.90 Mcy/s | synth 2962 cy/pump 42.48 Mcy/s 1770 cy/sample | tri 436 px 16389 part 115 ch 8 | AHASH s=6096000 de4ce337
PROF T t=254 ph=17 the colossus frames=12 | clear=44557 sky=6252738 floor=12482640 scene=3426657 flat=23532 gouraud=0 chrome=487663 texture=2146809 furnace=0 embers=128803 bloom=0 veil=1703 titles=1046 fade=440 | setup=768652 total=22338587
T t=255.6 bar=133 ph=17 the colossus | render ms 73.76/74.02/74.24 | fps 11.9 | hold 5 miss 12 late 12 | gap ms 83.68 | under 0 fill 465 | copy 2364 cy/line 33.91 Mcy/s | synth 2962 cy/pump 42.48 Mcy/s 1770 cy/sample | tri 436 px 14518 part 115 ch 8 | AHASH s=6120000 a8a5e1d0
PROF T t=255 ph=17 the colossus frames=12 | clear=44360 sky=6252543 floor=12483372 scene=3251882 flat=22244 gouraud=0 chrome=448661 texture=2020636 furnace=0 embers=128499 bloom=0 veil=1687 titles=1052 fade=442 | setup=760340 total=22163840
T t=256.6 bar=133 ph=17 the colossus | render ms 73.34/73.51/73.70 | fps 11.9 | hold 5 miss 12 late 12 | gap ms 83.68 | under 0 fill 465 | copy 2365 cy/line 33.91 Mcy/s | synth 2961 cy/pump 42.47 Mcy/s 1769 cy/sample | tri 446 px 13322 part 115 ch 8 | AHASH s=6144000 59f4b5c6
PROF T t=256 ph=17 the colossus frames=12 | clear=44604 sky=6253049 floor=12485734 scene=3094960 flat=21271 gouraud=0 chrome=428612 texture=1892626 furnace=0 embers=129060 bloom=0 veil=1695 titles=1052 fade=432 | setup=752449 total=22010590
T t=257.6 bar=134 ph=17 the colossus | render ms 73.16/73.24/73.40 | fps 11.9 | hold 5 miss 12 late 12 | gap ms 83.68 | under 0 fill 465 | copy 2365 cy/line 33.92 Mcy/s | synth 2959 cy/pump 42.44 Mcy/s 1768 cy/sample | tri 466 px 12331 part 115 ch 8 | AHASH s=6168000 2863794b
PROF T t=257 ph=17 the colossus frames=12 | clear=44251 sky=6253039 floor=12481528 scene=3019813 flat=20665 gouraud=0 chrome=415627 texture=1828179 furnace=0 embers=128017 bloom=0 veil=1697 titles=1058 fade=426 | setup=755341 total=21929833
T t=258.6 bar=134 ph=17 the colossus | render ms 73.00/73.08/73.22 | fps 11.9 | hold 5 miss 12 late 12 | gap ms 83.68 | under 0 fill 465 | copy 2366 cy/line 33.93 Mcy/s | synth 2963 cy/pump 42.49 Mcy/s 1770 cy/sample | tri 474 px 11753 part 115 ch 8 | AHASH s=6192000 79d74958
PROF T t=258 ph=17 the colossus frames=12 | clear=44524 sky=6254391 floor=12484339 scene=2968905 flat=19481 gouraud=0 chrome=425014 texture=1773722 furnace=0 embers=126085 bloom=0 veil=1713 titles=1109 fade=428 | setup=750687 total=21881499
T t=259.6 bar=135 ph=17 the colossus | render ms 72.99/73.03/73.08 | fps 11.9 | hold 5 miss 12 late 12 | gap ms 83.68 | under 0 fill 465 | copy 2365 cy/line 33.92 Mcy/s | synth 2962 cy/pump 42.48 Mcy/s 1770 cy/sample | tri 474 px 11730 part 115 ch 8 | AHASH s=6216000 48d65178
PROF T t=259 ph=17 the colossus frames=12 | clear=44545 sky=6253824 floor=12486341 scene=2953341 flat=19157 gouraud=0 chrome=418747 texture=1757857 furnace=0 embers=125972 bloom=0 veil=1698 titles=1047 fade=434 | setup=757578 total=21867204
T t=260.6 bar=135 ph=17 the colossus | render ms 73.01/73.05/73.12 | fps 11.9 | hold 5 miss 12 late 12 | gap ms 83.68 | under 0 fill 465 | copy 2365 cy/line 33.92 Mcy/s | synth 2964 cy/pump 42.50 Mcy/s 1771 cy/sample | tri 474 px 11706 part 115 ch 8 | AHASH s=6240000 a573fad9
PROF T t=260 ph=17 the colossus frames=12 | clear=44507 sky=6253629 floor=12487053 scene=2956786 flat=19140 gouraud=0 chrome=419140 texture=1758688 furnace=0 embers=127281 bloom=0 veil=1684 titles=1047 fade=441 | setup=759816 total=21872431
PHRASE t=261.1 bar=136 ph=18 the colossus | render ms 72.99/77.59/109.07 | fps 11.6 | hold 7 miss 178 late 178 | gap ms 117.15 | under 0 fill 465 | copy 2362 cy/line 33.87 Mcy/s | synth 2962 cy/pump 42.47 Mcy/s 1769 cy/sample | tri 474 px 11705 part 115 ch 8 | AHASH s=6264000 695c5400
PROF PHRASE t=261 ph=18 the colossus frames=178 | clear=44540 sky=6254009 floor=12484869 scene=3712283 flat=30269 gouraud=0 chrome=521613 texture=2414714 furnace=0 embers=127047 bloom=0 veil=610047 titles=1053 fade=434 | setup=745686 total=23234285
T t=261.6 bar=136 ph=18 the colossus | render ms 72.99/73.03/73.16 | fps 11.9 | hold 5 miss 12 late 12 | gap ms 83.68 | under 0 fill 465 | copy 2365 cy/line 33.92 Mcy/s | synth 2964 cy/pump 42.50 Mcy/s 1771 cy/sample | tri 474 px 11706 part 115 ch 8 | AHASH s=6264000 695c5400
PROF T t=261 ph=18 the colossus frames=12 | clear=44902 sky=6255832 floor=12488556 scene=2947174 flat=19130 gouraud=0 chrome=419426 texture=1755678 furnace=0 embers=127359 bloom=0 veil=1670 titles=1048 fade=434 | setup=752939 total=21866978
T t=262.6 bar=136 ph=18 the colossus | render ms 72.96/72.99/73.04 | fps 11.9 | hold 5 miss 12 late 12 | gap ms 83.68 | under 0 fill 465 | copy 2366 cy/line 33.93 Mcy/s | synth 2963 cy/pump 42.49 Mcy/s 1770 cy/sample | tri 474 px 11698 part 115 ch 8 | AHASH s=6288000 305069cf
PROF T t=262 ph=18 the colossus frames=12 | clear=44525 sky=6254942 floor=12486955 scene=2937261 flat=19153 gouraud=0 chrome=419123 texture=1750365 furnace=0 embers=127885 bloom=0 veil=1696 titles=1047 fade=432 | setup=748618 total=21854745
T t=263.6 bar=137 ph=18 the colossus | render ms 72.97/73.00/73.08 | fps 11.9 | hold 5 miss 12 late 12 | gap ms 83.68 | under 0 fill 465 | copy 2366 cy/line 33.93 Mcy/s | synth 2962 cy/pump 42.48 Mcy/s 1770 cy/sample | tri 474 px 11700 part 115 ch 8 | AHASH s=6312000 828dd9c1
PROF T t=263 ph=18 the colossus frames=12 | clear=44484 sky=6254247 floor=12487334 scene=2940442 flat=19098 gouraud=0 chrome=417996 texture=1752561 furnace=0 embers=129559 bloom=0 veil=1675 titles=1047 fade=437 | setup=750786 total=21859229
T t=264.6 bar=137 ph=18 the colossus | render ms 72.94/72.99/73.08 | fps 11.9 | hold 5 miss 12 late 12 | gap ms 83.68 | under 0 fill 465 | copy 2366 cy/line 33.93 Mcy/s | synth 2962 cy/pump 42.48 Mcy/s 1770 cy/sample | tri 474 px 11702 part 115 ch 8 | AHASH s=6336000 7059147f
PROF T t=264 ph=18 the colossus frames=12 | clear=44561 sky=6252169 floor=12487222 scene=2938537 flat=19076 gouraud=0 chrome=418656 texture=1751246 furnace=0 embers=128789 bloom=0 veil=1695 titles=1064 fade=442 | setup=749558 total=21854482
T t=265.6 bar=138 ph=18 the colossus | render ms 72.93/72.99/73.09 | fps 11.9 | hold 5 miss 12 late 12 | gap ms 83.68 | under 0 fill 465 | copy 2366 cy/line 33.93 Mcy/s | synth 2962 cy/pump 42.48 Mcy/s 1770 cy/sample | tri 474 px 11700 part 115 ch 8 | AHASH s=6360000 7aa6dded
PROF T t=265 ph=18 the colossus frames=12 | clear=44545 sky=6253556 floor=12487484 scene=2939488 flat=19140 gouraud=0 chrome=419399 texture=1752248 furnace=0 embers=127013 bloom=0 veil=1654 titles=1046 fade=428 | setup=748700 total=21855217
T t=266.6 bar=138 ph=18 the colossus | render ms 72.96/72.99/73.08 | fps 11.9 | hold 5 miss 12 late 12 | gap ms 83.68 | under 0 fill 465 | copy 2366 cy/line 33.93 Mcy/s | synth 2964 cy/pump 42.51 Mcy/s 1771 cy/sample | tri 474 px 11702 part 115 ch 8 | AHASH s=6384000 81e2d431
PROF T t=266 ph=18 the colossus frames=12 | clear=44495 sky=6254686 floor=12486442 scene=2940623 flat=19132 gouraud=0 chrome=418207 texture=1752313 furnace=0 embers=125554 bloom=0 veil=1684 titles=1046 fade=426 | setup=750969 total=21854960
T t=267.6 bar=139 ph=18 the colossus | render ms 73.00/74.47/74.79 | fps 11.9 | hold 5 miss 12 late 12 | gap ms 83.68 | under 0 fill 465 | copy 2364 cy/line 33.90 Mcy/s | synth 2966 cy/pump 42.54 Mcy/s 1772 cy/sample | tri 474 px 11709 part 115 ch 8 | AHASH s=6408000 ef30adf0
PROF T t=267 ph=18 the colossus frames=12 | clear=44496 sky=6261539 floor=12488347 scene=2946610 flat=19163 gouraud=0 chrome=419227 texture=1756737 furnace=0 embers=122384 bloom=0 veil=1703 titles=432878 fade=436 | setup=751481 total=22298397
T t=268.6 bar=139 ph=18 the colossus | render ms 74.72/74.75/74.81 | fps 11.9 | hold 5 miss 12 late 12 | gap ms 83.68 | under 0 fill 465 | copy 2364 cy/line 33.90 Mcy/s | synth 2970 cy/pump 42.60 Mcy/s 1775 cy/sample | tri 474 px 11706 part 115 ch 8 | AHASH s=6432000 60062f57
PROF T t=268 ph=18 the colossus frames=12 | clear=44598 sky=6262103 floor=12488887 scene=2945379 flat=19116 gouraud=0 chrome=418249 texture=1756819 furnace=0 embers=121428 bloom=0 veil=1709 titles=518922 fade=450 | setup=751194 total=22383479
T t=269.6 bar=140 ph=18 the colossus | render ms 74.75/74.79/74.86 | fps 11.9 | hold 5 miss 12 late 12 | gap ms 83.68 | under 0 fill 465 | copy 2363 cy/line 33.89 Mcy/s | synth 2966 cy/pump 42.53 Mcy/s 1772 cy/sample | tri 474 px 11721 part 115 ch 8 | AHASH s=6456000 7b930143
PROF T t=269 ph=18 the colossus frames=12 | clear=44498 sky=6263085 floor=12489874 scene=2954721 flat=19115 gouraud=0 chrome=419900 texture=1760557 furnace=0 embers=122201 bloom=0 veil=1768 titles=518732 fade=449 | setup=755148 total=22395331
T t=270.6 bar=140 ph=18 the colossus | render ms 74.75/74.80/74.86 | fps 11.9 | hold 5 miss 12 late 12 | gap ms 83.68 | under 0 fill 465 | copy 2363 cy/line 33.89 Mcy/s | synth 2968 cy/pump 42.56 Mcy/s 1773 cy/sample | tri 474 px 11726 part 115 ch 8 | AHASH s=6480000 2adcb194
PROF T t=270 ph=18 the colossus frames=12 | clear=44564 sky=6263302 floor=12488053 scene=2957516 flat=19206 gouraud=0 chrome=419268 texture=1761902 furnace=0 embers=123559 bloom=0 veil=1679 titles=519145 fade=449 | setup=757139 total=22398271
T t=271.6 bar=141 ph=18 the colossus | render ms 74.76/74.81/74.87 | fps 11.9 | hold 5 miss 12 late 12 | gap ms 83.68 | under 0 fill 465 | copy 2363 cy/line 33.89 Mcy/s | synth 2963 cy/pump 42.50 Mcy/s 1770 cy/sample | tri 474 px 11719 part 115 ch 8 | AHASH s=6504000 17007f35
PROF T t=271 ph=18 the colossus frames=12 | clear=44609 sky=6261575 floor=12488352 scene=2958362 flat=19190 gouraud=0 chrome=419208 texture=1762415 furnace=0 embers=126972 bloom=0 veil=1717 titles=519308 fade=436 | setup=757547 total=22401333
T t=272.6 bar=142 ph=18 the colossus | render ms 74.79/74.82/74.86 | fps 11.9 | hold 5 miss 12 late 12 | gap ms 83.68 | under 0 fill 465 | copy 2363 cy/line 33.89 Mcy/s | synth 2966 cy/pump 42.54 Mcy/s 1772 cy/sample | tri 474 px 11710 part 115 ch 8 | AHASH s=6528000 b433fa00
PROF T t=272 ph=18 the colossus frames=12 | clear=44490 sky=6262450 floor=12488815 scene=2958312 flat=19194 gouraud=0 chrome=419488 texture=1759450 furnace=0 embers=127913 bloom=0 veil=1709 titles=519521 fade=444 | setup=760179 total=22403658
T t=273.7 bar=142 ph=18 the colossus | render ms 74.76/74.82/74.87 | fps 11.9 | hold 5 miss 12 late 12 | gap ms 83.68 | under 0 fill 465 | copy 2364 cy/line 33.90 Mcy/s | synth 2967 cy/pump 42.54 Mcy/s 1772 cy/sample | tri 474 px 11719 part 115 ch 8 | AHASH s=6552000 4fefd826
PROF T t=273 ph=18 the colossus frames=12 | clear=44557 sky=6262079 floor=12488577 scene=2958839 flat=19156 gouraud=0 chrome=419336 texture=1762007 furnace=0 embers=127374 bloom=0 veil=1716 titles=518827 fade=444 | setup=758338 total=22402415
T t=274.7 bar=143 ph=18 the colossus | render ms 74.80/74.84/74.89 | fps 11.9 | hold 5 miss 12 late 12 | gap ms 83.68 | under 0 fill 465 | copy 2363 cy/line 33.89 Mcy/s | synth 2966 cy/pump 42.54 Mcy/s 1772 cy/sample | tri 474 px 11725 part 115 ch 8 | AHASH s=6576000 cef0dd1d
PROF T t=274 ph=18 the colossus frames=12 | clear=44574 sky=6262378 floor=12489918 scene=2961897 flat=19209 gouraud=0 chrome=419317 texture=1763596 furnace=0 embers=129075 bloom=0 veil=1777 titles=518767 fade=449 | setup=759773 total=22408838
T t=275.7 bar=143 ph=18 the colossus | render ms 74.84/95.33/104.39 | fps 9.3 | hold 7 miss 10 late 10 | gap ms 117.15 | under 0 fill 465 | copy 2363 cy/line 33.89 Mcy/s | synth 2960 cy/pump 42.45 Mcy/s 1769 cy/sample | tri 478 px 13171 part 115 ch 8 | AHASH s=6600000 9e70d01d
PROF T t=275 ph=18 the colossus frames=10 | clear=44626 sky=6262658 floor=12487854 scene=2958058 flat=19169 gouraud=0 chrome=420317 texture=1879487 furnace=0 embers=128411 bloom=0 veil=6156420 titles=519813 fade=451 | setup=639084 total=28558294
PHRASE t=276.5 bar=144 ph=19 coda | render ms 72.93/76.42/104.77 | fps 11.5 | hold 7 miss 179 late 179 | gap ms 117.15 | under 0 fill 465 | copy 2364 cy/line 33.90 Mcy/s | synth 2964 cy/pump 42.51 Mcy/s 1771 cy/sample | tri 478 px 14565 part 64 ch 9 | AHASH s=6624000 c64f2443
PROF PHRASE t=276 ph=19 coda frames=179 | clear=44566 sky=6259555 floor=12488205 scene=2949599 flat=19147 gouraud=0 chrome=419105 texture=1777084 furnace=0 embers=126100 bloom=0 veil=695794 titles=319868 fade=441 | setup=734261 total=22884130
T t=276.7 bar=144 ph=19 coda | render ms 103.04/104.14/104.77 | fps 8.5 | hold 7 miss 9 late 9 | gap ms 117.15 | under 0 fill 465 | copy 2363 cy/line 33.88 Mcy/s | synth 2958 cy/pump 42.42 Mcy/s 1767 cy/sample | tri 478 px 14580 part 64 ch 9 | AHASH s=6624000 c64f2443
PROF T t=276 ph=19 coda frames=9 | clear=45282 sky=6268145 floor=12488199 scene=2952254 flat=19081 gouraud=0 chrome=419262 texture=2098829 furnace=0 embers=110838 bloom=0 veil=8962495 titles=372092 fade=443 | setup=415081 total=31199752
T t=277.8 bar=144 ph=19 coda | render ms 102.03/102.52/103.01 | fps 8.5 | hold 7 miss 9 late 9 | gap ms 117.15 | under 0 fill 465 | copy 2365 cy/line 33.91 Mcy/s | synth 2957 cy/pump 42.40 Mcy/s 1766 cy/sample | tri 478 px 11704 part 64 ch 9 | AHASH s=6648000 cb7a3c0a
PROF T t=277 ph=19 coda frames=9 | clear=44541 sky=6257109 floor=12490109 scene=2939900 flat=19049 gouraud=0 chrome=419007 texture=1963840 furnace=0 embers=74496 bloom=0 veil=8833376 titles=76554 fade=429 | setup=538002 total=30716518
T t=278.9 bar=145 ph=19 coda | render ms 73.00/75.47/102.11 | fps 11.5 | hold 7 miss 12 late 12 | gap ms 117.15 | under 0 fill 465 | copy 2365 cy/line 33.92 Mcy/s | synth 2960 cy/pump 42.46 Mcy/s 1769 cy/sample | tri 474 px 11698 part 64 ch 9 | AHASH s=6696000 c33b0199
PROF T t=278 ph=19 coda frames=12 | clear=44566 sky=6255565 floor=12488011 scene=2934973 flat=19148 gouraud=0 chrome=417670 texture=1755679 furnace=0 embers=74514 bloom=0 veil=725439 titles=76612 fade=466 | setup=742474 total=22600149
T t=279.9 bar=145 ph=19 coda | render ms 73.02/73.05/73.12 | fps 11.9 | hold 5 miss 12 late 12 | gap ms 83.68 | under 0 fill 465 | copy 2365 cy/line 33.92 Mcy/s | synth 2963 cy/pump 42.49 Mcy/s 1770 cy/sample | tri 474 px 11697 part 64 ch 9 | AHASH s=6720000 24c69270
PROF T t=279 ph=19 coda frames=12 | clear=44559 sky=6255420 floor=12488029 scene=2936895 flat=19144 gouraud=0 chrome=418164 texture=1751270 furnace=0 embers=71642 bloom=0 veil=1693 titles=76700 fade=452 | setup=748316 total=21875393
T t=280.9 bar=146 ph=19 coda | render ms 73.03/73.06/73.14 | fps 11.9 | hold 5 miss 12 late 12 | gap ms 83.68 | under 0 fill 465 | copy 2365 cy/line 33.92 Mcy/s | synth 2961 cy/pump 42.46 Mcy/s 1769 cy/sample | tri 474 px 11699 part 64 ch 9 | AHASH s=6744000 a7bea33b
PROF T t=280 ph=19 coda frames=12 | clear=44533 sky=6254628 floor=12487559 scene=2938882 flat=19099 gouraud=0 chrome=418582 texture=1752016 furnace=0 embers=71669 bloom=0 veil=1646 titles=76757 fade=423 | setup=749185 total=21876101
T t=281.9 bar=146 ph=19 coda | render ms 73.01/73.06/73.13 | fps 11.9 | hold 5 miss 12 late 12 | gap ms 83.68 | under 0 fill 465 | copy 2365 cy/line 33.92 Mcy/s | synth 2963 cy/pump 42.49 Mcy/s 1770 cy/sample | tri 474 px 11701 part 64 ch 9 | AHASH s=6768000 5f3af91b
PROF T t=281 ph=19 coda frames=12 | clear=44445 sky=6254692 floor=12487536 scene=2936634 flat=19063 gouraud=0 chrome=417086 texture=1751121 furnace=0 embers=73473 bloom=0 veil=1656 titles=76795 fade=444 | setup=749364 total=21875679
T t=282.9 bar=147 ph=19 coda | render ms 72.98/73.04/73.10 | fps 11.9 | hold 5 miss 12 late 12 | gap ms 83.68 | under 0 fill 465 | copy 2366 cy/line 33.92 Mcy/s | synth 2960 cy/pump 42.44 Mcy/s 1768 cy/sample | tri 474 px 11699 part 64 ch 9 | AHASH s=6792000 950631a6
PROF T t=282 ph=19 coda frames=12 | clear=44487 sky=6253970 floor=12486986 scene=2939924 flat=19167 gouraud=0 chrome=418939 texture=1752874 furnace=0 embers=75074 bloom=0 veil=1675 titles=67245 fade=425 | setup=748942 total=21869790
T t=283.9 bar=147 ph=19 coda | render ms 72.99/73.04/73.09 | fps 11.9 | hold 5 miss 12 late 12 | gap ms 83.68 | under 0 fill 465 | copy 2365 cy/line 33.92 Mcy/s | synth 2962 cy/pump 42.48 Mcy/s 1770 cy/sample | tri 474 px 11689 part 64 ch 9 | AHASH s=6816000 147dbfff
PROF T t=283 ph=19 coda frames=12 | clear=44554 sky=6254875 floor=12487060 scene=2940910 flat=19105 gouraud=0 chrome=418096 texture=1753627 furnace=0 embers=75591 bloom=0 veil=1686 titles=64662 fade=428 | setup=750082 total=21869770
T t=284.9 bar=148 ph=19 coda | render ms 72.98/73.02/73.11 | fps 11.9 | hold 5 miss 12 late 12 | gap ms 83.68 | under 0 fill 465 | copy 2366 cy/line 33.93 Mcy/s | synth 2962 cy/pump 42.48 Mcy/s 1770 cy/sample | tri 466 px 11697 part 64 ch 9 | AHASH s=6840000 00406ffd
PROF T t=284 ph=19 coda frames=12 | clear=44535 sky=6252958 floor=12488230 scene=2935434 flat=19100 gouraud=0 chrome=409758 texture=1753745 furnace=0 embers=76694 bloom=0 veil=1670 titles=64046 fade=436 | setup=752830 total=21864007
T t=285.9 bar=148 ph=19 coda | render ms 72.91/72.98/73.07 | fps 11.9 | hold 5 miss 12 late 12 | gap ms 83.68 | under 0 fill 465 | copy 2366 cy/line 33.93 Mcy/s | synth 2960 cy/pump 42.46 Mcy/s 1769 cy/sample | tri 454 px 11707 part 64 ch 9 | AHASH s=6864000 6a0d4962
PROF T t=285 ph=19 coda frames=12 | clear=44510 sky=6254130 floor=12487194 scene=2926115 flat=19099 gouraud=0 chrome=404582 texture=1750026 furnace=0 embers=74986 bloom=0 veil=1672 titles=64002 fade=441 | setup=752407 total=21853052
T t=286.9 bar=149 ph=19 coda | render ms 72.80/72.87/73.01 | fps 11.9 | hold 5 miss 12 late 12 | gap ms 83.68 | under 0 fill 465 | copy 2366 cy/line 33.93 Mcy/s | synth 2961 cy/pump 42.47 Mcy/s 1769 cy/sample | tri 442 px 11697 part 64 ch 9 | AHASH s=6888000 9b63138c
PROF T t=286 ph=19 coda frames=12 | clear=44551 sky=6253625 floor=12487381 scene=2894436 flat=19124 gouraud=0 chrome=394906 texture=1732550 furnace=0 embers=72807 bloom=0 veil=1683 titles=63894 fade=449 | setup=747854 total=21818829
T t=287.9 bar=149 ph=19 coda | render ms 72.81/72.85/72.92 | fps 11.9 | hold 5 miss 12 late 12 | gap ms 83.68 | under 0 fill 465 | copy 2366 cy/line 33.93 Mcy/s | synth 2961 cy/pump 42.46 Mcy/s 1769 cy/sample | tri 442 px 11694 part 64 ch 9 | AHASH s=6912000 829f894d
PROF T t=287 ph=19 coda frames=12 | clear=44581 sky=6255013 floor=12485822 scene=2890357 flat=19087 gouraud=0 chrome=395691 texture=1730445 furnace=0 embers=72862 bloom=0 veil=1684 titles=63894 fade=450 | setup=745133 total=21814667
T t=288.9 bar=150 ph=19 coda | render ms 72.84/72.88/72.97 | fps 11.9 | hold 5 miss 12 late 12 | gap ms 83.68 | under 0 fill 465 | copy 2366 cy/line 33.93 Mcy/s | synth 2959 cy/pump 42.43 Mcy/s 1768 cy/sample | tri 442 px 11696 part 64 ch 9 | AHASH s=6936000 1f23e7aa
PROF T t=288 ph=19 coda frames=12 | clear=44490 sky=6253266 floor=12486817 scene=2894287 flat=19066 gouraud=0 chrome=397458 texture=1729915 furnace=0 embers=74015 bloom=0 veil=1666 titles=68850 fade=434 | setup=747847 total=21823827
T t=289.9 bar=151 ph=19 coda | render ms 72.82/72.89/72.95 | fps 11.9 | hold 5 miss 12 late 12 | gap ms 83.68 | under 0 fill 465 | copy 2366 cy/line 33.93 Mcy/s | synth 2963 cy/pump 42.50 Mcy/s 1770 cy/sample | tri 442 px 11700 part 64 ch 9 | AHASH s=6960000 2faf33e5
PROF T t=289 ph=19 coda frames=12 | clear=44501 sky=6254653 floor=12487882 scene=2892698 flat=19125 gouraud=0 chrome=395024 texture=1731409 furnace=0 embers=74652 bloom=0 veil=1663 titles=68823 fade=438 | setup=747139 total=21825312
T t=290.9 bar=151 ph=19 coda | render ms 72.88/72.90/72.97 | fps 11.9 | hold 5 miss 12 late 12 | gap ms 83.68 | under 0 fill 465 | copy 2366 cy/line 33.93 Mcy/s | synth 2962 cy/pump 42.48 Mcy/s 1770 cy/sample | tri 442 px 11685 part 64 ch 9 | AHASH s=6984000 c239b3d9
PROF T t=290 ph=19 coda frames=12 | clear=44157 sky=6255220 floor=12487137 scene=2897146 flat=19090 gouraud=0 chrome=397242 texture=1730975 furnace=0 embers=74304 bloom=0 veil=1678 titles=68928 fade=447 | setup=749838 total=21829022
PHRASE t=291.8 bar=152 ph=20 coda | render ms 72.80/74.97/103.09 | fps 11.6 | hold 7 miss 178 late 178 | gap ms 117.15 | under 0 fill 465 | copy 2365 cy/line 33.92 Mcy/s | synth 2961 cy/pump 42.46 Mcy/s 1769 cy/sample | tri 442 px 11675 part 64 ch 9 | AHASH s=7008000 704099c2
PROF PHRASE t=291 ph=20 coda frames=178 | clear=44535 sky=6254788 floor=12487452 scene=2919785 flat=19107 gouraud=0 chrome=407842 texture=1758787 furnace=0 embers=74057 bloom=0 veil=597867 titles=69747 fade=440 | setup=734047 total=22448674
T t=291.9 bar=152 ph=20 coda | render ms 72.86/72.90/72.96 | fps 11.9 | hold 5 miss 12 late 12 | gap ms 83.68 | under 0 fill 465 | copy 2366 cy/line 33.93 Mcy/s | synth 2961 cy/pump 42.47 Mcy/s 1769 cy/sample | tri 442 px 11677 part 64 ch 9 | AHASH s=7008000 704099c2
PROF T t=291 ph=20 coda frames=12 | clear=45028 sky=6256803 floor=12486835 scene=2896319 flat=19115 gouraud=0 chrome=395454 texture=1732440 furnace=0 embers=73948 bloom=0 veil=1664 titles=68938 fade=428 | setup=749308 total=21829966
T t=292.9 bar=152 ph=20 coda | render ms 72.83/72.88/72.91 | fps 11.9 | hold 5 miss 12 late 12 | gap ms 83.68 | under 0 fill 465 | copy 2366 cy/line 33.93 Mcy/s | synth 2962 cy/pump 42.48 Mcy/s 1770 cy/sample | tri 442 px 11689 part 64 ch 9 | AHASH s=7032000 995b0358
PROF T t=292 ph=20 coda frames=12 | clear=44425 sky=6253952 floor=12486805 scene=2894656 flat=19108 gouraud=0 chrome=395365 texture=1732647 furnace=0 embers=73214 bloom=0 veil=1687 titles=68832 fade=436 | setup=747535 total=21824010
T t=293.9 bar=153 ph=20 coda | render ms 72.81/72.89/72.98 | fps 11.9 | hold 5 miss 12 late 12 | gap ms 83.68 | under 0 fill 465 | copy 2366 cy/line 33.93 Mcy/s | synth 2961 cy/pump 42.47 Mcy/s 1769 cy/sample | tri 454 px 11696 part 64 ch 9 | AHASH s=7056000 2f66bfb1
PROF T t=293 ph=20 coda frames=12 | clear=44522 sky=6255180 floor=12487135 scene=2896425 flat=19127 gouraud=0 chrome=396813 texture=1734492 furnace=0 embers=74239 bloom=0 veil=1717 titles=65794 fade=428 | setup=745993 total=21825443
T t=294.9 bar=153 ph=20 coda | render ms 72.86/72.90/72.96 | fps 11.9 | hold 5 miss 12 late 12 | gap ms 83.68 | under 0 fill 465 | copy 2366 cy/line 33.92 Mcy/s | synth 2962 cy/pump 42.47 Mcy/s 1769 cy/sample | tri 454 px 11698 part 64 ch 9 | AHASH s=7080000 e194e682
PROF T t=294 ph=20 coda frames=12 | clear=44578 sky=6254469 floor=12487781 scene=2909092 flat=19083 gouraud=0 chrome=400120 texture=1741795 furnace=0 embers=74799 bloom=0 veil=1731 titles=56600 fade=454 | setup=748092 total=21829506
T t=295.9 bar=154 ph=20 coda | render ms 72.81/72.88/72.92 | fps 11.9 | hold 5 miss 12 late 12 | gap ms 83.68 | under 0 fill 465 | copy 2366 cy/line 33.93 Mcy/s | synth 2961 cy/pump 42.47 Mcy/s 1769 cy/sample | tri 442 px 11695 part 64 ch 9 | AHASH s=7104000 564c453e
PROF T t=295 ph=20 coda frames=12 | clear=44547 sky=6253736 floor=12486660 scene=2903036 flat=19063 gouraud=0 chrome=398450 texture=1738643 furnace=0 embers=75032 bloom=0 veil=1702 titles=56481 fade=444 | setup=746878 total=21821640
T t=297.0 bar=154 ph=20 coda | render ms 72.81/72.84/72.93 | fps 11.9 | hold 5 miss 12 late 12 | gap ms 83.68 | under 0 fill 465 | copy 2386 cy/line 34.21 Mcy/s | synth 2664 cy/pump 38.21 Mcy/s 1592 cy/sample | tri 442 px 11697 part 64 ch 9 | AHASH s=7128000 eb476912
PROF T t=297 ph=20 coda frames=12 | clear=44562 sky=6252921 floor=12486869 scene=2893182 flat=19082 gouraud=0 chrome=396469 texture=1731388 furnace=0 embers=75258 bloom=0 veil=1710 titles=56561 fade=434 | setup=746242 total=21811501
T t=298.0 bar=155 ph=20 coda | render ms 72.81/72.84/72.91 | fps 11.9 | hold 5 miss 12 late 12 | gap ms 83.68 | under 0 fill 465 | copy 2387 cy/line 34.23 Mcy/s | synth 2646 cy/pump 37.94 Mcy/s 1581 cy/sample | tri 442 px 11687 part 64 ch 9 | AHASH s=7152000 94ebcd29
PROF T t=298 ph=20 coda frames=12 | clear=44535 sky=6253670 floor=12485749 scene=2894386 flat=19085 gouraud=0 chrome=396279 texture=1733286 furnace=0 embers=74846 bloom=0 veil=1707 titles=56580 fade=428 | setup=745733 total=21811905
T t=299.0 bar=155 ph=20 coda | render ms 72.81/72.85/72.89 | fps 11.9 | hold 5 miss 12 late 12 | gap ms 83.68 | under 0 fill 465 | copy 2386 cy/line 34.23 Mcy/s | synth 2646 cy/pump 37.94 Mcy/s 1581 cy/sample | tri 442 px 11679 part 64 ch 9 | AHASH s=7176000 688e80ce
PROF T t=299 ph=20 coda frames=12 | clear=44331 sky=6252360 floor=12485501 scene=2896292 flat=19109 gouraud=0 chrome=396593 texture=1731571 furnace=0 embers=75597 bloom=0 veil=1695 titles=56653 fade=444 | setup=749018 total=21812875
T t=300.0 bar=156 ph=20 coda | render ms 72.84/73.11/73.38 | fps 11.9 | hold 5 miss 12 late 12 | gap ms 83.68 | under 0 fill 465 | copy 2386 cy/line 34.22 Mcy/s | synth 2647 cy/pump 37.96 Mcy/s 1581 cy/sample | tri 442 px 11669 part 64 ch 9 | AHASH s=7200000 595bd6d6
PROF T t=300 ph=20 coda frames=12 | clear=44301 sky=6255138 floor=12487219 scene=2899570 flat=19090 gouraud=0 chrome=397545 texture=1733056 furnace=0 embers=75059 bloom=0 veil=1669 titles=129321 fade=430 | setup=749878 total=21892710
T t=301.0 bar=156 ph=20 coda | render ms 73.34/73.39/73.42 | fps 11.9 | hold 5 miss 12 late 12 | gap ms 83.68 | under 0 fill 465 | copy 2383 cy/line 34.17 Mcy/s | synth 2589 cy/pump 37.14 Mcy/s 1547 cy/sample | tri 450 px 11673 part 64 ch 9 | AHASH s=7224000 9b690296
PROF T t=301 ph=20 coda frames=12 | clear=44504 sky=6258179 floor=12487658 scene=2906784 flat=19096 gouraud=0 chrome=403259 texture=1732158 furnace=0 embers=74636 bloom=0 veil=1687 titles=201473 fade=444 | setup=752270 total=21975368
T t=302.0 bar=157 ph=20 coda | render ms 73.36/73.39/73.46 | fps 11.9 | hold 5 miss 12 late 12 | gap ms 83.68 | under 0 fill 465 | copy 2365 cy/line 33.92 Mcy/s | synth 2225 cy/pump 31.91 Mcy/s 1329 cy/sample | tri 450 px 11682 part 64 ch 9 | AHASH s=7248000 06c26f09
PROF T t=302 ph=20 coda frames=12 | clear=44533 sky=6257843 floor=12487264 scene=2910297 flat=19137 gouraud=0 chrome=406645 texture=1733702 furnace=0 embers=72622 bloom=0 veil=1713 titles=201576 fade=440 | setup=750811 total=21976292
T t=303.0 bar=157 ph=20 coda | render ms 73.35/73.40/73.48 | fps 11.9 | hold 5 miss 12 late 12 | gap ms 83.68 | under 0 fill 465 | copy 2365 cy/line 33.92 Mcy/s | synth 2225 cy/pump 31.91 Mcy/s 1329 cy/sample | tri 450 px 11681 part 64 ch 9 | AHASH s=7272000 59a672b8
PROF T t=303 ph=20 coda frames=12 | clear=44524 sky=6256454 floor=12486949 scene=2912434 flat=19126 gouraud=0 chrome=408200 texture=1734822 furnace=0 embers=73643 bloom=0 veil=1734 titles=201346 fade=440 | setup=750285 total=21977529
T t=304.0 bar=158 ph=20 coda | render ms 73.35/73.40/73.43 | fps 11.9 | hold 5 miss 12 late 12 | gap ms 83.68 | under 0 fill 465 | copy 2365 cy/line 33.92 Mcy/s | synth 2224 cy/pump 31.90 Mcy/s 1329 cy/sample | tri 450 px 11669 part 64 ch 9 | AHASH s=7296000 1cf1f220
PROF T t=304 ph=20 coda frames=12 | clear=44566 sky=6258308 floor=12487149 scene=2910581 flat=19134 gouraud=0 chrome=407520 texture=1733683 furnace=0 embers=74558 bloom=0 veil=1681 titles=201440 fade=449 | setup=750243 total=21978736
T t=305.0 bar=158 ph=20 coda | render ms 73.36/73.41/73.48 | fps 11.9 | hold 5 miss 12 late 12 | gap ms 83.68 | under 0 fill 465 | copy 2365 cy/line 33.92 Mcy/s | synth 2226 cy/pump 31.92 Mcy/s 1330 cy/sample | tri 450 px 11664 part 64 ch 9 | AHASH s=7320000 1c41b916
PROF T t=305 ph=20 coda frames=12 | clear=44473 sky=6257505 floor=12487271 scene=2914617 flat=19065 gouraud=0 chrome=409249 texture=1733977 furnace=0 embers=75146 bloom=0 veil=1707 titles=201189 fade=450 | setup=752325 total=21982360
T t=306.0 bar=159 ph=20 coda | render ms 73.42/78.75/79.85 | fps 11.9 | hold 5 miss 12 late 12 | gap ms 83.68 | under 0 fill 465 | copy 2358 cy/line 33.82 Mcy/s | synth 2228 cy/pump 31.95 Mcy/s 1331 cy/sample | tri 450 px 11671 part 64 ch 9 | AHASH s=7344000 024e2125
PROF T t=306 ph=20 coda frames=12 | clear=44563 sky=6257048 floor=12487025 scene=2909093 flat=19104 gouraud=0 chrome=408665 texture=1731985 furnace=0 embers=76131 bloom=0 veil=1723 titles=201613 fade=1607199 | setup=749337 total=23584400
T t=307.0 bar=159 ph=20 coda | render ms 79.78/79.82/79.87 | fps 11.9 | hold 5 miss 12 late 12 | gap ms 83.68 | under 0 fill 465 | copy 2357 cy/line 33.80 Mcy/s | synth 2228 cy/pump 31.95 Mcy/s 1331 cy/sample | tri 450 px 11668 part 64 ch 9 | AHASH s=7368000 cc1dbcdf
PROF T t=307 ph=20 coda frames=12 | clear=44547 sky=6257450 floor=12487320 scene=2907045 flat=19100 gouraud=0 chrome=408006 texture=1732435 furnace=0 embers=75756 bloom=0 veil=1703 titles=201698 fade=1928541 | setup=747503 total=23904064
PHRASE t=307.1 bar=159 ph=20 coda | render ms 72.81/73.94/79.88 | fps 11.9 | hold 5 miss 182 late 182 | gap ms 83.68 | under 0 fill 465 | copy 2371 cy/line 34.00 Mcy/s | synth 2560 cy/pump 36.71 Mcy/s 1529 cy/sample | tri 450 px 11668 part 64 ch 9 | AHASH s=7368000 cc1dbcdf
PROF PHRASE t=307 ph=20 coda frames=182 | clear=44552 sky=6255776 floor=12486957 scene=2903790 flat=19101 gouraud=0 chrome=401930 texture=1733950 furnace=0 embers=74707 bloom=0 veil=1705 titles=130532 fade=244096 | setup=748808 total=22142118
DONE frames=5658 render_max_us=109077 gap_max_us=117153 miss=4520 late=5658 under=0 min_fill=465 copy_worst_cy=2926 pump_worst_cy=77169 vsyncs=18364 heap_free=49152 peak=29914
