
=== COLOSSUS / LATENT / 2026 === sys_clk=300000000
BOOT heap_region=53432 heap_free=53432 ballast=0 total_samples=7372800 bars=160
BOOT heap_free_after_init=53432
BOOT heap_free_after_video=40960 scanout_lines=240
T t=0.9 bar=0 ph=1 overture | render ms 8.05/8.08/8.13 | fps 59.7 | hold 2 miss 0 late 1 | gap ms 16.76 | under 0 fill 464 | copy 2457 cy/line 35.84 Mcy/s | synth 2268 cy/pump 32.55 Mcy/s 1356 cy/sample | tri 0 px 0 part 66 ch 0 | AHASH s=24000 45de1a0f
PROF T t=0 ph=1 overture frames=60 | clear=44620 sky=508912 floor=0 scene=7434 flat=0 gouraud=0 chrome=0 texture=0 furnace=0 embers=77672 bloom=0 veil=854 titles=298378 fade=1461234 | setup=7434 total=2399107
T t=1.9 bar=1 ph=1 overture | render ms 3.20/7.69/8.25 | fps 59.7 | hold 1 miss 0 late 0 | gap ms 16.73 | under 0 fill 464 | copy 2453 cy/line 35.17 Mcy/s | synth 2270 cy/pump 32.56 Mcy/s 1356 cy/sample | tri 0 px 0 part 66 ch 0 | AHASH s=48000 a2fc1ab4
PROF T t=1 ph=1 overture frames=60 | clear=44692 sky=509658 floor=0 scene=7464 flat=0 gouraud=0 chrome=0 texture=0 furnace=0 embers=78995 bloom=0 veil=863 titles=299126 fade=1339547 | setup=7464 total=2280349
T t=2.9 bar=1 ph=1 overture | render ms 3.20/3.22/3.36 | fps 59.7 | hold 1 miss 0 late 0 | gap ms 16.73 | under 0 fill 464 | copy 2400 cy/line 34.42 Mcy/s | synth 2263 cy/pump 32.45 Mcy/s 1352 cy/sample | tri 0 px 0 part 66 ch 0 | AHASH s=72000 27282b38
PROF T t=2 ph=1 overture frames=60 | clear=44739 sky=509736 floor=0 scene=7930 flat=0 gouraud=0 chrome=0 texture=0 furnace=0 embers=78588 bloom=0 veil=860 titles=298293 fade=223 | setup=7930 total=940371
T t=3.9 bar=2 ph=1 overture | render ms 3.20/3.23/3.37 | fps 59.7 | hold 1 miss 0 late 0 | gap ms 16.73 | under 0 fill 464 | copy 2403 cy/line 34.46 Mcy/s | synth 2322 cy/pump 33.30 Mcy/s 1387 cy/sample | tri 0 px 0 part 67 ch 0 | AHASH s=96000 7defff26
PROF T t=3 ph=1 overture frames=60 | clear=44688 sky=509302 floor=0 scene=8672 flat=0 gouraud=0 chrome=0 texture=0 furnace=0 embers=79590 bloom=0 veil=840 titles=298811 fade=208 | setup=8672 total=942113
T t=5.0 bar=2 ph=1 overture | render ms 3.20/3.23/3.37 | fps 59.7 | hold 1 miss 0 late 0 | gap ms 16.73 | under 0 fill 464 | copy 2415 cy/line 34.64 Mcy/s | synth 2568 cy/pump 36.83 Mcy/s 1534 cy/sample | tri 0 px 0 part 67 ch 0 | AHASH s=120000 586f7958
PROF T t=5 ph=1 overture frames=60 | clear=44746 sky=509890 floor=0 scene=8250 flat=0 gouraud=0 chrome=0 texture=0 furnace=0 embers=80935 bloom=0 veil=854 titles=298455 fade=225 | setup=8250 total=943357
T t=6.0 bar=3 ph=1 overture | render ms 3.20/3.23/3.40 | fps 59.7 | hold 1 miss 0 late 0 | gap ms 16.73 | under 0 fill 464 | copy 2415 cy/line 34.64 Mcy/s | synth 2569 cy/pump 36.85 Mcy/s 1535 cy/sample | tri 0 px 0 part 68 ch 0 | AHASH s=144000 3f1c7235
PROF T t=6 ph=1 overture frames=60 | clear=44721 sky=509131 floor=0 scene=8343 flat=0 gouraud=0 chrome=0 texture=0 furnace=0 embers=80755 bloom=0 veil=842 titles=299148 fade=221 | setup=8343 total=943164
T t=7.0 bar=3 ph=1 overture | render ms 3.20/3.23/3.37 | fps 59.7 | hold 1 miss 0 late 0 | gap ms 16.73 | under 0 fill 464 | copy 2415 cy/line 34.64 Mcy/s | synth 2571 cy/pump 36.87 Mcy/s 1536 cy/sample | tri 0 px 0 part 68 ch 0 | AHASH s=168000 9f2cdd11
PROF T t=7 ph=1 overture frames=60 | clear=44709 sky=509516 floor=0 scene=8355 flat=0 gouraud=0 chrome=0 texture=0 furnace=0 embers=80101 bloom=0 veil=858 titles=299045 fade=228 | setup=8355 total=942814
T t=8.0 bar=4 ph=1 overture | render ms 3.20/3.23/3.38 | fps 59.7 | hold 1 miss 0 late 0 | gap ms 16.73 | under 0 fill 464 | copy 2410 cy/line 34.56 Mcy/s | synth 2733 cy/pump 39.20 Mcy/s 1633 cy/sample | tri 0 px 0 part 69 ch 0 | AHASH s=192000 cbe11e82
PROF T t=8 ph=1 overture frames=60 | clear=44704 sky=509776 floor=0 scene=8360 flat=0 gouraud=0 chrome=0 texture=0 furnace=0 embers=80786 bloom=0 veil=854 titles=298614 fade=226 | setup=8360 total=943323
T t=9.0 bar=4 ph=1 overture | render ms 3.21/3.24/3.39 | fps 59.7 | hold 1 miss 0 late 0 | gap ms 16.73 | under 0 fill 464 | copy 2400 cy/line 34.42 Mcy/s | synth 3010 cy/pump 43.17 Mcy/s 1798 cy/sample | tri 0 px 0 part 69 ch 0 | AHASH s=216000 e3ba8e4b
PROF T t=9 ph=1 overture frames=60 | clear=44746 sky=509799 floor=0 scene=8007 flat=0 gouraud=0 chrome=0 texture=0 furnace=0 embers=82699 bloom=0 veil=858 titles=298848 fade=225 | setup=8007 total=945185
T t=10.0 bar=5 ph=1 overture | render ms 3.20/3.34/3.51 | fps 59.7 | hold 1 miss 0 late 0 | gap ms 16.73 | under 0 fill 464 | copy 2401 cy/line 34.43 Mcy/s | synth 3011 cy/pump 43.18 Mcy/s 1799 cy/sample | tri 4 px 173 part 70 ch 0 | AHASH s=240000 67cd6e7a
PROF T t=10 ph=1 overture frames=60 | clear=44651 sky=511809 floor=0 scene=37957 flat=0 gouraud=0 chrome=0 texture=21367 furnace=0 embers=81346 bloom=0 veil=858 titles=300606 fade=218 | setup=16590 total=977449
T t=11.0 bar=5 ph=1 overture | render ms 3.46/3.49/3.64 | fps 59.7 | hold 1 miss 0 late 0 | gap ms 16.73 | under 0 fill 464 | copy 2402 cy/line 34.45 Mcy/s | synth 3018 cy/pump 43.28 Mcy/s 1803 cy/sample | tri 4 px 173 part 70 ch 0 | AHASH s=264000 893f3166
PROF T t=11 ph=1 overture frames=60 | clear=44747 sky=515379 floor=0 scene=76536 flat=0 gouraud=0 chrome=0 texture=49399 furnace=0 embers=80860 bloom=0 veil=856 titles=302973 fade=223 | setup=27136 total=1021576
T t=12.0 bar=6 ph=1 overture | render ms 3.46/3.49/3.64 | fps 59.7 | hold 1 miss 0 late 0 | gap ms 16.73 | under 0 fill 464 | copy 2402 cy/line 34.45 Mcy/s | synth 3017 cy/pump 43.27 Mcy/s 1803 cy/sample | tri 4 px 173 part 71 ch 0 | AHASH s=288000 6e17375a
PROF T t=12 ph=1 overture frames=60 | clear=44736 sky=515254 floor=0 scene=76611 flat=0 gouraud=0 chrome=0 texture=49433 furnace=0 embers=81891 bloom=0 veil=880 titles=302737 fade=213 | setup=27178 total=1022326
T t=13.0 bar=6 ph=1 overture | render ms 3.46/3.49/3.64 | fps 59.7 | hold 1 miss 0 late 0 | gap ms 16.73 | under 0 fill 464 | copy 2402 cy/line 34.45 Mcy/s | synth 3018 cy/pump 43.28 Mcy/s 1803 cy/sample | tri 4 px 173 part 71 ch 0 | AHASH s=312000 c2bd4215
PROF T t=13 ph=1 overture frames=60 | clear=44729 sky=515389 floor=0 scene=76893 flat=0 gouraud=0 chrome=0 texture=49494 furnace=0 embers=80870 bloom=0 veil=876 titles=302682 fade=219 | setup=27398 total=1021660
T t=14.0 bar=7 ph=1 overture | render ms 3.46/4.05/7.22 | fps 59.7 | hold 1 miss 0 late 0 | gap ms 16.73 | under 0 fill 464 | copy 2409 cy/line 34.55 Mcy/s | synth 3017 cy/pump 43.26 Mcy/s 1802 cy/sample | tri 8 px 653 part 72 ch 0 | AHASH s=336000 1968032c
PROF T t=14 ph=1 overture frames=60 | clear=44782 sky=515472 floor=0 scene=76674 flat=0 gouraud=0 chrome=0 texture=65295 furnace=0 embers=81967 bloom=0 veil=167038 titles=302779 fade=216 | setup=11379 total=1188931
T t=15.0 bar=7 ph=1 overture | render ms 7.35/8.59/9.57 | fps 59.7 | hold 1 miss 0 late 0 | gap ms 16.73 | under 0 fill 464 | copy 2457 cy/line 35.23 Mcy/s | synth 3033 cy/pump 43.49 Mcy/s 1812 cy/sample | tri 8 px 7853 part 72 ch 0 | AHASH s=360000 e3a69d4c
PROF T t=15 ph=1 overture frames=60 | clear=44831 sky=520126 floor=0 scene=76644 flat=0 gouraud=0 chrome=0 texture=492323 furnace=0 embers=83324 bloom=0 veil=1522297 titles=304678 fade=221 | setup=0 total=2552124
PHRASE t=15.3 bar=8 ph=2 the plain | render ms 3.20/4.44/14.45 | fps 59.7 | hold 2 miss 0 late 1 | gap ms 16.76 | under 0 fill 464 | copy 2417 cy/line 34.66 Mcy/s | synth 2719 cy/pump 39.00 Mcy/s 1625 cy/sample | tri 74 px 11633 part 75 ch 1 | AHASH s=360000 e3a69d4c
PROF PHRASE t=15 ph=2 the plain frames=919 | clear=44728 sky=512179 floor=1364 scene=34383 flat=0 gouraud=0 chrome=25 texture=64146 furnace=0 embers=80742 bloom=0 veil=149226 titles=300144 fade=183050 | setup=0 total=1305819
T t=16.0 bar=8 ph=2 the plain | render ms 9.53/12.75/14.45 | fps 59.7 | hold 1 miss 0 late 0 | gap ms 16.73 | under 0 fill 464 | copy 2478 cy/line 35.54 Mcy/s | synth 3034 cy/pump 43.51 Mcy/s 1813 cy/sample | tri 74 px 7789 part 75 ch 1 | AHASH s=384000 d7159f11
PROF T t=16 ph=2 the plain frames=60 | clear=44862 sky=520608 floor=870146 scene=415306 flat=0 gouraud=0 chrome=16504 texture=974061 furnace=0 embers=85923 bloom=0 veil=1767686 titles=92922 fade=213 | setup=0 total=3797669
T t=17.0 bar=8 ph=2 the plain | render ms 8.35/11.69/13.72 | fps 59.7 | hold 1 miss 0 late 0 | gap ms 16.73 | under 0 fill 464 | copy 2463 cy/line 35.33 Mcy/s | synth 3028 cy/pump 43.42 Mcy/s 1809 cy/sample | tri 70 px 2986 part 75 ch 1 | AHASH s=408000 61dc6c0f
PROF T t=17 ph=2 the plain frames=60 | clear=44707 sky=519032 floor=1243655 scene=560193 flat=0 gouraud=0 chrome=23596 texture=638675 furnace=0 embers=87658 bloom=0 veil=1012664 titles=12667 fade=214 | setup=0 total=3480793
T t=18.0 bar=9 ph=2 the plain | render ms 8.34/8.37/8.51 | fps 59.7 | hold 1 miss 0 late 0 | gap ms 16.73 | under 0 fill 464 | copy 2428 cy/line 34.83 Mcy/s | synth 3021 cy/pump 43.33 Mcy/s 1805 cy/sample | tri 70 px 3001 part 75 ch 1 | AHASH s=432000 2e15854e
PROF T t=18 ph=2 the plain frames=60 | clear=44755 sky=519380 floor=1243684 scene=562483 flat=0 gouraud=0 chrome=23581 texture=430447 furnace=0 embers=87119 bloom=0 veil=875 titles=26589 fade=212 | setup=108453 total=2485102
T t=19.0 bar=9 ph=2 the plain | render ms 8.33/8.38/8.52 | fps 59.7 | hold 1 miss 0 late 0 | gap ms 16.73 | under 0 fill 464 | copy 2428 cy/line 34.83 Mcy/s | synth 3021 cy/pump 43.32 Mcy/s 1805 cy/sample | tri 70 px 2994 part 75 ch 1 | AHASH s=456000 0fee5aae
PROF T t=19 ph=2 the plain frames=60 | clear=44750 sky=519497 floor=1243307 scene=564068 flat=0 gouraud=0 chrome=23540 texture=432222 furnace=0 embers=86986 bloom=0 veil=883 titles=26632 fade=208 | setup=108305 total=2486336
T t=20.0 bar=10 ph=2 the plain | render ms 8.32/8.37/8.50 | fps 59.7 | hold 1 miss 0 late 0 | gap ms 16.73 | under 0 fill 464 | copy 2429 cy/line 34.83 Mcy/s | synth 3022 cy/pump 43.34 Mcy/s 1806 cy/sample | tri 70 px 3004 part 75 ch 1 | AHASH s=480000 024f13e5
PROF T t=20 ph=2 the plain frames=60 | clear=44742 sky=519506 floor=1243564 scene=562419 flat=0 gouraud=0 chrome=23430 texture=430818 furnace=0 embers=85356 bloom=0 veil=881 titles=26564 fade=215 | setup=108170 total=2483250
T t=21.0 bar=10 ph=2 the plain | render ms 8.33/8.37/8.49 | fps 59.7 | hold 1 miss 0 late 0 | gap ms 16.73 | under 0 fill 464 | copy 2428 cy/line 34.82 Mcy/s | synth 3024 cy/pump 43.37 Mcy/s 1807 cy/sample | tri 70 px 3005 part 75 ch 1 | AHASH s=504000 6bc4f7f9
PROF T t=21 ph=2 the plain frames=60 | clear=44712 sky=519206 floor=1243776 scene=562596 flat=0 gouraud=0 chrome=23566 texture=431345 furnace=0 embers=85128 bloom=0 veil=876 titles=26572 fade=223 | setup=107684 total=2483091
T t=22.0 bar=11 ph=2 the plain | render ms 8.34/8.38/8.50 | fps 59.7 | hold 1 miss 0 late 0 | gap ms 16.73 | under 0 fill 464 | copy 2429 cy/line 34.83 Mcy/s | synth 3020 cy/pump 43.31 Mcy/s 1804 cy/sample | tri 70 px 3027 part 76 ch 1 | AHASH s=528000 6c7867f1
PROF T t=22 ph=2 the plain frames=60 | clear=44741 sky=519305 floor=1243867 scene=564105 flat=0 gouraud=0 chrome=23580 texture=432711 furnace=0 embers=86168 bloom=0 veil=868 titles=26616 fade=215 | setup=107813 total=2485888
T t=23.0 bar=12 ph=2 the plain | render ms 8.35/8.39/8.52 | fps 59.7 | hold 1 miss 0 late 0 | gap ms 16.73 | under 0 fill 464 | copy 2429 cy/line 34.83 Mcy/s | synth 3021 cy/pump 43.33 Mcy/s 1805 cy/sample | tri 70 px 3031 part 77 ch 1 | AHASH s=552000 4c4ba436
PROF T t=23 ph=2 the plain frames=60 | clear=44751 sky=519614 floor=1244039 scene=564630 flat=0 gouraud=0 chrome=23516 texture=432882 furnace=0 embers=87759 bloom=0 veil=875 titles=26584 fade=217 | setup=108231 total=2488473
T t=24.0 bar=12 ph=2 the plain | render ms 8.36/8.39/8.52 | fps 59.7 | hold 1 miss 0 late 0 | gap ms 16.73 | under 0 fill 464 | copy 2429 cy/line 34.83 Mcy/s | synth 3022 cy/pump 43.34 Mcy/s 1805 cy/sample | tri 70 px 3061 part 77 ch 1 | AHASH s=576000 dd9eff28
PROF T t=24 ph=2 the plain frames=60 | clear=44729 sky=519429 floor=1243866 scene=564779 flat=0 gouraud=0 chrome=23437 texture=433707 furnace=0 embers=89688 bloom=0 veil=879 titles=26640 fade=210 | setup=107633 total=2490224
T t=25.0 bar=13 ph=2 the plain | render ms 8.27/8.38/8.52 | fps 59.7 | hold 1 miss 0 late 0 | gap ms 16.73 | under 0 fill 464 | copy 2429 cy/line 34.83 Mcy/s | synth 3021 cy/pump 43.32 Mcy/s 1805 cy/sample | tri 70 px 3040 part 77 ch 1 | AHASH s=600000 77d6e64d
PROF T t=25 ph=2 the plain frames=60 | clear=44766 sky=519375 floor=1243621 scene=563816 flat=0 gouraud=0 chrome=23585 texture=432858 furnace=0 embers=89640 bloom=0 veil=866 titles=23242 fade=214 | setup=107372 total=2485543
T t=26.0 bar=13 ph=2 the plain | render ms 8.26/8.30/8.43 | fps 59.7 | hold 1 miss 0 late 0 | gap ms 16.73 | under 0 fill 464 | copy 2429 cy/line 34.83 Mcy/s | synth 3021 cy/pump 43.33 Mcy/s 1805 cy/sample | tri 70 px 3055 part 77 ch 1 | AHASH s=624000 5b6cb012
PROF T t=26 ph=2 the plain frames=60 | clear=44756 sky=518152 floor=1242999 scene=564176 flat=0 gouraud=0 chrome=23596 texture=432065 furnace=0 embers=89889 bloom=0 veil=871 titles=1397 fade=214 | setup=108515 total=2462458
T t=27.0 bar=14 ph=2 the plain | render ms 8.27/8.31/8.43 | fps 59.7 | hold 1 miss 0 late 0 | gap ms 16.73 | under 0 fill 464 | copy 2429 cy/line 34.84 Mcy/s | synth 3020 cy/pump 43.31 Mcy/s 1804 cy/sample | tri 70 px 3081 part 78 ch 1 | AHASH s=648000 6b7bf1ef
PROF T t=27 ph=2 the plain frames=60 | clear=44716 sky=518298 floor=1242860 scene=568239 flat=0 gouraud=0 chrome=23604 texture=436269 furnace=0 embers=88558 bloom=0 veil=882 titles=1408 fade=209 | setup=108365 total=2465172
T t=28.1 bar=14 ph=2 the plain | render ms 8.27/8.30/8.44 | fps 59.7 | hold 1 miss 0 late 0 | gap ms 16.73 | under 0 fill 464 | copy 2429 cy/line 34.84 Mcy/s | synth 3021 cy/pump 43.32 Mcy/s 1805 cy/sample | tri 70 px 3067 part 78 ch 1 | AHASH s=672000 ffe2d472
PROF T t=28 ph=2 the plain frames=60 | clear=44725 sky=517986 floor=1243199 scene=569088 flat=0 gouraud=0 chrome=23585 texture=437165 furnace=0 embers=86670 bloom=0 veil=880 titles=1400 fade=209 | setup=108337 total=2464161
T t=29.1 bar=15 ph=2 the plain | render ms 8.27/8.31/8.45 | fps 59.7 | hold 1 miss 0 late 0 | gap ms 16.73 | under 0 fill 464 | copy 2429 cy/line 34.84 Mcy/s | synth 3021 cy/pump 43.33 Mcy/s 1805 cy/sample | tri 70 px 3076 part 79 ch 1 | AHASH s=696000 f6db67eb
PROF T t=29 ph=2 the plain frames=60 | clear=44729 sky=518176 floor=1242983 scene=569303 flat=0 gouraud=0 chrome=23596 texture=436887 furnace=0 embers=87613 bloom=0 veil=875 titles=1396 fade=215 | setup=108819 total=2465294
T t=30.1 bar=15 ph=2 the plain | render ms 8.29/8.33/8.44 | fps 59.7 | hold 1 miss 0 late 0 | gap ms 16.73 | under 0 fill 464 | copy 2429 cy/line 34.84 Mcy/s | synth 3021 cy/pump 43.33 Mcy/s 1805 cy/sample | tri 70 px 3093 part 79 ch 1 | AHASH s=720000 f5803255
PROF T t=30 ph=2 the plain frames=60 | clear=44751 sky=518003 floor=1243848 scene=571933 flat=0 gouraud=0 chrome=23679 texture=439386 furnace=0 embers=89685 bloom=0 veil=881 titles=1394 fade=208 | setup=108868 total=2470707
PHRASE t=30.7 bar=16 ph=3 the plain | render ms 8.26/8.82/14.43 | fps 59.7 | hold 1 miss 0 late 0 | gap ms 16.73 | under 0 fill 464 | copy 2434 cy/line 34.90 Mcy/s | synth 3022 cy/pump 43.34 Mcy/s 1806 cy/sample | tri 70 px 3132 part 82 ch 1 | AHASH s=720000 f5803255
PROF PHRASE t=30 ph=3 the plain frames=918 | clear=44742 sky=518901 floor=1243512 scene=565158 flat=0 gouraud=0 chrome=23572 texture=474950 furnace=0 embers=87735 bloom=0 veil=144257 titles=15089 fade=212 | setup=66635 total=2619610
T t=31.1 bar=16 ph=3 the plain | render ms 8.28/8.33/8.47 | fps 59.7 | hold 1 miss 0 late 0 | gap ms 16.73 | under 0 fill 464 | copy 2430 cy/line 34.84 Mcy/s | synth 3023 cy/pump 43.35 Mcy/s 1806 cy/sample | tri 70 px 3134 part 82 ch 1 | AHASH s=744000 81431960
PROF T t=31 ph=3 the plain frames=60 | clear=44813 sky=518207 floor=1243835 scene=571668 flat=0 gouraud=0 chrome=23683 texture=439338 furnace=0 embers=89717 bloom=0 veil=877 titles=1420 fade=207 | setup=108646 total=2470748
T t=32.1 bar=16 ph=3 the plain | render ms 8.28/8.33/8.46 | fps 59.7 | hold 1 miss 0 late 0 | gap ms 16.73 | under 0 fill 464 | copy 2429 cy/line 34.84 Mcy/s | synth 3022 cy/pump 43.35 Mcy/s 1806 cy/sample | tri 70 px 3141 part 82 ch 1 | AHASH s=768000 2e36c2ff
PROF T t=32 ph=3 the plain frames=60 | clear=44722 sky=518388 floor=1243417 scene=573473 flat=0 gouraud=0 chrome=23443 texture=441468 furnace=0 embers=90119 bloom=0 veil=885 titles=1398 fade=211 | setup=108561 total=2472618
T t=33.1 bar=17 ph=3 the plain | render ms 8.31/8.34/8.46 | fps 59.7 | hold 1 miss 0 late 0 | gap ms 16.73 | under 0 fill 464 | copy 2429 cy/line 34.84 Mcy/s | synth 3022 cy/pump 43.34 Mcy/s 1805 cy/sample | tri 70 px 3162 part 82 ch 1 | AHASH s=792000 db9f6da3
PROF T t=33 ph=3 the plain frames=60 | clear=44715 sky=518015 floor=1243360 scene=575512 flat=0 gouraud=0 chrome=23480 texture=443595 furnace=0 embers=90594 bloom=0 veil=875 titles=1378 fade=218 | setup=108436 total=2474671
T t=34.1 bar=17 ph=3 the plain | render ms 8.31/8.35/8.46 | fps 59.7 | hold 1 miss 0 late 0 | gap ms 16.73 | under 0 fill 464 | copy 2429 cy/line 34.84 Mcy/s | synth 3021 cy/pump 43.32 Mcy/s 1805 cy/sample | tri 70 px 3178 part 82 ch 1 | AHASH s=816000 fe2692d6
PROF T t=34 ph=3 the plain frames=60 | clear=44695 sky=517975 floor=1243248 scene=576248 flat=0 gouraud=0 chrome=23479 texture=444306 furnace=0 embers=92133 bloom=0 veil=881 titles=1390 fade=218 | setup=108461 total=2476790
T t=35.1 bar=18 ph=3 the plain | render ms 8.31/8.35/8.49 | fps 59.7 | hold 1 miss 0 late 0 | gap ms 16.73 | under 0 fill 464 | copy 2430 cy/line 34.85 Mcy/s | synth 3022 cy/pump 43.34 Mcy/s 1805 cy/sample | tri 70 px 3192 part 83 ch 1 | AHASH s=840000 c7922fc0
PROF T t=35 ph=3 the plain frames=60 | clear=44761 sky=518010 floor=1243410 scene=578263 flat=0 gouraud=0 chrome=23602 texture=445819 furnace=0 embers=92053 bloom=0 veil=874 titles=1379 fade=210 | setup=108841 total=2478963
T t=36.1 bar=18 ph=3 the plain | render ms 8.33/8.37/8.47 | fps 59.7 | hold 1 miss 0 late 0 | gap ms 16.73 | under 0 fill 464 | copy 2430 cy/line 34.84 Mcy/s | synth 3022 cy/pump 43.34 Mcy/s 1806 cy/sample | tri 70 px 3195 part 83 ch 1 | AHASH s=864000 197a6d81
PROF T t=36 ph=3 the plain frames=60 | clear=44692 sky=518225 floor=1243063 scene=580068 flat=0 gouraud=0 chrome=23622 texture=447699 furnace=0 embers=94690 bloom=0 veil=868 titles=1406 fade=195 | setup=108745 total=2483211
T t=37.1 bar=19 ph=3 the plain | render ms 8.33/8.37/8.50 | fps 59.7 | hold 1 miss 0 late 0 | gap ms 16.73 | under 0 fill 464 | copy 2430 cy/line 34.85 Mcy/s | synth 3020 cy/pump 43.32 Mcy/s 1805 cy/sample | tri 70 px 3209 part 84 ch 1 | AHASH s=888000 7489a231
PROF T t=37 ph=3 the plain frames=60 | clear=44739 sky=518055 floor=1243416 scene=579504 flat=0 gouraud=0 chrome=23588 texture=447102 furnace=0 embers=97245 bloom=0 veil=883 titles=1363 fade=204 | setup=108812 total=2485413
T t=38.1 bar=19 ph=3 the plain | render ms 8.33/8.37/8.51 | fps 59.7 | hold 1 miss 0 late 0 | gap ms 16.73 | under 0 fill 464 | copy 2430 cy/line 34.84 Mcy/s | synth 3022 cy/pump 43.34 Mcy/s 1806 cy/sample | tri 70 px 3218 part 84 ch 1 | AHASH s=912000 f1caa5b0
PROF T t=38 ph=3 the plain frames=60 | clear=44717 sky=517903 floor=1243414 scene=577734 flat=0 gouraud=0 chrome=23727 texture=445353 furnace=0 embers=97551 bloom=0 veil=877 titles=1413 fade=213 | setup=108652 total=2483825
T t=39.1 bar=20 ph=3 the plain | render ms 8.35/8.38/8.50 | fps 59.7 | hold 1 miss 0 late 0 | gap ms 16.73 | under 0 fill 464 | copy 2430 cy/line 34.85 Mcy/s | synth 3023 cy/pump 43.35 Mcy/s 1806 cy/sample | tri 70 px 3231 part 86 ch 1 | AHASH s=936000 6502a091
PROF T t=39 ph=3 the plain frames=60 | clear=44732 sky=517865 floor=1243476 scene=580269 flat=0 gouraud=0 chrome=23722 texture=448150 furnace=0 embers=97965 bloom=0 veil=889 titles=1387 fade=213 | setup=108396 total=2486799
T t=40.1 bar=20 ph=3 the plain | render ms 8.35/8.38/8.53 | fps 59.7 | hold 1 miss 0 late 0 | gap ms 16.73 | under 0 fill 464 | copy 2430 cy/line 34.85 Mcy/s | synth 3022 cy/pump 43.33 Mcy/s 1805 cy/sample | tri 70 px 3237 part 86 ch 1 | AHASH s=960000 343dd2f7
PROF T t=40 ph=3 the plain frames=60 | clear=44737 sky=518270 floor=1243907 scene=580672 flat=0 gouraud=0 chrome=23595 texture=448890 furnace=0 embers=97748 bloom=0 veil=866 titles=1390 fade=213 | setup=108186 total=2487806
T t=41.1 bar=21 ph=3 the plain | render ms 8.34/8.39/8.55 | fps 59.7 | hold 1 miss 0 late 0 | gap ms 16.73 | under 0 fill 464 | copy 2430 cy/line 34.85 Mcy/s | synth 3021 cy/pump 43.32 Mcy/s 1805 cy/sample | tri 70 px 3254 part 86 ch 1 | AHASH s=984000 1856fdf2
PROF T t=41 ph=3 the plain frames=60 | clear=44701 sky=518690 floor=1243579 scene=581034 flat=0 gouraud=0 chrome=23599 texture=449614 furnace=0 embers=98444 bloom=0 veil=874 titles=1404 fade=223 | setup=107819 total=2488952
T t=42.1 bar=21 ph=3 the plain | render ms 8.34/8.38/8.51 | fps 59.7 | hold 1 miss 0 late 0 | gap ms 16.73 | under 0 fill 464 | copy 2430 cy/line 34.85 Mcy/s | synth 3022 cy/pump 43.34 Mcy/s 1806 cy/sample | tri 70 px 3252 part 86 ch 1 | AHASH s=1008000 a0412651
PROF T t=42 ph=3 the plain frames=60 | clear=44720 sky=518015 floor=1243239 scene=581612 flat=0 gouraud=0 chrome=23608 texture=449754 furnace=0 embers=96592 bloom=0 veil=875 titles=1409 fade=218 | setup=108249 total=2486683
T t=43.1 bar=22 ph=3 the plain | render ms 8.35/8.38/8.49 | fps 59.7 | hold 1 miss 0 late 0 | gap ms 16.73 | under 0 fill 464 | copy 2430 cy/line 34.85 Mcy/s | synth 3022 cy/pump 43.33 Mcy/s 1805 cy/sample | tri 70 px 3260 part 87 ch 1 | AHASH s=1032000 aaebaad7
PROF T t=43 ph=3 the plain frames=60 | clear=44780 sky=518502 floor=1243077 scene=581844 flat=0 gouraud=0 chrome=23518 texture=450256 furnace=0 embers=97246 bloom=0 veil=875 titles=1412 fade=215 | setup=108069 total=2487953
T t=44.1 bar=23 ph=3 the plain | render ms 8.35/8.39/8.52 | fps 59.7 | hold 1 miss 0 late 0 | gap ms 16.73 | under 0 fill 464 | copy 2430 cy/line 34.85 Mcy/s | synth 3023 cy/pump 43.35 Mcy/s 1806 cy/sample | tri 70 px 3250 part 89 ch 1 | AHASH s=1056000 b6aeddef
PROF T t=44 ph=3 the plain frames=60 | clear=44794 sky=518393 floor=1243484 scene=582264 flat=0 gouraud=0 chrome=23470 texture=450405 furnace=0 embers=98816 bloom=0 veil=879 titles=1384 fade=199 | setup=108388 total=2490217
T t=45.1 bar=23 ph=3 the plain | render ms 8.36/10.76/13.22 | fps 59.7 | hold 1 miss 0 late 0 | gap ms 16.73 | under 0 fill 464 | copy 2454 cy/line 35.20 Mcy/s | synth 3027 cy/pump 43.41 Mcy/s 1808 cy/sample | tri 74 px 6139 part 89 ch 1 | AHASH s=1080000 3c3b7676
PROF T t=45 ph=3 the plain frames=60 | clear=44697 sky=518422 floor=1243398 scene=581986 flat=0 gouraud=0 chrome=23437 texture=574764 furnace=0 embers=99753 bloom=0 veil=709956 titles=1392 fade=215 | setup=0 total=3199822
PHRASE t=46.0 bar=24 ph=4 the hand | render ms 8.28/8.87/23.22 | fps 59.6 | hold 2 miss 0 late 1 | gap ms 33.47 | under 0 fill 464 | copy 2435 cy/line 34.91 Mcy/s | synth 3023 cy/pump 43.35 Mcy/s 1806 cy/sample | tri 346 px 52332 part 94 ch 2 | AHASH s=1104000 159985cb
PROF PHRASE t=46 ph=4 the hand frames=918 | clear=44735 sky=518303 floor=1242021 scene=583513 flat=0 gouraud=0 chrome=24350 texture=493676 furnace=0 embers=95942 bloom=0 veil=148347 titles=1395 fade=212 | setup=65486 total=2634471
T t=46.1 bar=24 ph=4 the hand | render ms 13.28/14.50/23.28 | fps 56.7 | hold 2 miss 0 late 3 | gap ms 33.47 | under 0 fill 464 | copy 2483 cy/line 35.61 Mcy/s | synth 3033 cy/pump 43.49 Mcy/s 1812 cy/sample | tri 346 px 52344 part 94 ch 2 | AHASH s=1104000 159985cb
PROF T t=46 ph=4 the hand frames=57 | clear=44797 sky=520105 floor=1177709 scene=785087 flat=0 gouraud=0 chrome=61684 texture=1193401 furnace=0 embers=100638 bloom=0 veil=1693540 titles=1400 fade=204 | setup=0 total=4323484
T t=47.1 bar=24 ph=4 the hand | render ms 21.53/22.50/23.30 | fps 29.8 | hold 2 miss 0 late 30 | gap ms 33.47 | under 0 fill 464 | copy 2475 cy/line 35.50 Mcy/s | synth 3015 cy/pump 43.24 Mcy/s 1802 cy/sample | tri 346 px 45197 part 94 ch 2 | AHASH s=1128000 a507af95
PROF T t=47 ph=4 the hand frames=30 | clear=44793 sky=514575 floor=0 scene=4441536 flat=0 gouraud=0 chrome=747903 texture=3906315 furnace=0 embers=105800 bloom=0 veil=1613440 titles=1299 fade=217 | setup=0 total=6721663
T t=48.1 bar=25 ph=4 the hand | render ms 17.19/18.64/21.61 | fps 29.8 | hold 2 miss 0 late 30 | gap ms 33.47 | under 0 fill 464 | copy 2459 cy/line 35.26 Mcy/s | synth 3009 cy/pump 43.15 Mcy/s 1798 cy/sample | tri 342 px 43848 part 94 ch 2 | AHASH s=1152000 fea4f11a
PROF T t=48 ph=4 the hand frames=30 | clear=44784 sky=514651 floor=0 scene=4450973 flat=0 gouraud=0 chrome=751122 texture=3454678 furnace=0 embers=104605 bloom=0 veil=428318 titles=19891 fade=217 | setup=245172 total=5563442
T t=49.1 bar=25 ph=4 the hand | render ms 17.22/17.25/17.35 | fps 29.8 | hold 2 miss 0 late 30 | gap ms 33.47 | under 0 fill 464 | copy 2452 cy/line 35.17 Mcy/s | synth 3006 cy/pump 43.10 Mcy/s 1796 cy/sample | tri 342 px 43969 part 94 ch 2 | AHASH s=1176000 ac690a5a
PROF T t=49 ph=4 the hand frames=30 | clear=44776 sky=514426 floor=0 scene=4458452 flat=0 gouraud=0 chrome=753910 texture=3401326 furnace=0 embers=105591 bloom=0 veil=850 titles=22609 fade=216 | setup=303215 total=5146923
T t=50.1 bar=26 ph=4 the hand | render ms 17.24/17.30/17.42 | fps 29.8 | hold 2 miss 0 late 30 | gap ms 33.47 | under 0 fill 464 | copy 2453 cy/line 35.18 Mcy/s | synth 3007 cy/pump 43.12 Mcy/s 1796 cy/sample | tri 342 px 44177 part 94 ch 2 | AHASH s=1200000 f873dd08
PROF T t=50 ph=4 the hand frames=30 | clear=44755 sky=514582 floor=0 scene=4475138 flat=0 gouraud=0 chrome=756022 texture=3415984 furnace=0 embers=105190 bloom=0 veil=859 titles=22635 fade=215 | setup=303131 total=5163377
T t=51.1 bar=26 ph=4 the hand | render ms 17.26/17.32/17.42 | fps 29.8 | hold 2 miss 0 late 30 | gap ms 33.47 | under 0 fill 464 | copy 2453 cy/line 35.18 Mcy/s | synth 3005 cy/pump 43.10 Mcy/s 1796 cy/sample | tri 342 px 44100 part 94 ch 2 | AHASH s=1224000 c3b4bb76
PROF T t=51 ph=4 the hand frames=30 | clear=44792 sky=514146 floor=0 scene=4480636 flat=0 gouraud=0 chrome=753071 texture=3424984 furnace=0 embers=105506 bloom=0 veil=850 titles=22633 fade=225 | setup=302580 total=5168790
T t=52.1 bar=27 ph=4 the hand | render ms 17.31/17.37/17.45 | fps 29.8 | hold 2 miss 0 late 30 | gap ms 33.47 | under 0 fill 464 | copy 2453 cy/line 35.18 Mcy/s | synth 3003 cy/pump 43.07 Mcy/s 1794 cy/sample | tri 342 px 44621 part 94 ch 2 | AHASH s=1248000 05745f6b
PROF T t=52 ph=4 the hand frames=30 | clear=44866 sky=512877 floor=0 scene=4496443 flat=0 gouraud=0 chrome=753062 texture=3441744 furnace=0 embers=106381 bloom=0 veil=857 titles=22649 fade=206 | setup=301636 total=5184282
T t=53.1 bar=27 ph=4 the hand | render ms 17.41/17.46/17.56 | fps 29.8 | hold 2 miss 0 late 30 | gap ms 33.47 | under 0 fill 464 | copy 2453 cy/line 35.18 Mcy/s | synth 3007 cy/pump 43.12 Mcy/s 1796 cy/sample | tri 342 px 44886 part 94 ch 2 | AHASH s=1272000 a13b2140
PROF T t=53 ph=4 the hand frames=30 | clear=44860 sky=513812 floor=0 scene=4522989 flat=0 gouraud=0 chrome=756629 texture=3464016 furnace=0 embers=105999 bloom=0 veil=866 titles=22617 fade=212 | setup=302344 total=5211358
T t=54.1 bar=28 ph=4 the hand | render ms 17.47/17.54/17.65 | fps 29.8 | hold 2 miss 0 late 30 | gap ms 33.47 | under 0 fill 464 | copy 2453 cy/line 35.19 Mcy/s | synth 3006 cy/pump 43.10 Mcy/s 1796 cy/sample | tri 342 px 45324 part 95 ch 2 | AHASH s=1296000 78105b3c
PROF T t=54 ph=4 the hand frames=30 | clear=44811 sky=513210 floor=0 scene=4546882 flat=0 gouraud=0 chrome=759783 texture=3484388 furnace=0 embers=106847 bloom=0 veil=862 titles=22661 fade=221 | setup=302710 total=5235496
T t=55.1 bar=28 ph=4 the hand | render ms 17.57/17.66/17.75 | fps 29.8 | hold 2 miss 0 late 30 | gap ms 33.47 | under 0 fill 464 | copy 2454 cy/line 35.20 Mcy/s | synth 3006 cy/pump 43.11 Mcy/s 1796 cy/sample | tri 342 px 45651 part 95 ch 2 | AHASH s=1320000 afedece0
PROF T t=55 ph=4 the hand frames=30 | clear=44824 sky=513708 floor=0 scene=4580751 flat=0 gouraud=0 chrome=768107 texture=3510126 furnace=0 embers=105954 bloom=0 veil=843 titles=22611 fade=184 | setup=302517 total=5268878
T t=56.2 bar=29 ph=4 the hand | render ms 17.68/17.73/17.83 | fps 29.8 | hold 2 miss 0 late 30 | gap ms 33.47 | under 0 fill 464 | copy 2454 cy/line 35.20 Mcy/s | synth 3006 cy/pump 43.11 Mcy/s 1796 cy/sample | tri 342 px 46103 part 95 ch 2 | AHASH s=1344000 5b477c1e
PROF T t=56 ph=4 the hand frames=30 | clear=44773 sky=514797 floor=0 scene=4614415 flat=0 gouraud=0 chrome=775642 texture=3536079 furnace=0 embers=105974 bloom=0 veil=862 titles=11327 fade=201 | setup=302693 total=5292352
T t=57.2 bar=29 ph=4 the hand | render ms 17.72/17.79/17.87 | fps 29.8 | hold 2 miss 0 late 30 | gap ms 33.47 | under 0 fill 464 | copy 2454 cy/line 35.19 Mcy/s | synth 3008 cy/pump 43.13 Mcy/s 1797 cy/sample | tri 342 px 46541 part 95 ch 2 | AHASH s=1368000 812c4246
PROF T t=57 ph=4 the hand frames=30 | clear=44870 sky=514257 floor=0 scene=4642356 flat=0 gouraud=0 chrome=782367 texture=3558306 furnace=0 embers=106995 bloom=0 veil=861 titles=1398 fade=229 | setup=301683 total=5310970
T t=58.2 bar=30 ph=4 the hand | render ms 17.81/17.92/17.99 | fps 29.8 | hold 2 miss 0 late 30 | gap ms 33.47 | under 0 fill 464 | copy 2454 cy/line 35.20 Mcy/s | synth 3007 cy/pump 43.12 Mcy/s 1797 cy/sample | tri 342 px 46784 part 96 ch 2 | AHASH s=1392000 bd966cf3
PROF T t=58 ph=4 the hand frames=30 | clear=44841 sky=515125 floor=0 scene=4677812 flat=0 gouraud=0 chrome=787012 texture=3589088 furnace=0 embers=109019 bloom=0 veil=850 titles=1440 fade=229 | setup=301711 total=5349318
T t=59.2 bar=30 ph=4 the hand | render ms 17.87/17.94/18.05 | fps 29.8 | hold 2 miss 0 late 30 | gap ms 33.47 | under 0 fill 464 | copy 2454 cy/line 35.20 Mcy/s | synth 3008 cy/pump 43.13 Mcy/s 1797 cy/sample | tri 342 px 47149 part 96 ch 2 | AHASH s=1416000 6495f6fb
PROF T t=59 ph=4 the hand frames=30 | clear=44840 sky=514603 floor=0 scene=4683858 flat=0 gouraud=0 chrome=779553 texture=3601951 furnace=0 embers=109181 bloom=0 veil=846 titles=1381 fade=208 | setup=302352 total=5354919
T t=60.2 bar=31 ph=4 the hand | render ms 17.98/18.03/18.11 | fps 29.8 | hold 2 miss 0 late 30 | gap ms 33.47 | under 0 fill 464 | copy 2454 cy/line 35.20 Mcy/s | synth 3005 cy/pump 43.09 Mcy/s 1795 cy/sample | tri 342 px 47407 part 98 ch 2 | AHASH s=1440000 3f5f9a21
PROF T t=60 ph=4 the hand frames=30 | clear=44841 sky=512686 floor=0 scene=4711977 flat=0 gouraud=0 chrome=774539 texture=3635720 furnace=0 embers=108500 bloom=0 veil=858 titles=1372 fade=206 | setup=301717 total=5380443
T t=61.2 bar=31 ph=4 the hand | render ms 18.05/18.09/18.18 | fps 29.8 | hold 2 miss 0 late 30 | gap ms 33.47 | under 0 fill 464 | copy 2455 cy/line 35.20 Mcy/s | synth 3008 cy/pump 43.13 Mcy/s 1797 cy/sample | tri 342 px 47523 part 98 ch 2 | AHASH s=1464000 444d7d03
PROF T t=61 ph=4 the hand frames=30 | clear=44798 sky=513522 floor=0 scene=4730449 flat=0 gouraud=0 chrome=780414 texture=3648162 furnace=0 embers=108965 bloom=0 veil=866 titles=1412 fade=208 | setup=301871 total=5400222
PHRASE t=61.4 bar=32 ph=5 the hand | render ms 17.19/18.06/23.30 | fps 29.8 | hold 2 miss 0 late 459 | gap ms 33.47 | under 0 fill 464 | copy 2456 cy/line 35.22 Mcy/s | synth 3007 cy/pump 43.12 Mcy/s 1796 cy/sample | tri 342 px 47639 part 104 ch 2 | AHASH s=1464000 444d7d03
PROF PHRASE t=61 ph=5 the hand frames=459 | clear=44826 sky=514164 floor=0 scene=4569598 flat=0 gouraud=0 chrome=765370 texture=3542401 furnace=0 embers=106752 bloom=0 veil=142142 titles=12965 fade=213 | setup=261827 total=5390663
T t=62.2 bar=32 ph=5 the hand | render ms 18.08/18.18/18.27 | fps 29.8 | hold 2 miss 0 late 30 | gap ms 33.47 | under 0 fill 464 | copy 2454 cy/line 35.20 Mcy/s | synth 3005 cy/pump 43.10 Mcy/s 1795 cy/sample | tri 342 px 47766 part 104 ch 2 | AHASH s=1488000 941943d6
PROF T t=62 ph=5 the hand frames=30 | clear=44984 sky=514902 floor=0 scene=4748878 flat=0 gouraud=0 chrome=778321 texture=3668320 furnace=0 embers=114570 bloom=0 veil=862 titles=1411 fade=225 | setup=302236 total=5425834
T t=63.2 bar=32 ph=5 the hand | render ms 18.18/18.27/18.35 | fps 29.8 | hold 2 miss 0 late 30 | gap ms 33.47 | under 0 fill 464 | copy 2455 cy/line 35.20 Mcy/s | synth 3006 cy/pump 43.10 Mcy/s 1796 cy/sample | tri 342 px 48244 part 104 ch 2 | AHASH s=1512000 8a2532e6
PROF T t=63 ph=5 the hand frames=30 | clear=44866 sky=514849 floor=0 scene=4777751 flat=0 gouraud=0 chrome=786901 texture=3688021 furnace=0 embers=114380 bloom=0 veil=878 titles=1418 fade=215 | setup=302829 total=5454359
T t=64.2 bar=33 ph=5 the hand | render ms 18.32/18.36/18.46 | fps 29.8 | hold 2 miss 0 late 30 | gap ms 33.47 | under 0 fill 464 | copy 2454 cy/line 35.20 Mcy/s | synth 3008 cy/pump 43.14 Mcy/s 1797 cy/sample | tri 342 px 48435 part 104 ch 2 | AHASH s=1536000 106f9ee9
PROF T t=64 ph=5 the hand frames=30 | clear=44816 sky=516104 floor=0 scene=4804178 flat=0 gouraud=0 chrome=794727 texture=3705808 furnace=0 embers=113692 bloom=0 veil=858 titles=1410 fade=211 | setup=303641 total=5481272
T t=65.2 bar=33 ph=5 the hand | render ms 18.32/18.40/18.50 | fps 29.8 | hold 2 miss 0 late 30 | gap ms 33.47 | under 0 fill 464 | copy 2454 cy/line 35.19 Mcy/s | synth 3008 cy/pump 43.14 Mcy/s 1797 cy/sample | tri 340 px 48546 part 104 ch 2 | AHASH s=1560000 6056688e
PROF T t=65 ph=5 the hand frames=30 | clear=44820 sky=515657 floor=0 scene=4814726 flat=0 gouraud=0 chrome=783788 texture=3728127 furnace=0 embers=113824 bloom=0 veil=874 titles=1422 fade=220 | setup=302810 total=5491545
T t=66.2 bar=34 ph=5 the hand | render ms 18.41/18.46/18.56 | fps 29.8 | hold 2 miss 0 late 30 | gap ms 33.47 | under 0 fill 464 | copy 2454 cy/line 35.19 Mcy/s | synth 3007 cy/pump 43.13 Mcy/s 1797 cy/sample | tri 340 px 48815 part 104 ch 2 | AHASH s=1584000 ff52ffe2
PROF T t=66 ph=5 the hand frames=30 | clear=44832 sky=512783 floor=0 scene=4835757 flat=0 gouraud=0 chrome=783254 texture=3749408 furnace=0 embers=115177 bloom=0 veil=846 titles=1394 fade=206 | setup=303094 total=5510997
T t=67.2 bar=35 ph=5 the hand | render ms 18.51/18.54/18.63 | fps 29.8 | hold 2 miss 0 late 30 | gap ms 33.47 | under 0 fill 464 | copy 2454 cy/line 35.19 Mcy/s | synth 3008 cy/pump 43.14 Mcy/s 1797 cy/sample | tri 340 px 48966 part 104 ch 2 | AHASH s=1608000 83f990b5
PROF T t=67 ph=5 the hand frames=30 | clear=44862 sky=513497 floor=0 scene=4859120 flat=0 gouraud=0 chrome=785428 texture=3770892 furnace=0 embers=115072 bloom=0 veil=854 titles=1397 fade=219 | setup=302799 total=5535024
T t=68.2 bar=35 ph=5 the hand | render ms 18.51/18.62/18.69 | fps 29.8 | hold 2 miss 0 late 30 | gap ms 33.47 | under 0 fill 464 | copy 2454 cy/line 35.20 Mcy/s | synth 3007 cy/pump 43.12 Mcy/s 1796 cy/sample | tri 340 px 49625 part 104 ch 2 | AHASH s=1632000 1317fced
PROF T t=68 ph=5 the hand frames=30 | clear=44773 sky=513941 floor=0 scene=4882063 flat=0 gouraud=0 chrome=784549 texture=3794762 furnace=0 embers=115250 bloom=0 veil=842 titles=1384 fade=230 | setup=302750 total=5558486
T t=69.2 bar=36 ph=5 the hand | render ms 18.65/18.72/18.83 | fps 29.8 | hold 2 miss 0 late 30 | gap ms 33.47 | under 0 fill 464 | copy 2454 cy/line 35.20 Mcy/s | synth 3007 cy/pump 43.13 Mcy/s 1797 cy/sample | tri 340 px 50158 part 105 ch 2 | AHASH s=1656000 3cb02279
PROF T t=69 ph=5 the hand frames=30 | clear=44822 sky=513783 floor=0 scene=4911333 flat=0 gouraud=0 chrome=783014 texture=3826207 furnace=0 embers=115281 bloom=0 veil=875 titles=1427 fade=219 | setup=302111 total=5587743
T t=70.2 bar=36 ph=5 the hand | render ms 18.79/18.85/18.98 | fps 29.8 | hold 2 miss 0 late 30 | gap ms 33.47 | under 0 fill 464 | copy 2454 cy/line 35.20 Mcy/s | synth 3010 cy/pump 43.16 Mcy/s 1798 cy/sample | tri 340 px 50530 part 105 ch 2 | AHASH s=1680000 80101a1c
PROF T t=70 ph=5 the hand frames=30 | clear=44902 sky=512676 floor=0 scene=4948586 flat=0 gouraud=0 chrome=784037 texture=3861778 furnace=0 embers=117397 bloom=0 veil=868 titles=1440 fade=219 | setup=302769 total=5626090
T t=71.2 bar=37 ph=5 the hand | render ms 18.87/18.93/19.05 | fps 29.8 | hold 2 miss 0 late 30 | gap ms 33.47 | under 0 fill 464 | copy 2455 cy/line 35.20 Mcy/s | synth 3008 cy/pump 43.13 Mcy/s 1797 cy/sample | tri 340 px 50779 part 105 ch 2 | AHASH s=1704000 3b94f7bc
PROF T t=71 ph=5 the hand frames=30 | clear=44839 sky=514285 floor=0 scene=4973276 flat=0 gouraud=0 chrome=787182 texture=3883639 furnace=0 embers=116652 bloom=0 veil=830 titles=1415 fade=201 | setup=302453 total=5651501
T t=72.2 bar=37 ph=5 the hand | render ms 18.95/19.07/19.12 | fps 29.8 | hold 2 miss 0 late 30 | gap ms 33.47 | under 0 fill 464 | copy 2456 cy/line 35.22 Mcy/s | synth 3009 cy/pump 43.15 Mcy/s 1797 cy/sample | tri 340 px 51050 part 105 ch 2 | AHASH s=1728000 4db2e8f2
PROF T t=72 ph=5 the hand frames=30 | clear=44904 sky=515422 floor=0 scene=5013617 flat=0 gouraud=0 chrome=800947 texture=3910586 furnace=0 embers=116506 bloom=0 veil=858 titles=1408 fade=226 | setup=302083 total=5692943
T t=73.2 bar=38 ph=5 the hand | render ms 19.05/19.10/19.20 | fps 29.8 | hold 2 miss 0 late 30 | gap ms 33.47 | under 0 fill 464 | copy 2455 cy/line 35.21 Mcy/s | synth 3009 cy/pump 43.16 Mcy/s 1798 cy/sample | tri 340 px 51170 part 106 ch 2 | AHASH s=1752000 d6d05b06
PROF T t=73 ph=5 the hand frames=30 | clear=44864 sky=515994 floor=0 scene=5022072 flat=0 gouraud=0 chrome=797664 texture=3922142 furnace=0 embers=117471 bloom=0 veil=842 titles=1405 fade=204 | setup=302264 total=5702853
T t=74.2 bar=38 ph=5 the hand | render ms 19.04/19.10/19.22 | fps 29.8 | hold 2 miss 0 late 30 | gap ms 33.47 | under 0 fill 464 | copy 2455 cy/line 35.21 Mcy/s | synth 3009 cy/pump 43.15 Mcy/s 1798 cy/sample | tri 340 px 51184 part 106 ch 2 | AHASH s=1776000 22959014
PROF T t=74 ph=5 the hand frames=30 | clear=44727 sky=515783 floor=0 scene=5018275 flat=0 gouraud=0 chrome=793904 texture=3921071 furnace=0 embers=120132 bloom=0 veil=881 titles=1407 fade=220 | setup=303299 total=5701427
T t=75.2 bar=39 ph=5 the hand | render ms 19.04/19.10/19.17 | fps 29.8 | hold 2 miss 0 late 30 | gap ms 33.47 | under 0 fill 464 | copy 2456 cy/line 35.22 Mcy/s | synth 3010 cy/pump 43.16 Mcy/s 1798 cy/sample | tri 340 px 51230 part 107 ch 2 | AHASH s=1800000 1f021550
PROF T t=75 ph=5 the hand frames=30 | clear=44866 sky=515311 floor=0 scene=5018618 flat=0 gouraud=0 chrome=792843 texture=3922218 furnace=0 embers=120948 bloom=0 veil=854 titles=1380 fade=223 | setup=303556 total=5702202
T t=76.2 bar=39 ph=5 the hand | render ms 21.72/23.52/24.67 | fps 29.8 | hold 2 miss 0 late 30 | gap ms 33.47 | under 0 fill 464 | copy 2480 cy/line 35.57 Mcy/s | synth 3012 cy/pump 43.20 Mcy/s 1800 cy/sample | tri 344 px 57593 part 107 ch 2 | AHASH s=1824000 f424dace
PROF T t=76 ph=5 the hand frames=30 | clear=44863 sky=513056 floor=0 scene=5016073 flat=0 gouraud=0 chrome=787438 texture=4236647 furnace=0 embers=119381 bloom=0 veil=1334803 titles=1369 fade=212 | setup=0 total=7029760
PHRASE t=76.8 bar=40 ph=6 the heart | render ms 18.14/19.22/25.19 | fps 29.8 | hold 2 miss 0 late 459 | gap ms 33.47 | under 0 fill 464 | copy 2457 cy/line 35.24 Mcy/s | synth 3008 cy/pump 43.14 Mcy/s 1797 cy/sample | tri 146 px 39852 part 108 ch 3 | AHASH s=1824000 f424dace
PROF PHRASE t=76 ph=6 the heart frames=459 | clear=44842 sky=514615 floor=0 scene=4911639 flat=156 gouraud=0 chrome=788018 texture=3864477 furnace=0 embers=116463 bloom=71 veil=150090 titles=1404 fade=216 | setup=258986 total=5739343
T t=77.2 bar=40 ph=6 the heart | render ms 18.08/21.67/25.19 | fps 29.8 | hold 2 miss 0 late 30 | gap ms 33.47 | under 0 fill 464 | copy 2472 cy/line 35.45 Mcy/s | synth 3011 cy/pump 43.18 Mcy/s 1799 cy/sample | tri 146 px 37906 part 108 ch 3 | AHASH s=1848000 1f7fa627
PROF T t=77 ph=6 the heart frames=30 | clear=44978 sky=519990 floor=0 scene=3994884 flat=36075 gouraud=0 chrome=660104 texture=3684492 furnace=0 embers=117160 bloom=16129 veil=1778358 titles=1335 fade=214 | setup=0 total=6473051
T t=78.3 bar=40 ph=6 the heart | render ms 12.47/16.52/18.09 | fps 40.8 | hold 2 miss 0 late 19 | gap ms 33.47 | under 0 fill 464 | copy 2476 cy/line 35.51 Mcy/s | synth 3018 cy/pump 43.28 Mcy/s 1803 cy/sample | tri 144 px 31219 part 108 ch 3 | AHASH s=1872000 e386ffeb
PROF T t=78 ph=6 the heart frames=41 | clear=44830 sky=520820 floor=0 scene=2974079 flat=72112 gouraud=0 chrome=528861 texture=2371831 furnace=0 embers=116051 bloom=31214 veil=1228759 titles=11915 fade=205 | setup=1273 total=4927876
T t=79.3 bar=41 ph=6 the heart | render ms 12.46/12.49/12.62 | fps 59.7 | hold 1 miss 0 late 0 | gap ms 16.73 | under 0 fill 464 | copy 2469 cy/line 35.40 Mcy/s | synth 3042 cy/pump 43.62 Mcy/s 1817 cy/sample | tri 142 px 31228 part 108 ch 3 | AHASH s=1896000 7ee13529
PROF T t=79 ph=6 the heart frames=60 | clear=44864 sky=520187 floor=0 scene=2977053 flat=72054 gouraud=0 chrome=531892 texture=2111280 furnace=0 embers=116817 bloom=30970 veil=859 titles=28499 fade=211 | setup=261826 total=3719465
T t=80.3 bar=41 ph=6 the heart | render ms 12.47/12.51/12.61 | fps 59.7 | hold 1 miss 0 late 0 | gap ms 16.73 | under 0 fill 464 | copy 2469 cy/line 35.41 Mcy/s | synth 3042 cy/pump 43.62 Mcy/s 1817 cy/sample | tri 144 px 31281 part 108 ch 3 | AHASH s=1920000 1cc1e0a1
PROF T t=80 ph=6 the heart frames=60 | clear=44770 sky=520028 floor=0 scene=2983022 flat=72112 gouraud=0 chrome=536637 texture=2112191 furnace=0 embers=117946 bloom=31038 veil=854 titles=28510 fade=215 | setup=262080 total=3726388
T t=81.3 bar=42 ph=6 the heart | render ms 12.50/12.53/12.64 | fps 59.7 | hold 1 miss 0 late 0 | gap ms 16.73 | under 0 fill 464 | copy 2469 cy/line 35.41 Mcy/s | synth 3040 cy/pump 43.59 Mcy/s 1816 cy/sample | tri 146 px 31323 part 108 ch 3 | AHASH s=1944000 1ffa4469
PROF T t=81 ph=6 the heart frames=60 | clear=44803 sky=520024 floor=0 scene=2988157 flat=71998 gouraud=0 chrome=543185 texture=2111658 furnace=0 embers=118989 bloom=31080 veil=852 titles=28435 fade=208 | setup=261315 total=3732552
T t=82.3 bar=42 ph=6 the heart | render ms 12.55/12.58/12.70 | fps 59.7 | hold 1 miss 0 late 0 | gap ms 16.73 | under 0 fill 464 | copy 2469 cy/line 35.41 Mcy/s | synth 3042 cy/pump 43.63 Mcy/s 1818 cy/sample | tri 146 px 31420 part 108 ch 3 | AHASH s=1968000 a182c235
PROF T t=82 ph=6 the heart frames=60 | clear=44829 sky=520172 floor=0 scene=2999661 flat=71466 gouraud=0 chrome=552784 texture=2113342 furnace=0 embers=120663 bloom=30893 veil=865 titles=28444 fade=214 | setup=262068 total=3745746
T t=83.3 bar=43 ph=6 the heart | render ms 12.57/12.59/12.73 | fps 59.7 | hold 1 miss 0 late 0 | gap ms 16.73 | under 0 fill 464 | copy 2470 cy/line 35.42 Mcy/s | synth 3041 cy/pump 43.62 Mcy/s 1817 cy/sample | tri 146 px 31423 part 108 ch 3 | AHASH s=1992000 5027bfaf
PROF T t=83 ph=6 the heart frames=60 | clear=44761 sky=520535 floor=0 scene=3004422 flat=70458 gouraud=0 chrome=558728 texture=2112874 furnace=0 embers=121231 bloom=30465 veil=852 titles=28527 fade=213 | setup=262360 total=3751010
T t=84.3 bar=43 ph=6 the heart | render ms 12.55/12.60/12.71 | fps 59.7 | hold 1 miss 0 late 0 | gap ms 16.73 | under 0 fill 464 | copy 2470 cy/line 35.42 Mcy/s | synth 3043 cy/pump 43.64 Mcy/s 1818 cy/sample | tri 146 px 31647 part 108 ch 3 | AHASH s=2016000 7a85e49a
PROF T t=84 ph=6 the heart frames=60 | clear=44790 sky=520679 floor=0 scene=3011528 flat=70374 gouraud=0 chrome=560747 texture=2117510 furnace=0 embers=118322 bloom=27922 veil=830 titles=28532 fade=203 | setup=262895 total=3752809
T t=85.3 bar=44 ph=6 the heart | render ms 12.61/12.65/12.76 | fps 59.7 | hold 1 miss 0 late 0 | gap ms 16.73 | under 0 fill 464 | copy 2471 cy/line 35.43 Mcy/s | synth 3047 cy/pump 43.70 Mcy/s 1821 cy/sample | tri 146 px 31907 part 109 ch 3 | AHASH s=2040000 ff39b825
PROF T t=85 ph=6 the heart frames=60 | clear=44821 sky=520500 floor=0 scene=3024336 flat=71936 gouraud=0 chrome=560761 texture=2129063 furnace=0 embers=118371 bloom=29589 veil=854 titles=28479 fade=216 | setup=262576 total=3767169
T t=86.3 bar=44 ph=6 the heart | render ms 12.69/12.71/12.82 | fps 59.7 | hold 1 miss 0 late 0 | gap ms 16.73 | under 0 fill 464 | copy 2468 cy/line 35.40 Mcy/s | synth 3046 cy/pump 43.68 Mcy/s 1820 cy/sample | tri 148 px 31886 part 109 ch 3 | AHASH s=2064000 d6b81d94
PROF T t=86 ph=6 the heart frames=60 | clear=44816 sky=520495 floor=0 scene=3039307 flat=74554 gouraud=0 chrome=561626 texture=2140405 furnace=0 embers=120347 bloom=31023 veil=857 titles=28501 fade=211 | setup=262720 total=3785560
T t=87.3 bar=45 ph=6 the heart | render ms 12.56/12.60/12.83 | fps 59.7 | hold 1 miss 0 late 0 | gap ms 16.73 | under 0 fill 464 | copy 2470 cy/line 35.42 Mcy/s | synth 3042 cy/pump 43.63 Mcy/s 1818 cy/sample | tri 148 px 31813 part 109 ch 3 | AHASH s=2088000 12be213a
PROF T t=87 ph=6 the heart frames=60 | clear=44821 sky=519303 floor=0 scene=3032000 flat=77086 gouraud=0 chrome=554228 texture=2138079 furnace=0 embers=121348 bloom=31614 veil=863 titles=2757 fade=218 | setup=262605 total=3752927
T t=88.3 bar=46 ph=6 the heart | render ms 12.52/12.56/12.71 | fps 59.7 | hold 1 miss 0 late 0 | gap ms 16.73 | under 0 fill 464 | copy 2469 cy/line 35.41 Mcy/s | synth 3045 cy/pump 43.66 Mcy/s 1819 cy/sample | tri 142 px 31826 part 110 ch 3 | AHASH s=2112000 97f87b86
PROF T t=88 ph=6 the heart frames=60 | clear=44825 sky=518370 floor=0 scene=3023143 flat=78083 gouraud=0 chrome=544438 texture=2138583 furnace=0 embers=120430 bloom=32201 veil=858 titles=1421 fade=202 | setup=262038 total=3741453
T t=89.3 bar=46 ph=6 the heart | render ms 12.49/12.55/12.68 | fps 59.7 | hold 1 miss 0 late 0 | gap ms 16.73 | under 0 fill 464 | copy 2470 cy/line 35.42 Mcy/s | synth 3047 cy/pump 43.70 Mcy/s 1820 cy/sample | tri 142 px 31764 part 110 ch 3 | AHASH s=2136000 8830535a
PROF T t=89 ph=6 the heart frames=60 | clear=44857 sky=518255 floor=0 scene=3017564 flat=76940 gouraud=0 chrome=539193 texture=2139211 furnace=0 embers=123321 bloom=31635 veil=844 titles=1404 fade=210 | setup=262218 total=3738096
T t=90.3 bar=47 ph=6 the heart | render ms 12.49/12.55/12.67 | fps 59.7 | hold 1 miss 0 late 0 | gap ms 16.73 | under 0 fill 464 | copy 2470 cy/line 35.42 Mcy/s | synth 3045 cy/pump 43.66 Mcy/s 1819 cy/sample | tri 142 px 32194 part 110 ch 3 | AHASH s=2160000 fc2b037f
PROF T t=90 ph=6 the heart frames=60 | clear=44844 sky=518436 floor=0 scene=3020573 flat=73797 gouraud=0 chrome=536484 texture=2147969 furnace=0 embers=122122 bloom=28188 veil=860 titles=1375 fade=206 | setup=262321 total=3736608
T t=91.3 bar=47 ph=6 the heart | render ms 12.51/12.58/12.71 | fps 59.7 | hold 1 miss 0 late 0 | gap ms 16.73 | under 0 fill 464 | copy 2470 cy/line 35.42 Mcy/s | synth 3045 cy/pump 43.66 Mcy/s 1819 cy/sample | tri 140 px 31981 part 110 ch 3 | AHASH s=2184000 1bc4b39c
PROF T t=91 ph=6 the heart frames=60 | clear=44829 sky=518618 floor=0 scene=3031815 flat=72030 gouraud=0 chrome=533874 texture=2163470 furnace=0 embers=120057 bloom=29793 veil=864 titles=1396 fade=208 | setup=262439 total=3747584
PHRASE t=92.1 bar=48 ph=7 the heart | render ms 12.46/12.85/18.58 | fps 57.5 | hold 2 miss 0 late 33 | gap ms 33.47 | under 0 fill 464 | copy 2470 cy/line 35.42 Mcy/s | synth 3041 cy/pump 43.61 Mcy/s 1817 cy/sample | tri 144 px 31991 part 111 ch 3 | AHASH s=2208000 5dfce50c
PROF PHRASE t=92 ph=7 the heart frames=883 | clear=44826 sky=519710 floor=0 scene=3009626 flat=73257 gouraud=0 chrome=545210 texture=2151583 furnace=0 embers=119859 bloom=30620 veil=86008 titles=16705 fade=210 | setup=239575 total=3827568
T t=92.3 bar=48 ph=7 the heart | render ms 12.51/12.55/12.69 | fps 59.7 | hold 1 miss 0 late 0 | gap ms 16.73 | under 0 fill 464 | copy 2470 cy/line 35.43 Mcy/s | synth 3047 cy/pump 43.69 Mcy/s 1820 cy/sample | tri 142 px 31961 part 111 ch 3 | AHASH s=2208000 5dfce50c
PROF T t=92 ph=7 the heart frames=60 | clear=44944 sky=518785 floor=0 scene=3017164 flat=73891 gouraud=0 chrome=530944 texture=2150599 furnace=0 embers=121899 bloom=31796 veil=852 titles=1391 fade=210 | setup=261728 total=3737044
T t=93.3 bar=48 ph=7 the heart | render ms 12.54/12.58/12.70 | fps 59.7 | hold 1 miss 0 late 0 | gap ms 16.73 | under 0 fill 464 | copy 2471 cy/line 35.43 Mcy/s | synth 3045 cy/pump 43.67 Mcy/s 1819 cy/sample | tri 142 px 31995 part 111 ch 3 | AHASH s=2232000 15641653
PROF T t=93 ph=7 the heart frames=60 | clear=44789 sky=518262 floor=0 scene=3025122 flat=73005 gouraud=0 chrome=537470 texture=2152634 furnace=0 embers=124896 bloom=31267 veil=833 titles=1399 fade=212 | setup=262012 total=3746782
T t=94.3 bar=49 ph=7 the heart | render ms 12.55/12.59/12.70 | fps 59.7 | hold 1 miss 0 late 0 | gap ms 16.73 | under 0 fill 464 | copy 2470 cy/line 35.43 Mcy/s | synth 3045 cy/pump 43.67 Mcy/s 1819 cy/sample | tri 142 px 32053 part 111 ch 3 | AHASH s=2256000 6c2c8fe6
PROF T t=94 ph=7 the heart frames=60 | clear=44851 sky=518418 floor=0 scene=3029866 flat=72097 gouraud=0 chrome=543375 texture=2152055 furnace=0 embers=124883 bloom=28311 veil=861 titles=1399 fade=210 | setup=262339 total=3748802
T t=95.3 bar=49 ph=7 the heart | render ms 12.59/12.68/12.75 | fps 59.7 | hold 1 miss 0 late 0 | gap ms 16.73 | under 0 fill 464 | copy 2470 cy/line 35.43 Mcy/s | synth 3042 cy/pump 43.62 Mcy/s 1817 cy/sample | tri 144 px 32599 part 111 ch 3 | AHASH s=2280000 77459282
PROF T t=95 ph=7 the heart frames=60 | clear=44886 sky=519418 floor=0 scene=3057866 flat=75405 gouraud=0 chrome=550832 texture=2168967 furnace=0 embers=123019 bloom=29868 veil=856 titles=1396 fade=209 | setup=262660 total=3777522
T t=96.3 bar=50 ph=7 the heart | render ms 12.72/12.75/12.86 | fps 59.7 | hold 1 miss 0 late 0 | gap ms 16.73 | under 0 fill 464 | copy 2470 cy/line 35.43 Mcy/s | synth 3043 cy/pump 43.64 Mcy/s 1818 cy/sample | tri 142 px 32613 part 111 ch 3 | AHASH s=2304000 57ad9b3d
PROF T t=96 ph=7 the heart frames=60 | clear=44870 sky=519603 floor=0 scene=3074679 flat=78347 gouraud=0 chrome=556109 texture=2177482 furnace=0 embers=124001 bloom=32192 veil=846 titles=1373 fade=219 | setup=262740 total=3797787
T t=97.3 bar=50 ph=7 the heart | render ms 12.75/12.79/12.90 | fps 59.7 | hold 1 miss 0 late 0 | gap ms 16.73 | under 0 fill 464 | copy 2471 cy/line 35.43 Mcy/s | synth 3043 cy/pump 43.63 Mcy/s 1818 cy/sample | tri 148 px 32714 part 111 ch 3 | AHASH s=2328000 46324a32
PROF T t=97 ph=7 the heart frames=60 | clear=44845 sky=519941 floor=0 scene=3088549 flat=79148 gouraud=0 chrome=567660 texture=2178898 furnace=0 embers=122677 bloom=32172 veil=844 titles=1401 fade=200 | setup=262842 total=3810632
T t=98.3 bar=51 ph=7 the heart | render ms 12.77/12.81/12.97 | fps 59.7 | hold 1 miss 0 late 0 | gap ms 16.73 | under 0 fill 464 | copy 2471 cy/line 35.44 Mcy/s | synth 3044 cy/pump 43.65 Mcy/s 1818 cy/sample | tri 148 px 32726 part 111 ch 3 | AHASH s=2352000 f1166fe6
PROF T t=98 ph=7 the heart frames=60 | clear=44836 sky=519591 floor=0 scene=3097231 flat=78397 gouraud=0 chrome=574344 texture=2181343 furnace=0 embers=120739 bloom=31755 veil=868 titles=1381 fade=225 | setup=263145 total=3816631
T t=99.3 bar=51 ph=7 the heart | render ms 12.78/12.81/12.94 | fps 59.7 | hold 1 miss 0 late 0 | gap ms 16.73 | under 0 fill 464 | copy 2471 cy/line 35.44 Mcy/s | synth 3047 cy/pump 43.69 Mcy/s 1820 cy/sample | tri 148 px 32746 part 111 ch 3 | AHASH s=2376000 3f3f2310
PROF T t=99 ph=7 the heart frames=60 | clear=44833 sky=519468 floor=0 scene=3098376 flat=75929 gouraud=0 chrome=577752 texture=2180777 furnace=0 embers=121068 bloom=30870 veil=862 titles=1383 fade=209 | setup=263917 total=3817072
T t=100.4 bar=52 ph=7 the heart | render ms 12.80/12.87/12.95 | fps 59.7 | hold 1 miss 0 late 0 | gap ms 16.73 | under 0 fill 464 | copy 2472 cy/line 35.45 Mcy/s | synth 3046 cy/pump 43.68 Mcy/s 1820 cy/sample | tri 146 px 33246 part 111 ch 3 | AHASH s=2400000 ae191035
PROF T t=100 ph=7 the heart frames=60 | clear=44798 sky=519546 floor=0 scene=3117059 flat=73846 gouraud=0 chrome=583479 texture=2195581 furnace=0 embers=122161 bloom=29106 veil=843 titles=1395 fade=196 | setup=264151 total=3835107
T t=101.4 bar=52 ph=7 the heart | render ms 12.88/12.93/13.03 | fps 59.7 | hold 1 miss 0 late 0 | gap ms 16.73 | under 0 fill 464 | copy 2474 cy/line 35.47 Mcy/s | synth 3046 cy/pump 43.68 Mcy/s 1820 cy/sample | tri 146 px 33243 part 111 ch 3 | AHASH s=2424000 c9629b28
PROF T t=101 ph=7 the heart frames=60 | clear=44845 sky=519334 floor=0 scene=3131490 flat=72341 gouraud=0 chrome=584495 texture=2211140 furnace=0 embers=122703 bloom=30333 veil=862 titles=1413 fade=201 | setup=263512 total=3851185
T t=102.4 bar=53 ph=7 the heart | render ms 12.90/12.93/13.05 | fps 59.7 | hold 1 miss 0 late 0 | gap ms 16.73 | under 0 fill 464 | copy 2474 cy/line 35.47 Mcy/s | synth 3042 cy/pump 43.63 Mcy/s 1818 cy/sample | tri 146 px 33233 part 111 ch 3 | AHASH s=2448000 0c461bf6
PROF T t=102 ph=7 the heart frames=60 | clear=44849 sky=519571 floor=0 scene=3129947 flat=73182 gouraud=0 chrome=581288 texture=2212285 furnace=0 embers=123441 bloom=30750 veil=842 titles=1381 fade=217 | setup=263190 total=3851000
T t=103.4 bar=53 ph=7 the heart | render ms 12.88/12.92/13.06 | fps 59.7 | hold 1 miss 0 late 0 | gap ms 16.73 | under 0 fill 464 | copy 2473 cy/line 35.47 Mcy/s | synth 3043 cy/pump 43.64 Mcy/s 1818 cy/sample | tri 142 px 33269 part 111 ch 3 | AHASH s=2472000 417189a2
PROF T t=103 ph=7 the heart frames=60 | clear=44810 sky=519068 floor=0 scene=3128034 flat=74422 gouraud=0 chrome=575336 texture=2215228 furnace=0 embers=124101 bloom=31283 veil=864 titles=1381 fade=211 | setup=263046 total=3849756
T t=104.4 bar=54 ph=7 the heart | render ms 12.86/12.89/13.02 | fps 59.7 | hold 1 miss 0 late 0 | gap ms 16.73 | under 0 fill 464 | copy 2472 cy/line 35.45 Mcy/s | synth 3044 cy/pump 43.65 Mcy/s 1818 cy/sample | tri 144 px 33262 part 112 ch 3 | AHASH s=2496000 601664cb
PROF T t=104 ph=7 the heart frames=60 | clear=44819 sky=518601 floor=0 scene=3120222 flat=74547 gouraud=0 chrome=565588 texture=2216910 furnace=0 embers=123991 bloom=31212 veil=860 titles=1375 fade=208 | setup=263176 total=3841292
T t=105.4 bar=54 ph=7 the heart | render ms 12.84/12.87/13.05 | fps 59.7 | hold 1 miss 0 late 0 | gap ms 16.73 | under 0 fill 464 | copy 2472 cy/line 35.45 Mcy/s | synth 3044 cy/pump 43.65 Mcy/s 1819 cy/sample | tri 142 px 33247 part 112 ch 3 | AHASH s=2520000 cf98d3ed
PROF T t=105 ph=7 the heart frames=60 | clear=44820 sky=518866 floor=0 scene=3117025 flat=74500 gouraud=0 chrome=562638 texture=2217085 furnace=0 embers=119967 bloom=31320 veil=850 titles=1369 fade=214 | setup=262801 total=3834435
T t=106.4 bar=55 ph=7 the heart | render ms 12.83/14.11/17.28 | fps 54.7 | hold 2 miss 0 late 5 | gap ms 33.47 | under 0 fill 464 | copy 2478 cy/line 35.53 Mcy/s | synth 3035 cy/pump 43.53 Mcy/s 1813 cy/sample | tri 148 px 34655 part 113 ch 3 | AHASH s=2544000 e435c086
PROF T t=106 ph=7 the heart frames=55 | clear=44857 sky=519049 floor=0 scene=3112869 flat=74317 gouraud=0 chrome=558275 texture=2267266 furnace=0 embers=119098 bloom=30700 veil=377958 titles=1385 fade=212 | setup=213008 total=4206129
T t=107.4 bar=55 ph=7 the heart | render ms 17.44/18.24/18.92 | fps 29.8 | hold 2 miss 0 late 30 | gap ms 33.47 | under 0 fill 464 | copy 2459 cy/line 35.27 Mcy/s | synth 3004 cy/pump 43.08 Mcy/s 1795 cy/sample | tri 148 px 41808 part 113 ch 3 | AHASH s=2568000 7e8bfa36
PROF T t=107 ph=7 the heart frames=30 | clear=44850 sky=521186 floor=0 scene=3102793 flat=74328 gouraud=0 chrome=550298 texture=2741363 furnace=0 embers=119371 bloom=32094 veil=1624449 titles=1398 fade=213 | setup=0 total=5446357
PHRASE t=107.5 bar=56 ph=8 the eye | render ms 12.53/13.10/19.99 | fps 57.2 | hold 2 miss 0 late 39 | gap ms 33.47 | under 0 fill 464 | copy 2471 cy/line 35.44 Mcy/s | synth 3041 cy/pump 43.61 Mcy/s 1817 cy/sample | tri 186 px 50466 part 78 ch 4 | AHASH s=2568000 7e8bfa36
PROF PHRASE t=107 ph=8 the eye frames=881 | clear=44847 sky=519352 floor=0 scene=3094440 flat=74843 gouraud=0 chrome=564375 texture=2216401 furnace=0 embers=122501 bloom=30829 veil=87984 titles=1388 fade=210 | setup=238819 total=3901555
T t=108.4 bar=56 ph=8 the eye | render ms 18.64/19.39/20.05 | fps 29.8 | hold 2 miss 0 late 30 | gap ms 33.47 | under 0 fill 464 | copy 2465 cy/line 35.35 Mcy/s | synth 2878 cy/pump 41.27 Mcy/s 1719 cy/sample | tri 186 px 44706 part 78 ch 4 | AHASH s=2592000 66b373d5
PROF T t=108 ph=8 the eye frames=30 | clear=44947 sky=536929 floor=0 scene=3416404 flat=7381 gouraud=0 chrome=369272 texture=3294159 furnace=0 embers=89353 bloom=3216 veil=1697717 titles=1309 fade=200 | setup=0 total=5790078
T t=109.4 bar=56 ph=8 the eye | render ms 13.89/15.51/18.80 | fps 44.8 | hold 2 miss 0 late 15 | gap ms 33.47 | under 0 fill 464 | copy 2484 cy/line 35.63 Mcy/s | synth 2697 cy/pump 38.67 Mcy/s 1611 cy/sample | tri 182 px 41826 part 78 ch 4 | AHASH s=2616000 c82a5663
PROF T t=109 ph=8 the eye frames=45 | clear=44741 sky=536371 floor=0 scene=3453348 flat=0 gouraud=0 chrome=349420 texture=2842247 furnace=0 embers=85658 bloom=0 veil=485679 titles=19195 fade=206 | setup=261680 total=4625199
T t=110.4 bar=57 ph=8 the eye | render ms 13.86/13.90/14.04 | fps 59.7 | hold 1 miss 0 late 0 | gap ms 16.73 | under 0 fill 464 | copy 2489 cy/line 35.69 Mcy/s | synth 2711 cy/pump 38.89 Mcy/s 1620 cy/sample | tri 182 px 41826 part 78 ch 4 | AHASH s=2640000 9f6ffe38
PROF T t=110 ph=8 the eye frames=60 | clear=44726 sky=535585 floor=0 scene=3451631 flat=0 gouraud=0 chrome=349349 texture=2758679 furnace=0 embers=85731 bloom=0 veil=858 titles=24397 fade=216 | setup=343603 total=4143146
T t=111.4 bar=58 ph=8 the eye | render ms 13.87/13.90/14.07 | fps 59.7 | hold 1 miss 0 late 0 | gap ms 16.73 | under 0 fill 464 | copy 2489 cy/line 35.69 Mcy/s | synth 2711 cy/pump 38.88 Mcy/s 1620 cy/sample | tri 182 px 41826 part 78 ch 4 | AHASH s=2664000 670e852b
PROF T t=111 ph=8 the eye frames=60 | clear=44772 sky=535982 floor=0 scene=3452723 flat=0 gouraud=0 chrome=349376 texture=2758990 furnace=0 embers=85128 bloom=0 veil=861 titles=24316 fade=221 | setup=344356 total=4144007
T t=112.4 bar=58 ph=8 the eye | render ms 13.88/13.91/14.07 | fps 59.7 | hold 1 miss 0 late 0 | gap ms 16.73 | under 0 fill 464 | copy 2489 cy/line 35.69 Mcy/s | synth 2712 cy/pump 38.89 Mcy/s 1620 cy/sample | tri 182 px 41826 part 78 ch 4 | AHASH s=2688000 c39148f0
PROF T t=112 ph=8 the eye frames=60 | clear=44737 sky=536020 floor=0 scene=3451826 flat=0 gouraud=0 chrome=349373 texture=2758887 furnace=0 embers=87411 bloom=0 veil=854 titles=24322 fade=213 | setup=343564 total=4145385
T t=113.4 bar=59 ph=8 the eye | render ms 13.88/13.91/14.07 | fps 59.7 | hold 1 miss 0 late 0 | gap ms 16.73 | under 0 fill 464 | copy 2489 cy/line 35.69 Mcy/s | synth 2714 cy/pump 38.92 Mcy/s 1622 cy/sample | tri 182 px 41826 part 78 ch 4 | AHASH s=2712000 f53583f6
PROF T t=113 ph=8 the eye frames=60 | clear=44709 sky=536233 floor=0 scene=3451572 flat=0 gouraud=0 chrome=349355 texture=2758699 furnace=0 embers=87627 bloom=0 veil=854 titles=24332 fade=209 | setup=343517 total=4145539
T t=114.4 bar=59 ph=8 the eye | render ms 13.87/13.91/14.06 | fps 59.7 | hold 1 miss 0 late 0 | gap ms 16.73 | under 0 fill 464 | copy 2489 cy/line 35.70 Mcy/s | synth 2712 cy/pump 38.89 Mcy/s 1620 cy/sample | tri 182 px 41826 part 78 ch 4 | AHASH s=2736000 500e0439
PROF T t=114 ph=8 the eye frames=60 | clear=44779 sky=535644 floor=0 scene=3451767 flat=0 gouraud=0 chrome=349432 texture=2758733 furnace=0 embers=87524 bloom=0 veil=844 titles=24356 fade=215 | setup=343601 total=4145132
T t=115.4 bar=60 ph=8 the eye | render ms 13.88/13.91/14.06 | fps 59.7 | hold 1 miss 0 late 0 | gap ms 16.73 | under 0 fill 464 | copy 2489 cy/line 35.70 Mcy/s | synth 2712 cy/pump 38.90 Mcy/s 1620 cy/sample | tri 182 px 41826 part 79 ch 4 | AHASH s=2760000 92d069c7
PROF T t=115 ph=8 the eye frames=60 | clear=44719 sky=536016 floor=0 scene=3452107 flat=0 gouraud=0 chrome=349394 texture=2758969 furnace=0 embers=86537 bloom=0 veil=844 titles=24327 fade=216 | setup=343742 total=4144768
T t=116.4 bar=60 ph=8 the eye | render ms 13.88/13.90/14.06 | fps 59.7 | hold 1 miss 0 late 0 | gap ms 16.73 | under 0 fill 464 | copy 2489 cy/line 35.70 Mcy/s | synth 2712 cy/pump 38.90 Mcy/s 1621 cy/sample | tri 182 px 41826 part 79 ch 4 | AHASH s=2784000 3672f781
PROF T t=116 ph=8 the eye frames=60 | clear=44786 sky=536144 floor=0 scene=3451473 flat=0 gouraud=0 chrome=349351 texture=2758625 furnace=0 embers=84816 bloom=0 veil=866 titles=24360 fade=210 | setup=343495 total=4142658
T t=117.4 bar=61 ph=8 the eye | render ms 13.80/13.87/14.06 | fps 59.7 | hold 1 miss 0 late 0 | gap ms 16.73 | under 0 fill 464 | copy 2489 cy/line 35.69 Mcy/s | synth 2711 cy/pump 38.88 Mcy/s 1620 cy/sample | tri 182 px 41826 part 79 ch 4 | AHASH s=2808000 688c7659
PROF T t=117 ph=8 the eye frames=60 | clear=44731 sky=535435 floor=0 scene=3452102 flat=0 gouraud=0 chrome=349478 texture=2758732 furnace=0 embers=85838 bloom=0 veil=866 titles=15962 fade=196 | setup=343891 total=4135132
T t=118.4 bar=61 ph=8 the eye | render ms 13.79/13.81/13.95 | fps 59.7 | hold 1 miss 0 late 0 | gap ms 16.73 | under 0 fill 464 | copy 2490 cy/line 35.70 Mcy/s | synth 2708 cy/pump 38.84 Mcy/s 1618 cy/sample | tri 182 px 41826 part 79 ch 4 | AHASH s=2832000 3e67fc45
PROF T t=118 ph=8 the eye frames=60 | clear=44732 sky=534517 floor=0 scene=3451109 flat=0 gouraud=0 chrome=349267 texture=2758546 furnace=0 embers=84908 bloom=0 veil=858 titles=1392 fade=220 | setup=343296 total=4117739
T t=119.4 bar=62 ph=8 the eye | render ms 13.78/13.82/13.98 | fps 59.7 | hold 1 miss 0 late 0 | gap ms 16.73 | under 0 fill 464 | copy 2490 cy/line 35.71 Mcy/s | synth 2708 cy/pump 38.83 Mcy/s 1618 cy/sample | tri 182 px 41826 part 79 ch 4 | AHASH s=2856000 a1c508fe
PROF T t=119 ph=8 the eye frames=60 | clear=44705 sky=534482 floor=0 scene=3451183 flat=0 gouraud=0 chrome=349499 texture=2758055 furnace=0 embers=85670 bloom=0 veil=846 titles=1414 fade=213 | setup=343629 total=4118517
T t=120.4 bar=62 ph=8 the eye | render ms 13.79/13.83/13.99 | fps 59.7 | hold 1 miss 0 late 0 | gap ms 16.73 | under 0 fill 464 | copy 2489 cy/line 35.69 Mcy/s | synth 2712 cy/pump 38.89 Mcy/s 1620 cy/sample | tri 182 px 41826 part 79 ch 4 | AHASH s=2880000 c01fbcf3
PROF T t=120 ph=8 the eye frames=60 | clear=44740 sky=534521 floor=0 scene=3451816 flat=0 gouraud=0 chrome=349396 texture=2758443 furnace=0 embers=88608 bloom=0 veil=862 titles=1383 fade=209 | setup=343976 total=4122141
T t=121.4 bar=63 ph=8 the eye | render ms 13.80/13.83/14.01 | fps 59.7 | hold 1 miss 0 late 0 | gap ms 16.73 | under 0 fill 464 | copy 2490 cy/line 35.70 Mcy/s | synth 2711 cy/pump 38.88 Mcy/s 1620 cy/sample | tri 182 px 41826 part 80 ch 4 | AHASH s=2904000 bf7e4e19
PROF T t=121 ph=8 the eye frames=60 | clear=44738 sky=534871 floor=0 scene=3451387 flat=0 gouraud=0 chrome=349358 texture=2758164 furnace=0 embers=90113 bloom=0 veil=850 titles=1394 fade=216 | setup=343864 total=4123572
T t=122.4 bar=63 ph=8 the eye | render ms 13.81/13.83/14.00 | fps 59.7 | hold 1 miss 0 late 0 | gap ms 16.73 | under 0 fill 464 | copy 2490 cy/line 35.70 Mcy/s | synth 2710 cy/pump 38.86 Mcy/s 1619 cy/sample | tri 182 px 41826 part 80 ch 4 | AHASH s=2928000 e129bcd7
PROF T t=122 ph=8 the eye frames=60 | clear=44763 sky=534559 floor=0 scene=3451012 flat=0 gouraud=0 chrome=349338 texture=2758298 furnace=0 embers=90303 bloom=0 veil=854 titles=1399 fade=228 | setup=343374 total=4123121
PHRASE t=122.8 bar=64 ph=9 the eye | render ms 13.78/14.12/20.05 | fps 57.0 | hold 2 miss 0 late 41 | gap ms 33.47 | under 0 fill 464 | copy 2487 cy/line 35.67 Mcy/s | synth 2720 cy/pump 39.00 Mcy/s 1625 cy/sample | tri 182 px 41826 part 84 ch 4 | AHASH s=2928000 e129bcd7
PROF PHRASE t=122 ph=9 the eye frames=875 | clear=44747 sky=535491 floor=0 scene=3451737 flat=0 gouraud=0 chrome=349387 texture=2779835 furnace=0 embers=86920 bloom=0 veil=75608 titles=14322 fade=213 | setup=322514 total=4209042
T t=123.4 bar=64 ph=9 the eye | render ms 13.81/13.87/14.01 | fps 59.7 | hold 1 miss 0 late 0 | gap ms 16.73 | under 0 fill 464 | copy 2476 cy/line 35.51 Mcy/s | synth 2922 cy/pump 41.90 Mcy/s 1746 cy/sample | tri 182 px 42375 part 84 ch 4 | AHASH s=2952000 c84c1e21
PROF T t=123 ph=9 the eye frames=60 | clear=44837 sky=535337 floor=0 scene=3458255 flat=0 gouraud=0 chrome=350431 texture=2763953 furnace=0 embers=93214 bloom=0 veil=868 titles=1377 fade=214 | setup=343870 total=4134104
T t=124.5 bar=64 ph=9 the eye | render ms 13.97/14.29/14.70 | fps 59.7 | hold 1 miss 0 late 0 | gap ms 16.73 | under 0 fill 464 | copy 2471 cy/line 35.44 Mcy/s | synth 3034 cy/pump 43.52 Mcy/s 1813 cy/sample | tri 182 px 46391 part 84 ch 4 | AHASH s=2976000 f3539544
PROF T t=124 ph=9 the eye frames=60 | clear=44717 sky=535493 floor=0 scene=3582253 flat=0 gouraud=0 chrome=351863 texture=2887073 furnace=0 embers=95523 bloom=0 veil=842 titles=1386 fade=198 | setup=343317 total=4260416
T t=125.5 bar=65 ph=9 the eye | render ms 14.76/15.17/15.69 | fps 59.7 | hold 1 miss 0 late 0 | gap ms 16.73 | under 0 fill 464 | copy 2477 cy/line 35.52 Mcy/s | synth 3036 cy/pump 43.54 Mcy/s 1814 cy/sample | tri 182 px 50856 part 84 ch 4 | AHASH s=3000000 c4c7db5e
PROF T t=125 ph=9 the eye frames=60 | clear=44717 sky=541347 floor=0 scene=3841626 flat=0 gouraud=0 chrome=370480 texture=3127307 furnace=0 embers=93579 bloom=0 veil=854 titles=1395 fade=211 | setup=343838 total=4523732
T t=126.5 bar=65 ph=9 the eye | render ms 15.72/16.28/16.75 | fps 56.7 | hold 2 miss 0 late 3 | gap ms 33.47 | under 0 fill 464 | copy 2481 cy/line 35.58 Mcy/s | synth 3034 cy/pump 43.51 Mcy/s 1813 cy/sample | tri 182 px 55630 part 84 ch 4 | AHASH s=3024000 689501b6
PROF T t=126 ph=9 the eye frames=57 | clear=44752 sky=551486 floor=0 scene=4166275 flat=0 gouraud=0 chrome=415160 texture=3407095 furnace=0 embers=92346 bloom=0 veil=848 titles=1398 fade=213 | setup=344019 total=4857321
T t=127.4 bar=66 ph=9 the eye | render ms 16.79/17.01/17.22 | fps 29.8 | hold 2 miss 0 late 30 | gap ms 33.47 | under 0 fill 464 | copy 2448 cy/line 35.10 Mcy/s | synth 2991 cy/pump 42.89 Mcy/s 1787 cy/sample | tri 182 px 56551 part 85 ch 4 | AHASH s=3048000 54ddbfb4
PROF T t=127 ph=9 the eye frames=30 | clear=44820 sky=573453 floor=0 scene=4361405 flat=0 gouraud=0 chrome=503662 texture=3513682 furnace=0 embers=93205 bloom=0 veil=842 titles=1397 fade=205 | setup=344061 total=5075330
T t=128.5 bar=66 ph=9 the eye | render ms 16.80/17.32/18.15 | fps 29.8 | hold 2 miss 0 late 30 | gap ms 33.47 | under 0 fill 464 | copy 2452 cy/line 35.16 Mcy/s | synth 2994 cy/pump 42.93 Mcy/s 1789 cy/sample | tri 182 px 58615 part 85 ch 4 | AHASH s=3072000 ff2af1eb
PROF T t=128 ph=9 the eye frames=30 | clear=44781 sky=613271 floor=0 scene=4415014 flat=0 gouraud=0 chrome=697210 texture=3372495 furnace=0 embers=92774 bloom=0 veil=865 titles=1386 fade=209 | setup=345308 total=5168304
T t=129.5 bar=67 ph=9 the eye | render ms 17.04/17.69/18.22 | fps 29.8 | hold 2 miss 0 late 30 | gap ms 33.47 | under 0 fill 464 | copy 2458 cy/line 35.25 Mcy/s | synth 2994 cy/pump 42.94 Mcy/s 1789 cy/sample | tri 182 px 52344 part 85 ch 4 | AHASH s=3096000 bcfb55d3
PROF T t=129 ph=9 the eye frames=30 | clear=44858 sky=714804 floor=0 scene=4426576 flat=0 gouraud=0 chrome=1160886 texture=2919731 furnace=0 embers=92413 bloom=0 veil=869 titles=1403 fade=229 | setup=345958 total=5281156
T t=130.5 bar=67 ph=9 the eye | render ms 14.13/16.09/17.18 | fps 54.7 | hold 2 miss 0 late 5 | gap ms 33.47 | under 0 fill 464 | copy 2521 cy/line 36.15 Mcy/s | synth 3035 cy/pump 43.53 Mcy/s 1813 cy/sample | tri 182 px 28140 part 85 ch 4 | AHASH s=3120000 55e3adeb
PROF T t=130 ph=9 the eye frames=55 | clear=44755 sky=1123988 floor=0 scene=3537810 flat=0 gouraud=0 chrome=1972823 texture=1223025 furnace=0 embers=90029 bloom=0 veil=874 titles=1396 fade=208 | setup=341961 total=4799063
T t=131.5 bar=68 ph=9 the eye | render ms 11.22/11.82/14.26 | fps 59.7 | hold 1 miss 0 late 0 | gap ms 16.73 | under 0 fill 464 | copy 2459 cy/line 35.27 Mcy/s | synth 3034 cy/pump 43.51 Mcy/s 1813 cy/sample | tri 182 px 9856 part 87 ch 4 | AHASH s=3144000 776b4edd
PROF T t=131 ph=9 the eye frames=60 | clear=44772 sky=1776904 floor=0 scene=1599394 flat=0 gouraud=0 chrome=274435 texture=983264 furnace=0 embers=95372 bloom=0 veil=889 titles=1423 fade=229 | setup=341694 total=3518985
T t=132.5 bar=69 ph=9 the eye | render ms 11.27/11.84/12.50 | fps 59.7 | hold 1 miss 0 late 0 | gap ms 16.73 | under 0 fill 464 | copy 2454 cy/line 35.20 Mcy/s | synth 3035 cy/pump 43.52 Mcy/s 1813 cy/sample | tri 182 px 15396 part 88 ch 4 | AHASH s=3168000 37750be0
PROF T t=132 ph=9 the eye frames=60 | clear=44786 sky=1800277 floor=0 scene=1580770 flat=0 gouraud=0 chrome=24411 texture=1215510 furnace=0 embers=95215 bloom=0 veil=887 titles=1415 fade=229 | setup=340848 total=3523582
T t=133.5 bar=69 ph=9 the eye | render ms 12.58/13.69/15.09 | fps 59.7 | hold 1 miss 0 late 0 | gap ms 16.73 | under 0 fill 464 | copy 2467 cy/line 35.38 Mcy/s | synth 3039 cy/pump 43.58 Mcy/s 1815 cy/sample | tri 182 px 26892 part 88 ch 4 | AHASH s=3192000 13b36c2c
PROF T t=133 ph=9 the eye frames=60 | clear=44718 sky=1800497 floor=0 scene=2134980 flat=0 gouraud=0 chrome=24279 texture=1768415 furnace=0 embers=96047 bloom=0 veil=883 titles=1405 fade=220 | setup=342285 total=4078753
T t=134.5 bar=70 ph=9 the eye | render ms 15.24/16.99/19.31 | fps 40.1 | hold 2 miss 0 late 20 | gap ms 33.47 | under 0 fill 464 | copy 2458 cy/line 35.26 Mcy/s | synth 3014 cy/pump 43.23 Mcy/s 1801 cy/sample | tri 182 px 46700 part 90 ch 4 | AHASH s=3216000 734b9e99
PROF T t=134 ph=9 the eye frames=41 | clear=44809 sky=1800889 floor=0 scene=3123937 flat=0 gouraud=0 chrome=22330 texture=2758369 furnace=0 embers=97664 bloom=0 veil=890 titles=1404 fade=222 | setup=343237 total=5069819
T t=135.5 bar=70 ph=9 the eye | render ms 12.88/16.39/19.70 | fps 41.8 | hold 2 miss 0 late 18 | gap ms 33.47 | under 0 fill 464 | copy 2457 cy/line 35.24 Mcy/s | synth 3018 cy/pump 43.29 Mcy/s 1803 cy/sample | tri 182 px 16128 part 90 ch 4 | AHASH s=3240000 c8e54c97
PROF T t=135 ph=9 the eye frames=42 | clear=44825 sky=1800887 floor=0 scene=2941916 flat=0 gouraud=0 chrome=22322 texture=2577542 furnace=0 embers=100251 bloom=0 veil=893 titles=1402 fade=228 | setup=342051 total=4890405
T t=136.5 bar=71 ph=9 the eye | render ms 12.31/12.66/13.10 | fps 59.7 | hold 1 miss 0 late 0 | gap ms 16.73 | under 0 fill 464 | copy 2460 cy/line 35.28 Mcy/s | synth 3038 cy/pump 43.57 Mcy/s 1815 cy/sample | tri 182 px 17336 part 94 ch 4 | AHASH s=3264000 477858f9
PROF T t=136 ph=9 the eye frames=60 | clear=44785 sky=1800427 floor=0 scene=1822500 flat=0 gouraud=0 chrome=22319 texture=1458317 furnace=0 embers=101378 bloom=0 veil=887 titles=1410 fade=221 | setup=341864 total=3771612
T t=137.5 bar=71 ph=9 the eye | render ms 13.09/16.46/19.09 | fps 39.1 | hold 2 miss 0 late 21 | gap ms 33.47 | under 0 fill 464 | copy 2461 cy/line 35.29 Mcy/s | synth 3014 cy/pump 43.23 Mcy/s 1801 cy/sample | tri 186 px 26008 part 94 ch 4 | AHASH s=3288000 b36904b5
PROF T t=137 ph=9 the eye frames=40 | clear=44786 sky=1804550 floor=0 scene=2030632 flat=0 gouraud=0 chrome=22300 texture=1855619 furnace=0 embers=104747 bloom=0 veil=923013 titles=1420 fade=229 | setup=152712 total=4909380
PHRASE t=138.2 bar=72 ph=10 the load | render ms 11.22/14.94/19.96 | fps 48.2 | hold 2 miss 0 late 176 | gap ms 33.47 | under 0 fill 464 | copy 2466 cy/line 35.36 Mcy/s | synth 3022 cy/pump 43.34 Mcy/s 1805 cy/sample | tri 174 px 26085 part 126 ch 5 | AHASH s=3312000 4417a264
PROF PHRASE t=138 ph=10 the load frames=741 | clear=44777 sky=1243609 floor=0 scene=2971664 flat=0 gouraud=0 chrome=382832 texture=2273975 furnace=74 embers=96066 bloom=47 veil=98266 titles=1402 fade=218 | setup=314781 total=4456053
T t=138.5 bar=72 ph=10 the load | render ms 15.66/17.63/19.96 | fps 39.8 | hold 2 miss 0 late 20 | gap ms 33.47 | under 0 fill 464 | copy 2477 cy/line 35.52 Mcy/s | synth 3019 cy/pump 43.30 Mcy/s 1804 cy/sample | tri 174 px 24607 part 126 ch 5 | AHASH s=3312000 4417a264
PROF T t=138 ph=10 the load frames=40 | clear=44929 sky=1130986 floor=0 scene=2158589 flat=0 gouraud=0 chrome=419791 texture=2096024 furnace=28376 embers=123742 bloom=18490 veil=1783891 titles=1321 fade=225 | setup=0 total=5262177
T t=139.5 bar=72 ph=10 the load | render ms 13.18/14.71/15.74 | fps 59.7 | hold 1 miss 0 late 0 | gap ms 16.73 | under 0 fill 464 | copy 2506 cy/line 35.93 Mcy/s | synth 3042 cy/pump 43.62 Mcy/s 1817 cy/sample | tri 174 px 17440 part 126 ch 5 | AHASH s=3336000 b52e67ca
PROF T t=139 ph=10 the load frames=60 | clear=44748 sky=510147 floor=0 scene=2189462 flat=0 gouraud=0 chrome=780882 texture=1506526 furnace=55900 embers=140636 bloom=35758 veil=1462446 titles=4097 fade=217 | setup=0 total=4387515
T t=140.6 bar=73 ph=10 the load | render ms 9.87/10.29/13.17 | fps 59.7 | hold 1 miss 0 late 0 | gap ms 16.73 | under 0 fill 464 | copy 2470 cy/line 35.42 Mcy/s | synth 2736 cy/pump 39.24 Mcy/s 1635 cy/sample | tri 166 px 17387 part 126 ch 5 | AHASH s=3360000 e8c9be35
PROF T t=140 ph=10 the load frames=60 | clear=44768 sky=510995 floor=0 scene=2191309 flat=0 gouraud=0 chrome=782435 texture=1120296 furnace=58040 embers=138097 bloom=36106 veil=112268 titles=25433 fade=223 | setup=230537 total=3059203
T t=141.6 bar=73 ph=10 the load | render ms 9.88/9.92/10.05 | fps 59.7 | hold 1 miss 0 late 0 | gap ms 16.73 | under 0 fill 464 | copy 2471 cy/line 35.44 Mcy/s | synth 2591 cy/pump 37.16 Mcy/s 1548 cy/sample | tri 166 px 17423 part 126 ch 5 | AHASH s=3384000 78ec8b6d
PROF T t=141 ph=10 the load frames=60 | clear=44761 sky=511481 floor=0 scene=2190079 flat=0 gouraud=0 chrome=784327 texture=1108243 furnace=57922 embers=138799 bloom=36102 veil=856 titles=25450 fade=225 | setup=239586 total=2947756
T t=142.6 bar=74 ph=10 the load | render ms 9.90/9.93/10.09 | fps 59.7 | hold 1 miss 0 late 0 | gap ms 16.73 | under 0 fill 464 | copy 2472 cy/line 35.45 Mcy/s | synth 2593 cy/pump 37.18 Mcy/s 1549 cy/sample | tri 166 px 17401 part 127 ch 5 | AHASH s=3408000 24e3995f
PROF T t=142 ph=10 the load frames=60 | clear=44771 sky=511100 floor=0 scene=2192157 flat=0 gouraud=0 chrome=786141 texture=1108626 furnace=57799 embers=140195 bloom=36117 veil=871 titles=25384 fade=222 | setup=239590 total=2950821
T t=143.6 bar=74 ph=10 the load | render ms 9.87/9.92/10.05 | fps 59.7 | hold 1 miss 0 late 0 | gap ms 16.73 | under 0 fill 464 | copy 2472 cy/line 35.45 Mcy/s | synth 2596 cy/pump 37.23 Mcy/s 1551 cy/sample | tri 164 px 17403 part 127 ch 5 | AHASH s=3432000 a167a78e
PROF T t=143 ph=10 the load frames=60 | clear=44768 sky=510903 floor=0 scene=2190418 flat=0 gouraud=0 chrome=785892 texture=1109422 furnace=55791 embers=140000 bloom=35916 veil=867 titles=25429 fade=212 | setup=239312 total=2948517
T t=144.6 bar=75 ph=10 the load | render ms 9.88/9.92/10.05 | fps 59.7 | hold 1 miss 0 late 0 | gap ms 16.73 | under 0 fill 464 | copy 2471 cy/line 35.44 Mcy/s | synth 2595 cy/pump 37.22 Mcy/s 1551 cy/sample | tri 164 px 17483 part 127 ch 5 | AHASH s=3456000 634c61d6
PROF T t=144 ph=10 the load frames=60 | clear=44758 sky=510058 floor=0 scene=2190877 flat=0 gouraud=0 chrome=786880 texture=1110476 furnace=53555 embers=141795 bloom=34455 veil=861 titles=25385 fade=214 | setup=239964 total=2948407
T t=145.6 bar=75 ph=10 the load | render ms 9.89/9.92/10.05 | fps 59.7 | hold 1 miss 0 late 0 | gap ms 16.73 | under 0 fill 464 | copy 2471 cy/line 35.44 Mcy/s | synth 2594 cy/pump 37.20 Mcy/s 1550 cy/sample | tri 162 px 17544 part 127 ch 5 | AHASH s=3480000 71fe7714
PROF T t=145 ph=10 the load frames=60 | clear=44774 sky=509976 floor=0 scene=2192390 flat=0 gouraud=0 chrome=787795 texture=1112226 furnace=53423 embers=142597 bloom=33966 veil=860 titles=25453 fade=215 | setup=238944 total=2950234
T t=146.6 bar=76 ph=10 the load | render ms 9.91/9.95/10.09 | fps 59.7 | hold 1 miss 0 late 0 | gap ms 16.73 | under 0 fill 464 | copy 2471 cy/line 35.44 Mcy/s | synth 2595 cy/pump 37.22 Mcy/s 1551 cy/sample | tri 162 px 17566 part 127 ch 5 | AHASH s=3504000 1ad90c4d
PROF T t=146 ph=10 the load frames=60 | clear=44767 sky=510366 floor=0 scene=2198559 flat=0 gouraud=0 chrome=786957 texture=1116136 furnace=56256 embers=141268 bloom=35500 veil=879 titles=25458 fade=222 | setup=239209 total=2957023
T t=147.6 bar=76 ph=10 the load | render ms 9.94/9.97/10.10 | fps 59.7 | hold 1 miss 0 late 0 | gap ms 16.73 | under 0 fill 464 | copy 2472 cy/line 35.45 Mcy/s | synth 2596 cy/pump 37.23 Mcy/s 1551 cy/sample | tri 164 px 17579 part 127 ch 5 | AHASH s=3528000 8841309f
PROF T t=147 ph=10 the load frames=60 | clear=44732 sky=510983 floor=0 scene=2205851 flat=0 gouraud=0 chrome=790950 texture=1117045 furnace=58854 embers=139906 bloom=36139 veil=856 titles=25445 fade=223 | setup=239000 total=2964138
T t=148.6 bar=77 ph=10 the load | render ms 9.88/9.92/10.11 | fps 59.7 | hold 1 miss 0 late 0 | gap ms 16.73 | under 0 fill 464 | copy 2472 cy/line 35.45 Mcy/s | synth 2592 cy/pump 37.17 Mcy/s 1548 cy/sample | tri 164 px 17639 part 127 ch 5 | AHASH s=3552000 dff90dbd
PROF T t=148 ph=10 the load frames=60 | clear=44676 sky=510634 floor=0 scene=2213012 flat=0 gouraud=0 chrome=796389 texture=1118437 furnace=60128 embers=138375 bloom=36556 veil=855 titles=6195 fade=218 | setup=238057 total=2950526
T t=149.6 bar=77 ph=10 the load | render ms 9.90/9.93/10.06 | fps 59.7 | hold 1 miss 0 late 0 | gap ms 16.73 | under 0 fill 464 | copy 2473 cy/line 35.46 Mcy/s | synth 2591 cy/pump 37.15 Mcy/s 1548 cy/sample | tri 164 px 17714 part 127 ch 5 | AHASH s=3576000 10ef495b
PROF T t=149 ph=10 the load frames=60 | clear=44723 sky=509693 floor=0 scene=2219854 flat=0 gouraud=0 chrome=799705 texture=1121255 furnace=60660 embers=137324 bloom=38202 veil=866 titles=1351 fade=216 | setup=238232 total=2952232
T t=150.6 bar=78 ph=10 the load | render ms 9.93/9.97/10.13 | fps 59.7 | hold 1 miss 0 late 0 | gap ms 16.73 | under 0 fill 464 | copy 2473 cy/line 35.47 Mcy/s | synth 2592 cy/pump 37.17 Mcy/s 1549 cy/sample | tri 164 px 17758 part 127 ch 5 | AHASH s=3600000 a827f115
PROF T t=150 ph=10 the load frames=60 | clear=44761 sky=510475 floor=0 scene=2227860 flat=0 gouraud=0 chrome=801428 texture=1125577 furnace=62144 embers=138016 bloom=39544 veil=852 titles=1357 fade=221 | setup=238711 total=2963088
T t=151.6 bar=78 ph=10 the load | render ms 9.95/9.99/10.12 | fps 59.7 | hold 1 miss 0 late 0 | gap ms 16.73 | under 0 fill 464 | copy 2473 cy/line 35.47 Mcy/s | synth 2593 cy/pump 37.19 Mcy/s 1549 cy/sample | tri 164 px 17780 part 127 ch 5 | AHASH s=3624000 70a52061
PROF T t=151 ph=10 the load frames=60 | clear=44735 sky=510207 floor=0 scene=2231406 flat=0 gouraud=0 chrome=801252 texture=1127197 furnace=64041 embers=140318 bloom=40206 veil=856 titles=1352 fade=218 | setup=238915 total=2969301
T t=152.6 bar=79 ph=10 the load | render ms 9.97/10.00/10.17 | fps 59.7 | hold 1 miss 0 late 0 | gap ms 16.73 | under 0 fill 464 | copy 2473 cy/line 35.47 Mcy/s | synth 2596 cy/pump 37.22 Mcy/s 1551 cy/sample | tri 160 px 17817 part 127 ch 5 | AHASH s=3648000 83a0cb6b
PROF T t=152 ph=10 the load frames=60 | clear=44734 sky=510407 floor=0 scene=2233638 flat=0 gouraud=0 chrome=800790 texture=1126499 furnace=67612 embers=142185 bloom=40790 veil=861 titles=1362 fade=220 | setup=238735 total=2974200
PHRASE t=153.6 bar=80 ph=11 the load | render ms 9.87/10.41/16.07 | fps 59.6 | hold 2 miss 0 late 1 | gap ms 33.47 | under 0 fill 464 | copy 2475 cy/line 35.49 Mcy/s | synth 2640 cy/pump 37.87 Mcy/s 1577 cy/sample | tri 158 px 17857 part 127 ch 5 | AHASH s=3672000 abe9098c
PROF PHRASE t=153 ph=11 the load frames=917 | clear=44751 sky=510585 floor=0 scene=2206371 flat=0 gouraud=0 chrome=791013 texture=1158332 furnace=59360 embers=140034 bloom=37067 veil=143083 titles=14451 fade=219 | setup=197665 total=3096565
T t=153.6 bar=80 ph=11 the load | render ms 9.98/10.02/10.18 | fps 59.7 | hold 1 miss 0 late 0 | gap ms 16.73 | under 0 fill 464 | copy 2471 cy/line 35.44 Mcy/s | synth 2561 cy/pump 36.73 Mcy/s 1530 cy/sample | tri 158 px 17840 part 127 ch 5 | AHASH s=3672000 abe9098c
PROF T t=153 ph=11 the load frames=60 | clear=44826 sky=511731 floor=0 scene=2237314 flat=0 gouraud=0 chrome=797743 texture=1130259 furnace=70668 embers=140891 bloom=41515 veil=864 titles=1369 fade=216 | setup=238642 total=2978729
T t=154.6 bar=80 ph=11 the load | render ms 9.99/10.03/10.16 | fps 59.7 | hold 1 miss 0 late 0 | gap ms 16.73 | under 0 fill 464 | copy 2472 cy/line 35.46 Mcy/s | synth 2596 cy/pump 37.23 Mcy/s 1551 cy/sample | tri 160 px 17930 part 127 ch 5 | AHASH s=3696000 3176b28e
PROF T t=154 ph=11 the load frames=60 | clear=44748 sky=510392 floor=0 scene=2243774 flat=0 gouraud=0 chrome=801733 texture=1132243 furnace=71244 embers=139686 bloom=42127 veil=874 titles=1356 fade=205 | setup=238553 total=2983165
T t=155.6 bar=81 ph=11 the load | render ms 10.02/10.06/10.18 | fps 59.7 | hold 1 miss 0 late 0 | gap ms 16.73 | under 0 fill 464 | copy 2470 cy/line 35.42 Mcy/s | synth 2677 cy/pump 38.40 Mcy/s 1600 cy/sample | tri 160 px 17987 part 127 ch 5 | AHASH s=3720000 95f09d70
PROF T t=155 ph=11 the load frames=60 | clear=44730 sky=510837 floor=0 scene=2250785 flat=0 gouraud=0 chrome=805492 texture=1134614 furnace=71869 embers=138336 bloom=42801 veil=861 titles=1369 fade=221 | setup=238810 total=2989942
T t=156.6 bar=81 ph=11 the load | render ms 10.05/10.08/10.21 | fps 59.7 | hold 1 miss 0 late 0 | gap ms 16.73 | under 0 fill 464 | copy 2458 cy/line 35.25 Mcy/s | synth 3034 cy/pump 43.52 Mcy/s 1813 cy/sample | tri 160 px 18035 part 127 ch 5 | AHASH s=3744000 ca1f9b64
PROF T t=156 ph=11 the load frames=60 | clear=44808 sky=510554 floor=0 scene=2255790 flat=0 gouraud=0 chrome=807592 texture=1138938 furnace=70868 embers=138928 bloom=43428 veil=855 titles=1341 fade=221 | setup=238391 total=2995929
T t=157.6 bar=82 ph=11 the load | render ms 10.06/10.10/10.21 | fps 59.7 | hold 1 miss 0 late 0 | gap ms 16.73 | under 0 fill 464 | copy 2459 cy/line 35.26 Mcy/s | synth 3035 cy/pump 43.52 Mcy/s 1813 cy/sample | tri 160 px 18139 part 127 ch 5 | AHASH s=3768000 9d415870
PROF T t=157 ph=11 the load frames=60 | clear=44766 sky=510972 floor=0 scene=2261669 flat=0 gouraud=0 chrome=810092 texture=1142382 furnace=71216 embers=140185 bloom=44026 veil=840 titles=1372 fade=220 | setup=237977 total=3004054
T t=158.6 bar=82 ph=11 the load | render ms 10.08/10.13/10.25 | fps 59.7 | hold 1 miss 0 late 0 | gap ms 16.73 | under 0 fill 464 | copy 2459 cy/line 35.27 Mcy/s | synth 3037 cy/pump 43.55 Mcy/s 1814 cy/sample | tri 160 px 18208 part 127 ch 5 | AHASH s=3792000 7d3d2864
PROF T t=158 ph=11 the load frames=60 | clear=44750 sky=510938 floor=0 scene=2268194 flat=0 gouraud=0 chrome=812124 texture=1146233 furnace=71915 embers=140752 bloom=44167 veil=854 titles=1363 fade=224 | setup=237921 total=3011245
T t=159.6 bar=83 ph=11 the load | render ms 10.11/10.15/10.26 | fps 59.7 | hold 1 miss 0 late 0 | gap ms 16.73 | under 0 fill 464 | copy 2459 cy/line 35.27 Mcy/s | synth 3037 cy/pump 43.56 Mcy/s 1815 cy/sample | tri 164 px 18255 part 127 ch 5 | AHASH s=3816000 deef4d72
PROF T t=159 ph=11 the load frames=60 | clear=44759 sky=510658 floor=0 scene=2275139 flat=0 gouraud=0 chrome=815308 texture=1150370 furnace=71451 embers=140522 bloom=44164 veil=866 titles=1374 fade=222 | setup=238009 total=3017709
T t=160.6 bar=83 ph=11 the load | render ms 10.14/10.18/10.31 | fps 59.7 | hold 1 miss 0 late 0 | gap ms 16.73 | under 0 fill 464 | copy 2459 cy/line 35.27 Mcy/s | synth 3040 cy/pump 43.59 Mcy/s 1816 cy/sample | tri 162 px 18355 part 127 ch 5 | AHASH s=3840000 9a42f6cc
PROF T t=160 ph=11 the load frames=60 | clear=44747 sky=510912 floor=0 scene=2284597 flat=0 gouraud=0 chrome=816677 texture=1157640 furnace=72174 embers=138642 bloom=44291 veil=849 titles=1342 fade=220 | setup=238104 total=3025603
T t=161.6 bar=84 ph=11 the load | render ms 10.17/10.19/10.33 | fps 59.7 | hold 1 miss 0 late 0 | gap ms 16.73 | under 0 fill 464 | copy 2460 cy/line 35.27 Mcy/s | synth 3039 cy/pump 43.58 Mcy/s 1815 cy/sample | tri 164 px 18420 part 127 ch 5 | AHASH s=3864000 41e70dda
PROF T t=161 ph=11 the load frames=60 | clear=44725 sky=511078 floor=0 scene=2290670 flat=0 gouraud=0 chrome=817847 texture=1162046 furnace=72364 embers=138357 bloom=44308 veil=869 titles=1357 fade=223 | setup=238412 total=3031591
T t=162.6 bar=84 ph=11 the load | render ms 10.18/10.23/10.35 | fps 59.7 | hold 1 miss 0 late 0 | gap ms 16.73 | under 0 fill 464 | copy 2459 cy/line 35.27 Mcy/s | synth 3041 cy/pump 43.62 Mcy/s 1817 cy/sample | tri 164 px 18478 part 127 ch 5 | AHASH s=3888000 31bd76a8
PROF T t=162 ph=11 the load frames=60 | clear=44754 sky=510551 floor=0 scene=2300528 flat=0 gouraud=0 chrome=822332 texture=1167293 furnace=72029 embers=139557 bloom=44194 veil=875 titles=1374 fade=217 | setup=238871 total=3042052
T t=163.7 bar=85 ph=11 the load | render ms 10.21/10.26/10.38 | fps 59.7 | hold 1 miss 0 late 0 | gap ms 16.73 | under 0 fill 464 | copy 2459 cy/line 35.27 Mcy/s | synth 3038 cy/pump 43.57 Mcy/s 1815 cy/sample | tri 164 px 18594 part 127 ch 5 | AHASH s=3912000 0ad3b991
PROF T t=163 ph=11 the load frames=60 | clear=44767 sky=510926 floor=0 scene=2306709 flat=0 gouraud=0 chrome=822817 texture=1171682 furnace=73320 embers=140921 bloom=43832 veil=888 titles=1335 fade=219 | setup=238888 total=3049601
T t=164.7 bar=85 ph=11 the load | render ms 10.23/10.27/10.41 | fps 59.7 | hold 1 miss 0 late 0 | gap ms 16.73 | under 0 fill 464 | copy 2460 cy/line 35.28 Mcy/s | synth 3040 cy/pump 43.59 Mcy/s 1816 cy/sample | tri 164 px 18608 part 127 ch 5 | AHASH s=3936000 b3d08b8f
PROF T t=164 ph=11 the load frames=60 | clear=44740 sky=510996 floor=0 scene=2310260 flat=0 gouraud=0 chrome=824918 texture=1174314 furnace=72686 embers=141827 bloom=43507 veil=875 titles=1352 fade=222 | setup=238341 total=3053781
T t=165.7 bar=86 ph=11 the load | render ms 10.23/10.27/10.39 | fps 59.7 | hold 1 miss 0 late 0 | gap ms 16.73 | under 0 fill 464 | copy 2460 cy/line 35.28 Mcy/s | synth 3043 cy/pump 43.63 Mcy/s 1818 cy/sample | tri 164 px 18676 part 127 ch 5 | AHASH s=3960000 d105d087
PROF T t=165 ph=11 the load frames=60 | clear=44797 sky=510220 floor=0 scene=2313299 flat=0 gouraud=0 chrome=825875 texture=1176946 furnace=71676 embers=141087 bloom=43057 veil=870 titles=1348 fade=226 | setup=238801 total=3054907
T t=166.7 bar=86 ph=11 the load | render ms 10.24/10.27/10.42 | fps 59.7 | hold 1 miss 0 late 0 | gap ms 16.73 | under 0 fill 464 | copy 2460 cy/line 35.28 Mcy/s | synth 3039 cy/pump 43.59 Mcy/s 1816 cy/sample | tri 164 px 18711 part 127 ch 5 | AHASH s=3984000 a355dacd
PROF T t=166 ph=11 the load frames=60 | clear=44748 sky=510621 floor=0 scene=2314898 flat=0 gouraud=0 chrome=826145 texture=1178274 furnace=71542 embers=138223 bloom=42907 veil=856 titles=1343 fade=217 | setup=238936 total=3053817
T t=167.7 bar=87 ph=11 the load | render ms 10.24/11.13/14.18 | fps 59.7 | hold 1 miss 0 late 0 | gap ms 16.73 | under 0 fill 464 | copy 2469 cy/line 35.41 Mcy/s | synth 3039 cy/pump 43.58 Mcy/s 1816 cy/sample | tri 166 px 19234 part 127 ch 5 | AHASH s=4008000 91641358
PROF T t=167 ph=11 the load frames=60 | clear=44792 sky=510919 floor=0 scene=2314543 flat=0 gouraud=0 chrome=825870 texture=1208936 furnace=70898 embers=137376 bloom=42184 veil=260969 titles=1340 fade=220 | setup=208838 total=3312347
T t=168.7 bar=87 ph=11 the load | render ms 14.42/15.42/16.25 | fps 59.7 | hold 1 miss 0 late 0 | gap ms 16.73 | under 0 fill 464 | copy 2512 cy/line 36.02 Mcy/s | synth 3051 cy/pump 43.76 Mcy/s 1823 cy/sample | tri 166 px 26934 part 127 ch 5 | AHASH s=4032000 966fd824
PROF T t=168 ph=11 the load frames=60 | clear=44790 sky=512947 floor=0 scene=2309847 flat=0 gouraud=0 chrome=824701 texture=1640555 furnace=67323 embers=137915 bloom=41363 veil=1549679 titles=1358 fade=221 | setup=0 total=4598124
PHRASE t=168.9 bar=88 ph=12 the spine | render ms 9.99/10.67/16.43 | fps 59.6 | hold 2 miss 0 late 1 | gap ms 33.47 | under 0 fill 464 | copy 2466 cy/line 35.36 Mcy/s | synth 2983 cy/pump 42.78 Mcy/s 1782 cy/sample | tri 154 px 18761 part 115 ch 6 | AHASH s=4056000 2a6e3e64
PROF PHRASE t=168 ph=12 the spine frames=917 | clear=44772 sky=511039 floor=0 scene=2286073 flat=0 gouraud=0 chrome=816773 texture=1202355 furnace=71316 embers=139474 bloom=43249 veil=147049 titles=1355 fade=220 | setup=195628 total=3173236
T t=169.7 bar=88 ph=12 the spine | render ms 12.31/13.65/16.43 | fps 58.7 | hold 2 miss 0 late 1 | gap ms 33.47 | under 0 fill 464 | copy 2493 cy/line 35.75 Mcy/s | synth 2998 cy/pump 43.00 Mcy/s 1791 cy/sample | tri 158 px 14681 part 115 ch 6 | AHASH s=4056000 2a6e3e64
PROF T t=169 ph=12 the spine frames=59 | clear=44853 sky=499080 floor=0 scene=1645587 flat=0 gouraud=0 chrome=373804 texture=1608159 furnace=14040 embers=129456 bloom=8678 veil=1739294 titles=1292 fade=222 | setup=0 total=4068465
T t=170.7 bar=88 ph=12 the spine | render ms 7.34/10.28/12.47 | fps 59.7 | hold 1 miss 0 late 0 | gap ms 16.73 | under 0 fill 464 | copy 2460 cy/line 35.28 Mcy/s | synth 3032 cy/pump 43.48 Mcy/s 1811 cy/sample | tri 156 px 11065 part 115 ch 6 | AHASH s=4080000 3b693886
PROF T t=170 ph=12 the spine frames=60 | clear=44796 sky=493581 floor=0 scene=1488794 flat=0 gouraud=0 chrome=255333 texture=1138003 furnace=0 embers=126646 bloom=0 veil=887334 titles=14766 fade=226 | setup=95457 total=3056146
T t=171.7 bar=89 ph=12 the spine | render ms 7.36/7.43/7.68 | fps 59.7 | hold 1 miss 0 late 0 | gap ms 16.73 | under 0 fill 464 | copy 2430 cy/line 34.85 Mcy/s | synth 3021 cy/pump 43.33 Mcy/s 1805 cy/sample | tri 154 px 10697 part 115 ch 6 | AHASH s=4104000 9dae99f0
PROF T t=171 ph=12 the spine frames=60 | clear=44760 sky=493874 floor=0 scene=1508886 flat=0 gouraud=0 chrome=260177 texture=993414 furnace=0 embers=126144 bloom=0 veil=869 titles=26548 fade=206 | setup=255294 total=2201291
T t=172.7 bar=89 ph=12 the spine | render ms 7.23/7.33/7.55 | fps 59.7 | hold 1 miss 0 late 0 | gap ms 16.73 | under 0 fill 464 | copy 2431 cy/line 34.86 Mcy/s | synth 3025 cy/pump 43.38 Mcy/s 1807 cy/sample | tri 150 px 10540 part 115 ch 6 | AHASH s=4128000 570b885b
PROF T t=172 ph=12 the spine frames=60 | clear=44763 sky=494285 floor=0 scene=1477910 flat=0 gouraud=0 chrome=276718 texture=948445 furnace=0 embers=127172 bloom=0 veil=850 titles=26599 fade=208 | setup=252746 total=2171790
T t=173.7 bar=90 ph=12 the spine | render ms 6.97/7.18/7.55 | fps 59.7 | hold 1 miss 0 late 0 | gap ms 16.73 | under 0 fill 464 | copy 2430 cy/line 34.85 Mcy/s | synth 3027 cy/pump 43.40 Mcy/s 1808 cy/sample | tri 150 px 10328 part 115 ch 6 | AHASH s=4152000 ca16384e
PROF T t=173 ph=12 the spine frames=60 | clear=44747 sky=493759 floor=0 scene=1431696 flat=0 gouraud=0 chrome=275192 texture=950064 furnace=0 embers=129283 bloom=0 veil=856 titles=26491 fade=212 | setup=206439 total=2127047
T t=174.7 bar=91 ph=12 the spine | render ms 6.92/7.06/7.15 | fps 59.7 | hold 1 miss 0 late 0 | gap ms 16.73 | under 0 fill 464 | copy 2431 cy/line 34.86 Mcy/s | synth 3026 cy/pump 43.39 Mcy/s 1808 cy/sample | tri 156 px 10020 part 115 ch 6 | AHASH s=4176000 0d111beb
PROF T t=174 ph=12 the spine frames=60 | clear=44749 sky=493279 floor=0 scene=1394310 flat=0 gouraud=0 chrome=274752 texture=948170 furnace=0 embers=129999 bloom=0 veil=842 titles=26480 fade=215 | setup=171387 total=2089877
T t=175.7 bar=91 ph=12 the spine | render ms 6.86/6.93/7.12 | fps 59.7 | hold 1 miss 0 late 0 | gap ms 16.73 | under 0 fill 464 | copy 2430 cy/line 34.85 Mcy/s | synth 3022 cy/pump 43.34 Mcy/s 1805 cy/sample | tri 154 px 9756 part 115 ch 6 | AHASH s=4200000 b9b23caa
PROF T t=175 ph=12 the spine frames=60 | clear=44780 sky=493250 floor=0 scene=1357674 flat=0 gouraud=0 chrome=265763 texture=919712 furnace=0 embers=129328 bloom=0 veil=853 titles=26557 fade=229 | setup=172198 total=2052673
T t=176.7 bar=92 ph=12 the spine | render ms 6.72/6.80/7.06 | fps 59.7 | hold 1 miss 0 late 0 | gap ms 16.73 | under 0 fill 464 | copy 2430 cy/line 34.84 Mcy/s | synth 3021 cy/pump 43.32 Mcy/s 1805 cy/sample | tri 150 px 9238 part 115 ch 6 | AHASH s=4224000 ec41826b
PROF T t=176 ph=12 the spine frames=60 | clear=44729 sky=493287 floor=0 scene=1317930 flat=0 gouraud=0 chrome=267093 texture=878804 furnace=0 embers=129711 bloom=0 veil=850 titles=26534 fade=239 | setup=172032 total=2013283
T t=177.7 bar=92 ph=12 the spine | render ms 6.61/6.71/6.95 | fps 59.7 | hold 1 miss 0 late 0 | gap ms 16.73 | under 0 fill 464 | copy 2429 cy/line 34.83 Mcy/s | synth 3020 cy/pump 43.30 Mcy/s 1804 cy/sample | tri 150 px 9027 part 115 ch 6 | AHASH s=4248000 a8146d58
PROF T t=177 ph=12 the spine frames=60 | clear=44732 sky=493469 floor=0 scene=1291312 flat=0 gouraud=0 chrome=271891 texture=847502 furnace=0 embers=129103 bloom=0 veil=859 titles=26522 fade=230 | setup=171918 total=1986230
T t=178.7 bar=93 ph=12 the spine | render ms 6.34/6.56/6.95 | fps 59.7 | hold 1 miss 0 late 0 | gap ms 16.73 | under 0 fill 464 | copy 2428 cy/line 34.82 Mcy/s | synth 3021 cy/pump 43.32 Mcy/s 1805 cy/sample | tri 154 px 8321 part 115 ch 6 | AHASH s=4272000 2c216a89
PROF T t=178 ph=12 the spine frames=60 | clear=44754 sky=492908 floor=0 scene=1252276 flat=0 gouraud=0 chrome=265761 texture=814227 furnace=0 embers=127584 bloom=0 veil=865 titles=21079 fade=226 | setup=172287 total=1939696
T t=179.7 bar=93 ph=12 the spine | render ms 6.32/6.42/6.57 | fps 59.7 | hold 1 miss 0 late 0 | gap ms 16.73 | under 0 fill 464 | copy 2427 cy/line 34.80 Mcy/s | synth 3018 cy/pump 43.28 Mcy/s 1803 cy/sample | tri 156 px 8157 part 115 ch 6 | AHASH s=4296000 294d03a0
PROF T t=179 ph=12 the spine frames=60 | clear=44755 sky=491425 floor=0 scene=1233337 flat=0 gouraud=0 chrome=260238 texture=799739 furnace=0 embers=126505 bloom=0 veil=863 titles=1391 fade=217 | setup=173359 total=1898495
T t=180.7 bar=94 ph=12 the spine | render ms 6.31/6.42/6.54 | fps 59.7 | hold 1 miss 0 late 0 | gap ms 16.73 | under 0 fill 464 | copy 2427 cy/line 34.81 Mcy/s | synth 3017 cy/pump 43.26 Mcy/s 1802 cy/sample | tri 150 px 8353 part 115 ch 6 | AHASH s=4320000 c078dc9b
PROF T t=180 ph=12 the spine frames=60 | clear=44737 sky=491880 floor=0 scene=1236472 flat=0 gouraud=0 chrome=260827 texture=803486 furnace=0 embers=124917 bloom=0 veil=852 titles=1393 fade=225 | setup=172158 total=1900480
T t=181.7 bar=94 ph=12 the spine | render ms 6.34/6.44/6.60 | fps 59.7 | hold 1 miss 0 late 0 | gap ms 16.73 | under 0 fill 464 | copy 2428 cy/line 34.82 Mcy/s | synth 3019 cy/pump 43.30 Mcy/s 1804 cy/sample | tri 150 px 8496 part 115 ch 6 | AHASH s=4344000 7b701b47
PROF T t=181 ph=12 the spine frames=60 | clear=44692 sky=491499 floor=0 scene=1240888 flat=0 gouraud=0 chrome=264200 texture=804993 furnace=0 embers=124150 bloom=0 veil=850 titles=1385 fade=218 | setup=171694 total=1903684
T t=182.7 bar=95 ph=12 the spine | render ms 6.36/6.43/6.66 | fps 59.7 | hold 1 miss 0 late 0 | gap ms 16.73 | under 0 fill 464 | copy 2427 cy/line 34.81 Mcy/s | synth 3015 cy/pump 43.24 Mcy/s 1801 cy/sample | tri 150 px 8201 part 115 ch 6 | AHASH s=4368000 db66af5d
PROF T t=182 ph=12 the spine frames=60 | clear=44742 sky=491622 floor=0 scene=1241085 flat=0 gouraud=0 chrome=261100 texture=808593 furnace=0 embers=122901 bloom=0 veil=856 titles=1386 fade=220 | setup=171390 total=1902814
T t=183.7 bar=95 ph=12 the spine | render ms 6.37/6.43/6.63 | fps 59.7 | hold 1 miss 0 late 0 | gap ms 16.73 | under 0 fill 464 | copy 2427 cy/line 34.81 Mcy/s | synth 3019 cy/pump 43.29 Mcy/s 1804 cy/sample | tri 156 px 8151 part 115 ch 6 | AHASH s=4392000 834ccdbe
PROF T t=183 ph=12 the spine frames=60 | clear=44692 sky=491981 floor=0 scene=1238456 flat=0 gouraud=0 chrome=260995 texture=804575 furnace=0 embers=124900 bloom=0 veil=840 titles=1372 fade=215 | setup=172885 total=1902460
PHRASE t=184.3 bar=96 ph=13 the spine | render ms 6.31/7.32/26.64 | fps 59.6 | hold 2 miss 0 late 1 | gap ms 33.47 | under 0 fill 464 | copy 2434 cy/line 34.90 Mcy/s | synth 3022 cy/pump 43.34 Mcy/s 1805 cy/sample | tri 624 px 76933 part 102 ch 6 | AHASH s=4416000 7f5e6d22
PROF PHRASE t=184 ph=13 the spine frames=917 | clear=44751 sky=492903 floor=0 scene=1345460 flat=75 gouraud=0 chrome=265206 texture=923312 furnace=0 embers=127013 bloom=0 veil=142883 titles=15062 fade=220 | setup=156865 total=2168294
T t=184.7 bar=96 ph=13 the spine | render ms 6.36/13.01/26.86 | fps 45.0 | hold 2 miss 0 late 15 | gap ms 33.47 | under 0 fill 464 | copy 2450 cy/line 35.13 Mcy/s | synth 3013 cy/pump 43.21 Mcy/s 1800 cy/sample | tri 622 px 75812 part 102 ch 6 | AHASH s=4416000 7f5e6d22
PROF T t=184 ph=13 the spine frames=46 | clear=44876 sky=502945 floor=0 scene=3201997 flat=23368 gouraud=0 chrome=456918 texture=2344123 furnace=0 embers=123246 bloom=0 veil=860 titles=1399 fade=212 | setup=377587 total=3875537
T t=185.7 bar=96 ph=13 the spine | render ms 25.53/25.96/26.50 | fps 29.8 | hold 2 miss 0 late 30 | gap ms 33.47 | under 0 fill 464 | copy 2472 cy/line 35.45 Mcy/s | synth 3012 cy/pump 43.19 Mcy/s 1799 cy/sample | tri 614 px 72714 part 102 ch 6 | AHASH s=4440000 f6688f25
PROF T t=185 ph=13 the spine frames=30 | clear=44802 sky=524573 floor=0 scene=7073015 flat=80794 gouraud=0 chrome=845611 texture=5347074 furnace=0 embers=115082 bloom=0 veil=838 titles=1441 fade=213 | setup=799535 total=7759965
T t=186.7 bar=97 ph=13 the spine | render ms 24.49/25.04/25.67 | fps 29.8 | hold 2 miss 0 late 30 | gap ms 33.47 | under 0 fill 464 | copy 2466 cy/line 35.37 Mcy/s | synth 3007 cy/pump 43.12 Mcy/s 1796 cy/sample | tri 600 px 68921 part 102 ch 6 | AHASH s=4464000 08a66ad1
PROF T t=186 ph=13 the spine frames=30 | clear=44800 sky=524498 floor=0 scene=6798382 flat=87852 gouraud=0 chrome=827084 texture=5084874 furnace=0 embers=114248 bloom=0 veil=865 titles=1421 fade=237 | setup=798570 total=7484454
T t=187.8 bar=97 ph=13 the spine | render ms 23.71/24.14/24.64 | fps 29.8 | hold 2 miss 0 late 30 | gap ms 33.47 | under 0 fill 464 | copy 2462 cy/line 35.31 Mcy/s | synth 3006 cy/pump 43.12 Mcy/s 1796 cy/sample | tri 614 px 64867 part 102 ch 6 | AHASH s=4488000 d442a545
PROF T t=187 ph=13 the spine frames=30 | clear=44934 sky=524411 floor=0 scene=6526982 flat=87561 gouraud=0 chrome=816175 texture=4823660 furnace=0 embers=113371 bloom=0 veil=838 titles=1434 fade=219 | setup=799584 total=7212193
T t=188.8 bar=98 ph=13 the spine | render ms 22.72/23.17/23.82 | fps 29.8 | hold 2 miss 0 late 30 | gap ms 33.47 | under 0 fill 464 | copy 2459 cy/line 35.27 Mcy/s | synth 3005 cy/pump 43.10 Mcy/s 1796 cy/sample | tri 618 px 60776 part 102 ch 6 | AHASH s=4512000 e4258c4c
PROF T t=188 ph=13 the spine frames=30 | clear=44843 sky=521332 floor=0 scene=6240611 flat=87117 gouraud=0 chrome=804441 texture=4548974 furnace=0 embers=113408 bloom=0 veil=847 titles=1436 fade=219 | setup=800079 total=6922700
T t=189.8 bar=98 ph=13 the spine | render ms 21.80/22.23/22.79 | fps 29.8 | hold 2 miss 0 late 30 | gap ms 33.47 | under 0 fill 464 | copy 2458 cy/line 35.25 Mcy/s | synth 3006 cy/pump 43.11 Mcy/s 1796 cy/sample | tri 616 px 57451 part 102 ch 6 | AHASH s=4536000 3857df0b
PROF T t=189 ph=13 the spine frames=30 | clear=44835 sky=518982 floor=0 scene=5961067 flat=86905 gouraud=0 chrome=786165 texture=4288199 furnace=0 embers=113530 bloom=0 veil=866 titles=1425 fade=204 | setup=799797 total=6640910
T t=190.8 bar=99 ph=13 the spine | render ms 21.11/21.49/21.94 | fps 29.8 | hold 2 miss 0 late 30 | gap ms 33.47 | under 0 fill 464 | copy 2455 cy/line 35.20 Mcy/s | synth 3004 cy/pump 43.09 Mcy/s 1795 cy/sample | tri 638 px 53408 part 102 ch 6 | AHASH s=4560000 34b08260
PROF T t=190 ph=13 the spine frames=30 | clear=44910 sky=519890 floor=0 scene=5736386 flat=91710 gouraud=0 chrome=760588 texture=4081424 furnace=0 embers=113865 bloom=0 veil=850 titles=1419 fade=223 | setup=802662 total=6417546
T t=191.8 bar=99 ph=13 the spine | render ms 20.34/20.76/21.26 | fps 29.8 | hold 2 miss 0 late 30 | gap ms 33.47 | under 0 fill 464 | copy 2450 cy/line 35.14 Mcy/s | synth 3003 cy/pump 43.07 Mcy/s 1794 cy/sample | tri 636 px 49562 part 102 ch 6 | AHASH s=4584000 5c02ea2f
PROF T t=191 ph=13 the spine frames=30 | clear=44902 sky=519070 floor=0 scene=5519882 flat=97792 gouraud=0 chrome=724978 texture=3892754 furnace=0 embers=113739 bloom=0 veil=854 titles=1421 fade=224 | setup=804356 total=6200095
T t=192.8 bar=100 ph=13 the spine | render ms 19.42/19.92/20.44 | fps 29.8 | hold 2 miss 0 late 30 | gap ms 33.47 | under 0 fill 464 | copy 2447 cy/line 35.10 Mcy/s | synth 3001 cy/pump 43.04 Mcy/s 1793 cy/sample | tri 642 px 45920 part 103 ch 6 | AHASH s=4608000 9c8c2e5e
PROF T t=192 ph=13 the spine frames=30 | clear=44851 sky=519450 floor=0 scene=5264884 flat=99026 gouraud=0 chrome=684172 texture=3677422 furnace=0 embers=114733 bloom=0 veil=862 titles=1429 fade=204 | setup=804264 total=5946415
T t=193.8 bar=100 ph=13 the spine | render ms 18.69/19.09/19.55 | fps 29.8 | hold 2 miss 0 late 30 | gap ms 33.47 | under 0 fill 464 | copy 2444 cy/line 35.05 Mcy/s | synth 3002 cy/pump 43.05 Mcy/s 1793 cy/sample | tri 646 px 42877 part 103 ch 6 | AHASH s=4632000 82c359a6
PROF T t=193 ph=13 the spine frames=30 | clear=44830 sky=520714 floor=0 scene=5011863 flat=100504 gouraud=0 chrome=641858 texture=3462774 furnace=0 embers=117617 bloom=0 veil=862 titles=1440 fade=207 | setup=806726 total=5697536
T t=194.8 bar=101 ph=13 the spine | render ms 18.13/18.40/18.77 | fps 29.8 | hold 2 miss 0 late 30 | gap ms 33.47 | under 0 fill 464 | copy 2443 cy/line 35.04 Mcy/s | synth 3001 cy/pump 43.03 Mcy/s 1793 cy/sample | tri 642 px 40457 part 103 ch 6 | AHASH s=4656000 cc213693
PROF T t=194 ph=13 the spine frames=30 | clear=44869 sky=520956 floor=0 scene=4807088 flat=100494 gouraud=0 chrome=608985 texture=3291850 furnace=0 embers=117144 bloom=0 veil=878 titles=1425 fade=220 | setup=805758 total=5492583
T t=195.8 bar=101 ph=13 the spine | render ms 17.69/17.91/18.26 | fps 29.8 | hold 2 miss 0 late 30 | gap ms 33.47 | under 0 fill 464 | copy 2443 cy/line 35.03 Mcy/s | synth 3003 cy/pump 43.06 Mcy/s 1794 cy/sample | tri 646 px 38543 part 103 ch 6 | AHASH s=4680000 bc62e6e7
PROF T t=195 ph=13 the spine frames=30 | clear=44831 sky=521585 floor=0 scene=4661346 flat=102174 gouraud=0 chrome=590889 texture=3161927 furnace=0 embers=115473 bloom=0 veil=858 titles=1438 fade=216 | setup=806355 total=5345749
T t=196.8 bar=102 ph=13 the spine | render ms 17.27/17.49/17.81 | fps 29.8 | hold 2 miss 0 late 30 | gap ms 33.47 | under 0 fill 464 | copy 2442 cy/line 35.02 Mcy/s | synth 2999 cy/pump 43.02 Mcy/s 1792 cy/sample | tri 654 px 36802 part 104 ch 6 | AHASH s=4704000 f071fff0
PROF T t=196 ph=13 the spine frames=30 | clear=44803 sky=521285 floor=0 scene=4533605 flat=104721 gouraud=0 chrome=580083 texture=3043473 furnace=0 embers=115820 bloom=0 veil=846 titles=1433 fade=226 | setup=805326 total=5218021
T t=197.8 bar=103 ph=13 the spine | render ms 16.74/17.02/17.37 | fps 29.8 | hold 2 miss 0 late 30 | gap ms 33.47 | under 0 fill 464 | copy 2441 cy/line 35.01 Mcy/s | synth 3001 cy/pump 43.04 Mcy/s 1793 cy/sample | tri 650 px 34933 part 106 ch 6 | AHASH s=4728000 9599cf61
PROF T t=197 ph=13 the spine frames=30 | clear=44875 sky=520799 floor=0 scene=4396628 flat=107123 gouraud=0 chrome=563196 texture=2920625 furnace=0 embers=114041 bloom=0 veil=851 titles=1433 fade=223 | setup=805682 total=5078853
T t=198.8 bar=103 ph=13 the spine | render ms 16.02/16.36/16.84 | fps 58.7 | hold 2 miss 0 late 1 | gap ms 33.47 | under 0 fill 464 | copy 2471 cy/line 35.44 Mcy/s | synth 3045 cy/pump 43.67 Mcy/s 1819 cy/sample | tri 644 px 32472 part 106 ch 6 | AHASH s=4752000 150d43de
PROF T t=198 ph=13 the spine frames=59 | clear=44754 sky=520210 floor=0 scene=4194912 flat=109549 gouraud=0 chrome=539248 texture=2741849 furnace=0 embers=117140 bloom=0 veil=839 titles=1423 fade=225 | setup=804264 total=4879506
PHRASE t=199.6 bar=104 ph=14 the spine | render ms 15.52/20.10/26.86 | fps 33.2 | hold 2 miss 0 late 406 | gap ms 33.47 | under 0 fill 464 | copy 2455 cy/line 35.21 Mcy/s | synth 3009 cy/pump 43.15 Mcy/s 1798 cy/sample | tri 644 px 30496 part 115 ch 6 | AHASH s=4776000 625e270e
PROF PHRASE t=199 ph=14 the spine frames=511 | clear=44836 sky=521273 floor=0 scene=5318891 flat=97525 gouraud=0 chrome=676895 texture=3741397 furnace=0 embers=115347 bloom=0 veil=854 titles=1430 fade=219 | setup=803073 total=6002854
T t=199.8 bar=104 ph=14 the spine | render ms 15.43/15.72/16.12 | fps 58.7 | hold 2 miss 0 late 1 | gap ms 33.47 | under 0 fill 464 | copy 2468 cy/line 35.39 Mcy/s | synth 3041 cy/pump 43.62 Mcy/s 1817 cy/sample | tri 648 px 30068 part 115 ch 6 | AHASH s=4776000 625e270e
PROF T t=199 ph=14 the spine frames=59 | clear=44814 sky=520830 floor=0 scene=3999160 flat=111772 gouraud=0 chrome=518645 texture=2566042 furnace=0 embers=119688 bloom=0 veil=861 titles=1435 fade=221 | setup=802700 total=4687013
T t=200.8 bar=104 ph=14 the spine | render ms 14.73/15.08/15.57 | fps 59.7 | hold 1 miss 0 late 0 | gap ms 16.73 | under 0 fill 464 | copy 2463 cy/line 35.32 Mcy/s | synth 3043 cy/pump 43.63 Mcy/s 1818 cy/sample | tri 650 px 27279 part 115 ch 6 | AHASH s=4800000 a7f2d6fb
PROF T t=200 ph=14 the spine frames=60 | clear=44765 sky=520109 floor=0 scene=3802939 flat=114075 gouraud=0 chrome=505331 texture=2380548 furnace=0 embers=125467 bloom=0 veil=841 titles=1432 fade=216 | setup=802984 total=4495771
T t=201.8 bar=105 ph=14 the spine | render ms 14.01/14.38/14.83 | fps 59.7 | hold 1 miss 0 late 0 | gap ms 16.73 | under 0 fill 464 | copy 2457 cy/line 35.24 Mcy/s | synth 3041 cy/pump 43.61 Mcy/s 1817 cy/sample | tri 652 px 24528 part 115 ch 6 | AHASH s=4824000 b075041f
PROF T t=201 ph=14 the spine frames=60 | clear=44761 sky=519186 floor=0 scene=3593026 flat=116567 gouraud=0 chrome=487313 texture=2185355 furnace=0 embers=124791 bloom=0 veil=860 titles=1431 fade=213 | setup=803789 total=4284270
T t=202.8 bar=105 ph=14 the spine | render ms 13.18/13.62/14.14 | fps 59.7 | hold 1 miss 0 late 0 | gap ms 16.73 | under 0 fill 464 | copy 2451 cy/line 35.15 Mcy/s | synth 3035 cy/pump 43.52 Mcy/s 1813 cy/sample | tri 642 px 21704 part 115 ch 6 | AHASH s=4848000 f021a5d9
PROF T t=202 ph=14 the spine frames=60 | clear=44762 sky=515881 floor=0 scene=3370759 flat=120882 gouraud=0 chrome=443933 texture=2003363 furnace=0 embers=123841 bloom=0 veil=865 titles=1419 fade=213 | setup=802579 total=4057742
T t=203.8 bar=106 ph=14 the spine | render ms 12.48/12.83/13.31 | fps 59.7 | hold 1 miss 0 late 0 | gap ms 16.73 | under 0 fill 464 | copy 2444 cy/line 35.05 Mcy/s | synth 3030 cy/pump 43.45 Mcy/s 1810 cy/sample | tri 646 px 18782 part 115 ch 6 | AHASH s=4872000 a990b9de
PROF T t=203 ph=14 the spine frames=60 | clear=44740 sky=506872 floor=0 scene=3140678 flat=118741 gouraud=0 chrome=366693 texture=1851602 furnace=0 embers=124985 bloom=0 veil=846 titles=1417 fade=211 | setup=803641 total=3819751
T t=204.8 bar=106 ph=14 the spine | render ms 11.90/12.18/12.64 | fps 59.7 | hold 1 miss 0 late 0 | gap ms 16.73 | under 0 fill 464 | copy 2439 cy/line 34.98 Mcy/s | synth 3024 cy/pump 43.36 Mcy/s 1807 cy/sample | tri 644 px 16274 part 115 ch 6 | AHASH s=4896000 d9ad139a
PROF T t=204 ph=14 the spine frames=60 | clear=44746 sky=503247 floor=0 scene=2946574 flat=111286 gouraud=0 chrome=326166 texture=1706089 furnace=0 embers=128838 bloom=0 veil=858 titles=1425 fade=217 | setup=803032 total=3625908
T t=205.8 bar=107 ph=14 the spine | render ms 11.39/11.64/12.07 | fps 59.7 | hold 1 miss 0 late 0 | gap ms 16.73 | under 0 fill 464 | copy 2436 cy/line 34.93 Mcy/s | synth 3021 cy/pump 43.32 Mcy/s 1805 cy/sample | tri 648 px 13840 part 115 ch 6 | AHASH s=4920000 bca9eaa2
PROF T t=205 ph=14 the spine frames=60 | clear=44715 sky=503031 floor=0 scene=2784323 flat=104081 gouraud=0 chrome=309695 texture=1567263 furnace=0 embers=129633 bloom=0 veil=866 titles=1419 fade=213 | setup=803283 total=3464203
T t=206.8 bar=107 ph=14 the spine | render ms 10.86/11.10/11.54 | fps 59.7 | hold 1 miss 0 late 0 | gap ms 16.73 | under 0 fill 464 | copy 2430 cy/line 34.86 Mcy/s | synth 3021 cy/pump 43.32 Mcy/s 1805 cy/sample | tri 652 px 11699 part 115 ch 6 | AHASH s=4944000 4e29cf8b
PROF T t=206 ph=14 the spine frames=60 | clear=44740 sky=502269 floor=0 scene=2624884 flat=97467 gouraud=0 chrome=308240 texture=1416298 furnace=0 embers=128275 bloom=0 veil=856 titles=1405 fade=219 | setup=802877 total=3302651
T t=207.9 bar=108 ph=14 the spine | render ms 10.41/10.63/10.99 | fps 59.7 | hold 1 miss 0 late 0 | gap ms 16.73 | under 0 fill 464 | copy 2427 cy/line 34.81 Mcy/s | synth 3017 cy/pump 43.27 Mcy/s 1803 cy/sample | tri 648 px 9987 part 115 ch 6 | AHASH s=4968000 e967a20a
PROF T t=207 ph=14 the spine frames=60 | clear=44742 sky=502431 floor=0 scene=2484495 flat=91383 gouraud=0 chrome=305477 texture=1286086 furnace=0 embers=127580 bloom=0 veil=846 titles=1413 fade=223 | setup=801549 total=3161734
T t=208.9 bar=108 ph=14 the spine | render ms 10.16/10.29/10.58 | fps 59.7 | hold 1 miss 0 late 0 | gap ms 16.73 | under 0 fill 464 | copy 2424 cy/line 34.77 Mcy/s | synth 3018 cy/pump 43.28 Mcy/s 1803 cy/sample | tri 650 px 8883 part 115 ch 6 | AHASH s=4992000 2c73c629
PROF T t=208 ph=14 the spine frames=60 | clear=44706 sky=501627 floor=0 scene=2382372 flat=86110 gouraud=0 chrome=297731 texture=1196128 furnace=0 embers=128424 bloom=0 veil=864 titles=1430 fade=216 | setup=802402 total=3059641
T t=209.9 bar=109 ph=14 the spine | render ms 9.97/10.06/10.32 | fps 59.7 | hold 1 miss 0 late 0 | gap ms 16.73 | under 0 fill 464 | copy 2423 cy/line 34.75 Mcy/s | synth 3018 cy/pump 43.28 Mcy/s 1803 cy/sample | tri 650 px 8197 part 115 ch 6 | AHASH s=5016000 da8972a4
PROF T t=209 ph=14 the spine frames=60 | clear=44706 sky=501057 floor=0 scene=2314711 flat=81278 gouraud=0 chrome=286869 texture=1143213 furnace=0 embers=126128 bloom=0 veil=862 titles=1423 fade=218 | setup=803350 total=2989108
T t=210.9 bar=109 ph=14 the spine | render ms 9.78/9.88/10.12 | fps 59.7 | hold 1 miss 0 late 0 | gap ms 16.73 | under 0 fill 464 | copy 2422 cy/line 34.73 Mcy/s | synth 3014 cy/pump 43.23 Mcy/s 1801 cy/sample | tri 652 px 7500 part 115 ch 6 | AHASH s=5040000 fb19c748
PROF T t=210 ph=14 the spine frames=60 | clear=44727 sky=500934 floor=0 scene=2262598 flat=74006 gouraud=0 chrome=286865 texture=1099437 furnace=0 embers=124664 bloom=0 veil=837 titles=1404 fade=206 | setup=802288 total=2935373
T t=211.9 bar=110 ph=14 the spine | render ms 9.64/9.72/9.97 | fps 59.7 | hold 1 miss 0 late 0 | gap ms 16.73 | under 0 fill 464 | copy 2420 cy/line 34.70 Mcy/s | synth 3015 cy/pump 43.24 Mcy/s 1801 cy/sample | tri 652 px 6966 part 115 ch 6 | AHASH s=5064000 87a5ee77
PROF T t=211 ph=14 the spine frames=60 | clear=44661 sky=500962 floor=0 scene=2215308 flat=64791 gouraud=0 chrome=283885 texture=1063684 furnace=0 embers=124047 bloom=0 veil=850 titles=1413 fade=214 | setup=802947 total=2887458
T t=212.9 bar=110 ph=14 the spine | render ms 9.49/9.57/9.81 | fps 59.7 | hold 1 miss 0 late 0 | gap ms 16.73 | under 0 fill 464 | copy 2419 cy/line 34.69 Mcy/s | synth 3014 cy/pump 43.23 Mcy/s 1801 cy/sample | tri 652 px 6537 part 115 ch 6 | AHASH s=5088000 949206dd
PROF T t=212 ph=14 the spine frames=60 | clear=44730 sky=500859 floor=0 scene=2170647 flat=56648 gouraud=0 chrome=281484 texture=1030060 furnace=0 embers=123947 bloom=0 veil=850 titles=1407 fade=211 | setup=802454 total=2842653
T t=213.9 bar=111 ph=14 the spine | render ms 9.40/10.87/13.78 | fps 59.7 | hold 1 miss 0 late 0 | gap ms 16.73 | under 0 fill 464 | copy 2433 cy/line 34.89 Mcy/s | synth 3017 cy/pump 43.26 Mcy/s 1802 cy/sample | tri 654 px 7579 part 115 ch 6 | AHASH s=5112000 c792daea
PROF T t=213 ph=14 the spine frames=60 | clear=44759 sky=500384 floor=0 scene=2130620 flat=50936 gouraud=0 chrome=276435 texture=1062676 furnace=0 embers=125025 bloom=0 veil=430214 titles=1389 fade=211 | setup=740572 total=3232606
T t=214.9 bar=111 ph=14 the spine | render ms 13.74/14.68/15.36 | fps 59.7 | hold 1 miss 0 late 0 | gap ms 16.73 | under 0 fill 464 | copy 2471 cy/line 35.43 Mcy/s | synth 3027 cy/pump 43.41 Mcy/s 1809 cy/sample | tri 656 px 14340 part 115 ch 6 | AHASH s=5136000 82409aa2
PROF T t=214 ph=14 the spine frames=60 | clear=44749 sky=501922 floor=0 scene=2089029 flat=44114 gouraud=0 chrome=273548 texture=1485764 furnace=0 embers=126386 bloom=0 veil=1613038 titles=1419 fade=217 | setup=285603 total=4376761
PHRASE t=215.0 bar=112 ph=15 the crown | render ms 9.40/11.84/15.65 | fps 59.7 | hold 1 miss 0 late 0 | gap ms 16.73 | under 0 fill 464 | copy 2438 cy/line 34.96 Mcy/s | synth 3024 cy/pump 43.36 Mcy/s 1807 cy/sample | tri 36 px 27451 part 115 ch 7 | AHASH s=5160000 708f258d
PROF PHRASE t=215 ph=15 the crown frames=918 | clear=44742 sky=505606 floor=0 scene=2696970 flat=88817 gouraud=0 chrome=337310 texture=1512112 furnace=0 embers=126145 bloom=0 veil=148209 titles=1417 fade=214 | setup=758729 total=3523306
T t=215.9 bar=112 ph=15 the crown | render ms 12.00/13.10/15.50 | fps 59.7 | hold 1 miss 0 late 0 | gap ms 16.73 | under 0 fill 464 | copy 2490 cy/line 35.72 Mcy/s | synth 3030 cy/pump 43.45 Mcy/s 1810 cy/sample | tri 36 px 21689 part 115 ch 7 | AHASH s=5160000 708f258d
PROF T t=215 ph=15 the crown frames=60 | clear=44863 sky=487434 floor=0 scene=1543390 flat=105965 gouraud=0 chrome=27466 texture=1849584 furnace=0 embers=128669 bloom=0 veil=1696382 titles=1312 fade=212 | setup=0 total=3902266
T t=216.9 bar=112 ph=15 the crown | render ms 7.31/9.66/12.26 | fps 59.7 | hold 1 miss 0 late 0 | gap ms 16.73 | under 0 fill 464 | copy 2461 cy/line 35.30 Mcy/s | synth 3023 cy/pump 43.36 Mcy/s 1806 cy/sample | tri 32 px 18811 part 115 ch 7 | AHASH s=5184000 7cd93894
PROF T t=216 ph=15 the crown frames=60 | clear=44721 sky=484575 floor=0 scene=1486509 flat=113535 gouraud=0 chrome=0 texture=1417409 furnace=0 embers=128816 bloom=0 veil=707104 titles=18851 fade=210 | setup=0 total=2870789
T t=217.9 bar=113 ph=15 the crown | render ms 7.30/7.34/7.52 | fps 59.7 | hold 1 miss 0 late 0 | gap ms 16.73 | under 0 fill 464 | copy 2437 cy/line 34.95 Mcy/s | synth 3016 cy/pump 43.26 Mcy/s 1802 cy/sample | tri 32 px 18820 part 115 ch 7 | AHASH s=5208000 9aba97dc
PROF T t=217 ph=15 the crown frames=60 | clear=44708 sky=484419 floor=0 scene=1487759 flat=113424 gouraud=0 chrome=0 texture=1294764 furnace=0 embers=127893 bloom=0 veil=858 titles=28299 fade=202 | setup=79569 total=2174141
T t=218.9 bar=114 ph=15 the crown | render ms 7.31/7.34/7.53 | fps 59.7 | hold 1 miss 0 late 0 | gap ms 16.73 | under 0 fill 464 | copy 2436 cy/line 34.94 Mcy/s | synth 3017 cy/pump 43.27 Mcy/s 1802 cy/sample | tri 32 px 18813 part 115 ch 7 | AHASH s=5232000 a7d6fe01
PROF T t=218 ph=15 the crown frames=60 | clear=44688 sky=484922 floor=0 scene=1487425 flat=113321 gouraud=0 chrome=0 texture=1294151 furnace=0 embers=129463 bloom=0 veil=864 titles=28219 fade=212 | setup=79953 total=2175794
T t=219.9 bar=114 ph=15 the crown | render ms 7.30/7.34/7.51 | fps 59.7 | hold 1 miss 0 late 0 | gap ms 16.73 | under 0 fill 464 | copy 2437 cy/line 34.95 Mcy/s | synth 3018 cy/pump 43.28 Mcy/s 1803 cy/sample | tri 32 px 18815 part 115 ch 7 | AHASH s=5256000 8deb41c9
PROF T t=219 ph=15 the crown frames=60 | clear=44715 sky=484708 floor=0 scene=1486710 flat=112689 gouraud=0 chrome=0 texture=1294188 furnace=0 embers=128851 bloom=0 veil=844 titles=28285 fade=206 | setup=79831 total=2174322
T t=220.9 bar=115 ph=15 the crown | render ms 7.29/7.34/7.51 | fps 59.7 | hold 1 miss 0 late 0 | gap ms 16.73 | under 0 fill 464 | copy 2437 cy/line 34.94 Mcy/s | synth 3019 cy/pump 43.29 Mcy/s 1804 cy/sample | tri 32 px 18802 part 115 ch 7 | AHASH s=5280000 cbd7f221
PROF T t=220 ph=15 the crown frames=60 | clear=44723 sky=484903 floor=0 scene=1486986 flat=113185 gouraud=0 chrome=0 texture=1293679 furnace=0 embers=128471 bloom=0 veil=834 titles=28286 fade=211 | setup=80121 total=2174417
T t=221.9 bar=115 ph=15 the crown | render ms 7.29/7.33/7.48 | fps 59.7 | hold 1 miss 0 late 0 | gap ms 16.73 | under 0 fill 464 | copy 2437 cy/line 34.95 Mcy/s | synth 3019 cy/pump 43.29 Mcy/s 1803 cy/sample | tri 32 px 18810 part 115 ch 7 | AHASH s=5304000 dc9eb509
PROF T t=221 ph=15 the crown frames=60 | clear=44696 sky=484204 floor=0 scene=1486865 flat=112887 gouraud=0 chrome=0 texture=1294261 furnace=0 embers=127760 bloom=0 veil=848 titles=28264 fade=217 | setup=79716 total=2172857
T t=222.9 bar=116 ph=15 the crown | render ms 7.30/7.33/7.52 | fps 59.7 | hold 1 miss 0 late 0 | gap ms 16.73 | under 0 fill 464 | copy 2436 cy/line 34.94 Mcy/s | synth 3018 cy/pump 43.29 Mcy/s 1803 cy/sample | tri 32 px 18814 part 115 ch 7 | AHASH s=5352000 2435ec76
PROF T t=222 ph=15 the crown frames=60 | clear=44691 sky=484910 floor=0 scene=1486623 flat=112823 gouraud=0 chrome=0 texture=1293832 furnace=0 embers=126233 bloom=0 veil=869 titles=28243 fade=217 | setup=79967 total=2171788
T t=223.9 bar=116 ph=15 the crown | render ms 7.29/7.32/7.51 | fps 59.7 | hold 1 miss 0 late 0 | gap ms 16.73 | under 0 fill 464 | copy 2437 cy/line 34.94 Mcy/s | synth 3016 cy/pump 43.26 Mcy/s 1802 cy/sample | tri 32 px 18803 part 115 ch 7 | AHASH s=5376000 3cd040bd
PROF T t=223 ph=15 the crown frames=60 | clear=44697 sky=484202 floor=0 scene=1485762 flat=112854 gouraud=0 chrome=0 texture=1293583 furnace=0 embers=125412 bloom=0 veil=859 titles=28305 fade=206 | setup=79324 total=2169447
T t=224.9 bar=117 ph=15 the crown | render ms 7.22/7.30/7.50 | fps 59.7 | hold 1 miss 0 late 0 | gap ms 16.73 | under 0 fill 464 | copy 2437 cy/line 34.95 Mcy/s | synth 3015 cy/pump 43.24 Mcy/s 1801 cy/sample | tri 32 px 18803 part 115 ch 7 | AHASH s=5400000 290ccdfd
PROF T t=224 ph=15 the crown frames=60 | clear=44702 sky=484275 floor=0 scene=1486231 flat=113184 gouraud=0 chrome=0 texture=1293760 furnace=0 embers=128003 bloom=0 veil=846 titles=19278 fade=208 | setup=79285 total=2163546
T t=225.9 bar=117 ph=15 the crown | render ms 7.20/7.24/7.42 | fps 59.7 | hold 1 miss 0 late 0 | gap ms 16.73 | under 0 fill 464 | copy 2437 cy/line 34.95 Mcy/s | synth 3014 cy/pump 43.23 Mcy/s 1801 cy/sample | tri 32 px 18814 part 115 ch 7 | AHASH s=5424000 d6d55e3e
PROF T t=225 ph=15 the crown frames=60 | clear=44716 sky=483230 floor=0 scene=1484366 flat=112783 gouraud=0 chrome=0 texture=1292363 furnace=0 embers=130945 bloom=0 veil=838 titles=1420 fade=210 | setup=79219 total=2145729
T t=226.9 bar=118 ph=15 the crown | render ms 7.21/7.24/7.42 | fps 59.7 | hold 1 miss 0 late 0 | gap ms 16.73 | under 0 fill 464 | copy 2437 cy/line 34.95 Mcy/s | synth 3015 cy/pump 43.24 Mcy/s 1801 cy/sample | tri 32 px 18821 part 115 ch 7 | AHASH s=5448000 752152cf
PROF T t=226 ph=15 the crown frames=60 | clear=44700 sky=483447 floor=0 scene=1484161 flat=112764 gouraud=0 chrome=0 texture=1292267 furnace=0 embers=129536 bloom=0 veil=852 titles=1407 fade=215 | setup=79128 total=2144321
T t=227.9 bar=118 ph=15 the crown | render ms 7.20/7.23/7.41 | fps 59.7 | hold 1 miss 0 late 0 | gap ms 16.73 | under 0 fill 464 | copy 2437 cy/line 34.95 Mcy/s | synth 3019 cy/pump 43.29 Mcy/s 1803 cy/sample | tri 32 px 18834 part 115 ch 7 | AHASH s=5472000 141e2680
PROF T t=227 ph=15 the crown frames=60 | clear=44727 sky=483305 floor=0 scene=1484446 flat=112679 gouraud=0 chrome=0 texture=1292505 furnace=0 embers=128551 bloom=0 veil=850 titles=1388 fade=201 | setup=79262 total=2143471
T t=228.9 bar=119 ph=15 the crown | render ms 7.21/7.24/7.42 | fps 59.7 | hold 1 miss 0 late 0 | gap ms 16.73 | under 0 fill 464 | copy 2437 cy/line 34.95 Mcy/s | synth 3014 cy/pump 43.22 Mcy/s 1801 cy/sample | tri 32 px 18837 part 115 ch 7 | AHASH s=5496000 4c6b10cb
PROF T t=228 ph=15 the crown frames=60 | clear=44667 sky=483141 floor=0 scene=1485413 flat=112669 gouraud=0 chrome=0 texture=1293325 furnace=0 embers=130020 bloom=0 veil=850 titles=1410 fade=200 | setup=79417 total=2145704
T t=229.9 bar=119 ph=15 the crown | render ms 7.20/7.23/7.41 | fps 59.7 | hold 1 miss 0 late 0 | gap ms 16.73 | under 0 fill 464 | copy 2437 cy/line 34.95 Mcy/s | synth 3017 cy/pump 43.26 Mcy/s 1802 cy/sample | tri 32 px 18844 part 115 ch 7 | AHASH s=5520000 b862e7f1
PROF T t=229 ph=15 the crown frames=60 | clear=44714 sky=482795 floor=0 scene=1484947 flat=112577 gouraud=0 chrome=0 texture=1293622 furnace=0 embers=128654 bloom=0 veil=866 titles=1419 fade=209 | setup=78747 total=2143606
PHRASE t=230.4 bar=120 ph=16 the crown | render ms 7.20/7.77/13.46 | fps 59.7 | hold 1 miss 0 late 0 | gap ms 16.73 | under 0 fill 464 | copy 2442 cy/line 35.02 Mcy/s | synth 3018 cy/pump 43.28 Mcy/s 1803 cy/sample | tri 32 px 18842 part 115 ch 7 | AHASH s=5520000 b862e7f1
PROF PHRASE t=230 ph=16 the crown frames=918 | clear=44714 sky=484125 floor=0 scene=1485945 flat=112978 gouraud=0 chrome=0 texture=1334792 furnace=0 embers=128461 bloom=0 veil=143910 titles=16000 fade=209 | setup=38174 total=2303368
T t=230.9 bar=120 ph=16 the crown | render ms 7.20/7.24/7.42 | fps 59.7 | hold 1 miss 0 late 0 | gap ms 16.73 | under 0 fill 464 | copy 2437 cy/line 34.95 Mcy/s | synth 3016 cy/pump 43.26 Mcy/s 1802 cy/sample | tri 32 px 18859 part 115 ch 7 | AHASH s=5544000 84661a73
PROF T t=230 ph=16 the crown frames=60 | clear=44814 sky=484110 floor=0 scene=1485683 flat=112639 gouraud=0 chrome=0 texture=1294200 furnace=0 embers=127223 bloom=0 veil=847 titles=1394 fade=209 | setup=78843 total=2144284
T t=232.0 bar=120 ph=16 the crown | render ms 7.20/7.24/7.41 | fps 59.7 | hold 1 miss 0 late 0 | gap ms 16.73 | under 0 fill 464 | copy 2436 cy/line 34.94 Mcy/s | synth 3017 cy/pump 43.27 Mcy/s 1803 cy/sample | tri 32 px 18869 part 115 ch 7 | AHASH s=5568000 681533e2
PROF T t=232 ph=16 the crown frames=60 | clear=44684 sky=483117 floor=0 scene=1487196 flat=112619 gouraud=0 chrome=0 texture=1295221 furnace=0 embers=127695 bloom=0 veil=858 titles=1396 fade=212 | setup=79354 total=2145159
T t=233.0 bar=121 ph=16 the crown | render ms 7.21/7.24/7.41 | fps 59.7 | hold 1 miss 0 late 0 | gap ms 16.73 | under 0 fill 464 | copy 2437 cy/line 34.95 Mcy/s | synth 3017 cy/pump 43.27 Mcy/s 1803 cy/sample | tri 32 px 18881 part 115 ch 7 | AHASH s=5592000 64407f3f
PROF T t=233 ph=16 the crown frames=60 | clear=44724 sky=483608 floor=0 scene=1488547 flat=112535 gouraud=0 chrome=0 texture=1296200 furnace=0 embers=126818 bloom=0 veil=839 titles=1400 fade=216 | setup=79810 total=2146154
T t=234.0 bar=121 ph=16 the crown | render ms 7.21/7.25/7.45 | fps 59.7 | hold 1 miss 0 late 0 | gap ms 16.73 | under 0 fill 464 | copy 2437 cy/line 34.94 Mcy/s | synth 3017 cy/pump 43.27 Mcy/s 1803 cy/sample | tri 32 px 18892 part 115 ch 7 | AHASH s=5616000 7c38cb85
PROF T t=234 ph=16 the crown frames=60 | clear=44692 sky=483038 floor=0 scene=1489228 flat=112592 gouraud=0 chrome=0 texture=1297036 furnace=0 embers=128419 bloom=0 veil=860 titles=1408 fade=213 | setup=79599 total=2147860
T t=235.0 bar=122 ph=16 the crown | render ms 7.22/7.25/7.42 | fps 59.7 | hold 1 miss 0 late 0 | gap ms 16.73 | under 0 fill 464 | copy 2437 cy/line 34.95 Mcy/s | synth 3018 cy/pump 43.29 Mcy/s 1803 cy/sample | tri 32 px 18906 part 115 ch 7 | AHASH s=5640000 9db84134
PROF T t=235 ph=16 the crown frames=60 | clear=44704 sky=483288 floor=0 scene=1490209 flat=112902 gouraud=0 chrome=0 texture=1297871 furnace=0 embers=128815 bloom=0 veil=847 titles=1406 fade=223 | setup=79435 total=2149495
T t=236.0 bar=122 ph=16 the crown | render ms 7.22/7.25/7.44 | fps 59.7 | hold 1 miss 0 late 0 | gap ms 16.73 | under 0 fill 464 | copy 2437 cy/line 34.95 Mcy/s | synth 3020 cy/pump 43.31 Mcy/s 1804 cy/sample | tri 32 px 18926 part 115 ch 7 | AHASH s=5664000 6c183dfc
PROF T t=236 ph=16 the crown frames=60 | clear=44721 sky=482890 floor=0 scene=1490811 flat=112464 gouraud=0 chrome=0 texture=1298704 furnace=0 embers=128776 bloom=0 veil=856 titles=1405 fade=208 | setup=79643 total=2149670
T t=237.0 bar=123 ph=16 the crown | render ms 7.23/7.26/7.45 | fps 59.7 | hold 1 miss 0 late 0 | gap ms 16.73 | under 0 fill 464 | copy 2437 cy/line 34.94 Mcy/s | synth 3019 cy/pump 43.30 Mcy/s 1804 cy/sample | tri 32 px 18946 part 115 ch 7 | AHASH s=5688000 05d539ef
PROF T t=237 ph=16 the crown frames=60 | clear=44654 sky=482799 floor=0 scene=1492611 flat=112429 gouraud=0 chrome=0 texture=1300509 furnace=0 embers=129198 bloom=0 veil=852 titles=1389 fade=203 | setup=79671 total=2151709
T t=238.0 bar=123 ph=16 the crown | render ms 7.24/7.26/7.43 | fps 59.7 | hold 1 miss 0 late 0 | gap ms 16.73 | under 0 fill 464 | copy 2437 cy/line 34.95 Mcy/s | synth 3019 cy/pump 43.30 Mcy/s 1804 cy/sample | tri 32 px 18960 part 115 ch 7 | AHASH s=5712000 31cbeeea
PROF T t=238 ph=16 the crown frames=60 | clear=44657 sky=482889 floor=0 scene=1493699 flat=112399 gouraud=0 chrome=0 texture=1301492 furnace=0 embers=128752 bloom=0 veil=856 titles=1427 fade=202 | setup=79808 total=2152485
T t=239.0 bar=124 ph=16 the crown | render ms 7.24/7.27/7.44 | fps 59.7 | hold 1 miss 0 late 0 | gap ms 16.73 | under 0 fill 464 | copy 2437 cy/line 34.95 Mcy/s | synth 3021 cy/pump 43.32 Mcy/s 1805 cy/sample | tri 32 px 18974 part 115 ch 7 | AHASH s=5736000 c81eba09
PROF T t=239 ph=16 the crown frames=60 | clear=44701 sky=483096 floor=0 scene=1494845 flat=112886 gouraud=0 chrome=0 texture=1301825 furnace=0 embers=128200 bloom=0 veil=861 titles=1398 fade=210 | setup=80133 total=2153313
T t=240.0 bar=125 ph=16 the crown | render ms 7.22/7.27/7.46 | fps 59.7 | hold 1 miss 0 late 0 | gap ms 16.73 | under 0 fill 464 | copy 2437 cy/line 34.95 Mcy/s | synth 3019 cy/pump 43.29 Mcy/s 1804 cy/sample | tri 32 px 18993 part 115 ch 7 | AHASH s=5760000 2c68c39b
PROF T t=240 ph=16 the crown frames=60 | clear=44657 sky=482768 floor=0 scene=1495125 flat=112358 gouraud=0 chrome=0 texture=1302868 furnace=0 embers=128605 bloom=0 veil=856 titles=1412 fade=222 | setup=79898 total=2153647
T t=241.0 bar=125 ph=16 the crown | render ms 7.23/7.27/7.45 | fps 59.7 | hold 1 miss 0 late 0 | gap ms 16.73 | under 0 fill 464 | copy 2437 cy/line 34.95 Mcy/s | synth 3017 cy/pump 43.27 Mcy/s 1803 cy/sample | tri 32 px 19000 part 115 ch 7 | AHASH s=5784000 41cf35c7
PROF T t=241 ph=16 the crown frames=60 | clear=44754 sky=482940 floor=0 scene=1495577 flat=111941 gouraud=0 chrome=0 texture=1303661 furnace=0 embers=128100 bloom=0 veil=866 titles=1407 fade=202 | setup=79974 total=2153849
T t=242.0 bar=126 ph=16 the crown | render ms 7.24/7.27/7.47 | fps 59.7 | hold 1 miss 0 late 0 | gap ms 16.73 | under 0 fill 464 | copy 2437 cy/line 34.95 Mcy/s | synth 3019 cy/pump 43.29 Mcy/s 1804 cy/sample | tri 32 px 19014 part 115 ch 7 | AHASH s=5808000 32b03b3d
PROF T t=242 ph=16 the crown frames=60 | clear=44729 sky=483262 floor=0 scene=1495855 flat=112659 gouraud=0 chrome=0 texture=1303680 furnace=0 embers=127521 bloom=0 veil=864 titles=1379 fade=203 | setup=79515 total=2153817
T t=243.0 bar=126 ph=16 the crown | render ms 7.25/7.27/7.44 | fps 59.7 | hold 1 miss 0 late 0 | gap ms 16.73 | under 0 fill 464 | copy 2437 cy/line 34.95 Mcy/s | synth 3021 cy/pump 43.33 Mcy/s 1805 cy/sample | tri 32 px 19017 part 115 ch 7 | AHASH s=5832000 f1d57bbc
PROF T t=243 ph=16 the crown frames=60 | clear=44708 sky=483250 floor=0 scene=1497362 flat=112755 gouraud=0 chrome=0 texture=1304759 furnace=0 embers=127123 bloom=0 veil=859 titles=1412 fade=206 | setup=79848 total=2154924
T t=244.0 bar=127 ph=16 the crown | render ms 7.24/7.27/7.45 | fps 59.7 | hold 1 miss 0 late 0 | gap ms 16.73 | under 0 fill 464 | copy 2437 cy/line 34.95 Mcy/s | synth 3022 cy/pump 43.34 Mcy/s 1805 cy/sample | tri 32 px 19040 part 115 ch 7 | AHASH s=5856000 1e801b8d
PROF T t=244 ph=16 the crown frames=60 | clear=44587 sky=483114 floor=0 scene=1497046 flat=111274 gouraud=0 chrome=0 texture=1305995 furnace=0 embers=128371 bloom=0 veil=844 titles=1396 fade=211 | setup=79777 total=2155573
T t=245.0 bar=127 ph=16 the crown | render ms 7.25/10.65/12.56 | fps 59.7 | hold 1 miss 0 late 0 | gap ms 16.73 | under 0 fill 464 | copy 2472 cy/line 35.45 Mcy/s | synth 3027 cy/pump 43.41 Mcy/s 1808 cy/sample | tri 36 px 23838 part 115 ch 7 | AHASH s=5880000 a4ba12db
PROF T t=245 ph=16 the crown frames=60 | clear=44711 sky=483428 floor=0 scene=1497664 flat=112714 gouraud=0 chrome=0 texture=1515784 furnace=0 embers=126637 bloom=0 veil=1015434 titles=1406 fade=214 | setup=0 total=3169497
PHRASE t=245.7 bar=128 ph=17 the colossus | render ms 7.20/7.76/26.84 | fps 59.6 | hold 2 miss 0 late 1 | gap ms 33.47 | under 0 fill 464 | copy 2442 cy/line 35.02 Mcy/s | synth 3020 cy/pump 43.31 Mcy/s 1804 cy/sample | tri 500 px 44419 part 115 ch 8 | AHASH s=5880000 a4ba12db
PROF PHRASE t=245 ph=17 the colossus frames=917 | clear=44698 sky=483224 floor=1357 scene=1496185 flat=112417 gouraud=0 chrome=581 texture=1345349 furnace=0 embers=128038 bloom=0 veil=146620 titles=1403 fade=210 | setup=37836 total=2301737
T t=246.0 bar=128 ph=17 the colossus | render ms 12.55/15.76/27.10 | fps 49.9 | hold 2 miss 0 late 10 | gap ms 33.47 | under 0 fill 464 | copy 2487 cy/line 35.67 Mcy/s | synth 3029 cy/pump 43.44 Mcy/s 1810 cy/sample | tri 496 px 43251 part 115 ch 8 | AHASH s=5904000 c4f406e2
PROF T t=246 ph=17 the colossus frames=51 | clear=44859 sky=494335 floor=243252 scene=2044347 flat=101912 gouraud=0 chrome=104011 texture=2289746 furnace=0 embers=127835 bloom=0 veil=1745877 titles=1346 fade=210 | setup=0 total=4702066
T t=247.0 bar=128 ph=17 the colossus | render ms 24.86/25.88/26.83 | fps 29.8 | hold 2 miss 0 late 30 | gap ms 33.47 | under 0 fill 464 | copy 2474 cy/line 35.48 Mcy/s | synth 3015 cy/pump 43.24 Mcy/s 1801 cy/sample | tri 496 px 36786 part 115 ch 8 | AHASH s=5928000 383eb593
PROF T t=247 ph=17 the colossus frames=30 | clear=44781 sky=533877 floor=1239483 scene=4303006 flat=52912 gouraud=0 chrome=531624 texture=3508267 furnace=0 embers=125030 bloom=0 veil=1488662 titles=1037 fade=197 | setup=210201 total=7736078
T t=248.0 bar=129 ph=17 the colossus | render ms 21.20/21.91/24.77 | fps 29.8 | hold 2 miss 0 late 30 | gap ms 33.47 | under 0 fill 464 | copy 2454 cy/line 35.19 Mcy/s | synth 3011 cy/pump 43.18 Mcy/s 1799 cy/sample | tri 486 px 36765 part 115 ch 8 | AHASH s=5952000 baab71cd
PROF T t=248 ph=17 the colossus frames=30 | clear=44582 sky=532344 floor=1240455 scene=4449937 flat=49963 gouraud=0 chrome=577412 texture=3215995 furnace=0 embers=124797 bloom=0 veil=150232 titles=1046 fade=215 | setup=606566 total=6543612
T t=249.0 bar=129 ph=17 the colossus | render ms 21.70/21.92/22.08 | fps 29.8 | hold 2 miss 0 late 30 | gap ms 33.47 | under 0 fill 464 | copy 2454 cy/line 35.19 Mcy/s | synth 3013 cy/pump 43.21 Mcy/s 1800 cy/sample | tri 484 px 34951 part 115 ch 8 | AHASH s=5976000 8380b23d
PROF T t=249 ph=17 the colossus frames=30 | clear=44826 sky=532523 floor=1241017 scene=4601013 flat=46351 gouraud=0 chrome=662927 texture=3270315 furnace=0 embers=126396 bloom=0 veil=869 titles=1042 fade=219 | setup=621419 total=6547908
T t=250.0 bar=130 ph=17 the colossus | render ms 21.38/21.76/21.97 | fps 29.8 | hold 2 miss 0 late 30 | gap ms 33.47 | under 0 fill 464 | copy 2453 cy/line 35.18 Mcy/s | synth 3013 cy/pump 43.20 Mcy/s 1800 cy/sample | tri 476 px 31387 part 115 ch 8 | AHASH s=6000000 138c9b24
PROF T t=250 ph=17 the colossus frames=30 | clear=44866 sky=532760 floor=1240742 scene=4551281 flat=42421 gouraud=0 chrome=684026 texture=3200928 furnace=0 embers=126910 bloom=0 veil=881 titles=1051 fade=219 | setup=623905 total=6498712
T t=251.0 bar=130 ph=17 the colossus | render ms 20.01/20.66/21.43 | fps 29.8 | hold 2 miss 0 late 30 | gap ms 33.47 | under 0 fill 464 | copy 2448 cy/line 35.11 Mcy/s | synth 3015 cy/pump 43.24 Mcy/s 1801 cy/sample | tri 476 px 26496 part 115 ch 8 | AHASH s=6024000 47ca3d94
PROF T t=251 ph=17 the colossus frames=30 | clear=44765 sky=532540 floor=1241280 scene=4222463 flat=38403 gouraud=0 chrome=632016 texture=2929516 furnace=0 embers=127019 bloom=0 veil=878 titles=1055 fade=218 | setup=622527 total=6170222
T t=252.0 bar=131 ph=17 the colossus | render ms 18.88/19.42/20.02 | fps 29.8 | hold 2 miss 0 late 30 | gap ms 33.47 | under 0 fill 464 | copy 2444 cy/line 35.05 Mcy/s | synth 3009 cy/pump 43.15 Mcy/s 1798 cy/sample | tri 480 px 22340 part 115 ch 8 | AHASH s=6048000 8b47c525
PROF T t=252 ph=17 the colossus frames=30 | clear=44859 sky=532783 floor=1241152 scene=3851291 flat=35268 gouraud=0 chrome=578046 texture=2615192 furnace=0 embers=125600 bloom=0 veil=877 titles=1039 fade=204 | setup=622784 total=5797809
T t=253.0 bar=131 ph=17 the colossus | render ms 18.05/18.42/18.91 | fps 29.8 | hold 2 miss 0 late 30 | gap ms 33.47 | under 0 fill 464 | copy 2442 cy/line 35.02 Mcy/s | synth 3008 cy/pump 43.13 Mcy/s 1797 cy/sample | tri 478 px 19328 part 115 ch 8 | AHASH s=6072000 f3391ce0
PROF T t=253 ph=17 the colossus frames=30 | clear=44879 sky=532175 floor=1241502 scene=3551476 flat=26691 gouraud=0 chrome=533908 texture=2368871 furnace=0 embers=126333 bloom=0 veil=873 titles=1041 fade=210 | setup=622004 total=5498492
T t=254.0 bar=132 ph=17 the colossus | render ms 17.48/17.79/18.15 | fps 29.8 | hold 2 miss 0 late 30 | gap ms 33.47 | under 0 fill 464 | copy 2441 cy/line 35.01 Mcy/s | synth 3005 cy/pump 43.09 Mcy/s 1795 cy/sample | tri 470 px 17068 part 115 ch 8 | AHASH s=6096000 de4ce337
PROF T t=254 ph=17 the colossus frames=30 | clear=44842 sky=532755 floor=1256233 scene=3346663 flat=24212 gouraud=0 chrome=494234 texture=2207797 furnace=0 embers=127693 bloom=0 veil=854 titles=1037 fade=204 | setup=620418 total=5310283
T t=255.0 bar=132 ph=17 the colossus | render ms 16.96/17.17/17.60 | fps 29.8 | hold 2 miss 0 late 30 | gap ms 33.47 | under 0 fill 464 | copy 2440 cy/line 35.00 Mcy/s | synth 3007 cy/pump 43.12 Mcy/s 1796 cy/sample | tri 436 px 15495 part 115 ch 8 | AHASH s=6120000 a8a5e1d0
PROF T t=255 ph=17 the colossus frames=30 | clear=44844 sky=532502 floor=1280753 scene=3134790 flat=22479 gouraud=0 chrome=447241 texture=2049056 furnace=0 embers=127507 bloom=0 veil=896 titles=1039 fade=220 | setup=616013 total=5122554
T t=256.1 bar=133 ph=17 the colossus | render ms 16.42/16.66/17.07 | fps 44.8 | hold 2 miss 0 late 15 | gap ms 33.47 | under 0 fill 464 | copy 2457 cy/line 35.23 Mcy/s | synth 3028 cy/pump 43.42 Mcy/s 1809 cy/sample | tri 432 px 13846 part 115 ch 8 | AHASH s=6144000 59f4b5c6
PROF T t=256 ph=17 the colossus frames=45 | clear=44771 sky=531960 floor=1295620 scene=2967927 flat=21533 gouraud=0 chrome=421572 texture=1909761 furnace=0 embers=127862 bloom=0 veil=862 titles=1039 fade=220 | setup=615059 total=4970264
T t=257.1 bar=133 ph=17 the colossus | render ms 16.08/16.27/16.52 | fps 58.7 | hold 2 miss 0 late 1 | gap ms 33.47 | under 0 fill 464 | copy 2469 cy/line 35.41 Mcy/s | synth 3051 cy/pump 43.75 Mcy/s 1823 cy/sample | tri 450 px 12739 part 115 ch 8 | AHASH s=6168000 2863794b
PROF T t=257 ph=17 the colossus frames=59 | clear=44722 sky=531628 floor=1291428 scene=2855450 flat=20473 gouraud=0 chrome=398808 texture=1820582 furnace=0 embers=128249 bloom=0 veil=865 titles=1038 fade=221 | setup=615586 total=4853604
T t=258.1 bar=134 ph=17 the colossus | render ms 16.00/16.09/16.25 | fps 58.7 | hold 2 miss 0 late 1 | gap ms 33.47 | under 0 fill 464 | copy 2469 cy/line 35.40 Mcy/s | synth 3048 cy/pump 43.72 Mcy/s 1821 cy/sample | tri 474 px 12017 part 115 ch 8 | AHASH s=6192000 79d74958
PROF T t=258 ph=17 the colossus frames=59 | clear=44708 sky=531778 floor=1286103 scene=2808675 flat=19652 gouraud=0 chrome=402457 texture=1767153 furnace=0 embers=125864 bloom=0 veil=875 titles=1036 fade=211 | setup=619411 total=4799255
T t=259.1 bar=134 ph=17 the colossus | render ms 15.87/15.92/16.12 | fps 58.7 | hold 2 miss 0 late 1 | gap ms 33.47 | under 0 fill 464 | copy 2465 cy/line 35.36 Mcy/s | synth 3046 cy/pump 43.68 Mcy/s 1820 cy/sample | tri 474 px 11721 part 115 ch 8 | AHASH s=6216000 48d65178
PROF T t=259 ph=17 the colossus frames=59 | clear=44668 sky=531216 floor=1282359 scene=2761673 flat=18600 gouraud=0 chrome=400880 texture=1723555 furnace=0 embers=125097 bloom=0 veil=879 titles=1041 fade=211 | setup=618636 total=4747147
T t=260.1 bar=135 ph=17 the colossus | render ms 15.87/15.90/15.99 | fps 58.7 | hold 2 miss 0 late 1 | gap ms 33.47 | under 0 fill 464 | copy 2467 cy/line 35.37 Mcy/s | synth 3048 cy/pump 43.71 Mcy/s 1821 cy/sample | tri 474 px 11723 part 115 ch 8 | AHASH s=6240000 a573fad9
PROF T t=260 ph=17 the colossus frames=59 | clear=44730 sky=530464 floor=1282841 scene=2755584 flat=18599 gouraud=0 chrome=399830 texture=1718046 furnace=0 embers=126167 bloom=0 veil=875 titles=1037 fade=208 | setup=619107 total=4741910
PHRASE t=261.1 bar=136 ph=18 the colossus | render ms 15.87/18.20/27.10 | fps 40.2 | hold 2 miss 0 late 299 | gap ms 33.47 | under 0 fill 464 | copy 2456 cy/line 35.23 Mcy/s | synth 3024 cy/pump 43.37 Mcy/s 1807 cy/sample | tri 474 px 11702 part 115 ch 8 | AHASH s=6264000 695c5400
PROF PHRASE t=261 ph=18 the colossus frames=618 | clear=44767 sky=532009 floor=1268543 scene=3352762 flat=27973 gouraud=0 chrome=478489 texture=2257667 furnace=0 embers=126543 bloom=0 veil=106568 titles=1040 fade=213 | setup=588632 total=5432448
T t=261.1 bar=136 ph=18 the colossus | render ms 15.87/15.90/16.02 | fps 57.7 | hold 2 miss 0 late 2 | gap ms 33.47 | under 0 fill 464 | copy 2464 cy/line 35.33 Mcy/s | synth 3046 cy/pump 43.69 Mcy/s 1820 cy/sample | tri 474 px 11705 part 115 ch 8 | AHASH s=6264000 695c5400
PROF T t=261 ph=18 the colossus frames=59 | clear=44852 sky=531458 floor=1282690 scene=2755067 flat=18583 gouraud=0 chrome=400109 texture=1718229 furnace=0 embers=127027 bloom=0 veil=879 titles=1037 fade=213 | setup=618144 total=4743227
T t=262.1 bar=136 ph=18 the colossus | render ms 15.84/15.89/15.97 | fps 58.7 | hold 2 miss 0 late 1 | gap ms 33.47 | under 0 fill 464 | copy 2466 cy/line 35.37 Mcy/s | synth 3046 cy/pump 43.69 Mcy/s 1820 cy/sample | tri 474 px 11709 part 115 ch 8 | AHASH s=6288000 305069cf
PROF T t=262 ph=18 the colossus frames=59 | clear=44785 sky=531127 floor=1283104 scene=2751338 flat=18588 gouraud=0 chrome=399027 texture=1716038 furnace=0 embers=127324 bloom=0 veil=865 titles=1038 fade=211 | setup=617683 total=4739796
T t=263.1 bar=137 ph=18 the colossus | render ms 15.86/15.90/16.02 | fps 58.7 | hold 2 miss 0 late 1 | gap ms 33.47 | under 0 fill 464 | copy 2465 cy/line 35.35 Mcy/s | synth 3048 cy/pump 43.71 Mcy/s 1821 cy/sample | tri 474 px 11709 part 115 ch 8 | AHASH s=6312000 828dd9c1
PROF T t=263 ph=18 the colossus frames=59 | clear=44721 sky=531394 floor=1282754 scene=2753079 flat=18580 gouraud=0 chrome=399030 texture=1716441 furnace=0 embers=128202 bloom=0 veil=873 titles=1040 fade=212 | setup=619026 total=4742278
T t=264.1 bar=137 ph=18 the colossus | render ms 15.87/15.90/15.99 | fps 58.7 | hold 2 miss 0 late 1 | gap ms 33.47 | under 0 fill 464 | copy 2466 cy/line 35.36 Mcy/s | synth 3044 cy/pump 43.65 Mcy/s 1819 cy/sample | tri 474 px 11699 part 115 ch 8 | AHASH s=6336000 7059147f
PROF T t=264 ph=18 the colossus frames=59 | clear=44780 sky=531162 floor=1282217 scene=2751399 flat=18587 gouraud=0 chrome=399279 texture=1715391 furnace=0 embers=129275 bloom=0 veil=869 titles=1036 fade=201 | setup=618141 total=4740943
T t=265.1 bar=138 ph=18 the colossus | render ms 15.87/15.90/16.00 | fps 59.7 | hold 1 miss 0 late 0 | gap ms 16.73 | under 0 fill 464 | copy 2466 cy/line 35.37 Mcy/s | synth 3047 cy/pump 43.70 Mcy/s 1821 cy/sample | tri 474 px 11703 part 115 ch 8 | AHASH s=6360000 7aa6dded
PROF T t=265 ph=18 the colossus frames=60 | clear=44769 sky=531112 floor=1282614 scene=2752523 flat=18590 gouraud=0 chrome=399132 texture=1715881 furnace=0 embers=128547 bloom=0 veil=885 titles=1032 fade=218 | setup=618919 total=4741703
T t=266.1 bar=138 ph=18 the colossus | render ms 15.86/15.89/15.99 | fps 59.7 | hold 1 miss 0 late 0 | gap ms 16.73 | under 0 fill 464 | copy 2466 cy/line 35.37 Mcy/s | synth 3052 cy/pump 43.77 Mcy/s 1824 cy/sample | tri 474 px 11700 part 115 ch 8 | AHASH s=6384000 81e2d431
PROF T t=266 ph=18 the colossus frames=60 | clear=44755 sky=531165 floor=1282716 scene=2752869 flat=18579 gouraud=0 chrome=399240 texture=1716024 furnace=0 embers=126359 bloom=0 veil=887 titles=1042 fade=215 | setup=619025 total=4740012
T t=267.1 bar=139 ph=18 the colossus | render ms 15.85/16.08/16.90 | fps 48.9 | hold 2 miss 0 late 11 | gap ms 33.47 | under 0 fill 464 | copy 2454 cy/line 35.19 Mcy/s | synth 3034 cy/pump 43.50 Mcy/s 1812 cy/sample | tri 474 px 11700 part 115 ch 8 | AHASH s=6408000 ef30adf0
PROF T t=267 ph=18 the colossus frames=50 | clear=44754 sky=533242 floor=1282800 scene=2752764 flat=18580 gouraud=0 chrome=399166 texture=1716346 furnace=0 embers=124215 bloom=0 veil=884 titles=57155 fade=216 | setup=618670 total=4796033
T t=268.1 bar=139 ph=18 the colossus | render ms 16.85/16.88/16.95 | fps 29.8 | hold 2 miss 0 late 30 | gap ms 33.47 | under 0 fill 464 | copy 2434 cy/line 34.91 Mcy/s | synth 3011 cy/pump 43.17 Mcy/s 1799 cy/sample | tri 474 px 11706 part 115 ch 8 | AHASH s=6432000 60062f57
PROF T t=268 ph=18 the colossus frames=30 | clear=44915 sky=542845 floor=1284439 scene=2760284 flat=18582 gouraud=0 chrome=400246 texture=1721330 furnace=0 embers=121430 bloom=0 veil=885 titles=281423 fade=212 | setup=620125 total=5036437
T t=269.1 bar=140 ph=18 the colossus | render ms 16.85/16.88/16.97 | fps 29.8 | hold 2 miss 0 late 30 | gap ms 33.47 | under 0 fill 464 | copy 2433 cy/line 34.90 Mcy/s | synth 3009 cy/pump 43.16 Mcy/s 1798 cy/sample | tri 474 px 11705 part 115 ch 8 | AHASH s=6456000 7b930143
PROF T t=269 ph=18 the colossus frames=30 | clear=44886 sky=542794 floor=1284245 scene=2760100 flat=18580 gouraud=0 chrome=400433 texture=1721793 furnace=0 embers=119729 bloom=0 veil=889 titles=281100 fade=218 | setup=619293 total=5033965
T t=270.1 bar=140 ph=18 the colossus | render ms 16.86/16.89/16.97 | fps 29.8 | hold 2 miss 0 late 30 | gap ms 33.47 | under 0 fill 464 | copy 2434 cy/line 34.91 Mcy/s | synth 3012 cy/pump 43.19 Mcy/s 1799 cy/sample | tri 474 px 11732 part 115 ch 8 | AHASH s=6480000 2adcb194
PROF T t=270 ph=18 the colossus frames=30 | clear=44839 sky=542599 floor=1284170 scene=2762519 flat=18592 gouraud=0 chrome=400482 texture=1723737 furnace=0 embers=122069 bloom=0 veil=885 titles=281439 fade=216 | setup=619706 total=5038740
T t=271.2 bar=141 ph=18 the colossus | render ms 16.87/16.90/16.97 | fps 29.8 | hold 2 miss 0 late 30 | gap ms 33.47 | under 0 fill 464 | copy 2434 cy/line 34.90 Mcy/s | synth 3008 cy/pump 43.14 Mcy/s 1797 cy/sample | tri 474 px 11719 part 115 ch 8 | AHASH s=6504000 17007f35
PROF T t=271 ph=18 the colossus frames=30 | clear=44787 sky=542705 floor=1283820 scene=2762501 flat=18573 gouraud=0 chrome=400239 texture=1723109 furnace=0 embers=123969 bloom=0 veil=885 titles=281324 fade=201 | setup=620579 total=5040196
T t=272.2 bar=141 ph=18 the colossus | render ms 16.88/16.91/16.97 | fps 29.8 | hold 2 miss 0 late 30 | gap ms 33.47 | under 0 fill 464 | copy 2434 cy/line 34.90 Mcy/s | synth 3010 cy/pump 43.16 Mcy/s 1798 cy/sample | tri 474 px 11709 part 115 ch 8 | AHASH s=6528000 b433fa00
PROF T t=272 ph=18 the colossus frames=30 | clear=44896 sky=542578 floor=1284333 scene=2761169 flat=18575 gouraud=0 chrome=399576 texture=1722892 furnace=0 embers=127504 bloom=0 veil=885 titles=281658 fade=217 | setup=620124 total=5043244
T t=273.2 bar=142 ph=18 the colossus | render ms 16.87/16.91/16.99 | fps 29.8 | hold 2 miss 0 late 30 | gap ms 33.47 | under 0 fill 464 | copy 2434 cy/line 34.91 Mcy/s | synth 3009 cy/pump 43.16 Mcy/s 1798 cy/sample | tri 474 px 11712 part 115 ch 8 | AHASH s=6552000 4fefd826
PROF T t=273 ph=18 the colossus frames=30 | clear=44842 sky=542194 floor=1284527 scene=2761674 flat=18572 gouraud=0 chrome=399636 texture=1722640 furnace=0 embers=127233 bloom=0 veil=885 titles=281339 fade=209 | setup=620824 total=5042906
T t=274.2 bar=142 ph=18 the colossus | render ms 16.87/16.91/16.97 | fps 29.8 | hold 2 miss 0 late 30 | gap ms 33.47 | under 0 fill 464 | copy 2434 cy/line 34.90 Mcy/s | synth 3011 cy/pump 43.17 Mcy/s 1799 cy/sample | tri 474 px 11721 part 115 ch 8 | AHASH s=6576000 cef0dd1d
PROF T t=274 ph=18 the colossus frames=30 | clear=44795 sky=542917 floor=1284119 scene=2762121 flat=18570 gouraud=0 chrome=399643 texture=1723344 furnace=0 embers=126974 bloom=0 veil=889 titles=281259 fade=220 | setup=620561 total=5043298
T t=275.2 bar=143 ph=18 the colossus | render ms 16.89/17.67/20.12 | fps 29.8 | hold 2 miss 0 late 30 | gap ms 33.47 | under 0 fill 464 | copy 2436 cy/line 34.93 Mcy/s | synth 3010 cy/pump 43.17 Mcy/s 1798 cy/sample | tri 478 px 11730 part 115 ch 8 | AHASH s=6600000 9e70d01d
PROF T t=275 ph=18 the colossus frames=30 | clear=44799 sky=542439 floor=1284394 scene=2762748 flat=18579 gouraud=0 chrome=400482 texture=1741173 furnace=0 embers=128652 bloom=0 veil=227072 titles=281704 fade=214 | setup=602513 total=5272026
T t=276.2 bar=143 ph=18 the colossus | render ms 20.57/21.26/21.77 | fps 29.8 | hold 2 miss 0 late 30 | gap ms 33.47 | under 0 fill 464 | copy 2450 cy/line 35.13 Mcy/s | synth 3015 cy/pump 43.24 Mcy/s 1801 cy/sample | tri 478 px 14579 part 115 ch 8 | AHASH s=6624000 c64f2443
PROF T t=276 ph=18 the colossus frames=30 | clear=44880 sky=542798 floor=1284558 scene=2761319 flat=18571 gouraud=0 chrome=400524 texture=1984730 furnace=0 embers=128146 bloom=0 veil=1306419 titles=281684 fade=225 | setup=357491 total=6350030
PHRASE t=276.4 bar=144 ph=19 coda | render ms 15.84/16.66/21.81 | fps 40.7 | hold 2 miss 0 late 293 | gap ms 33.47 | under 0 fill 464 | copy 2447 cy/line 35.09 Mcy/s | synth 3024 cy/pump 43.37 Mcy/s 1807 cy/sample | tri 478 px 14570 part 64 ch 9 | AHASH s=6624000 c64f2443
PROF PHRASE t=276 ph=19 coda frames=626 | clear=44816 sky=536508 floor=1283415 scene=2756417 flat=18581 gouraud=0 chrome=399602 texture=1736976 furnace=0 embers=126319 bloom=0 veil=92735 titles=129728 fade=213 | setup=601256 total=4970155
T t=277.2 bar=144 ph=19 coda | render ms 20.32/20.91/21.81 | fps 29.8 | hold 2 miss 0 late 30 | gap ms 33.47 | under 0 fill 464 | copy 2452 cy/line 35.17 Mcy/s | synth 3008 cy/pump 43.13 Mcy/s 1797 cy/sample | tri 478 px 13152 part 64 ch 9 | AHASH s=6648000 cb7a3c0a
PROF T t=277 ph=19 coda frames=30 | clear=44916 sky=535951 floor=1283598 scene=2753164 flat=18571 gouraud=0 chrome=399278 texture=2053444 furnace=0 embers=85182 bloom=0 veil=1416150 titles=124817 fade=208 | setup=281869 total=6243990
T t=278.2 bar=144 ph=19 coda | render ms 15.93/18.06/20.47 | fps 37.8 | hold 2 miss 0 late 22 | gap ms 33.47 | under 0 fill 464 | copy 2451 cy/line 35.16 Mcy/s | synth 3016 cy/pump 43.25 Mcy/s 1802 cy/sample | tri 474 px 11700 part 64 ch 9 | AHASH s=6672000 1b3cb947
PROF T t=278 ph=19 coda frames=38 | clear=44650 sky=531560 floor=1282437 scene=2751490 flat=18601 gouraud=0 chrome=398949 texture=1807003 furnace=0 embers=71639 bloom=0 veil=631039 titles=76776 fade=200 | setup=526936 total=5389794
T t=279.2 bar=145 ph=19 coda | render ms 15.93/15.96/16.04 | fps 58.7 | hold 2 miss 0 late 1 | gap ms 33.47 | under 0 fill 464 | copy 2463 cy/line 35.32 Mcy/s | synth 3045 cy/pump 43.66 Mcy/s 1819 cy/sample | tri 474 px 11694 part 64 ch 9 | AHASH s=6696000 c33b0199
PROF T t=279 ph=19 coda frames=59 | clear=44763 sky=531719 floor=1282573 scene=2751521 flat=18578 gouraud=0 chrome=397773 texture=1716986 furnace=0 embers=70676 bloom=0 veil=877 titles=76920 fade=209 | setup=618182 total=4759263
T t=280.2 bar=145 ph=19 coda | render ms 15.91/15.95/16.05 | fps 58.7 | hold 2 miss 0 late 1 | gap ms 33.47 | under 0 fill 464 | copy 2464 cy/line 35.34 Mcy/s | synth 3046 cy/pump 43.68 Mcy/s 1820 cy/sample | tri 474 px 11697 part 64 ch 9 | AHASH s=6720000 24c69270
PROF T t=280 ph=19 coda frames=59 | clear=44745 sky=531199 floor=1282721 scene=2752565 flat=18587 gouraud=0 chrome=399114 texture=1716704 furnace=0 embers=68638 bloom=0 veil=881 titles=76795 fade=219 | setup=618159 total=4757768
T t=281.2 bar=146 ph=19 coda | render ms 15.93/15.96/16.05 | fps 58.7 | hold 2 miss 0 late 1 | gap ms 33.47 | under 0 fill 464 | copy 2463 cy/line 35.33 Mcy/s | synth 3050 cy/pump 43.73 Mcy/s 1822 cy/sample | tri 474 px 11700 part 64 ch 9 | AHASH s=6744000 a7bea33b
PROF T t=281 ph=19 coda frames=59 | clear=44738 sky=531802 floor=1282811 scene=2752717 flat=18589 gouraud=0 chrome=398753 texture=1717022 furnace=0 embers=69103 bloom=0 veil=887 titles=76845 fade=234 | setup=618352 total=4759141
T t=282.2 bar=147 ph=19 coda | render ms 15.90/15.96/16.04 | fps 58.7 | hold 2 miss 0 late 1 | gap ms 33.47 | under 0 fill 464 | copy 2465 cy/line 35.34 Mcy/s | synth 3049 cy/pump 43.72 Mcy/s 1821 cy/sample | tri 474 px 11700 part 64 ch 9 | AHASH s=6768000 5f3af91b
PROF T t=282 ph=19 coda frames=59 | clear=44768 sky=531540 floor=1282915 scene=2752674 flat=18589 gouraud=0 chrome=397952 texture=1717804 furnace=0 embers=71633 bloom=0 veil=887 titles=76362 fade=196 | setup=618327 total=4760978
T t=283.2 bar=147 ph=19 coda | render ms 15.89/15.93/16.03 | fps 58.7 | hold 2 miss 0 late 1 | gap ms 33.47 | under 0 fill 464 | copy 2464 cy/line 35.33 Mcy/s | synth 3050 cy/pump 43.74 Mcy/s 1822 cy/sample | tri 474 px 11704 part 64 ch 9 | AHASH s=6792000 950631a6
PROF T t=283 ph=19 coda frames=59 | clear=44769 sky=531454 floor=1282952 scene=2753719 flat=18592 gouraud=0 chrome=398920 texture=1717849 furnace=0 embers=72555 bloom=0 veil=875 titles=64216 fade=209 | setup=618357 total=4750753
T t=284.2 bar=148 ph=19 coda | render ms 15.88/15.92/16.04 | fps 58.7 | hold 2 miss 0 late 1 | gap ms 33.47 | under 0 fill 464 | copy 2465 cy/line 35.36 Mcy/s | synth 3049 cy/pump 43.73 Mcy/s 1822 cy/sample | tri 466 px 11678 part 64 ch 9 | AHASH s=6816000 147dbfff
PROF T t=284 ph=19 coda frames=59 | clear=44769 sky=531555 floor=1283133 scene=2751255 flat=18597 gouraud=0 chrome=397226 texture=1717737 furnace=0 embers=73377 bloom=0 veil=879 titles=64214 fade=207 | setup=617694 total=4749393
T t=285.2 bar=148 ph=19 coda | render ms 15.85/15.88/15.98 | fps 59.7 | hold 1 miss 0 late 0 | gap ms 16.73 | under 0 fill 464 | copy 2467 cy/line 35.38 Mcy/s | synth 3050 cy/pump 43.74 Mcy/s 1822 cy/sample | tri 466 px 11702 part 64 ch 9 | AHASH s=6840000 00406ffd
PROF T t=285 ph=19 coda frames=60 | clear=44724 sky=531484 floor=1282623 scene=2739644 flat=18628 gouraud=0 chrome=387784 texture=1716301 furnace=0 embers=73174 bloom=0 veil=893 titles=64304 fade=214 | setup=616930 total=4737064
T t=286.2 bar=149 ph=19 coda | render ms 15.73/15.83/15.98 | fps 58.7 | hold 2 miss 0 late 1 | gap ms 33.47 | under 0 fill 464 | copy 2464 cy/line 35.33 Mcy/s | synth 3047 cy/pump 43.69 Mcy/s 1820 cy/sample | tri 442 px 11704 part 64 ch 9 | AHASH s=6864000 6a0d4962
PROF T t=286 ph=19 coda frames=59 | clear=44696 sky=531279 floor=1283090 scene=2724345 flat=18666 gouraud=0 chrome=382586 texture=1707116 furnace=0 embers=71268 bloom=0 veil=873 titles=64293 fade=211 | setup=615975 total=4720057
T t=287.2 bar=149 ph=19 coda | render ms 15.71/15.75/15.88 | fps 59.7 | hold 1 miss 0 late 0 | gap ms 16.73 | under 0 fill 464 | copy 2466 cy/line 35.36 Mcy/s | synth 3049 cy/pump 43.72 Mcy/s 1822 cy/sample | tri 442 px 11693 part 64 ch 9 | AHASH s=6888000 9b63138c
PROF T t=287 ph=19 coda frames=60 | clear=44754 sky=531360 floor=1282812 scene=2702926 flat=18753 gouraud=0 chrome=375870 texture=1694417 furnace=0 embers=69416 bloom=0 veil=875 titles=64214 fade=205 | setup=613885 total=4696566
T t=288.2 bar=150 ph=19 coda | render ms 15.72/15.76/15.82 | fps 59.7 | hold 1 miss 0 late 0 | gap ms 16.73 | under 0 fill 464 | copy 2465 cy/line 35.36 Mcy/s | synth 3049 cy/pump 43.73 Mcy/s 1822 cy/sample | tri 446 px 11686 part 64 ch 9 | AHASH s=6912000 829f894d
PROF T t=288 ph=19 coda frames=60 | clear=44683 sky=531506 floor=1282821 scene=2704915 flat=18704 gouraud=0 chrome=377690 texture=1693810 furnace=0 embers=69993 bloom=0 veil=878 titles=65690 fade=209 | setup=614710 total=4700699
T t=289.2 bar=150 ph=19 coda | render ms 15.74/15.77/15.88 | fps 59.7 | hold 1 miss 0 late 0 | gap ms 16.73 | under 0 fill 464 | copy 2465 cy/line 35.35 Mcy/s | synth 3050 cy/pump 43.74 Mcy/s 1822 cy/sample | tri 442 px 11693 part 64 ch 9 | AHASH s=6936000 1f23e7aa
PROF T t=289 ph=19 coda frames=60 | clear=44740 sky=531295 floor=1282871 scene=2702721 flat=18672 gouraud=0 chrome=375756 texture=1693781 furnace=0 embers=71431 bloom=0 veil=864 titles=69090 fade=213 | setup=614512 total=4703230
T t=290.2 bar=151 ph=19 coda | render ms 15.74/15.78/15.86 | fps 59.7 | hold 1 miss 0 late 0 | gap ms 16.73 | under 0 fill 464 | copy 2465 cy/line 35.35 Mcy/s | synth 3053 cy/pump 43.78 Mcy/s 1824 cy/sample | tri 442 px 11698 part 64 ch 9 | AHASH s=6960000 2faf33e5
PROF T t=290 ph=19 coda frames=60 | clear=44681 sky=531535 floor=1282660 scene=2704730 flat=18712 gouraud=0 chrome=376817 texture=1694666 furnace=0 embers=71562 bloom=0 veil=883 titles=69119 fade=211 | setup=614534 total=4705384
T t=291.3 bar=151 ph=19 coda | render ms 15.73/15.77/15.86 | fps 59.7 | hold 1 miss 0 late 0 | gap ms 16.73 | under 0 fill 464 | copy 2466 cy/line 35.36 Mcy/s | synth 3051 cy/pump 43.76 Mcy/s 1823 cy/sample | tri 442 px 11677 part 64 ch 9 | AHASH s=6984000 c239b3d9
PROF T t=291 ph=19 coda frames=60 | clear=44771 sky=531499 floor=1283061 scene=2703062 flat=18710 gouraud=0 chrome=377081 texture=1693590 furnace=0 embers=71421 bloom=0 veil=878 titles=69233 fade=203 | setup=613680 total=4704130
PHRASE t=291.8 bar=152 ph=20 coda | render ms 15.71/16.08/20.88 | fps 56.4 | hold 2 miss 0 late 51 | gap ms 33.47 | under 0 fill 464 | copy 2463 cy/line 35.33 Mcy/s | synth 3045 cy/pump 43.67 Mcy/s 1819 cy/sample | tri 442 px 11676 part 64 ch 9 | AHASH s=6984000 c239b3d9
PROF PHRASE t=291 ph=20 coda frames=866 | clear=44737 sky=531508 floor=1282844 scene=2730757 flat=18643 gouraud=0 chrome=388209 texture=1719818 furnace=0 embers=71131 bloom=0 veil=64223 titles=69823 fade=210 | setup=604086 total=4795237
T t=292.3 bar=152 ph=20 coda | render ms 15.73/15.77/15.86 | fps 59.7 | hold 1 miss 0 late 0 | gap ms 16.73 | under 0 fill 464 | copy 2466 cy/line 35.37 Mcy/s | synth 3052 cy/pump 43.77 Mcy/s 1824 cy/sample | tri 442 px 11684 part 64 ch 9 | AHASH s=7008000 704099c2
PROF T t=292 ph=20 coda frames=60 | clear=44802 sky=531430 floor=1283221 scene=2702445 flat=18706 gouraud=0 chrome=376624 texture=1692913 furnace=0 embers=70657 bloom=0 veil=877 titles=69099 fade=213 | setup=614201 total=4702747
T t=293.3 bar=152 ph=20 coda | render ms 15.73/15.77/15.86 | fps 59.7 | hold 1 miss 0 late 0 | gap ms 16.73 | under 0 fill 464 | copy 2466 cy/line 35.37 Mcy/s | synth 3049 cy/pump 43.72 Mcy/s 1821 cy/sample | tri 442 px 11699 part 64 ch 9 | AHASH s=7032000 995b0358
PROF T t=293 ph=20 coda frames=60 | clear=44703 sky=531449 floor=1283017 scene=2703057 flat=18688 gouraud=0 chrome=375651 texture=1694854 furnace=0 embers=70640 bloom=0 veil=866 titles=69078 fade=214 | setup=613863 total=4703027
T t=294.3 bar=153 ph=20 coda | render ms 15.71/15.79/15.89 | fps 59.7 | hold 1 miss 0 late 0 | gap ms 16.73 | under 0 fill 464 | copy 2465 cy/line 35.36 Mcy/s | synth 3048 cy/pump 43.71 Mcy/s 1821 cy/sample | tri 454 px 11694 part 64 ch 9 | AHASH s=7056000 2f66bfb1
PROF T t=294 ph=20 coda frames=60 | clear=44750 sky=531636 floor=1282662 scene=2715271 flat=18695 gouraud=0 chrome=379379 texture=1702546 furnace=0 embers=71625 bloom=0 veil=862 titles=62120 fade=201 | setup=614649 total=4709130
T t=295.3 bar=153 ph=20 coda | render ms 15.75/15.78/15.88 | fps 59.7 | hold 1 miss 0 late 0 | gap ms 16.73 | under 0 fill 464 | copy 2465 cy/line 35.36 Mcy/s | synth 3047 cy/pump 43.70 Mcy/s 1820 cy/sample | tri 454 px 11699 part 64 ch 9 | AHASH s=7080000 e194e682
PROF T t=295 ph=20 coda frames=60 | clear=44757 sky=531217 floor=1282543 scene=2718461 flat=18686 gouraud=0 chrome=380338 texture=1704062 furnace=0 embers=71983 bloom=0 veil=881 titles=56780 fade=214 | setup=615375 total=4706840
T t=296.3 bar=154 ph=20 coda | render ms 15.71/15.75/15.85 | fps 59.7 | hold 1 miss 0 late 0 | gap ms 16.73 | under 0 fill 464 | copy 2470 cy/line 35.42 Mcy/s | synth 2985 cy/pump 42.81 Mcy/s 1783 cy/sample | tri 442 px 11691 part 64 ch 9 | AHASH s=7104000 564c453e
PROF T t=296 ph=20 coda frames=60 | clear=44757 sky=531311 floor=1282169 scene=2709618 flat=18694 gouraud=0 chrome=377575 texture=1698465 furnace=0 embers=72600 bloom=0 veil=879 titles=56773 fade=212 | setup=614882 total=4698323
T t=297.3 bar=154 ph=20 coda | render ms 15.71/15.74/15.82 | fps 59.7 | hold 1 miss 0 late 0 | gap ms 16.73 | under 0 fill 464 | copy 2485 cy/line 35.63 Mcy/s | synth 2729 cy/pump 39.14 Mcy/s 1630 cy/sample | tri 442 px 11696 part 64 ch 9 | AHASH s=7128000 eb476912
PROF T t=297 ph=20 coda frames=60 | clear=44730 sky=531394 floor=1282577 scene=2705259 flat=18670 gouraud=0 chrome=376438 texture=1696621 furnace=0 embers=72146 bloom=0 veil=875 titles=56826 fade=214 | setup=613529 total=4694025
T t=298.3 bar=155 ph=20 coda | render ms 15.70/15.74/15.83 | fps 59.7 | hold 1 miss 0 late 0 | gap ms 16.73 | under 0 fill 464 | copy 2485 cy/line 35.63 Mcy/s | synth 2730 cy/pump 39.15 Mcy/s 1631 cy/sample | tri 442 px 11681 part 64 ch 9 | AHASH s=7152000 94ebcd29
PROF T t=298 ph=20 coda frames=60 | clear=44716 sky=531283 floor=1282492 scene=2704611 flat=18733 gouraud=0 chrome=375822 texture=1696242 furnace=0 embers=72427 bloom=0 veil=872 titles=56780 fade=205 | setup=613811 total=4693389
T t=299.3 bar=155 ph=20 coda | render ms 15.70/15.73/15.83 | fps 59.7 | hold 1 miss 0 late 0 | gap ms 16.73 | under 0 fill 464 | copy 2484 cy/line 35.63 Mcy/s | synth 2733 cy/pump 39.19 Mcy/s 1633 cy/sample | tri 442 px 11675 part 64 ch 9 | AHASH s=7176000 688e80ce
PROF T t=299 ph=20 coda frames=60 | clear=44750 sky=531406 floor=1282767 scene=2702574 flat=18702 gouraud=0 chrome=376380 texture=1693707 furnace=0 embers=72481 bloom=0 veil=883 titles=56784 fade=211 | setup=613784 total=4691859
T t=300.3 bar=156 ph=20 coda | render ms 15.70/16.16/16.29 | fps 59.7 | hold 1 miss 0 late 0 | gap ms 16.73 | under 0 fill 464 | copy 2483 cy/line 35.61 Mcy/s | synth 2739 cy/pump 39.28 Mcy/s 1636 cy/sample | tri 446 px 11661 part 64 ch 9 | AHASH s=7200000 595bd6d6
PROF T t=300 ph=20 coda frames=60 | clear=44743 sky=538620 floor=1283240 scene=2707595 flat=18700 gouraud=0 chrome=378268 texture=1695436 furnace=0 embers=71967 bloom=0 veil=879 titles=174404 fade=217 | setup=615190 total=4821669
T t=301.3 bar=156 ph=20 coda | render ms 16.25/16.28/16.33 | fps 58.7 | hold 2 miss 0 late 1 | gap ms 33.47 | under 0 fill 464 | copy 2478 cy/line 35.54 Mcy/s | synth 2570 cy/pump 36.86 Mcy/s 1535 cy/sample | tri 450 px 11679 part 64 ch 9 | AHASH s=7224000 9b690296
PROF T t=301 ph=20 coda frames=59 | clear=44784 sky=540215 floor=1283383 scene=2714871 flat=18660 gouraud=0 chrome=385454 texture=1694953 furnace=0 embers=70805 bloom=0 veil=873 titles=200877 fade=226 | setup=615803 total=4856039
T t=302.3 bar=157 ph=20 coda | render ms 16.25/16.28/16.37 | fps 58.7 | hold 2 miss 0 late 1 | gap ms 33.47 | under 0 fill 464 | copy 2470 cy/line 35.42 Mcy/s | synth 2306 cy/pump 33.07 Mcy/s 1378 cy/sample | tri 450 px 11681 part 64 ch 9 | AHASH s=7248000 06c26f09
PROF T t=302 ph=20 coda frames=59 | clear=44767 sky=540451 floor=1282716 scene=2717191 flat=18646 gouraud=0 chrome=388124 texture=1695218 furnace=0 embers=69731 bloom=0 veil=875 titles=200697 fade=222 | setup=615202 total=4856654
T t=303.3 bar=157 ph=20 coda | render ms 16.25/16.28/16.37 | fps 58.7 | hold 2 miss 0 late 1 | gap ms 33.47 | under 0 fill 464 | copy 2471 cy/line 35.44 Mcy/s | synth 2307 cy/pump 33.08 Mcy/s 1378 cy/sample | tri 450 px 11678 part 64 ch 9 | AHASH s=7272000 59a672b8
PROF T t=303 ph=20 coda frames=59 | clear=44756 sky=540864 floor=1282274 scene=2717286 flat=18616 gouraud=0 chrome=388157 texture=1694867 furnace=0 embers=70638 bloom=0 veil=869 titles=200702 fade=218 | setup=615646 total=4857611
T t=304.3 bar=158 ph=20 coda | render ms 16.24/16.29/16.39 | fps 58.7 | hold 2 miss 0 late 1 | gap ms 33.47 | under 0 fill 464 | copy 2470 cy/line 35.42 Mcy/s | synth 2307 cy/pump 33.09 Mcy/s 1379 cy/sample | tri 450 px 11664 part 64 ch 9 | AHASH s=7296000 1cf1f220
PROF T t=304 ph=20 coda frames=59 | clear=44724 sky=540699 floor=1282768 scene=2716881 flat=18633 gouraud=0 chrome=388979 texture=1694181 furnace=0 embers=71852 bloom=0 veil=889 titles=200768 fade=212 | setup=615086 total=4858795
T t=305.3 bar=159 ph=20 coda | render ms 16.27/16.55/21.18 | fps 55.8 | hold 2 miss 0 late 4 | gap ms 33.47 | under 0 fill 464 | copy 2471 cy/line 35.43 Mcy/s | synth 2304 cy/pump 33.04 Mcy/s 1376 cy/sample | tri 450 px 11668 part 64 ch 9 | AHASH s=7320000 1c41b916
PROF T t=305 ph=20 coda frames=57 | clear=44792 sky=540725 floor=1282553 scene=2717565 flat=18635 gouraud=0 chrome=388979 texture=1694254 furnace=0 embers=72305 bloom=0 veil=866 titles=200557 fade=77233 | setup=615696 total=4936600
T t=306.3 bar=159 ph=20 coda | render ms 21.12/21.17/21.26 | fps 29.8 | hold 2 miss 0 late 30 | gap ms 33.47 | under 0 fill 464 | copy 2458 cy/line 35.25 Mcy/s | synth 2261 cy/pump 32.43 Mcy/s 1351 cy/sample | tri 450 px 11670 part 64 ch 9 | AHASH s=7344000 024e2125
PROF T t=306 ph=20 coda frames=30 | clear=44835 sky=539856 floor=1282631 scene=2717024 flat=18679 gouraud=0 chrome=388829 texture=1694929 furnace=0 embers=73288 bloom=0 veil=877 titles=200532 fade=1464360 | setup=614585 total=6323408
PHRASE t=307.1 bar=159 ph=20 coda | render ms 15.70/16.33/21.26 | fps 55.7 | hold 2 miss 0 late 62 | gap ms 33.47 | under 0 fill 464 | copy 2472 cy/line 35.45 Mcy/s | synth 2642 cy/pump 37.89 Mcy/s 1578 cy/sample | tri 450 px 11668 part 64 ch 9 | AHASH s=7368000 cc1dbcdf
PROF PHRASE t=307 ph=20 coda frames=854 | clear=44759 sky=535600 floor=1282711 scene=2711532 flat=18675 gouraud=0 chrome=381750 texture=1696352 furnace=0 embers=71687 bloom=0 veil=875 titles=125152 fade=97934 | setup=614753 total=4870253
DONE frames=16032 render_max_us=27108 gap_max_us=33474 miss=0 late=2324 under=0 min_fill=464 copy_worst_cy=3155 pump_worst_cy=97520 vsyncs=18360 heap_free=40960 peak=29914
