
=== COLOSSUS / LATENT / 2026 === sys_clk=300000000
BOOT heap_region=50872 heap_free=50872 ballast=0 total_samples=7372800 bars=160
BOOT heap_free_after_init=50872
BOOT heap_free_after_video=36864 scanout_lines=240
T t=0.9 bar=0 ph=1 overture | render ms 12.20/12.23/12.29 | fps 59.7 | hold 2 miss 0 late 1 | gap ms 16.76 | under 0 fill 465 | copy 2483 cy/line 36.22 Mcy/s | synth 2282 cy/pump 32.74 Mcy/s 1364 cy/sample | tri 0 px 0 part 66 ch 0 | AHASH s=24000 45de1a0f
PROF T t=0 ph=1 overture frames=60 | clear=44486 sky=1756950 floor=0 scene=6941 flat=0 gouraud=0 chrome=0 texture=0 furnace=0 embers=75139 bloom=0 veil=860 titles=298117 fade=1459624 | setup=6941 total=3642120
T t=1.9 bar=1 ph=1 overture | render ms 7.33/11.83/12.39 | fps 59.7 | hold 1 miss 0 late 0 | gap ms 16.73 | under 0 fill 465 | copy 2479 cy/line 35.55 Mcy/s | synth 2283 cy/pump 32.73 Mcy/s 1364 cy/sample | tri 0 px 0 part 66 ch 0 | AHASH s=48000 a2fc1ab4
PROF T t=1 ph=1 overture frames=60 | clear=44533 sky=1757539 floor=0 scene=6902 flat=0 gouraud=0 chrome=0 texture=0 furnace=0 embers=76612 bloom=0 veil=863 titles=298334 fade=1337930 | setup=6902 total=3522716
T t=2.9 bar=1 ph=1 overture | render ms 7.32/7.37/7.54 | fps 59.7 | hold 1 miss 0 late 0 | gap ms 16.73 | under 0 fill 465 | copy 2428 cy/line 34.82 Mcy/s | synth 2273 cy/pump 32.60 Mcy/s 1358 cy/sample | tri 0 px 0 part 66 ch 0 | AHASH s=72000 27282b38
PROF T t=2 ph=1 overture frames=60 | clear=44584 sky=1756826 floor=0 scene=7474 flat=0 gouraud=0 chrome=0 texture=0 furnace=0 embers=76249 bloom=0 veil=849 titles=298426 fade=226 | setup=7474 total=2184636
T t=4.0 bar=2 ph=1 overture | render ms 7.34/7.37/7.54 | fps 59.7 | hold 1 miss 0 late 0 | gap ms 16.73 | under 0 fill 465 | copy 2430 cy/line 34.85 Mcy/s | synth 2335 cy/pump 33.48 Mcy/s 1395 cy/sample | tri 0 px 0 part 67 ch 0 | AHASH s=96000 7defff26
PROF T t=4 ph=1 overture frames=60 | clear=44534 sky=1757308 floor=0 scene=8105 flat=0 gouraud=0 chrome=0 texture=0 furnace=0 embers=77101 bloom=0 veil=851 titles=298313 fade=225 | setup=8105 total=2186439
T t=5.0 bar=2 ph=1 overture | render ms 7.34/7.38/7.56 | fps 59.7 | hold 1 miss 0 late 0 | gap ms 16.73 | under 0 fill 465 | copy 2439 cy/line 34.98 Mcy/s | synth 2581 cy/pump 37.02 Mcy/s 1542 cy/sample | tri 0 px 0 part 67 ch 0 | AHASH s=120000 586f7958
PROF T t=5 ph=1 overture frames=60 | clear=44587 sky=1756661 floor=0 scene=7917 flat=0 gouraud=0 chrome=0 texture=0 furnace=0 embers=78327 bloom=0 veil=864 titles=298451 fade=214 | setup=7917 total=2187025
T t=6.0 bar=3 ph=1 overture | render ms 7.33/7.37/7.55 | fps 59.7 | hold 1 miss 0 late 0 | gap ms 16.73 | under 0 fill 465 | copy 2439 cy/line 34.98 Mcy/s | synth 2583 cy/pump 37.05 Mcy/s 1543 cy/sample | tri 0 px 0 part 68 ch 0 | AHASH s=144000 3f1c7235
PROF T t=6 ph=1 overture frames=60 | clear=44520 sky=1756414 floor=0 scene=7973 flat=0 gouraud=0 chrome=0 texture=0 furnace=0 embers=78339 bloom=0 veil=840 titles=298473 fade=216 | setup=7973 total=2186780
T t=7.0 bar=3 ph=1 overture | render ms 7.33/7.37/7.53 | fps 59.7 | hold 1 miss 0 late 0 | gap ms 16.73 | under 0 fill 465 | copy 2440 cy/line 34.99 Mcy/s | synth 2583 cy/pump 37.05 Mcy/s 1543 cy/sample | tri 0 px 0 part 68 ch 0 | AHASH s=168000 9f2cdd11
PROF T t=7 ph=1 overture frames=60 | clear=44519 sky=1756369 floor=0 scene=7865 flat=0 gouraud=0 chrome=0 texture=0 furnace=0 embers=77832 bloom=0 veil=853 titles=298371 fade=218 | setup=7865 total=2186030
T t=8.0 bar=4 ph=1 overture | render ms 7.34/7.37/7.53 | fps 59.7 | hold 1 miss 0 late 0 | gap ms 16.73 | under 0 fill 465 | copy 2434 cy/line 34.91 Mcy/s | synth 2745 cy/pump 39.36 Mcy/s 1640 cy/sample | tri 0 px 0 part 69 ch 0 | AHASH s=192000 cbe11e82
PROF T t=8 ph=1 overture frames=60 | clear=44547 sky=1756654 floor=0 scene=7791 flat=0 gouraud=0 chrome=0 texture=0 furnace=0 embers=78281 bloom=0 veil=852 titles=298050 fade=213 | setup=7791 total=2186391
T t=9.0 bar=4 ph=1 overture | render ms 7.34/7.38/7.55 | fps 59.7 | hold 1 miss 0 late 0 | gap ms 16.73 | under 0 fill 465 | copy 2426 cy/line 34.79 Mcy/s | synth 3023 cy/pump 43.36 Mcy/s 1806 cy/sample | tri 0 px 0 part 69 ch 0 | AHASH s=216000 e3ba8e4b
PROF T t=9 ph=1 overture frames=60 | clear=44516 sky=1757043 floor=0 scene=7757 flat=0 gouraud=0 chrome=0 texture=0 furnace=0 embers=80098 bloom=0 veil=857 titles=298594 fade=210 | setup=7757 total=2189077
T t=10.0 bar=5 ph=1 overture | render ms 7.35/7.49/7.66 | fps 59.7 | hold 1 miss 0 late 0 | gap ms 16.73 | under 0 fill 465 | copy 2427 cy/line 34.80 Mcy/s | synth 3025 cy/pump 43.39 Mcy/s 1808 cy/sample | tri 4 px 173 part 70 ch 0 | AHASH s=240000 67cd6e7a
PROF T t=10 ph=1 overture frames=60 | clear=44582 sky=1759635 floor=0 scene=36762 flat=0 gouraud=0 chrome=0 texture=21281 furnace=0 embers=79719 bloom=0 veil=863 titles=300290 fade=214 | setup=15481 total=2222068
T t=11.0 bar=5 ph=1 overture | render ms 7.60/7.64/7.80 | fps 59.7 | hold 1 miss 0 late 0 | gap ms 16.73 | under 0 fill 465 | copy 2428 cy/line 34.82 Mcy/s | synth 3028 cy/pump 43.42 Mcy/s 1809 cy/sample | tri 4 px 173 part 70 ch 0 | AHASH s=264000 893f3166
PROF T t=11 ph=1 overture frames=60 | clear=44587 sky=1762797 floor=0 scene=74933 flat=0 gouraud=0 chrome=0 texture=49214 furnace=0 embers=80162 bloom=0 veil=871 titles=302431 fade=216 | setup=25718 total=2266000
T t=12.0 bar=6 ph=1 overture | render ms 7.61/7.65/7.80 | fps 59.7 | hold 1 miss 0 late 0 | gap ms 16.73 | under 0 fill 465 | copy 2427 cy/line 34.81 Mcy/s | synth 3026 cy/pump 43.40 Mcy/s 1808 cy/sample | tri 4 px 173 part 71 ch 0 | AHASH s=288000 6e17375a
PROF T t=12 ph=1 overture frames=60 | clear=44586 sky=1763440 floor=0 scene=74679 flat=0 gouraud=0 chrome=0 texture=49141 furnace=0 embers=81128 bloom=0 veil=872 titles=302592 fade=215 | setup=25537 total=2267516
T t=13.0 bar=6 ph=1 overture | render ms 7.60/7.64/7.79 | fps 59.7 | hold 1 miss 0 late 0 | gap ms 16.73 | under 0 fill 465 | copy 2428 cy/line 34.82 Mcy/s | synth 3030 cy/pump 43.46 Mcy/s 1810 cy/sample | tri 4 px 173 part 71 ch 0 | AHASH s=312000 c2bd4215
PROF T t=13 ph=1 overture frames=60 | clear=44587 sky=1763414 floor=0 scene=74881 flat=0 gouraud=0 chrome=0 texture=49185 furnace=0 embers=80143 bloom=0 veil=870 titles=302355 fade=220 | setup=25695 total=2266474
T t=14.0 bar=7 ph=1 overture | render ms 7.61/8.20/11.36 | fps 59.7 | hold 1 miss 0 late 0 | gap ms 16.73 | under 0 fill 465 | copy 2433 cy/line 34.90 Mcy/s | synth 3030 cy/pump 43.46 Mcy/s 1811 cy/sample | tri 8 px 653 part 72 ch 0 | AHASH s=336000 1968032c
PROF T t=14 ph=1 overture frames=60 | clear=44616 sky=1763254 floor=0 scene=74656 flat=0 gouraud=0 chrome=0 texture=65081 furnace=0 embers=81208 bloom=0 veil=166718 titles=302375 fade=219 | setup=9574 total=2433049
T t=15.0 bar=7 ph=1 overture | render ms 11.47/12.60/13.42 | fps 59.7 | hold 1 miss 0 late 0 | gap ms 16.73 | under 0 fill 465 | copy 2477 cy/line 35.52 Mcy/s | synth 3038 cy/pump 43.57 Mcy/s 1815 cy/sample | tri 8 px 7853 part 72 ch 0 | AHASH s=360000 e3a69d4c
PROF T t=15 ph=1 overture frames=60 | clear=44602 sky=1767775 floor=0 scene=74584 flat=0 gouraud=0 chrome=0 texture=448182 furnace=0 embers=82544 bloom=0 veil=1477428 titles=305064 fade=223 | setup=0 total=3752222
PHRASE t=15.3 bar=8 ph=2 the plain | render ms 7.32/8.57/18.18 | fps 59.6 | hold 2 miss 0 late 2 | gap ms 33.47 | under 0 fill 465 | copy 2442 cy/line 35.02 Mcy/s | synth 2731 cy/pump 39.17 Mcy/s 1632 cy/sample | tri 74 px 11633 part 75 ch 1 | AHASH s=360000 e3a69d4c
PROF PHRASE t=15 ph=2 the plain frames=919 | clear=44563 sky=1759713 floor=1377 scene=33335 flat=0 gouraud=0 chrome=26 texture=58948 furnace=0 embers=78932 bloom=0 veil=144059 titles=299804 fade=182837 | setup=0 total=2544623
T t=16.0 bar=8 ph=2 the plain | render ms 13.34/15.84/18.18 | fps 38.8 | hold 2 miss 0 late 21 | gap ms 33.47 | under 0 fill 465 | copy 2462 cy/line 35.30 Mcy/s | synth 3012 cy/pump 43.19 Mcy/s 1799 cy/sample | tri 74 px 7789 part 75 ch 1 | AHASH s=384000 d7159f11
PROF T t=16 ph=2 the plain frames=39 | clear=44709 sky=1770106 floor=676075 scene=317762 flat=0 gouraud=0 chrome=13116 texture=816601 furnace=0 embers=84635 bloom=0 veil=1690582 titles=141837 fade=220 | setup=0 total=4725930
T t=17.0 bar=8 ph=2 the plain | render ms 12.41/15.38/17.53 | fps 46.8 | hold 2 miss 0 late 13 | gap ms 33.47 | under 0 fill 465 | copy 2467 cy/line 35.38 Mcy/s | synth 3022 cy/pump 43.34 Mcy/s 1806 cy/sample | tri 70 px 2986 part 75 ch 1 | AHASH s=408000 61dc6c0f
PROF T t=17 ph=2 the plain frames=47 | clear=44520 sky=1767977 floor=1254815 scene=526923 flat=0 gouraud=0 chrome=24369 texture=555969 furnace=0 embers=87082 bloom=0 veil=888012 titles=15893 fade=221 | setup=0 total=4585449
T t=18.0 bar=9 ph=2 the plain | render ms 12.41/12.46/12.60 | fps 59.7 | hold 1 miss 0 late 0 | gap ms 16.73 | under 0 fill 465 | copy 2454 cy/line 35.19 Mcy/s | synth 3034 cy/pump 43.51 Mcy/s 1813 cy/sample | tri 70 px 3001 part 75 ch 1 | AHASH s=432000 2e15854e
PROF T t=18 ph=2 the plain frames=60 | clear=44565 sky=1768187 floor=1254826 scene=529165 flat=0 gouraud=0 chrome=24403 texture=396789 furnace=0 embers=86300 bloom=0 veil=875 titles=26663 fade=219 | setup=107973 total=3710805
T t=19.0 bar=9 ph=2 the plain | render ms 12.41/12.46/12.62 | fps 59.7 | hold 1 miss 0 late 0 | gap ms 16.73 | under 0 fill 465 | copy 2453 cy/line 35.18 Mcy/s | synth 3036 cy/pump 43.54 Mcy/s 1814 cy/sample | tri 70 px 2994 part 75 ch 1 | AHASH s=456000 0fee5aae
PROF T t=19 ph=2 the plain frames=60 | clear=44577 sky=1768223 floor=1254954 scene=530383 flat=0 gouraud=0 chrome=24367 texture=398252 furnace=0 embers=86204 bloom=0 veil=876 titles=26691 fade=198 | setup=107764 total=3712110
T t=20.0 bar=10 ph=2 the plain | render ms 12.40/12.46/12.62 | fps 59.7 | hold 1 miss 0 late 0 | gap ms 16.73 | under 0 fill 465 | copy 2454 cy/line 35.19 Mcy/s | synth 3033 cy/pump 43.50 Mcy/s 1812 cy/sample | tri 70 px 3004 part 75 ch 1 | AHASH s=480000 024f13e5
PROF T t=20 ph=2 the plain frames=60 | clear=44571 sky=1768442 floor=1255085 scene=529253 flat=0 gouraud=0 chrome=24196 texture=397254 furnace=0 embers=84583 bloom=0 veil=873 titles=26589 fade=204 | setup=107802 total=3709604
T t=21.0 bar=10 ph=2 the plain | render ms 12.40/12.46/12.60 | fps 59.7 | hold 1 miss 0 late 0 | gap ms 16.73 | under 0 fill 465 | copy 2454 cy/line 35.19 Mcy/s | synth 3038 cy/pump 43.56 Mcy/s 1815 cy/sample | tri 70 px 3005 part 75 ch 1 | AHASH s=504000 6bc4f7f9
PROF T t=21 ph=2 the plain frames=60 | clear=44584 sky=1768111 floor=1255148 scene=529518 flat=0 gouraud=0 chrome=24297 texture=397704 furnace=0 embers=84425 bloom=0 veil=876 titles=26648 fade=214 | setup=107516 total=3709527
T t=22.0 bar=11 ph=2 the plain | render ms 12.42/12.47/12.63 | fps 59.7 | hold 1 miss 0 late 0 | gap ms 16.73 | under 0 fill 465 | copy 2453 cy/line 35.18 Mcy/s | synth 3035 cy/pump 43.53 Mcy/s 1814 cy/sample | tri 70 px 3027 part 76 ch 1 | AHASH s=528000 6c7867f1
PROF T t=22 ph=2 the plain frames=60 | clear=44583 sky=1768408 floor=1255174 scene=531066 flat=0 gouraud=0 chrome=24363 texture=398698 furnace=0 embers=85463 bloom=0 veil=871 titles=26623 fade=218 | setup=108004 total=3712409
T t=23.0 bar=12 ph=2 the plain | render ms 12.42/12.47/12.61 | fps 59.7 | hold 1 miss 0 late 0 | gap ms 16.73 | under 0 fill 465 | copy 2454 cy/line 35.19 Mcy/s | synth 3033 cy/pump 43.49 Mcy/s 1812 cy/sample | tri 70 px 3031 part 77 ch 1 | AHASH s=552000 4c4ba436
PROF T t=23 ph=2 the plain frames=60 | clear=44561 sky=1768282 floor=1255052 scene=531148 flat=0 gouraud=0 chrome=24285 texture=398743 furnace=0 embers=86956 bloom=0 veil=861 titles=26638 fade=204 | setup=108119 total=3713703
T t=24.0 bar=12 ph=2 the plain | render ms 12.42/12.48/12.63 | fps 59.7 | hold 1 miss 0 late 0 | gap ms 16.73 | under 0 fill 465 | copy 2453 cy/line 35.18 Mcy/s | synth 3037 cy/pump 43.55 Mcy/s 1814 cy/sample | tri 70 px 3061 part 77 ch 1 | AHASH s=576000 dd9eff28
PROF T t=24 ph=2 the plain frames=60 | clear=44593 sky=1768394 floor=1255487 scene=531401 flat=0 gouraud=0 chrome=24217 texture=399613 furnace=0 embers=88800 bloom=0 veil=871 titles=26657 fade=213 | setup=107569 total=3716419
T t=25.0 bar=13 ph=2 the plain | render ms 12.33/12.46/12.64 | fps 59.7 | hold 1 miss 0 late 0 | gap ms 16.73 | under 0 fill 465 | copy 2454 cy/line 35.19 Mcy/s | synth 3033 cy/pump 43.50 Mcy/s 1812 cy/sample | tri 70 px 3040 part 77 ch 1 | AHASH s=600000 77d6e64d
PROF T t=25 ph=2 the plain frames=60 | clear=44584 sky=1768034 floor=1254828 scene=529139 flat=0 gouraud=0 chrome=24348 texture=397810 furnace=0 embers=88738 bloom=0 veil=867 titles=23346 fade=219 | setup=106981 total=3709759
T t=26.0 bar=13 ph=2 the plain | render ms 12.33/12.38/12.51 | fps 59.7 | hold 1 miss 0 late 0 | gap ms 16.73 | under 0 fill 465 | copy 2454 cy/line 35.19 Mcy/s | synth 3034 cy/pump 43.51 Mcy/s 1813 cy/sample | tri 70 px 3055 part 77 ch 1 | AHASH s=624000 5b6cb012
PROF T t=26 ph=2 the plain frames=60 | clear=44579 sky=1766940 floor=1254469 scene=529046 flat=0 gouraud=0 chrome=24400 texture=397215 furnace=0 embers=89111 bloom=0 veil=877 titles=1437 fade=218 | setup=107430 total=3686680
T t=27.0 bar=14 ph=2 the plain | render ms 12.33/12.39/12.54 | fps 59.7 | hold 1 miss 0 late 0 | gap ms 16.73 | under 0 fill 465 | copy 2453 cy/line 35.19 Mcy/s | synth 3036 cy/pump 43.54 Mcy/s 1814 cy/sample | tri 70 px 3081 part 78 ch 1 | AHASH s=648000 6b7bf1ef
PROF T t=27 ph=2 the plain frames=60 | clear=44496 sky=1767387 floor=1254071 scene=533792 flat=0 gouraud=0 chrome=24463 texture=401577 furnace=0 embers=87779 bloom=0 veil=889 titles=1402 fade=214 | setup=107750 total=3690034
T t=28.0 bar=14 ph=2 the plain | render ms 12.34/12.39/12.55 | fps 59.7 | hold 1 miss 0 late 0 | gap ms 16.73 | under 0 fill 465 | copy 2454 cy/line 35.19 Mcy/s | synth 3035 cy/pump 43.52 Mcy/s 1813 cy/sample | tri 70 px 3067 part 78 ch 1 | AHASH s=672000 ffe2d472
PROF T t=28 ph=2 the plain frames=60 | clear=44527 sky=1767466 floor=1254292 scene=535558 flat=0 gouraud=0 chrome=24385 texture=402754 furnace=0 embers=85816 bloom=0 veil=877 titles=1404 fade=211 | setup=108417 total=3690154
T t=29.1 bar=15 ph=2 the plain | render ms 12.35/12.39/12.52 | fps 59.7 | hold 1 miss 0 late 0 | gap ms 16.73 | under 0 fill 465 | copy 2454 cy/line 35.19 Mcy/s | synth 3036 cy/pump 43.53 Mcy/s 1814 cy/sample | tri 70 px 3076 part 79 ch 1 | AHASH s=696000 f6db67eb
PROF T t=29 ph=2 the plain frames=60 | clear=44546 sky=1767153 floor=1254052 scene=535501 flat=0 gouraud=0 chrome=24402 texture=402330 furnace=0 embers=86802 bloom=0 veil=879 titles=1405 fade=225 | setup=108768 total=3690566
T t=30.1 bar=15 ph=2 the plain | render ms 12.36/12.41/12.54 | fps 59.7 | hold 1 miss 0 late 0 | gap ms 16.73 | under 0 fill 465 | copy 2455 cy/line 35.20 Mcy/s | synth 3037 cy/pump 43.55 Mcy/s 1814 cy/sample | tri 70 px 3093 part 79 ch 1 | AHASH s=720000 f5803255
PROF T t=30 ph=2 the plain frames=60 | clear=44543 sky=1766675 floor=1254672 scene=538317 flat=0 gouraud=0 chrome=24477 texture=405033 furnace=0 embers=88833 bloom=0 veil=877 titles=1420 fade=207 | setup=108806 total=3695546
PHRASE t=30.7 bar=16 ph=3 the plain | render ms 12.33/12.71/18.17 | fps 57.6 | hold 2 miss 0 late 33 | gap ms 33.47 | under 0 fill 465 | copy 2455 cy/line 35.20 Mcy/s | synth 3032 cy/pump 43.49 Mcy/s 1812 cy/sample | tri 70 px 3088 part 82 ch 1 | AHASH s=720000 f5803255
PROF PHRASE t=30 ph=3 the plain frames=884 | clear=44562 sky=1767832 floor=1254782 scene=531622 flat=0 gouraud=0 chrome=24364 texture=420028 furnace=0 embers=86966 bloom=0 veil=85195 titles=15656 fade=214 | setup=87228 total=3786833
T t=31.1 bar=16 ph=3 the plain | render ms 12.35/12.41/12.54 | fps 59.7 | hold 1 miss 0 late 0 | gap ms 16.73 | under 0 fill 465 | copy 2454 cy/line 35.20 Mcy/s | synth 3032 cy/pump 43.48 Mcy/s 1811 cy/sample | tri 70 px 3134 part 82 ch 1 | AHASH s=744000 81431960
PROF T t=31 ph=3 the plain frames=60 | clear=44556 sky=1767104 floor=1254842 scene=537314 flat=0 gouraud=0 chrome=24484 texture=404476 furnace=0 embers=89050 bloom=0 veil=877 titles=1413 fade=222 | setup=108353 total=3695381
T t=32.1 bar=16 ph=3 the plain | render ms 12.36/12.41/12.55 | fps 59.7 | hold 1 miss 0 late 0 | gap ms 16.73 | under 0 fill 465 | copy 2454 cy/line 35.20 Mcy/s | synth 3036 cy/pump 43.54 Mcy/s 1814 cy/sample | tri 70 px 3141 part 82 ch 1 | AHASH s=768000 2e36c2ff
PROF T t=32 ph=3 the plain frames=60 | clear=44544 sky=1766941 floor=1254466 scene=539243 flat=0 gouraud=0 chrome=24258 texture=406011 furnace=0 embers=89294 bloom=0 veil=866 titles=1399 fade=206 | setup=108973 total=3696964
T t=33.1 bar=17 ph=3 the plain | render ms 12.37/12.42/12.58 | fps 59.7 | hold 1 miss 0 late 0 | gap ms 16.73 | under 0 fill 465 | copy 2454 cy/line 35.20 Mcy/s | synth 3033 cy/pump 43.50 Mcy/s 1812 cy/sample | tri 70 px 3161 part 82 ch 1 | AHASH s=792000 db9f6da3
PROF T t=33 ph=3 the plain frames=60 | clear=44537 sky=1766696 floor=1254519 scene=540176 flat=0 gouraud=0 chrome=24225 texture=407488 furnace=0 embers=89807 bloom=0 veil=862 titles=1391 fade=214 | setup=108463 total=3698206
T t=34.1 bar=17 ph=3 the plain | render ms 12.37/12.43/12.57 | fps 59.7 | hold 1 miss 0 late 0 | gap ms 16.73 | under 0 fill 465 | copy 2455 cy/line 35.20 Mcy/s | synth 3035 cy/pump 43.52 Mcy/s 1813 cy/sample | tri 70 px 3177 part 82 ch 1 | AHASH s=816000 fe2692d6
PROF T t=34 ph=3 the plain frames=60 | clear=44642 sky=1767267 floor=1254620 scene=540749 flat=0 gouraud=0 chrome=24277 texture=408373 furnace=0 embers=91484 bloom=0 veil=875 titles=1384 fade=220 | setup=108098 total=3701243
T t=35.1 bar=18 ph=3 the plain | render ms 12.37/12.43/12.57 | fps 59.7 | hold 1 miss 0 late 0 | gap ms 16.73 | under 0 fill 465 | copy 2455 cy/line 35.21 Mcy/s | synth 3037 cy/pump 43.55 Mcy/s 1814 cy/sample | tri 70 px 3192 part 83 ch 1 | AHASH s=840000 c7922fc0
PROF T t=35 ph=3 the plain frames=60 | clear=44548 sky=1766567 floor=1254689 scene=542392 flat=0 gouraud=0 chrome=24409 texture=409504 furnace=0 embers=91200 bloom=0 veil=879 titles=1416 fade=221 | setup=108478 total=3701917
T t=36.1 bar=18 ph=3 the plain | render ms 12.40/12.45/12.60 | fps 59.7 | hold 1 miss 0 late 0 | gap ms 16.73 | under 0 fill 465 | copy 2455 cy/line 35.21 Mcy/s | synth 3035 cy/pump 43.52 Mcy/s 1813 cy/sample | tri 70 px 3195 part 83 ch 1 | AHASH s=864000 197a6d81
PROF T t=36 ph=3 the plain frames=60 | clear=44524 sky=1767470 floor=1254379 scene=543950 flat=0 gouraud=0 chrome=24369 texture=411221 furnace=0 embers=93719 bloom=0 veil=871 titles=1401 fade=216 | setup=108360 total=3706533
T t=37.1 bar=19 ph=3 the plain | render ms 12.39/12.45/12.59 | fps 59.7 | hold 1 miss 0 late 0 | gap ms 16.73 | under 0 fill 465 | copy 2455 cy/line 35.21 Mcy/s | synth 3036 cy/pump 43.54 Mcy/s 1814 cy/sample | tri 70 px 3209 part 84 ch 1 | AHASH s=888000 7489a231
PROF T t=37 ph=3 the plain frames=60 | clear=44574 sky=1767216 floor=1254396 scene=543747 flat=0 gouraud=0 chrome=24404 texture=410748 furnace=0 embers=96303 bloom=0 veil=878 titles=1399 fade=226 | setup=108595 total=3708743
T t=38.1 bar=19 ph=3 the plain | render ms 12.38/12.45/12.63 | fps 59.7 | hold 1 miss 0 late 0 | gap ms 16.73 | under 0 fill 465 | copy 2455 cy/line 35.20 Mcy/s | synth 3037 cy/pump 43.56 Mcy/s 1815 cy/sample | tri 70 px 3218 part 84 ch 1 | AHASH s=912000 f1caa5b0
PROF T t=38 ph=3 the plain frames=60 | clear=44584 sky=1766754 floor=1254824 scene=541845 flat=0 gouraud=0 chrome=24525 texture=408883 furnace=0 embers=96808 bloom=0 veil=875 titles=1396 fade=218 | setup=108436 total=3707308
T t=39.1 bar=20 ph=3 the plain | render ms 12.40/12.46/12.60 | fps 59.7 | hold 1 miss 0 late 0 | gap ms 16.73 | under 0 fill 465 | copy 2455 cy/line 35.21 Mcy/s | synth 3034 cy/pump 43.51 Mcy/s 1812 cy/sample | tri 70 px 3231 part 86 ch 1 | AHASH s=936000 6502a091
PROF T t=39 ph=3 the plain frames=60 | clear=44523 sky=1767267 floor=1254546 scene=544469 flat=0 gouraud=0 chrome=24562 texture=411810 furnace=0 embers=96936 bloom=0 veil=871 titles=1406 fade=210 | setup=108096 total=3710232
T t=40.1 bar=20 ph=3 the plain | render ms 12.41/12.46/12.63 | fps 59.7 | hold 1 miss 0 late 0 | gap ms 16.73 | under 0 fill 465 | copy 2455 cy/line 35.21 Mcy/s | synth 3037 cy/pump 43.55 Mcy/s 1814 cy/sample | tri 70 px 3237 part 86 ch 1 | AHASH s=960000 343dd2f7
PROF T t=40 ph=3 the plain frames=60 | clear=44512 sky=1766965 floor=1255156 scene=544885 flat=0 gouraud=0 chrome=24422 texture=412390 furnace=0 embers=96860 bloom=0 veil=874 titles=1410 fade=208 | setup=108071 total=3710874
T t=41.1 bar=21 ph=3 the plain | render ms 12.41/12.46/12.61 | fps 59.7 | hold 1 miss 0 late 0 | gap ms 16.73 | under 0 fill 465 | copy 2455 cy/line 35.21 Mcy/s | synth 3033 cy/pump 43.50 Mcy/s 1812 cy/sample | tri 70 px 3254 part 86 ch 1 | AHASH s=984000 1856fdf2
PROF T t=41 ph=3 the plain frames=60 | clear=44586 sky=1767191 floor=1254927 scene=544742 flat=0 gouraud=0 chrome=24379 texture=412739 furnace=0 embers=97390 bloom=0 veil=875 titles=1401 fade=212 | setup=107623 total=3711327
T t=42.1 bar=21 ph=3 the plain | render ms 12.40/12.46/12.60 | fps 59.7 | hold 1 miss 0 late 0 | gap ms 16.73 | under 0 fill 465 | copy 2455 cy/line 35.21 Mcy/s | synth 3035 cy/pump 43.53 Mcy/s 1813 cy/sample | tri 70 px 3252 part 86 ch 1 | AHASH s=1008000 a0412651
PROF T t=42 ph=3 the plain frames=60 | clear=44595 sky=1767330 floor=1254805 scene=544977 flat=0 gouraud=0 chrome=24404 texture=412882 furnace=0 embers=95694 bloom=0 veil=868 titles=1405 fade=212 | setup=107691 total=3709890
T t=43.1 bar=22 ph=3 the plain | render ms 12.41/12.45/12.58 | fps 59.7 | hold 1 miss 0 late 0 | gap ms 16.73 | under 0 fill 465 | copy 2455 cy/line 35.21 Mcy/s | synth 3033 cy/pump 43.50 Mcy/s 1812 cy/sample | tri 70 px 3260 part 87 ch 1 | AHASH s=1032000 aaebaad7
PROF T t=43 ph=3 the plain frames=60 | clear=44546 sky=1767115 floor=1254735 scene=544138 flat=0 gouraud=0 chrome=24274 texture=412819 furnace=0 embers=95998 bloom=0 veil=879 titles=1393 fade=221 | setup=107043 total=3709027
T t=44.1 bar=23 ph=3 the plain | render ms 12.41/12.46/12.62 | fps 59.7 | hold 1 miss 0 late 0 | gap ms 16.73 | under 0 fill 465 | copy 2455 cy/line 35.21 Mcy/s | synth 3036 cy/pump 43.53 Mcy/s 1814 cy/sample | tri 70 px 3250 part 89 ch 1 | AHASH s=1056000 b6aeddef
PROF T t=44 ph=3 the plain frames=60 | clear=44567 sky=1767203 floor=1254610 scene=545083 flat=0 gouraud=0 chrome=24199 texture=413121 furnace=0 embers=97793 bloom=0 veil=871 titles=1400 fade=218 | setup=107762 total=3711747
T t=45.1 bar=23 ph=3 the plain | render ms 12.43/14.52/17.25 | fps 51.9 | hold 2 miss 0 late 8 | gap ms 33.47 | under 0 fill 465 | copy 2467 cy/line 35.38 Mcy/s | synth 3028 cy/pump 43.43 Mcy/s 1809 cy/sample | tri 74 px 6139 part 89 ch 1 | AHASH s=1080000 3c3b7676
PROF T t=45 ph=3 the plain frames=53 | clear=44585 sky=1767391 floor=1254652 scene=545536 flat=0 gouraud=0 chrome=24231 texture=510348 furnace=0 embers=98903 bloom=0 veil=616529 titles=1400 fade=217 | setup=10956 total=4329217
PHRASE t=46.1 bar=24 ph=4 the hand | render ms 12.36/12.75/25.35 | fps 57.4 | hold 2 miss 0 late 36 | gap ms 33.47 | under 0 fill 465 | copy 2456 cy/line 35.22 Mcy/s | synth 3032 cy/pump 43.49 Mcy/s 1812 cy/sample | tri 346 px 52338 part 94 ch 2 | AHASH s=1104000 159985cb
PROF PHRASE t=46 ph=4 the hand frames=884 | clear=44565 sky=1767158 floor=1253248 scene=547053 flat=0 gouraud=0 chrome=25154 texture=435412 furnace=0 embers=94868 bloom=0 veil=88783 titles=1401 fade=216 | setup=86487 total=3797295
T t=46.1 bar=24 ph=4 the hand | render ms 17.32/18.59/25.40 | fps 29.8 | hold 2 miss 0 late 30 | gap ms 33.47 | under 0 fill 465 | copy 2456 cy/line 35.23 Mcy/s | synth 3001 cy/pump 43.03 Mcy/s 1793 cy/sample | tri 346 px 52344 part 94 ch 2 | AHASH s=1104000 159985cb
PROF T t=46 ph=4 the hand frames=30 | clear=44820 sky=1769644 floor=1128921 scene=886228 flat=0 gouraud=0 chrome=95282 texture=1175905 furnace=0 embers=99749 bloom=0 veil=1617799 titles=1380 fade=215 | setup=0 total=5548759
T t=47.1 bar=24 ph=4 the hand | render ms 24.03/24.77/25.40 | fps 29.8 | hold 2 miss 0 late 30 | gap ms 33.47 | under 0 fill 465 | copy 2489 cy/line 35.69 Mcy/s | synth 3017 cy/pump 43.27 Mcy/s 1803 cy/sample | tri 346 px 45209 part 94 ch 2 | AHASH s=1128000 a507af95
PROF T t=47 ph=4 the hand frames=30 | clear=44675 sky=1762187 floor=0 scene=3946388 flat=0 gouraud=0 chrome=733311 texture=3358439 furnace=0 embers=104845 bloom=0 veil=1542862 titles=1282 fade=226 | setup=0 total=7402468
T t=48.1 bar=25 ph=4 the hand | render ms 19.69/21.13/24.06 | fps 29.8 | hold 2 miss 0 late 30 | gap ms 33.47 | under 0 fill 465 | copy 2471 cy/line 35.43 Mcy/s | synth 3016 cy/pump 43.25 Mcy/s 1802 cy/sample | tri 342 px 43849 part 94 ch 2 | AHASH s=1152000 fea4f11a
PROF T t=48 ph=4 the hand frames=30 | clear=44707 sky=1761725 floor=0 scene=3955019 flat=0 gouraud=0 chrome=736446 texture=2975104 furnace=0 embers=104112 bloom=0 veil=424467 titles=19812 fade=212 | setup=243468 total=6310057
T t=49.1 bar=25 ph=4 the hand | render ms 19.70/19.75/19.85 | fps 29.8 | hold 2 miss 0 late 30 | gap ms 33.47 | under 0 fill 465 | copy 2462 cy/line 35.31 Mcy/s | synth 3011 cy/pump 43.18 Mcy/s 1799 cy/sample | tri 342 px 43975 part 94 ch 2 | AHASH s=1176000 ac690a5a
PROF T t=49 ph=4 the hand frames=30 | clear=44672 sky=1763151 floor=0 scene=3961415 flat=0 gouraud=0 chrome=739125 texture=2920645 furnace=0 embers=104397 bloom=0 veil=866 titles=22720 fade=225 | setup=301644 total=5897448
T t=50.1 bar=26 ph=4 the hand | render ms 19.76/19.79/19.87 | fps 29.8 | hold 2 miss 0 late 30 | gap ms 33.47 | under 0 fill 465 | copy 2463 cy/line 35.32 Mcy/s | synth 3012 cy/pump 43.19 Mcy/s 1799 cy/sample | tri 342 px 44180 part 94 ch 2 | AHASH s=1200000 f873dd08
PROF T t=50 ph=4 the hand frames=30 | clear=44567 sky=1762016 floor=0 scene=3975187 flat=0 gouraud=0 chrome=740763 texture=2933710 furnace=0 embers=104132 bloom=0 veil=845 titles=22685 fade=212 | setup=300713 total=5909647
T t=51.1 bar=26 ph=4 the hand | render ms 19.76/19.80/19.90 | fps 29.8 | hold 2 miss 0 late 30 | gap ms 33.47 | under 0 fill 465 | copy 2462 cy/line 35.31 Mcy/s | synth 3012 cy/pump 43.20 Mcy/s 1800 cy/sample | tri 342 px 44104 part 94 ch 2 | AHASH s=1224000 c3b4bb76
PROF T t=51 ph=4 the hand frames=30 | clear=44685 sky=1761317 floor=0 scene=3978931 flat=0 gouraud=0 chrome=737616 texture=2940674 furnace=0 embers=104091 bloom=0 veil=850 titles=22687 fade=214 | setup=300641 total=5912779
T t=52.1 bar=27 ph=4 the hand | render ms 19.79/19.85/19.91 | fps 29.8 | hold 2 miss 0 late 30 | gap ms 33.47 | under 0 fill 465 | copy 2463 cy/line 35.32 Mcy/s | synth 3007 cy/pump 43.13 Mcy/s 1797 cy/sample | tri 342 px 44619 part 94 ch 2 | AHASH s=1248000 05745f6b
PROF T t=52 ph=4 the hand frames=30 | clear=44569 sky=1760959 floor=0 scene=3993517 flat=0 gouraud=0 chrome=738911 texture=2954021 furnace=0 embers=105334 bloom=0 veil=854 titles=22693 fade=195 | setup=300584 total=5928123
T t=53.2 bar=27 ph=4 the hand | render ms 19.88/19.92/19.99 | fps 29.8 | hold 2 miss 0 late 30 | gap ms 33.47 | under 0 fill 465 | copy 2463 cy/line 35.33 Mcy/s | synth 3011 cy/pump 43.18 Mcy/s 1799 cy/sample | tri 342 px 44900 part 94 ch 2 | AHASH s=1272000 a13b2140
PROF T t=53 ph=4 the hand frames=30 | clear=44587 sky=1761017 floor=0 scene=4014823 flat=0 gouraud=0 chrome=741944 texture=2971897 furnace=0 embers=104318 bloom=0 veil=862 titles=22718 fade=217 | setup=300980 total=5948544
T t=54.2 bar=28 ph=4 the hand | render ms 19.91/19.99/20.11 | fps 29.8 | hold 2 miss 0 late 30 | gap ms 33.47 | under 0 fill 465 | copy 2463 cy/line 35.32 Mcy/s | synth 3010 cy/pump 43.17 Mcy/s 1798 cy/sample | tri 342 px 45316 part 95 ch 2 | AHASH s=1296000 78105b3c
PROF T t=54 ph=4 the hand frames=30 | clear=44611 sky=1760300 floor=0 scene=4034840 flat=0 gouraud=0 chrome=744335 texture=2988798 furnace=0 embers=105560 bloom=0 veil=850 titles=22754 fade=220 | setup=301705 total=5969138
T t=55.2 bar=28 ph=4 the hand | render ms 20.01/20.09/20.20 | fps 29.8 | hold 2 miss 0 late 30 | gap ms 33.47 | under 0 fill 465 | copy 2464 cy/line 35.33 Mcy/s | synth 3012 cy/pump 43.20 Mcy/s 1800 cy/sample | tri 342 px 45644 part 95 ch 2 | AHASH s=1320000 afedece0
PROF T t=55 ph=4 the hand frames=30 | clear=44715 sky=1762248 floor=0 scene=4062869 flat=0 gouraud=0 chrome=752234 texture=3009743 furnace=0 embers=105262 bloom=0 veil=846 titles=22904 fade=219 | setup=300892 total=5999066
T t=56.2 bar=29 ph=4 the hand | render ms 20.08/20.14/20.26 | fps 29.8 | hold 2 miss 0 late 30 | gap ms 33.47 | under 0 fill 465 | copy 2464 cy/line 35.33 Mcy/s | synth 3013 cy/pump 43.20 Mcy/s 1800 cy/sample | tri 342 px 46097 part 95 ch 2 | AHASH s=1344000 5b477c1e
PROF T t=56 ph=4 the hand frames=30 | clear=44702 sky=1761692 floor=0 scene=4090715 flat=0 gouraud=0 chrome=757232 texture=3032361 furnace=0 embers=104870 bloom=0 veil=850 titles=11341 fade=199 | setup=301121 total=6014372
T t=57.2 bar=29 ph=4 the hand | render ms 20.12/20.19/20.29 | fps 29.8 | hold 2 miss 0 late 30 | gap ms 33.47 | under 0 fill 465 | copy 2465 cy/line 35.34 Mcy/s | synth 3010 cy/pump 43.17 Mcy/s 1798 cy/sample | tri 342 px 46537 part 95 ch 2 | AHASH s=1368000 812c4246
PROF T t=57 ph=4 the hand frames=30 | clear=44653 sky=1761993 floor=0 scene=4114477 flat=0 gouraud=0 chrome=763479 texture=3050412 furnace=0 embers=105773 bloom=0 veil=843 titles=1400 fade=219 | setup=300585 total=6029361
T t=58.2 bar=30 ph=4 the hand | render ms 20.21/20.29/20.37 | fps 29.8 | hold 2 miss 0 late 30 | gap ms 33.47 | under 0 fill 465 | copy 2464 cy/line 35.34 Mcy/s | synth 3010 cy/pump 43.16 Mcy/s 1798 cy/sample | tri 342 px 46784 part 96 ch 2 | AHASH s=1392000 bd966cf3
PROF T t=58 ph=4 the hand frames=30 | clear=44646 sky=1761930 floor=0 scene=4142716 flat=0 gouraud=0 chrome=767382 texture=3074378 furnace=0 embers=107853 bloom=0 veil=846 titles=1397 fade=210 | setup=300955 total=6059601
T t=59.2 bar=30 ph=4 the hand | render ms 20.24/20.30/20.40 | fps 29.8 | hold 2 miss 0 late 30 | gap ms 33.47 | under 0 fill 465 | copy 2464 cy/line 35.34 Mcy/s | synth 3013 cy/pump 43.21 Mcy/s 1800 cy/sample | tri 342 px 47146 part 96 ch 2 | AHASH s=1416000 6495f6fb
PROF T t=59 ph=4 the hand frames=30 | clear=44737 sky=1761299 floor=0 scene=4146525 flat=0 gouraud=0 chrome=761880 texture=3083029 furnace=0 embers=107875 bloom=0 veil=830 titles=1432 fade=220 | setup=301615 total=6062922
T t=60.2 bar=31 ph=4 the hand | render ms 20.33/20.37/20.45 | fps 29.8 | hold 2 miss 0 late 30 | gap ms 33.47 | under 0 fill 465 | copy 2464 cy/line 35.34 Mcy/s | synth 3009 cy/pump 43.15 Mcy/s 1798 cy/sample | tri 342 px 47400 part 98 ch 2 | AHASH s=1440000 3f5f9a21
PROF T t=60 ph=4 the hand frames=30 | clear=44609 sky=1760414 floor=0 scene=4170438 flat=0 gouraud=0 chrome=759092 texture=3111344 furnace=0 embers=107060 bloom=0 veil=842 titles=1391 fade=222 | setup=300001 total=6084980
T t=61.2 bar=31 ph=4 the hand | render ms 20.39/20.44/20.52 | fps 29.8 | hold 2 miss 0 late 30 | gap ms 33.47 | under 0 fill 465 | copy 2464 cy/line 35.34 Mcy/s | synth 3012 cy/pump 43.20 Mcy/s 1800 cy/sample | tri 342 px 47502 part 98 ch 2 | AHASH s=1464000 444d7d03
PROF T t=61 ph=4 the hand frames=30 | clear=44634 sky=1760792 floor=0 scene=4188260 flat=0 gouraud=0 chrome=764718 texture=3122575 furnace=0 embers=108014 bloom=0 veil=851 titles=1419 fade=205 | setup=300966 total=6104176
PHRASE t=61.4 bar=32 ph=5 the hand | render ms 19.69/20.48/25.40 | fps 29.8 | hold 2 miss 0 late 459 | gap ms 33.47 | under 0 fill 465 | copy 2466 cy/line 35.36 Mcy/s | synth 3012 cy/pump 43.19 Mcy/s 1799 cy/sample | tri 342 px 47627 part 104 ch 2 | AHASH s=1464000 444d7d03
PROF PHRASE t=61 ph=5 the hand frames=459 | clear=44666 sky=1761618 floor=0 scene=4053379 flat=0 gouraud=0 chrome=749334 texture=3038633 furnace=0 embers=105611 bloom=0 veil=136784 titles=13009 fade=215 | setup=265411 total=6115285
T t=62.2 bar=32 ph=5 the hand | render ms 20.42/20.52/20.61 | fps 29.8 | hold 2 miss 0 late 30 | gap ms 33.47 | under 0 fill 465 | copy 2465 cy/line 35.35 Mcy/s | synth 3013 cy/pump 43.21 Mcy/s 1800 cy/sample | tri 342 px 47748 part 104 ch 2 | AHASH s=1488000 941943d6
PROF T t=62 ph=5 the hand frames=30 | clear=44766 sky=1762151 floor=0 scene=4204469 flat=0 gouraud=0 chrome=762112 texture=3140686 furnace=0 embers=113242 bloom=0 veil=866 titles=1389 fade=225 | setup=301670 total=6127110
T t=63.2 bar=32 ph=5 the hand | render ms 20.55/20.60/20.65 | fps 29.8 | hold 2 miss 0 late 30 | gap ms 33.47 | under 0 fill 465 | copy 2466 cy/line 35.36 Mcy/s | synth 3011 cy/pump 43.18 Mcy/s 1799 cy/sample | tri 342 px 48256 part 104 ch 2 | AHASH s=1512000 8a2532e6
PROF T t=63 ph=5 the hand frames=30 | clear=44620 sky=1762765 floor=0 scene=4230295 flat=0 gouraud=0 chrome=770438 texture=3157743 furnace=0 embers=113258 bloom=0 veil=834 titles=1389 fade=221 | setup=302114 total=6153385
T t=64.2 bar=33 ph=5 the hand | render ms 20.61/20.67/20.73 | fps 29.8 | hold 2 miss 0 late 30 | gap ms 33.47 | under 0 fill 465 | copy 2466 cy/line 35.37 Mcy/s | synth 3013 cy/pump 43.20 Mcy/s 1800 cy/sample | tri 342 px 48437 part 104 ch 2 | AHASH s=1536000 106f9ee9
PROF T t=64 ph=5 the hand frames=30 | clear=44567 sky=1763082 floor=0 scene=4250501 flat=0 gouraud=0 chrome=776514 texture=3172161 furnace=0 embers=112071 bloom=0 veil=846 titles=1406 fade=203 | setup=301825 total=6172678
T t=65.2 bar=33 ph=5 the hand | render ms 20.64/20.70/20.78 | fps 29.8 | hold 2 miss 0 late 30 | gap ms 33.47 | under 0 fill 465 | copy 2465 cy/line 35.35 Mcy/s | synth 3013 cy/pump 43.22 Mcy/s 1800 cy/sample | tri 340 px 48560 part 104 ch 2 | AHASH s=1560000 6056688e
PROF T t=65 ph=5 the hand frames=30 | clear=44611 sky=1762672 floor=0 scene=4260361 flat=0 gouraud=0 chrome=765416 texture=3192893 furnace=0 embers=112753 bloom=0 veil=855 titles=1450 fade=212 | setup=302051 total=6182916
T t=66.2 bar=34 ph=5 the hand | render ms 20.71/20.76/20.87 | fps 29.8 | hold 2 miss 0 late 30 | gap ms 33.47 | under 0 fill 465 | copy 2466 cy/line 35.37 Mcy/s | synth 3013 cy/pump 43.21 Mcy/s 1800 cy/sample | tri 340 px 48813 part 104 ch 2 | AHASH s=1584000 ff52ffe2
PROF T t=66 ph=5 the hand frames=30 | clear=44699 sky=1760112 floor=0 scene=4279395 flat=0 gouraud=0 chrome=766857 texture=3210752 furnace=0 embers=114347 bloom=0 veil=858 titles=1394 fade=212 | setup=301785 total=6201019
T t=67.2 bar=35 ph=5 the hand | render ms 20.78/20.82/20.90 | fps 29.8 | hold 2 miss 0 late 30 | gap ms 33.47 | under 0 fill 465 | copy 2467 cy/line 35.38 Mcy/s | synth 3014 cy/pump 43.23 Mcy/s 1801 cy/sample | tri 340 px 48968 part 104 ch 2 | AHASH s=1608000 83f990b5
PROF T t=67 ph=5 the hand frames=30 | clear=44678 sky=1759925 floor=0 scene=4298254 flat=0 gouraud=0 chrome=768584 texture=3227699 furnace=0 embers=114125 bloom=0 veil=846 titles=1430 fade=217 | setup=301970 total=6219477
T t=68.2 bar=35 ph=5 the hand | render ms 20.80/20.89/20.97 | fps 29.8 | hold 2 miss 0 late 30 | gap ms 33.47 | under 0 fill 465 | copy 2467 cy/line 35.38 Mcy/s | synth 3010 cy/pump 43.16 Mcy/s 1798 cy/sample | tri 340 px 49641 part 104 ch 2 | AHASH s=1632000 1317fced
PROF T t=68 ph=5 the hand frames=30 | clear=44692 sky=1761347 floor=0 scene=4317460 flat=0 gouraud=0 chrome=768031 texture=3247849 furnace=0 embers=114079 bloom=0 veil=850 titles=1414 fade=213 | setup=301579 total=6240058
T t=69.2 bar=36 ph=5 the hand | render ms 20.93/20.97/21.08 | fps 29.8 | hold 2 miss 0 late 30 | gap ms 33.47 | under 0 fill 465 | copy 2467 cy/line 35.37 Mcy/s | synth 3016 cy/pump 43.25 Mcy/s 1802 cy/sample | tri 340 px 50165 part 105 ch 2 | AHASH s=1656000 3cb02279
PROF T t=69 ph=5 the hand frames=30 | clear=44685 sky=1760765 floor=0 scene=4342384 flat=0 gouraud=0 chrome=768053 texture=3272599 furnace=0 embers=113731 bloom=0 veil=862 titles=1379 fade=215 | setup=301731 total=6264024
T t=70.2 bar=36 ph=5 the hand | render ms 21.02/21.08/21.18 | fps 29.8 | hold 2 miss 0 late 30 | gap ms 33.47 | under 0 fill 465 | copy 2467 cy/line 35.38 Mcy/s | synth 3014 cy/pump 43.23 Mcy/s 1801 cy/sample | tri 340 px 50530 part 105 ch 2 | AHASH s=1680000 80101a1c
PROF T t=70 ph=5 the hand frames=30 | clear=44619 sky=1759828 floor=0 scene=4372743 flat=0 gouraud=0 chrome=769592 texture=3301285 furnace=0 embers=115722 bloom=0 veil=866 titles=1412 fade=203 | setup=301865 total=6295396
T t=71.2 bar=37 ph=5 the hand | render ms 21.10/21.15/21.25 | fps 29.8 | hold 2 miss 0 late 30 | gap ms 33.47 | under 0 fill 465 | copy 2468 cy/line 35.39 Mcy/s | synth 3011 cy/pump 43.18 Mcy/s 1799 cy/sample | tri 340 px 50783 part 105 ch 2 | AHASH s=1704000 3b94f7bc
PROF T t=71 ph=5 the hand frames=30 | clear=44638 sky=1761754 floor=0 scene=4394108 flat=0 gouraud=0 chrome=773235 texture=3318838 furnace=0 embers=114815 bloom=0 veil=842 titles=1405 fade=201 | setup=302034 total=6317766
T t=72.2 bar=37 ph=5 the hand | render ms 21.17/21.27/21.33 | fps 29.8 | hold 2 miss 0 late 30 | gap ms 33.47 | under 0 fill 465 | copy 2467 cy/line 35.39 Mcy/s | synth 3013 cy/pump 43.21 Mcy/s 1800 cy/sample | tri 340 px 51039 part 105 ch 2 | AHASH s=1728000 4db2e8f2
PROF T t=72 ph=5 the hand frames=30 | clear=44648 sky=1762109 floor=0 scene=4428461 flat=0 gouraud=0 chrome=784967 texture=3341573 furnace=0 embers=114467 bloom=0 veil=834 titles=1428 fade=207 | setup=301921 total=6352156
T t=73.2 bar=38 ph=5 the hand | render ms 21.23/21.29/21.39 | fps 29.8 | hold 2 miss 0 late 30 | gap ms 33.47 | under 0 fill 465 | copy 2468 cy/line 35.39 Mcy/s | synth 3010 cy/pump 43.17 Mcy/s 1798 cy/sample | tri 340 px 51174 part 106 ch 2 | AHASH s=1752000 d6d05b06
PROF T t=73 ph=5 the hand frames=30 | clear=44622 sky=1763681 floor=0 scene=4432895 flat=0 gouraud=0 chrome=780420 texture=3351765 furnace=0 embers=115204 bloom=0 veil=850 titles=1414 fade=221 | setup=300709 total=6358891
T t=74.2 bar=38 ph=5 the hand | render ms 21.20/21.28/21.42 | fps 29.8 | hold 2 miss 0 late 30 | gap ms 33.47 | under 0 fill 465 | copy 2468 cy/line 35.39 Mcy/s | synth 3012 cy/pump 43.20 Mcy/s 1800 cy/sample | tri 340 px 51195 part 106 ch 2 | AHASH s=1776000 22959014
PROF T t=74 ph=5 the hand frames=30 | clear=44682 sky=1763618 floor=0 scene=4426921 flat=0 gouraud=0 chrome=775452 texture=3348986 furnace=0 embers=118003 bloom=0 veil=862 titles=1404 fade=214 | setup=302481 total=6355706
T t=75.2 bar=39 ph=5 the hand | render ms 21.23/21.28/21.34 | fps 29.8 | hold 2 miss 0 late 30 | gap ms 33.47 | under 0 fill 465 | copy 2468 cy/line 35.40 Mcy/s | synth 3012 cy/pump 43.19 Mcy/s 1799 cy/sample | tri 340 px 51235 part 107 ch 2 | AHASH s=1800000 1f021550
PROF T t=75 ph=5 the hand frames=30 | clear=44572 sky=1762589 floor=0 scene=4428174 flat=0 gouraud=0 chrome=775547 texture=3349806 furnace=0 embers=118435 bloom=0 veil=834 titles=1409 fade=208 | setup=302820 total=6356224
T t=76.2 bar=39 ph=5 the hand | render ms 23.95/25.67/26.62 | fps 29.8 | hold 2 miss 0 late 30 | gap ms 33.47 | under 0 fill 465 | copy 2491 cy/line 35.73 Mcy/s | synth 3014 cy/pump 43.23 Mcy/s 1801 cy/sample | tri 344 px 57582 part 107 ch 2 | AHASH s=1824000 f424dace
PROF T t=76 ph=5 the hand frames=30 | clear=44639 sky=1760480 floor=0 scene=4424773 flat=0 gouraud=0 chrome=770258 texture=3648416 furnace=0 embers=117756 bloom=0 veil=1323066 titles=1392 fade=213 | setup=6097 total=7672323
PHRASE t=76.8 bar=40 ph=6 the heart | render ms 20.48/21.46/27.04 | fps 29.8 | hold 2 miss 0 late 459 | gap ms 33.47 | under 0 fill 465 | copy 2469 cy/line 35.41 Mcy/s | synth 3013 cy/pump 43.21 Mcy/s 1800 cy/sample | tri 146 px 39847 part 108 ch 3 | AHASH s=1824000 f424dace
PROF PHRASE t=76 ph=6 the heart frames=459 | clear=44645 sky=1761851 floor=0 scene=4340755 flat=160 gouraud=0 chrome=771333 texture=3306619 furnace=0 embers=114878 bloom=97 veil=145788 titles=1407 fade=212 | setup=262642 total=6409636
T t=77.3 bar=40 ph=6 the heart | render ms 20.59/23.84/27.04 | fps 29.8 | hold 2 miss 0 late 30 | gap ms 33.47 | under 0 fill 465 | copy 2483 cy/line 35.61 Mcy/s | synth 3013 cy/pump 43.22 Mcy/s 1800 cy/sample | tri 146 px 37428 part 108 ch 3 | AHASH s=1848000 1f7fa627
PROF T t=77 ph=6 the heart frames=30 | clear=44708 sky=1766680 floor=0 scene=3495588 flat=36630 gouraud=0 chrome=619835 texture=3124838 furnace=0 embers=115370 bloom=22499 veil=1677051 titles=1321 fade=224 | setup=0 total=7123444
T t=78.3 bar=40 ph=6 the heart | render ms 15.30/19.35/20.65 | fps 30.8 | hold 2 miss 0 late 29 | gap ms 33.47 | under 0 fill 465 | copy 2467 cy/line 35.38 Mcy/s | synth 3004 cy/pump 43.09 Mcy/s 1795 cy/sample | tri 142 px 31221 part 108 ch 3 | AHASH s=1872000 e386ffeb
PROF T t=78 ph=6 the heart frames=31 | clear=44749 sky=1767962 floor=0 scene=2562844 flat=73162 gouraud=0 chrome=464533 texture=2037419 furnace=0 embers=114838 bloom=43608 veil=1233081 titles=9203 fade=204 | setup=0 total=5776492
T t=79.3 bar=41 ph=6 the heart | render ms 15.28/15.32/15.45 | fps 59.7 | hold 1 miss 0 late 0 | gap ms 16.73 | under 0 fill 465 | copy 2494 cy/line 35.76 Mcy/s | synth 3047 cy/pump 43.70 Mcy/s 1821 cy/sample | tri 144 px 31231 part 108 ch 3 | AHASH s=1896000 7ee13529
PROF T t=79 ph=6 the heart frames=60 | clear=44690 sky=1767408 floor=0 scene=2567791 flat=73205 gouraud=0 chrome=467699 texture=1766907 furnace=0 embers=115555 bloom=43029 veil=844 titles=28572 fade=212 | setup=259978 total=4568105
T t=80.3 bar=41 ph=6 the heart | render ms 15.31/15.34/15.48 | fps 59.7 | hold 1 miss 0 late 0 | gap ms 16.73 | under 0 fill 465 | copy 2494 cy/line 35.77 Mcy/s | synth 3042 cy/pump 43.62 Mcy/s 1817 cy/sample | tri 142 px 31281 part 108 ch 3 | AHASH s=1920000 1cc1e0a1
PROF T t=80 ph=6 the heart frames=60 | clear=44649 sky=1767277 floor=0 scene=2573538 flat=73240 gouraud=0 chrome=472153 texture=1767684 furnace=0 embers=116600 bloom=43068 veil=860 titles=28529 fade=219 | setup=260460 total=4574742
T t=81.3 bar=42 ph=6 the heart | render ms 15.32/15.37/15.46 | fps 59.7 | hold 1 miss 0 late 0 | gap ms 16.73 | under 0 fill 465 | copy 2494 cy/line 35.77 Mcy/s | synth 3046 cy/pump 43.68 Mcy/s 1820 cy/sample | tri 146 px 31332 part 108 ch 3 | AHASH s=1944000 1ffa4469
PROF T t=81 ph=6 the heart frames=60 | clear=44597 sky=1768163 floor=0 scene=2578999 flat=73155 gouraud=0 chrome=478215 texture=1767451 furnace=0 embers=117599 bloom=43200 veil=852 titles=28536 fade=213 | setup=260177 total=4582161
T t=82.3 bar=42 ph=6 the heart | render ms 15.36/15.40/15.53 | fps 59.7 | hold 1 miss 0 late 0 | gap ms 16.73 | under 0 fill 465 | copy 2494 cy/line 35.77 Mcy/s | synth 3046 cy/pump 43.69 Mcy/s 1820 cy/sample | tri 148 px 31421 part 108 ch 3 | AHASH s=1968000 a182c235
PROF T t=82 ph=6 the heart frames=60 | clear=44637 sky=1767485 floor=0 scene=2588385 flat=72636 gouraud=0 chrome=487158 texture=1768366 furnace=0 embers=119358 bloom=42928 veil=850 titles=28532 fade=217 | setup=260223 total=4592395
T t=83.3 bar=43 ph=6 the heart | render ms 15.38/15.42/15.56 | fps 59.7 | hold 1 miss 0 late 0 | gap ms 16.73 | under 0 fill 465 | copy 2494 cy/line 35.77 Mcy/s | synth 3042 cy/pump 43.63 Mcy/s 1818 cy/sample | tri 148 px 31423 part 108 ch 3 | AHASH s=1992000 5027bfaf
PROF T t=83 ph=6 the heart frames=60 | clear=44674 sky=1767974 floor=0 scene=2593138 flat=71510 gouraud=0 chrome=492517 texture=1768289 furnace=0 embers=119692 bloom=42282 veil=853 titles=28621 fade=196 | setup=260820 total=4597434
T t=84.3 bar=43 ph=6 the heart | render ms 15.36/15.41/15.55 | fps 59.7 | hold 1 miss 0 late 0 | gap ms 16.73 | under 0 fill 465 | copy 2494 cy/line 35.77 Mcy/s | synth 3049 cy/pump 43.73 Mcy/s 1822 cy/sample | tri 148 px 31650 part 108 ch 3 | AHASH s=2016000 7a85e49a
PROF T t=84 ph=6 the heart frames=60 | clear=44694 sky=1768045 floor=0 scene=2598982 flat=71496 gouraud=0 chrome=494588 texture=1771676 furnace=0 embers=116702 bloom=38619 veil=863 titles=28580 fade=210 | setup=261221 total=4596697
T t=85.3 bar=44 ph=6 the heart | render ms 15.41/15.46/15.58 | fps 59.7 | hold 1 miss 0 late 0 | gap ms 16.73 | under 0 fill 465 | copy 2495 cy/line 35.78 Mcy/s | synth 3048 cy/pump 43.72 Mcy/s 1821 cy/sample | tri 148 px 31908 part 109 ch 3 | AHASH s=2040000 ff39b825
PROF T t=85 ph=6 the heart frames=60 | clear=44661 sky=1768257 floor=0 scene=2609106 flat=73123 gouraud=0 chrome=495088 texture=1780149 furnace=0 embers=116860 bloom=41100 veil=839 titles=28561 fade=209 | setup=260745 total=4609596
T t=86.3 bar=44 ph=6 the heart | render ms 15.47/15.51/15.64 | fps 59.7 | hold 1 miss 0 late 0 | gap ms 16.73 | under 0 fill 465 | copy 2495 cy/line 35.78 Mcy/s | synth 3044 cy/pump 43.66 Mcy/s 1819 cy/sample | tri 146 px 31884 part 109 ch 3 | AHASH s=2064000 d6b81d94
PROF T t=86 ph=6 the heart frames=60 | clear=44554 sky=1768431 floor=0 scene=2619794 flat=75858 gouraud=0 chrome=495439 texture=1787814 furnace=0 embers=118815 bloom=43167 veil=858 titles=28550 fade=201 | setup=260683 total=4624373
T t=87.3 bar=45 ph=6 the heart | render ms 15.35/15.40/15.66 | fps 59.7 | hold 1 miss 0 late 0 | gap ms 16.73 | under 0 fill 465 | copy 2495 cy/line 35.78 Mcy/s | synth 3048 cy/pump 43.72 Mcy/s 1821 cy/sample | tri 148 px 31811 part 109 ch 3 | AHASH s=2088000 12be213a
PROF T t=87 ph=6 the heart frames=60 | clear=44678 sky=1766739 floor=0 scene=2612935 flat=78475 gouraud=0 chrome=488089 texture=1785778 furnace=0 embers=120014 bloom=44012 veil=856 titles=2276 fade=203 | setup=260593 total=4591718
T t=88.3 bar=46 ph=6 the heart | render ms 15.31/15.36/15.49 | fps 59.7 | hold 1 miss 0 late 0 | gap ms 16.73 | under 0 fill 465 | copy 2495 cy/line 35.78 Mcy/s | synth 3043 cy/pump 43.64 Mcy/s 1818 cy/sample | tri 144 px 31825 part 110 ch 3 | AHASH s=2112000 97f87b86
PROF T t=88 ph=6 the heart frames=60 | clear=44614 sky=1765815 floor=0 scene=2605268 flat=79457 gouraud=0 chrome=478896 texture=1786602 furnace=0 embers=118959 bloom=44871 veil=836 titles=1395 fade=214 | setup=260313 total=4581977
T t=89.3 bar=46 ph=6 the heart | render ms 15.31/15.36/15.49 | fps 59.7 | hold 1 miss 0 late 0 | gap ms 16.73 | under 0 fill 465 | copy 2495 cy/line 35.78 Mcy/s | synth 3049 cy/pump 43.73 Mcy/s 1822 cy/sample | tri 142 px 31768 part 110 ch 3 | AHASH s=2136000 8830535a
PROF T t=89 ph=6 the heart frames=60 | clear=44656 sky=1765714 floor=0 scene=2600496 flat=78289 gouraud=0 chrome=473801 texture=1787402 furnace=0 embers=122363 bloom=44006 veil=842 titles=1400 fade=221 | setup=261002 total=4579701
T t=90.3 bar=47 ph=6 the heart | render ms 15.29/15.34/15.48 | fps 59.7 | hold 1 miss 0 late 0 | gap ms 16.73 | under 0 fill 465 | copy 2495 cy/line 35.78 Mcy/s | synth 3049 cy/pump 43.72 Mcy/s 1822 cy/sample | tri 144 px 32193 part 110 ch 3 | AHASH s=2160000 fc2b037f
PROF T t=90 ph=6 the heart frames=60 | clear=44628 sky=1765702 floor=0 scene=2601045 flat=74928 gouraud=0 chrome=470642 texture=1794476 furnace=0 embers=121071 bloom=39207 veil=854 titles=1407 fade=202 | setup=260997 total=4574119
T t=91.3 bar=47 ph=6 the heart | render ms 15.28/15.36/15.49 | fps 59.7 | hold 1 miss 0 late 0 | gap ms 16.73 | under 0 fill 465 | copy 2495 cy/line 35.79 Mcy/s | synth 3048 cy/pump 43.71 Mcy/s 1821 cy/sample | tri 144 px 31974 part 110 ch 3 | AHASH s=2184000 1bc4b39c
PROF T t=91 ph=6 the heart frames=60 | clear=44693 sky=1765706 floor=0 scene=2608444 flat=73160 gouraud=0 chrome=467629 texture=1806607 furnace=0 embers=118845 bloom=41478 veil=860 titles=1373 fade=216 | setup=261046 total=4581618
PHRASE t=92.1 bar=48 ph=7 the heart | render ms 15.28/15.61/21.01 | fps 56.9 | hold 2 miss 0 late 43 | gap ms 33.47 | under 0 fill 465 | copy 2492 cy/line 35.74 Mcy/s | synth 3043 cy/pump 43.63 Mcy/s 1818 cy/sample | tri 144 px 31996 part 111 ch 3 | AHASH s=2208000 5dfce50c
PROF PHRASE t=92 ph=7 the heart frames=872 | clear=44654 sky=1767150 floor=0 scene=2594906 flat=74468 gouraud=0 chrome=479844 texture=1798758 furnace=0 embers=118565 bloom=42563 veil=71522 titles=16685 fade=211 | setup=241834 total=4656259
T t=92.3 bar=48 ph=7 the heart | render ms 15.30/15.34/15.48 | fps 59.7 | hold 1 miss 0 late 0 | gap ms 16.73 | under 0 fill 465 | copy 2495 cy/line 35.78 Mcy/s | synth 3051 cy/pump 43.75 Mcy/s 1823 cy/sample | tri 144 px 31967 part 111 ch 3 | AHASH s=2208000 5dfce50c
PROF T t=92 ph=7 the heart frames=60 | clear=44705 sky=1766153 floor=0 scene=2595297 flat=75156 gouraud=0 chrome=464348 texture=1795902 furnace=0 embers=120903 bloom=44311 veil=848 titles=1412 fade=219 | setup=259889 total=4573851
T t=93.3 bar=48 ph=7 the heart | render ms 15.33/15.37/15.50 | fps 59.7 | hold 1 miss 0 late 0 | gap ms 16.73 | under 0 fill 465 | copy 2495 cy/line 35.78 Mcy/s | synth 3047 cy/pump 43.69 Mcy/s 1820 cy/sample | tri 142 px 31994 part 111 ch 3 | AHASH s=2232000 15641653
PROF T t=93 ph=7 the heart frames=60 | clear=44672 sky=1765912 floor=0 scene=2603766 flat=74166 gouraud=0 chrome=471728 texture=1797710 furnace=0 embers=124019 bloom=43450 veil=867 titles=1388 fade=209 | setup=260160 total=4584286
T t=94.3 bar=49 ph=7 the heart | render ms 15.34/15.38/15.51 | fps 59.7 | hold 1 miss 0 late 0 | gap ms 16.73 | under 0 fill 465 | copy 2495 cy/line 35.78 Mcy/s | synth 3048 cy/pump 43.71 Mcy/s 1821 cy/sample | tri 144 px 32060 part 111 ch 3 | AHASH s=2256000 6c2c8fe6
PROF T t=94 ph=7 the heart frames=60 | clear=44670 sky=1765621 floor=0 scene=2610035 flat=73274 gouraud=0 chrome=478243 texture=1797735 furnace=0 embers=124164 bloom=39336 veil=857 titles=1396 fade=202 | setup=260781 total=4586284
T t=95.3 bar=49 ph=7 the heart | render ms 15.39/15.46/15.55 | fps 59.7 | hold 1 miss 0 late 0 | gap ms 16.73 | under 0 fill 465 | copy 2496 cy/line 35.80 Mcy/s | synth 3049 cy/pump 43.73 Mcy/s 1822 cy/sample | tri 142 px 32600 part 111 ch 3 | AHASH s=2280000 77459282
PROF T t=95 ph=7 the heart frames=60 | clear=44654 sky=1767203 floor=0 scene=2633767 flat=76780 gouraud=0 chrome=485536 texture=1810397 furnace=0 embers=122076 bloom=41602 veil=862 titles=1379 fade=213 | setup=261052 total=4611760
T t=96.3 bar=50 ph=7 the heart | render ms 15.49/15.52/15.66 | fps 59.7 | hold 1 miss 0 late 0 | gap ms 16.73 | under 0 fill 465 | copy 2497 cy/line 35.81 Mcy/s | synth 3046 cy/pump 43.68 Mcy/s 1820 cy/sample | tri 144 px 32617 part 111 ch 3 | AHASH s=2304000 57ad9b3d
PROF T t=96 ph=7 the heart frames=60 | clear=44668 sky=1767245 floor=0 scene=2648087 flat=79696 gouraud=0 chrome=490721 texture=1816868 furnace=0 embers=122893 bloom=44880 veil=852 titles=1409 fade=215 | setup=260801 total=4630251
T t=97.3 bar=50 ph=7 the heart | render ms 15.52/15.56/15.68 | fps 59.7 | hold 1 miss 0 late 0 | gap ms 16.73 | under 0 fill 465 | copy 2497 cy/line 35.81 Mcy/s | synth 3049 cy/pump 43.73 Mcy/s 1822 cy/sample | tri 146 px 32715 part 111 ch 3 | AHASH s=2328000 46324a32
PROF T t=97 ph=7 the heart frames=60 | clear=44571 sky=1767539 floor=0 scene=2661239 flat=80675 gouraud=0 chrome=501064 texture=1817883 furnace=0 embers=121463 bloom=44852 veil=859 titles=1384 fade=223 | setup=261615 total=4642136
T t=98.4 bar=51 ph=7 the heart | render ms 15.53/15.58/15.72 | fps 59.7 | hold 1 miss 0 late 0 | gap ms 16.73 | under 0 fill 465 | copy 2497 cy/line 35.82 Mcy/s | synth 3053 cy/pump 43.78 Mcy/s 1824 cy/sample | tri 146 px 32726 part 111 ch 3 | AHASH s=2352000 f1166fe6
PROF T t=98 ph=7 the heart frames=60 | clear=44668 sky=1767453 floor=0 scene=2667102 flat=79714 gouraud=0 chrome=506338 texture=1819203 furnace=0 embers=119656 bloom=44238 veil=852 titles=1366 fade=209 | setup=261846 total=4645547
T t=99.4 bar=51 ph=7 the heart | render ms 15.54/15.58/15.71 | fps 59.7 | hold 1 miss 0 late 0 | gap ms 16.73 | under 0 fill 465 | copy 2497 cy/line 35.81 Mcy/s | synth 3050 cy/pump 43.74 Mcy/s 1822 cy/sample | tri 146 px 32750 part 111 ch 3 | AHASH s=2376000 3f3f2310
PROF T t=99 ph=7 the heart frames=60 | clear=44661 sky=1766873 floor=0 scene=2668446 flat=77137 gouraud=0 chrome=509031 texture=1820181 furnace=0 embers=120059 bloom=42904 veil=846 titles=1395 fade=215 | setup=262095 total=4645402
T t=100.4 bar=52 ph=7 the heart | render ms 15.54/15.62/15.71 | fps 59.7 | hold 1 miss 0 late 0 | gap ms 16.73 | under 0 fill 465 | copy 2497 cy/line 35.81 Mcy/s | synth 3050 cy/pump 43.74 Mcy/s 1822 cy/sample | tri 146 px 33247 part 111 ch 3 | AHASH s=2400000 ae191035
PROF T t=100 ph=7 the heart frames=60 | clear=44668 sky=1767317 floor=0 scene=2682954 flat=74961 gouraud=0 chrome=514259 texture=1831178 furnace=0 embers=121343 bloom=40196 veil=844 titles=1398 fade=210 | setup=262556 total=4658932
T t=101.4 bar=52 ph=7 the heart | render ms 15.62/15.66/15.79 | fps 59.7 | hold 1 miss 0 late 0 | gap ms 16.73 | under 0 fill 465 | copy 2498 cy/line 35.83 Mcy/s | synth 3049 cy/pump 43.73 Mcy/s 1822 cy/sample | tri 148 px 33244 part 111 ch 3 | AHASH s=2424000 c9629b28
PROF T t=101 ph=7 the heart frames=60 | clear=44683 sky=1766561 floor=0 scene=2691973 flat=73637 gouraud=0 chrome=513956 texture=1842854 furnace=0 embers=121857 bloom=42100 veil=858 titles=1395 fade=215 | setup=261525 total=4669645
T t=102.4 bar=53 ph=7 the heart | render ms 15.62/15.65/15.81 | fps 59.7 | hold 1 miss 0 late 0 | gap ms 16.73 | under 0 fill 465 | copy 2498 cy/line 35.83 Mcy/s | synth 3048 cy/pump 43.71 Mcy/s 1821 cy/sample | tri 148 px 33236 part 111 ch 3 | AHASH s=2448000 0c461bf6
PROF T t=102 ph=7 the heart frames=60 | clear=44658 sky=1766870 floor=0 scene=2689996 flat=74284 gouraud=0 chrome=510683 texture=1843299 furnace=0 embers=122654 bloom=42714 veil=846 titles=1387 fade=219 | setup=261728 total=4669348
T t=103.4 bar=53 ph=7 the heart | render ms 15.60/15.65/15.79 | fps 59.7 | hold 1 miss 0 late 0 | gap ms 16.73 | under 0 fill 465 | copy 2498 cy/line 35.82 Mcy/s | synth 3049 cy/pump 43.73 Mcy/s 1822 cy/sample | tri 142 px 33270 part 111 ch 3 | AHASH s=2472000 417189a2
PROF T t=103 ph=7 the heart frames=60 | clear=44700 sky=1765880 floor=0 scene=2688081 flat=75464 gouraud=0 chrome=505862 texture=1845393 furnace=0 embers=123421 bloom=43513 veil=865 titles=1405 fade=219 | setup=261360 total=4668087
T t=104.4 bar=54 ph=7 the heart | render ms 15.59/15.62/15.78 | fps 59.7 | hold 1 miss 0 late 0 | gap ms 16.73 | under 0 fill 465 | copy 2497 cy/line 35.82 Mcy/s | synth 3048 cy/pump 43.72 Mcy/s 1821 cy/sample | tri 142 px 33261 part 112 ch 3 | AHASH s=2496000 601664cb
PROF T t=104 ph=7 the heart frames=60 | clear=44636 sky=1766173 floor=0 scene=2680353 flat=75684 gouraud=0 chrome=496576 texture=1846413 furnace=0 embers=123097 bloom=43345 veil=840 titles=1387 fade=213 | setup=261678 total=4660048
T t=105.4 bar=54 ph=7 the heart | render ms 15.56/15.60/15.77 | fps 59.7 | hold 1 miss 0 late 0 | gap ms 16.73 | under 0 fill 465 | copy 2498 cy/line 35.82 Mcy/s | synth 3049 cy/pump 43.73 Mcy/s 1822 cy/sample | tri 144 px 33246 part 112 ch 3 | AHASH s=2520000 cf98d3ed
PROF T t=105 ph=7 the heart frames=60 | clear=44640 sky=1766202 floor=0 scene=2676549 flat=75630 gouraud=0 chrome=493250 texture=1846593 furnace=0 embers=119162 bloom=43569 veil=846 titles=1405 fade=217 | setup=261074 total=4652594
T t=106.4 bar=55 ph=7 the heart | render ms 15.55/16.57/20.00 | fps 47.0 | hold 2 miss 0 late 13 | gap ms 33.47 | under 0 fill 465 | copy 2484 cy/line 35.62 Mcy/s | synth 3029 cy/pump 43.44 Mcy/s 1810 cy/sample | tri 146 px 34657 part 113 ch 3 | AHASH s=2544000 e435c086
PROF T t=106 ph=7 the heart frames=48 | clear=44684 sky=1766637 floor=0 scene=2673566 flat=75408 gouraud=0 chrome=489680 texture=1888764 furnace=0 embers=118314 bloom=42601 veil=296014 titles=1420 fade=222 | setup=219712 total=4943461
T t=107.4 bar=55 ph=7 the heart | render ms 20.05/20.79/21.32 | fps 29.8 | hold 2 miss 0 late 30 | gap ms 33.47 | under 0 fill 465 | copy 2471 cy/line 35.43 Mcy/s | synth 3006 cy/pump 43.12 Mcy/s 1796 cy/sample | tri 146 px 41808 part 113 ch 3 | AHASH s=2568000 7e8bfa36
PROF T t=107 ph=7 the heart frames=30 | clear=44736 sky=1768422 floor=0 scene=2663329 flat=75528 gouraud=0 chrome=480975 texture=2313224 furnace=0 embers=118290 bloom=44740 veil=1567740 titles=1398 fade=215 | setup=0 total=6208873
PHRASE t=107.5 bar=56 ph=8 the eye | render ms 15.30/15.81/21.84 | fps 56.7 | hold 2 miss 0 late 46 | gap ms 33.47 | under 0 fill 465 | copy 2494 cy/line 35.77 Mcy/s | synth 3044 cy/pump 43.66 Mcy/s 1819 cy/sample | tri 186 px 50466 part 78 ch 4 | AHASH s=2568000 7e8bfa36
PROF PHRASE t=107 ph=8 the eye frames=874 | clear=44670 sky=1766840 floor=0 scene=2661652 flat=76064 gouraud=0 chrome=496415 texture=1848130 furnace=0 embers=121629 bloom=42863 veil=76747 titles=1394 fade=214 | setup=241041 total=4716013
T t=108.4 bar=56 ph=8 the eye | render ms 20.75/21.37/21.89 | fps 29.8 | hold 2 miss 0 late 30 | gap ms 33.47 | under 0 fill 465 | copy 2478 cy/line 35.54 Mcy/s | synth 2866 cy/pump 41.10 Mcy/s 1712 cy/sample | tri 186 px 44706 part 78 ch 4 | AHASH s=2592000 66b373d5
PROF T t=108 ph=8 the eye frames=30 | clear=44857 sky=1807481 floor=0 scene=2834127 flat=4993 gouraud=0 chrome=305703 texture=2688060 furnace=0 embers=87218 bloom=3004 veil=1606050 titles=1291 fade=222 | setup=0 total=6384255
T t=109.4 bar=57 ph=8 the eye | render ms 16.10/17.64/20.89 | fps 42.8 | hold 2 miss 0 late 17 | gap ms 33.47 | under 0 fill 465 | copy 2496 cy/line 35.79 Mcy/s | synth 2690 cy/pump 38.58 Mcy/s 1607 cy/sample | tri 182 px 41826 part 78 ch 4 | AHASH s=2616000 c82a5663
PROF T t=109 ph=8 the eye frames=43 | clear=44605 sky=1808621 floor=0 scene=2850356 flat=0 gouraud=0 chrome=293298 texture=2288293 furnace=0 embers=84779 bloom=0 veil=455897 titles=19647 fade=215 | setup=268764 total=5264123
T t=110.4 bar=57 ph=8 the eye | render ms 16.10/16.13/16.30 | fps 58.7 | hold 2 miss 0 late 1 | gap ms 33.47 | under 0 fill 465 | copy 2513 cy/line 36.03 Mcy/s | synth 2707 cy/pump 38.82 Mcy/s 1617 cy/sample | tri 182 px 41826 part 78 ch 4 | AHASH s=2640000 9f6ffe38
PROF T t=110 ph=8 the eye frames=59 | clear=44506 sky=1807961 floor=0 scene=2849370 flat=0 gouraud=0 chrome=293346 texture=2213234 furnace=0 embers=85146 bloom=0 veil=846 titles=24341 fade=216 | setup=342788 total=4812389
T t=111.4 bar=58 ph=8 the eye | render ms 16.09/16.13/16.30 | fps 58.7 | hold 2 miss 0 late 1 | gap ms 33.47 | under 0 fill 465 | copy 2511 cy/line 36.01 Mcy/s | synth 2708 cy/pump 38.84 Mcy/s 1618 cy/sample | tri 182 px 41826 part 78 ch 4 | AHASH s=2664000 670e852b
PROF T t=111 ph=8 the eye frames=59 | clear=44539 sky=1808061 floor=0 scene=2849030 flat=0 gouraud=0 chrome=293361 texture=2213144 furnace=0 embers=84366 bloom=0 veil=862 titles=24485 fade=217 | setup=342524 total=4811562
T t=112.4 bar=58 ph=8 the eye | render ms 16.10/16.14/16.27 | fps 58.7 | hold 2 miss 0 late 1 | gap ms 33.47 | under 0 fill 465 | copy 2513 cy/line 36.04 Mcy/s | synth 2708 cy/pump 38.84 Mcy/s 1618 cy/sample | tri 182 px 41826 part 78 ch 4 | AHASH s=2688000 c39148f0
PROF T t=112 ph=8 the eye frames=59 | clear=44574 sky=1808253 floor=0 scene=2849826 flat=0 gouraud=0 chrome=293471 texture=2213453 furnace=0 embers=86362 bloom=0 veil=867 titles=24405 fade=208 | setup=342901 total=4814499
T t=113.4 bar=59 ph=8 the eye | render ms 16.10/16.14/16.33 | fps 58.7 | hold 2 miss 0 late 1 | gap ms 33.47 | under 0 fill 465 | copy 2511 cy/line 36.01 Mcy/s | synth 2707 cy/pump 38.82 Mcy/s 1617 cy/sample | tri 182 px 41826 part 78 ch 4 | AHASH s=2712000 f53583f6
PROF T t=113 ph=8 the eye frames=59 | clear=44591 sky=1808187 floor=0 scene=2849815 flat=0 gouraud=0 chrome=293386 texture=2213658 furnace=0 embers=86729 bloom=0 veil=864 titles=24417 fade=216 | setup=342769 total=4814820
T t=114.4 bar=59 ph=8 the eye | render ms 16.11/16.14/16.30 | fps 58.7 | hold 2 miss 0 late 1 | gap ms 33.47 | under 0 fill 465 | copy 2512 cy/line 36.03 Mcy/s | synth 2709 cy/pump 38.85 Mcy/s 1618 cy/sample | tri 182 px 41826 part 78 ch 4 | AHASH s=2736000 500e0439
PROF T t=114 ph=8 the eye frames=59 | clear=44585 sky=1808346 floor=0 scene=2849500 flat=0 gouraud=0 chrome=293329 texture=2213597 furnace=0 embers=86604 bloom=0 veil=848 titles=24437 fade=207 | setup=342573 total=4814531
T t=115.4 bar=60 ph=8 the eye | render ms 16.09/16.14/16.31 | fps 58.7 | hold 2 miss 0 late 1 | gap ms 33.47 | under 0 fill 465 | copy 2511 cy/line 36.02 Mcy/s | synth 2707 cy/pump 38.82 Mcy/s 1617 cy/sample | tri 182 px 41826 part 79 ch 4 | AHASH s=2760000 92d069c7
PROF T t=115 ph=8 the eye frames=59 | clear=44559 sky=1808117 floor=0 scene=2850274 flat=0 gouraud=0 chrome=293343 texture=2213984 furnace=0 embers=85300 bloom=0 veil=860 titles=24434 fade=214 | setup=342946 total=4813762
T t=116.4 bar=60 ph=8 the eye | render ms 16.09/16.13/16.28 | fps 58.7 | hold 2 miss 0 late 1 | gap ms 33.47 | under 0 fill 465 | copy 2512 cy/line 36.03 Mcy/s | synth 2709 cy/pump 38.85 Mcy/s 1619 cy/sample | tri 182 px 41826 part 79 ch 4 | AHASH s=2784000 3672f781
PROF T t=116 ph=8 the eye frames=59 | clear=44518 sky=1808106 floor=0 scene=2848740 flat=0 gouraud=0 chrome=293381 texture=2213181 furnace=0 embers=84056 bloom=0 veil=863 titles=24427 fade=202 | setup=342176 total=4810915
T t=117.5 bar=61 ph=8 the eye | render ms 16.02/16.10/16.30 | fps 58.7 | hold 2 miss 0 late 1 | gap ms 33.47 | under 0 fill 465 | copy 2511 cy/line 36.01 Mcy/s | synth 2707 cy/pump 38.83 Mcy/s 1617 cy/sample | tri 182 px 41826 part 79 ch 4 | AHASH s=2808000 688c7659
PROF T t=117 ph=8 the eye frames=59 | clear=44587 sky=1807752 floor=0 scene=2849252 flat=0 gouraud=0 chrome=293321 texture=2213310 furnace=0 embers=85169 bloom=0 veil=851 titles=15460 fade=220 | setup=342620 total=4803294
T t=118.5 bar=61 ph=8 the eye | render ms 16.00/16.04/16.20 | fps 58.7 | hold 2 miss 0 late 1 | gap ms 33.47 | under 0 fill 465 | copy 2512 cy/line 36.02 Mcy/s | synth 2707 cy/pump 38.82 Mcy/s 1617 cy/sample | tri 182 px 41826 part 79 ch 4 | AHASH s=2832000 3e67fc45
PROF T t=118 ph=8 the eye frames=59 | clear=44556 sky=1806272 floor=0 scene=2847845 flat=0 gouraud=0 chrome=293351 texture=2212405 furnace=0 embers=84264 bloom=0 veil=854 titles=1404 fade=216 | setup=342088 total=4785413
T t=119.5 bar=62 ph=8 the eye | render ms 16.00/16.05/16.22 | fps 58.7 | hold 2 miss 0 late 1 | gap ms 33.47 | under 0 fill 465 | copy 2511 cy/line 36.01 Mcy/s | synth 2706 cy/pump 38.80 Mcy/s 1616 cy/sample | tri 182 px 41826 part 79 ch 4 | AHASH s=2856000 a1c508fe
PROF T t=119 ph=8 the eye frames=59 | clear=44565 sky=1806913 floor=0 scene=2848554 flat=0 gouraud=0 chrome=293209 texture=2212853 furnace=0 embers=84843 bloom=0 veil=846 titles=1380 fade=213 | setup=342491 total=4787316
T t=120.5 bar=62 ph=8 the eye | render ms 16.02/16.06/16.21 | fps 58.7 | hold 2 miss 0 late 1 | gap ms 33.47 | under 0 fill 465 | copy 2512 cy/line 36.03 Mcy/s | synth 2707 cy/pump 38.82 Mcy/s 1617 cy/sample | tri 182 px 41826 part 79 ch 4 | AHASH s=2880000 c01fbcf3
PROF T t=120 ph=8 the eye frames=59 | clear=44538 sky=1806925 floor=0 scene=2849098 flat=0 gouraud=0 chrome=293374 texture=2213163 furnace=0 embers=87832 bloom=0 veil=851 titles=1402 fade=216 | setup=342560 total=4790866
T t=121.5 bar=63 ph=8 the eye | render ms 16.03/16.06/16.24 | fps 58.7 | hold 2 miss 0 late 1 | gap ms 33.47 | under 0 fill 465 | copy 2511 cy/line 36.01 Mcy/s | synth 2707 cy/pump 38.82 Mcy/s 1617 cy/sample | tri 182 px 41826 part 80 ch 4 | AHASH s=2904000 bf7e4e19
PROF T t=121 ph=8 the eye frames=59 | clear=44571 sky=1807435 floor=0 scene=2847730 flat=0 gouraud=0 chrome=293459 texture=2212410 furnace=0 embers=89252 bloom=0 veil=851 titles=1383 fade=219 | setup=341860 total=4791444
T t=122.5 bar=63 ph=8 the eye | render ms 16.03/16.06/16.23 | fps 58.7 | hold 2 miss 0 late 1 | gap ms 33.47 | under 0 fill 465 | copy 2513 cy/line 36.03 Mcy/s | synth 2709 cy/pump 38.84 Mcy/s 1618 cy/sample | tri 182 px 41826 part 80 ch 4 | AHASH s=2928000 e129bcd7
PROF T t=122 ph=8 the eye frames=59 | clear=44567 sky=1807120 floor=0 scene=2848474 flat=0 gouraud=0 chrome=293327 texture=2212868 furnace=0 embers=89475 bloom=0 veil=866 titles=1392 fade=212 | setup=342278 total=4792108
PHRASE t=122.8 bar=64 ph=9 the eye | render ms 16.00/16.34/21.89 | fps 55.9 | hold 2 miss 0 late 58 | gap ms 33.47 | under 0 fill 465 | copy 2509 cy/line 35.98 Mcy/s | synth 2716 cy/pump 38.95 Mcy/s 1622 cy/sample | tri 182 px 41826 part 84 ch 4 | AHASH s=2928000 e129bcd7
PROF PHRASE t=122 ph=9 the eye frames=858 | clear=44571 sky=1807756 floor=0 scene=2849023 flat=0 gouraud=0 chrome=293360 texture=2232272 furnace=0 embers=86058 bloom=0 veil=73777 titles=14356 fade=214 | setup=323391 total=4875758
T t=123.5 bar=64 ph=9 the eye | render ms 16.03/16.10/16.23 | fps 57.7 | hold 2 miss 0 late 2 | gap ms 33.47 | under 0 fill 465 | copy 2497 cy/line 35.81 Mcy/s | synth 2925 cy/pump 41.95 Mcy/s 1748 cy/sample | tri 182 px 42419 part 84 ch 4 | AHASH s=2952000 c84c1e21
PROF T t=123 ph=9 the eye frames=58 | clear=44679 sky=1807561 floor=0 scene=2855488 flat=0 gouraud=0 chrome=294484 texture=2218546 furnace=0 embers=92251 bloom=0 veil=865 titles=1403 fade=210 | setup=342458 total=4802459
T t=124.5 bar=64 ph=9 the eye | render ms 16.18/16.43/16.74 | fps 55.7 | hold 2 miss 0 late 4 | gap ms 33.47 | under 0 fill 465 | copy 2488 cy/line 35.69 Mcy/s | synth 3027 cy/pump 43.41 Mcy/s 1808 cy/sample | tri 182 px 46440 part 84 ch 4 | AHASH s=2976000 f3539544
PROF T t=124 ph=9 the eye frames=56 | clear=44614 sky=1808248 floor=0 scene=2951881 flat=0 gouraud=0 chrome=298486 texture=2311157 furnace=0 embers=94439 bloom=0 veil=856 titles=1390 fade=217 | setup=342236 total=4901650
T t=125.5 bar=65 ph=9 the eye | render ms 16.80/17.12/17.54 | fps 29.8 | hold 2 miss 0 late 30 | gap ms 33.47 | under 0 fill 465 | copy 2452 cy/line 35.16 Mcy/s | synth 2992 cy/pump 42.91 Mcy/s 1788 cy/sample | tri 182 px 50921 part 84 ch 4 | AHASH s=3000000 c4c7db5e
PROF T t=125 ph=9 the eye frames=30 | clear=44526 sky=1818341 floor=0 scene=3152074 flat=0 gouraud=0 chrome=313359 texture=2495534 furnace=0 embers=92866 bloom=0 veil=842 titles=1425 fade=209 | setup=343181 total=5110286
T t=126.5 bar=65 ph=9 the eye | render ms 17.60/18.02/18.36 | fps 29.8 | hold 2 miss 0 late 30 | gap ms 33.47 | under 0 fill 465 | copy 2455 cy/line 35.20 Mcy/s | synth 2993 cy/pump 42.92 Mcy/s 1788 cy/sample | tri 182 px 55678 part 84 ch 4 | AHASH s=3024000 689501b6
PROF T t=126 ph=9 the eye frames=30 | clear=44548 sky=1835829 floor=0 scene=3404886 flat=0 gouraud=0 chrome=345254 texture=2716171 furnace=0 embers=91591 bloom=0 veil=853 titles=1423 fade=212 | setup=343459 total=5379344
T t=127.5 bar=66 ph=9 the eye | render ms 18.42/18.62/18.80 | fps 29.8 | hold 2 miss 0 late 30 | gap ms 33.47 | under 0 fill 465 | copy 2457 cy/line 35.23 Mcy/s | synth 2993 cy/pump 42.93 Mcy/s 1788 cy/sample | tri 182 px 56618 part 85 ch 4 | AHASH s=3048000 54ddbfb4
PROF T t=127 ph=9 the eye frames=30 | clear=44675 sky=1869851 floor=0 scene=3550003 flat=0 gouraud=0 chrome=407114 texture=2798025 furnace=0 embers=92094 bloom=0 veil=825 titles=1356 fade=222 | setup=344863 total=5559027
T t=128.5 bar=66 ph=9 the eye | render ms 18.60/18.97/19.60 | fps 29.8 | hold 2 miss 0 late 30 | gap ms 33.47 | under 0 fill 465 | copy 2459 cy/line 35.27 Mcy/s | synth 2997 cy/pump 42.99 Mcy/s 1791 cy/sample | tri 182 px 58892 part 85 ch 4 | AHASH s=3072000 ff2af1eb
PROF T t=128 ph=9 the eye frames=30 | clear=44650 sky=1940883 floor=0 scene=3584734 flat=0 gouraud=0 chrome=535388 texture=2704285 furnace=0 embers=91875 bloom=0 veil=867 titles=1376 fade=207 | setup=345060 total=5664595
T t=129.5 bar=67 ph=9 the eye | render ms 18.89/19.34/19.76 | fps 29.8 | hold 2 miss 0 late 30 | gap ms 33.47 | under 0 fill 465 | copy 2463 cy/line 35.33 Mcy/s | synth 2996 cy/pump 42.97 Mcy/s 1790 cy/sample | tri 182 px 52274 part 85 ch 4 | AHASH s=3096000 bcfb55d3
PROF T t=129 ph=9 the eye frames=30 | clear=44626 sky=2115505 floor=0 scene=3520536 flat=0 gouraud=0 chrome=830998 texture=2344838 furnace=0 embers=91189 bloom=0 veil=864 titles=1379 fade=210 | setup=344698 total=5774312
T t=130.5 bar=67 ph=9 the eye | render ms 18.37/18.79/19.14 | fps 29.8 | hold 2 miss 0 late 30 | gap ms 33.47 | under 0 fill 465 | copy 2469 cy/line 35.40 Mcy/s | synth 3001 cy/pump 43.04 Mcy/s 1793 cy/sample | tri 182 px 27488 part 85 ch 4 | AHASH s=3120000 55e3adeb
PROF T t=130 ph=9 the eye frames=30 | clear=44753 sky=2790795 floor=0 scene=2683131 flat=0 gouraud=0 chrome=1253098 texture=1088430 furnace=0 embers=89297 bloom=0 veil=892 titles=1351 fade=220 | setup=341601 total=5610442
T t=131.5 bar=68 ph=9 the eye | render ms 18.20/18.58/19.20 | fps 29.8 | hold 2 miss 0 late 30 | gap ms 33.47 | under 0 fill 465 | copy 2458 cy/line 35.25 Mcy/s | synth 3008 cy/pump 43.14 Mcy/s 1797 cy/sample | tri 182 px 9952 part 87 ch 4 | AHASH s=3144000 776b4edd
PROF T t=131 ph=9 the eye frames=30 | clear=44792 sky=3971777 floor=0 scene=1432164 flat=0 gouraud=0 chrome=205813 texture=884485 furnace=0 embers=94392 bloom=0 veil=889 titles=1419 fade=226 | setup=341865 total=5545662
T t=132.5 bar=69 ph=9 the eye | render ms 18.25/18.70/19.21 | fps 29.8 | hold 2 miss 0 late 30 | gap ms 33.47 | under 0 fill 465 | copy 2458 cy/line 35.24 Mcy/s | synth 3009 cy/pump 43.15 Mcy/s 1798 cy/sample | tri 182 px 15456 part 88 ch 4 | AHASH s=3168000 37750be0
PROF T t=132 ph=9 the eye frames=30 | clear=44693 sky=4010563 floor=0 scene=1428986 flat=0 gouraud=0 chrome=24431 texture=1062873 furnace=0 embers=94054 bloom=0 veil=885 titles=1410 fade=226 | setup=341681 total=5580820
T t=133.5 bar=69 ph=9 the eye | render ms 19.30/20.19/21.26 | fps 29.8 | hold 2 miss 0 late 30 | gap ms 33.47 | under 0 fill 465 | copy 2461 cy/line 35.30 Mcy/s | synth 3013 cy/pump 43.21 Mcy/s 1800 cy/sample | tri 182 px 26996 part 88 ch 4 | AHASH s=3192000 13b36c2c
PROF T t=133 ph=9 the eye frames=30 | clear=44601 sky=4013073 floor=0 scene=1874292 flat=0 gouraud=0 chrome=24341 texture=1506931 furnace=0 embers=95149 bloom=0 veil=885 titles=1408 fade=223 | setup=343020 total=6029634
T t=134.5 bar=70 ph=9 the eye | render ms 21.49/23.09/24.53 | fps 29.8 | hold 2 miss 0 late 30 | gap ms 33.47 | under 0 fill 465 | copy 2472 cy/line 35.45 Mcy/s | synth 3013 cy/pump 43.21 Mcy/s 1800 cy/sample | tri 182 px 46912 part 90 ch 4 | AHASH s=3216000 734b9e99
PROF T t=134 ph=9 the eye frames=30 | clear=44676 sky=4012290 floor=0 scene=2742336 flat=0 gouraud=0 chrome=22326 texture=2376227 furnace=0 embers=96702 bloom=0 veil=877 titles=1397 fade=214 | setup=343782 total=6898495
T t=135.5 bar=70 ph=9 the eye | render ms 19.54/22.80/24.91 | fps 29.8 | hold 2 miss 0 late 30 | gap ms 33.47 | under 0 fill 465 | copy 2471 cy/line 35.44 Mcy/s | synth 3015 cy/pump 43.24 Mcy/s 1801 cy/sample | tri 182 px 16328 part 90 ch 4 | AHASH s=3240000 c8e54c97
PROF T t=135 ph=9 the eye frames=30 | clear=44690 sky=4012054 floor=0 scene=2652401 flat=0 gouraud=0 chrome=22328 texture=2287783 furnace=0 embers=99066 bloom=0 veil=892 titles=1429 fade=228 | setup=342289 total=6810762
T t=136.5 bar=71 ph=9 the eye | render ms 19.05/19.36/19.71 | fps 29.8 | hold 2 miss 0 late 30 | gap ms 33.47 | under 0 fill 465 | copy 2458 cy/line 35.26 Mcy/s | synth 3011 cy/pump 43.18 Mcy/s 1799 cy/sample | tri 182 px 17312 part 94 ch 4 | AHASH s=3264000 477858f9
PROF T t=136 ph=9 the eye frames=30 | clear=44655 sky=4012423 floor=0 scene=1619416 flat=0 gouraud=0 chrome=22408 texture=1254506 furnace=0 embers=100246 bloom=0 veil=889 titles=1433 fade=229 | setup=342501 total=5779293
T t=137.5 bar=71 ph=9 the eye | render ms 19.72/23.48/25.24 | fps 29.8 | hold 2 miss 0 late 30 | gap ms 33.47 | under 0 fill 465 | copy 2480 cy/line 35.57 Mcy/s | synth 3016 cy/pump 43.25 Mcy/s 1802 cy/sample | tri 186 px 25520 part 94 ch 4 | AHASH s=3288000 b36904b5
PROF T t=137 ph=9 the eye frames=30 | clear=44663 sky=4015580 floor=0 scene=1786475 flat=0 gouraud=0 chrome=22333 texture=1644560 furnace=0 embers=103760 bloom=0 veil=1064265 titles=1426 fade=219 | setup=119582 total=7016390
PHRASE t=138.2 bar=72 ph=10 the load | render ms 16.05/19.37/26.03 | fps 32.7 | hold 2 miss 0 late 416 | gap ms 33.47 | under 0 fill 465 | copy 2467 cy/line 35.37 Mcy/s | synth 3008 cy/pump 43.13 Mcy/s 1797 cy/sample | tri 174 px 26081 part 126 ch 5 | AHASH s=3312000 4417a264
PROF PHRASE t=138 ph=10 the load frames=504 | clear=44657 sky=2902643 floor=0 scene=2604933 flat=0 gouraud=0 chrome=296894 texture=2002065 furnace=108 embers=95208 bloom=97 veil=133844 titles=1400 fade=218 | setup=305865 total=5783003
T t=138.5 bar=72 ph=10 the load | render ms 18.82/23.47/26.03 | fps 29.8 | hold 2 miss 0 late 30 | gap ms 33.47 | under 0 fill 465 | copy 2480 cy/line 35.57 Mcy/s | synth 3015 cy/pump 43.23 Mcy/s 1801 cy/sample | tri 174 px 25087 part 126 ch 5 | AHASH s=3312000 4417a264
PROF T t=138 ph=10 the load frames=30 | clear=44890 sky=3269817 floor=0 scene=1882747 flat=0 gouraud=0 chrome=240578 texture=1890155 furnace=17788 embers=116047 bloom=16372 veil=1681732 titles=1351 fade=220 | setup=0 total=7013179
T t=139.5 bar=72 ph=10 the load | render ms 17.03/18.08/18.97 | fps 29.8 | hold 2 miss 0 late 30 | gap ms 33.47 | under 0 fill 465 | copy 2462 cy/line 35.31 Mcy/s | synth 3000 cy/pump 43.02 Mcy/s 1792 cy/sample | tri 174 px 17905 part 126 ch 5 | AHASH s=3336000 b52e67ca
PROF T t=139 ph=10 the load frames=30 | clear=44690 sky=1759071 floor=0 scene=1962110 flat=0 gouraud=0 chrome=677789 texture=1355902 furnace=55151 embers=139439 bloom=49907 veil=1438102 titles=3690 fade=208 | setup=0 total=5397219
T t=140.5 bar=73 ph=10 the load | render ms 13.31/13.69/16.71 | fps 58.7 | hold 2 miss 0 late 1 | gap ms 33.47 | under 0 fill 465 | copy 2490 cy/line 35.71 Mcy/s | synth 2745 cy/pump 39.37 Mcy/s 1640 cy/sample | tri 166 px 17386 part 126 ch 5 | AHASH s=3360000 e8c9be35
PROF T t=140 ph=10 the load frames=59 | clear=44578 sky=1758210 floor=0 scene=1963377 flat=0 gouraud=0 chrome=678977 texture=997547 furnace=57356 embers=136591 bloom=50458 veil=100284 titles=25480 fade=213 | setup=229495 total=4079194
T t=141.5 bar=73 ph=10 the load | render ms 13.32/13.35/13.48 | fps 59.7 | hold 1 miss 0 late 0 | gap ms 16.73 | under 0 fill 465 | copy 2492 cy/line 35.74 Mcy/s | synth 2598 cy/pump 37.26 Mcy/s 1552 cy/sample | tri 166 px 17427 part 126 ch 5 | AHASH s=3384000 78ec8b6d
PROF T t=141 ph=10 the load frames=60 | clear=44552 sky=1758198 floor=0 scene=1961440 flat=0 gouraud=0 chrome=680168 texture=986626 furnace=57215 embers=137500 bloom=50464 veil=851 titles=25489 fade=212 | setup=237430 total=3978710
T t=142.6 bar=74 ph=10 the load | render ms 13.33/13.36/13.49 | fps 59.7 | hold 1 miss 0 late 0 | gap ms 16.73 | under 0 fill 465 | copy 2492 cy/line 35.74 Mcy/s | synth 2599 cy/pump 37.27 Mcy/s 1553 cy/sample | tri 166 px 17409 part 127 ch 5 | AHASH s=3408000 24e3995f
PROF T t=142 ph=10 the load frames=60 | clear=44579 sky=1758064 floor=0 scene=1962368 flat=0 gouraud=0 chrome=681519 texture=986233 furnace=57031 embers=139231 bloom=50505 veil=878 titles=25506 fade=218 | setup=237584 total=3981352
T t=143.6 bar=74 ph=10 the load | render ms 13.31/13.35/13.50 | fps 59.7 | hold 1 miss 0 late 0 | gap ms 16.73 | under 0 fill 465 | copy 2492 cy/line 35.74 Mcy/s | synth 2602 cy/pump 37.32 Mcy/s 1555 cy/sample | tri 164 px 17403 part 127 ch 5 | AHASH s=3432000 a167a78e
PROF T t=143 ph=10 the load frames=60 | clear=44575 sky=1757542 floor=0 scene=1960657 flat=0 gouraud=0 chrome=681199 texture=987171 furnace=55090 embers=139033 bloom=50250 veil=861 titles=25498 fade=223 | setup=237197 total=3978642
T t=144.6 bar=75 ph=10 the load | render ms 13.31/13.35/13.48 | fps 59.7 | hold 1 miss 0 late 0 | gap ms 16.73 | under 0 fill 465 | copy 2491 cy/line 35.73 Mcy/s | synth 2601 cy/pump 37.31 Mcy/s 1554 cy/sample | tri 164 px 17476 part 127 ch 5 | AHASH s=3456000 634c61d6
PROF T t=144 ph=10 the load frames=60 | clear=44608 sky=1756887 floor=0 scene=1961256 flat=0 gouraud=0 chrome=682541 texture=988342 furnace=52923 embers=140743 bloom=48082 veil=843 titles=25471 fade=212 | setup=237449 total=3978107
T t=145.6 bar=75 ph=10 the load | render ms 13.31/13.36/13.50 | fps 59.7 | hold 1 miss 0 late 0 | gap ms 16.73 | under 0 fill 465 | copy 2492 cy/line 35.74 Mcy/s | synth 2600 cy/pump 37.29 Mcy/s 1553 cy/sample | tri 162 px 17543 part 127 ch 5 | AHASH s=3480000 71fe7714
PROF T t=145 ph=10 the load frames=60 | clear=44592 sky=1756613 floor=0 scene=1963453 flat=0 gouraud=0 chrome=683301 texture=989975 furnace=52650 embers=141421 bloom=47307 veil=858 titles=25478 fade=216 | setup=237525 total=3979942
T t=146.6 bar=76 ph=10 the load | render ms 13.33/13.37/13.49 | fps 59.7 | hold 1 miss 0 late 0 | gap ms 16.73 | under 0 fill 465 | copy 2493 cy/line 35.75 Mcy/s | synth 2599 cy/pump 37.27 Mcy/s 1553 cy/sample | tri 162 px 17556 part 127 ch 5 | AHASH s=3504000 1ad90c4d
PROF T t=146 ph=10 the load frames=60 | clear=44593 sky=1756907 floor=0 scene=1966906 flat=0 gouraud=0 chrome=681894 texture=992560 furnace=55401 embers=140038 bloom=49647 veil=881 titles=25530 fade=218 | setup=237050 total=3984724
T t=147.6 bar=76 ph=10 the load | render ms 13.35/13.40/13.54 | fps 59.7 | hold 1 miss 0 late 0 | gap ms 16.73 | under 0 fill 465 | copy 2493 cy/line 35.75 Mcy/s | synth 2599 cy/pump 37.28 Mcy/s 1553 cy/sample | tri 164 px 17583 part 127 ch 5 | AHASH s=3528000 8841309f
PROF T t=147 ph=10 the load frames=60 | clear=44604 sky=1757843 floor=0 scene=1974029 flat=0 gouraud=0 chrome=685178 texture=993733 furnace=58038 embers=138496 bloom=50530 veil=879 titles=25478 fade=221 | setup=237078 total=3992084
T t=148.6 bar=77 ph=10 the load | render ms 13.29/13.35/13.56 | fps 59.7 | hold 1 miss 0 late 0 | gap ms 16.73 | under 0 fill 465 | copy 2494 cy/line 35.76 Mcy/s | synth 2599 cy/pump 37.27 Mcy/s 1553 cy/sample | tri 164 px 17625 part 127 ch 5 | AHASH s=3552000 dff90dbd
PROF T t=148 ph=10 the load frames=60 | clear=44590 sky=1756986 floor=0 scene=1981174 flat=0 gouraud=0 chrome=689766 texture=995225 furnace=59483 embers=137247 bloom=51143 veil=869 titles=6617 fade=221 | setup=236698 total=3978850
T t=149.6 bar=77 ph=10 the load | render ms 13.32/13.36/13.48 | fps 59.7 | hold 1 miss 0 late 0 | gap ms 16.73 | under 0 fill 465 | copy 2494 cy/line 35.77 Mcy/s | synth 2597 cy/pump 37.24 Mcy/s 1552 cy/sample | tri 164 px 17709 part 127 ch 5 | AHASH s=3576000 10ef495b
PROF T t=149 ph=10 the load frames=60 | clear=44581 sky=1756451 floor=0 scene=1986410 flat=0 gouraud=0 chrome=692558 texture=997694 furnace=59881 embers=136494 bloom=53354 veil=868 titles=1355 fade=214 | setup=236276 total=3979731
T t=150.6 bar=78 ph=10 the load | render ms 13.35/13.39/13.52 | fps 59.7 | hold 1 miss 0 late 0 | gap ms 16.73 | under 0 fill 465 | copy 2493 cy/line 35.76 Mcy/s | synth 2599 cy/pump 37.27 Mcy/s 1553 cy/sample | tri 164 px 17758 part 127 ch 5 | AHASH s=3600000 a827f115
PROF T t=150 ph=10 the load frames=60 | clear=44580 sky=1757076 floor=0 scene=1993198 flat=0 gouraud=0 chrome=694254 texture=1000636 furnace=61306 embers=136793 bloom=55150 veil=849 titles=1346 fade=221 | setup=237000 total=3989217
T t=151.6 bar=78 ph=10 the load | render ms 13.38/13.41/13.56 | fps 59.7 | hold 1 miss 0 late 0 | gap ms 16.73 | under 0 fill 465 | copy 2494 cy/line 35.77 Mcy/s | synth 2598 cy/pump 37.26 Mcy/s 1552 cy/sample | tri 164 px 17779 part 127 ch 5 | AHASH s=3624000 70a52061
PROF T t=151 ph=10 the load frames=60 | clear=44608 sky=1756916 floor=0 scene=1997164 flat=0 gouraud=0 chrome=693906 texture=1002656 furnace=63484 embers=138731 bloom=56118 veil=854 titles=1351 fade=220 | setup=237117 total=3995966
T t=152.6 bar=79 ph=10 the load | render ms 13.38/13.42/13.58 | fps 59.7 | hold 1 miss 0 late 0 | gap ms 16.73 | under 0 fill 465 | copy 2494 cy/line 35.77 Mcy/s | synth 2600 cy/pump 37.29 Mcy/s 1554 cy/sample | tri 160 px 17821 part 127 ch 5 | AHASH s=3648000 83a0cb6b
PROF T t=152 ph=10 the load frames=60 | clear=44574 sky=1756921 floor=0 scene=1997914 flat=0 gouraud=0 chrome=692782 texture=1001699 furnace=66779 embers=141030 bloom=57056 veil=860 titles=1366 fade=218 | setup=236653 total=3999943
PHRASE t=153.6 bar=80 ph=11 the load | render ms 13.29/13.62/19.10 | fps 57.1 | hold 2 miss 0 late 40 | gap ms 33.47 | under 0 fill 465 | copy 2490 cy/line 35.71 Mcy/s | synth 2641 cy/pump 37.87 Mcy/s 1578 cy/sample | tri 158 px 17853 part 127 ch 5 | AHASH s=3672000 abe9098c
PROF PHRASE t=153 ph=11 the load frames=876 | clear=44589 sky=1757386 floor=0 scene=1975654 flat=0 gouraud=0 chrome=685792 texture=1013023 furnace=58822 embers=138826 bloom=51900 veil=74255 titles=14991 fade=217 | setup=218016 total=4057822
T t=153.6 bar=80 ph=11 the load | render ms 13.39/13.43/13.57 | fps 59.7 | hold 1 miss 0 late 0 | gap ms 16.73 | under 0 fill 465 | copy 2493 cy/line 35.75 Mcy/s | synth 2561 cy/pump 36.73 Mcy/s 1530 cy/sample | tri 158 px 17840 part 127 ch 5 | AHASH s=3672000 abe9098c
PROF T t=153 ph=11 the load frames=60 | clear=44586 sky=1758012 floor=0 scene=1999664 flat=0 gouraud=0 chrome=688430 texture=1004964 furnace=69917 embers=139834 bloom=58155 veil=866 titles=1341 fade=213 | setup=236352 total=4002674
T t=154.6 bar=80 ph=11 the load | render ms 13.40/13.44/13.56 | fps 59.7 | hold 1 miss 0 late 0 | gap ms 16.73 | under 0 fill 465 | copy 2494 cy/line 35.77 Mcy/s | synth 2601 cy/pump 37.30 Mcy/s 1554 cy/sample | tri 160 px 17927 part 127 ch 5 | AHASH s=3696000 3176b28e
PROF T t=154 ph=11 the load frames=60 | clear=44553 sky=1757354 floor=0 scene=2004551 flat=0 gouraud=0 chrome=691299 texture=1006721 furnace=70317 embers=138439 bloom=59101 veil=866 titles=1357 fade=223 | setup=236213 total=4006450
T t=155.6 bar=81 ph=11 the load | render ms 13.43/13.47/13.60 | fps 59.7 | hold 1 miss 0 late 0 | gap ms 16.73 | under 0 fill 465 | copy 2493 cy/line 35.76 Mcy/s | synth 2674 cy/pump 38.35 Mcy/s 1598 cy/sample | tri 160 px 17990 part 127 ch 5 | AHASH s=3720000 95f09d70
PROF T t=155 ph=11 the load frames=60 | clear=44581 sky=1757909 floor=0 scene=2011088 flat=0 gouraud=0 chrome=694012 texture=1009322 furnace=70908 embers=137177 bloom=60038 veil=868 titles=1334 fade=220 | setup=236846 total=4013218
T t=156.6 bar=81 ph=11 the load | render ms 13.45/13.48/13.61 | fps 59.7 | hold 1 miss 0 late 0 | gap ms 16.73 | under 0 fill 465 | copy 2482 cy/line 35.60 Mcy/s | synth 3036 cy/pump 43.54 Mcy/s 1814 cy/sample | tri 160 px 18032 part 127 ch 5 | AHASH s=3744000 ca1f9b64
PROF T t=156 ph=11 the load frames=60 | clear=44600 sky=1757651 floor=0 scene=2014208 flat=0 gouraud=0 chrome=695373 texture=1012691 furnace=69927 embers=137849 bloom=60892 veil=864 titles=1365 fade=220 | setup=236217 total=4017652
T t=157.6 bar=82 ph=11 the load | render ms 13.47/13.51/13.64 | fps 59.7 | hold 1 miss 0 late 0 | gap ms 16.73 | under 0 fill 465 | copy 2482 cy/line 35.59 Mcy/s | synth 3039 cy/pump 43.58 Mcy/s 1816 cy/sample | tri 160 px 18142 part 127 ch 5 | AHASH s=3768000 9d415870
PROF T t=157 ph=11 the load frames=60 | clear=44580 sky=1758566 floor=0 scene=2019196 flat=0 gouraud=0 chrome=697130 texture=1015436 furnace=70207 embers=139169 bloom=61716 veil=863 titles=1347 fade=218 | setup=236422 total=4025659
T t=158.6 bar=82 ph=11 the load | render ms 13.49/13.53/13.66 | fps 59.7 | hold 1 miss 0 late 0 | gap ms 16.73 | under 0 fill 465 | copy 2483 cy/line 35.61 Mcy/s | synth 3039 cy/pump 43.58 Mcy/s 1815 cy/sample | tri 160 px 18219 part 127 ch 5 | AHASH s=3792000 7d3d2864
PROF T t=158 ph=11 the load frames=60 | clear=44604 sky=1758719 floor=0 scene=2024232 flat=0 gouraud=0 chrome=698172 texture=1018460 furnace=71234 embers=139622 bloom=61892 veil=842 titles=1351 fade=214 | setup=236365 total=4031480
T t=159.6 bar=83 ph=11 the load | render ms 13.49/13.54/13.67 | fps 59.7 | hold 1 miss 0 late 0 | gap ms 16.73 | under 0 fill 465 | copy 2483 cy/line 35.60 Mcy/s | synth 3041 cy/pump 43.61 Mcy/s 1817 cy/sample | tri 164 px 18254 part 127 ch 5 | AHASH s=3816000 deef4d72
PROF T t=159 ph=11 the load frames=60 | clear=44581 sky=1757907 floor=0 scene=2029212 flat=0 gouraud=0 chrome=700121 texture=1022412 furnace=70514 embers=139643 bloom=61975 veil=847 titles=1349 fade=221 | setup=236164 total=4035739
T t=160.6 bar=83 ph=11 the load | render ms 13.52/13.56/13.70 | fps 59.7 | hold 1 miss 0 late 0 | gap ms 16.73 | under 0 fill 465 | copy 2482 cy/line 35.59 Mcy/s | synth 3041 cy/pump 43.61 Mcy/s 1817 cy/sample | tri 162 px 18355 part 127 ch 5 | AHASH s=3840000 9a42f6cc
PROF T t=160 ph=11 the load frames=60 | clear=44571 sky=1757904 floor=0 scene=2035523 flat=0 gouraud=0 chrome=699861 texture=1028304 furnace=71313 embers=137719 bloom=62018 veil=863 titles=1349 fade=218 | setup=236043 total=4040167
T t=161.6 bar=84 ph=11 the load | render ms 13.53/13.57/13.70 | fps 59.7 | hold 1 miss 0 late 0 | gap ms 16.73 | under 0 fill 465 | copy 2482 cy/line 35.59 Mcy/s | synth 3038 cy/pump 43.57 Mcy/s 1815 cy/sample | tri 164 px 18442 part 127 ch 5 | AHASH s=3864000 41e70dda
PROF T t=161 ph=11 the load frames=60 | clear=44606 sky=1758051 floor=0 scene=2040352 flat=0 gouraud=0 chrome=700452 texture=1032422 furnace=71273 embers=137145 bloom=62139 veil=880 titles=1366 fade=218 | setup=236203 total=4044760
T t=162.6 bar=84 ph=11 the load | render ms 13.58/13.61/13.72 | fps 59.7 | hold 1 miss 0 late 0 | gap ms 16.73 | under 0 fill 465 | copy 2484 cy/line 35.62 Mcy/s | synth 3043 cy/pump 43.64 Mcy/s 1818 cy/sample | tri 164 px 18481 part 127 ch 5 | AHASH s=3888000 31bd76a8
PROF T t=162 ph=11 the load frames=60 | clear=44563 sky=1757644 floor=0 scene=2050079 flat=0 gouraud=0 chrome=705058 texture=1037093 furnace=70866 embers=138515 bloom=62044 veil=894 titles=1375 fade=214 | setup=237060 total=4055333
T t=163.6 bar=85 ph=11 the load | render ms 13.60/13.63/13.74 | fps 59.7 | hold 1 miss 0 late 0 | gap ms 16.73 | under 0 fill 465 | copy 2483 cy/line 35.61 Mcy/s | synth 3040 cy/pump 43.60 Mcy/s 1816 cy/sample | tri 164 px 18587 part 127 ch 5 | AHASH s=3912000 0ad3b991
PROF T t=163 ph=11 the load frames=60 | clear=44603 sky=1758324 floor=0 scene=2055734 flat=0 gouraud=0 chrome=705226 texture=1041029 furnace=72214 embers=140309 bloom=61417 veil=874 titles=1361 fade=222 | setup=237263 total=4062847
T t=164.6 bar=85 ph=11 the load | render ms 13.59/13.64/13.75 | fps 59.7 | hold 1 miss 0 late 0 | gap ms 16.73 | under 0 fill 465 | copy 2483 cy/line 35.61 Mcy/s | synth 3038 cy/pump 43.57 Mcy/s 1815 cy/sample | tri 164 px 18605 part 127 ch 5 | AHASH s=3936000 b3d08b8f
PROF T t=164 ph=11 the load frames=60 | clear=44589 sky=1758239 floor=0 scene=2058156 flat=0 gouraud=0 chrome=706416 texture=1043467 furnace=71492 embers=141272 bloom=60931 veil=880 titles=1345 fade=219 | setup=236779 total=4065635
T t=165.6 bar=86 ph=11 the load | render ms 13.60/13.64/13.78 | fps 59.7 | hold 1 miss 0 late 0 | gap ms 16.73 | under 0 fill 465 | copy 2484 cy/line 35.62 Mcy/s | synth 3043 cy/pump 43.64 Mcy/s 1818 cy/sample | tri 164 px 18676 part 127 ch 5 | AHASH s=3960000 d105d087
PROF T t=165 ph=11 the load frames=60 | clear=44577 sky=1757496 floor=0 scene=2059415 flat=0 gouraud=0 chrome=706603 texture=1045291 furnace=70775 embers=140707 bloom=60303 veil=861 titles=1341 fade=220 | setup=236745 total=4064924
T t=166.7 bar=86 ph=11 the load | render ms 13.59/13.64/13.76 | fps 59.7 | hold 1 miss 0 late 0 | gap ms 16.73 | under 0 fill 465 | copy 2483 cy/line 35.61 Mcy/s | synth 3042 cy/pump 43.62 Mcy/s 1817 cy/sample | tri 164 px 18709 part 127 ch 5 | AHASH s=3984000 a355dacd
PROF T t=166 ph=11 the load frames=60 | clear=44594 sky=1757990 floor=0 scene=2060661 flat=0 gouraud=0 chrome=706391 texture=1046726 furnace=70611 embers=137850 bloom=60045 veil=857 titles=1367 fade=221 | setup=236931 total=4063588
T t=167.6 bar=87 ph=11 the load | render ms 13.58/14.23/17.51 | fps 55.7 | hold 2 miss 0 late 4 | gap ms 33.47 | under 0 fill 465 | copy 2484 cy/line 35.62 Mcy/s | synth 3036 cy/pump 43.54 Mcy/s 1814 cy/sample | tri 166 px 19230 part 127 ch 5 | AHASH s=4008000 91641358
PROF T t=167 ph=11 the load frames=56 | clear=44628 sky=1758095 floor=0 scene=2060905 flat=0 gouraud=0 chrome=705698 texture=1066627 furnace=70122 embers=136659 bloom=58916 veil=181492 titles=1360 fade=220 | setup=218457 total=4242279
T t=168.6 bar=87 ph=11 the load | render ms 17.69/18.58/19.24 | fps 29.8 | hold 2 miss 0 late 30 | gap ms 33.47 | under 0 fill 465 | copy 2463 cy/line 35.32 Mcy/s | synth 3000 cy/pump 43.03 Mcy/s 1793 cy/sample | tri 166 px 26438 part 127 ch 5 | AHASH s=4032000 966fd824
PROF T t=168 ph=11 the load frames=30 | clear=44665 sky=1760921 floor=0 scene=2055245 flat=0 gouraud=0 chrome=704973 texture=1449116 furnace=66546 embers=136898 bloom=57786 veil=1488864 titles=1344 fade=208 | setup=0 total=5545934
PHRASE t=168.9 bar=88 ph=12 the spine | render ms 13.40/13.82/19.42 | fps 57.0 | hold 2 miss 0 late 42 | gap ms 33.47 | under 0 fill 465 | copy 2483 cy/line 35.61 Mcy/s | synth 2980 cy/pump 42.74 Mcy/s 1781 cy/sample | tri 154 px 18770 part 115 ch 6 | AHASH s=4056000 2a6e3e64
PROF PHRASE t=168 ph=12 the spine frames=876 | clear=44602 sky=1758187 floor=0 scene=2037217 flat=0 gouraud=0 chrome=700445 texture=1049918 furnace=70555 embers=138649 bloom=60738 veil=79009 titles=1354 fade=219 | setup=216297 total=4119978
T t=169.7 bar=88 ph=12 the spine | render ms 15.80/16.70/19.42 | fps 50.7 | hold 2 miss 0 late 9 | gap ms 33.47 | under 0 fill 465 | copy 2498 cy/line 35.82 Mcy/s | synth 2991 cy/pump 42.89 Mcy/s 1787 cy/sample | tri 158 px 14689 part 115 ch 6 | AHASH s=4056000 2a6e3e64
PROF T t=169 ph=12 the spine frames=51 | clear=44745 sky=1744976 floor=0 scene=1416491 flat=0 gouraud=0 chrome=283604 texture=1374301 furnace=8675 embers=127513 bloom=7557 veil=1639454 titles=1294 fade=212 | setup=0 total=4982246
T t=170.7 bar=88 ph=12 the spine | render ms 10.98/13.95/16.07 | fps 58.7 | hold 2 miss 0 late 1 | gap ms 33.47 | under 0 fill 465 | copy 2484 cy/line 35.63 Mcy/s | synth 3038 cy/pump 43.57 Mcy/s 1815 cy/sample | tri 156 px 11116 part 115 ch 6 | AHASH s=4080000 3b693886
PROF T t=170 ph=12 the spine frames=59 | clear=44624 sky=1741282 floor=0 scene=1340701 flat=0 gouraud=0 chrome=223445 texture=1018398 furnace=0 embers=125866 bloom=0 veil=891921 titles=14526 fade=222 | setup=98857 total=4159145
T t=171.7 bar=89 ph=12 the spine | render ms 11.02/11.09/11.33 | fps 59.7 | hold 1 miss 0 late 0 | gap ms 16.73 | under 0 fill 465 | copy 2456 cy/line 35.22 Mcy/s | synth 3031 cy/pump 43.47 Mcy/s 1811 cy/sample | tri 154 px 10733 part 115 ch 6 | AHASH s=4104000 9dae99f0
PROF T t=171 ph=12 the spine frames=60 | clear=44629 sky=1741924 floor=0 scene=1359375 flat=0 gouraud=0 chrome=227906 texture=878745 furnace=0 embers=125469 bloom=0 veil=852 titles=26630 fade=212 | setup=252723 total=3299094
T t=172.7 bar=89 ph=12 the spine | render ms 10.90/11.01/11.19 | fps 59.7 | hold 1 miss 0 late 0 | gap ms 16.73 | under 0 fill 465 | copy 2455 cy/line 35.21 Mcy/s | synth 3031 cy/pump 43.46 Mcy/s 1811 cy/sample | tri 150 px 10580 part 115 ch 6 | AHASH s=4128000 570b885b
PROF T t=172 ph=12 the spine frames=60 | clear=44534 sky=1741744 floor=0 scene=1336335 flat=0 gouraud=0 chrome=247021 texture=837918 furnace=0 embers=126133 bloom=0 veil=852 titles=26711 fade=206 | setup=251396 total=3276517
T t=173.7 bar=90 ph=12 the spine | render ms 10.63/10.87/11.27 | fps 59.7 | hold 1 miss 0 late 0 | gap ms 16.73 | under 0 fill 465 | copy 2457 cy/line 35.23 Mcy/s | synth 3035 cy/pump 43.52 Mcy/s 1813 cy/sample | tri 150 px 10466 part 115 ch 6 | AHASH s=4152000 ca16384e
PROF T t=173 ph=12 the spine frames=60 | clear=44592 sky=1741934 floor=0 scene=1290844 flat=0 gouraud=0 chrome=244523 texture=840765 furnace=0 embers=128554 bloom=0 veil=847 titles=26565 fade=212 | setup=205554 total=3233550
T t=174.7 bar=91 ph=12 the spine | render ms 10.61/10.76/10.87 | fps 59.7 | hold 1 miss 0 late 0 | gap ms 16.73 | under 0 fill 465 | copy 2456 cy/line 35.23 Mcy/s | synth 3031 cy/pump 43.47 Mcy/s 1811 cy/sample | tri 156 px 10002 part 115 ch 6 | AHASH s=4176000 0d111beb
PROF T t=174 ph=12 the spine frames=60 | clear=44621 sky=1741191 floor=0 scene=1256584 flat=0 gouraud=0 chrome=247035 texture=840355 furnace=0 embers=129337 bloom=0 veil=856 titles=26569 fade=207 | setup=169193 total=3199368
T t=175.7 bar=91 ph=12 the spine | render ms 10.57/10.64/10.82 | fps 59.7 | hold 1 miss 0 late 0 | gap ms 16.73 | under 0 fill 465 | copy 2454 cy/line 35.20 Mcy/s | synth 3032 cy/pump 43.49 Mcy/s 1812 cy/sample | tri 156 px 9796 part 115 ch 6 | AHASH s=4200000 b9b23caa
PROF T t=175 ph=12 the spine frames=60 | clear=44534 sky=1741173 floor=0 scene=1223346 flat=0 gouraud=0 chrome=236583 texture=817193 furnace=0 embers=128219 bloom=0 veil=850 titles=26555 fade=241 | setup=169569 total=3164920
T t=176.7 bar=92 ph=12 the spine | render ms 10.43/10.53/10.79 | fps 59.7 | hold 1 miss 0 late 0 | gap ms 16.73 | under 0 fill 465 | copy 2454 cy/line 35.20 Mcy/s | synth 3030 cy/pump 43.45 Mcy/s 1810 cy/sample | tri 150 px 9249 part 115 ch 6 | AHASH s=4224000 ec41826b
PROF T t=176 ph=12 the spine frames=60 | clear=44588 sky=1741467 floor=0 scene=1190127 flat=0 gouraud=0 chrome=238300 texture=782646 furnace=0 embers=128930 bloom=0 veil=850 titles=26556 fade=237 | setup=169180 total=3132759
T t=177.7 bar=92 ph=12 the spine | render ms 10.36/10.46/10.68 | fps 59.7 | hold 1 miss 0 late 0 | gap ms 16.73 | under 0 fill 465 | copy 2453 cy/line 35.19 Mcy/s | synth 3030 cy/pump 43.45 Mcy/s 1810 cy/sample | tri 150 px 9053 part 115 ch 6 | AHASH s=4248000 a8146d58
PROF T t=177 ph=12 the spine frames=60 | clear=44571 sky=1741455 floor=0 scene=1168085 flat=0 gouraud=0 chrome=243058 texture=755727 furnace=0 embers=128433 bloom=0 veil=852 titles=26561 fade=233 | setup=169299 total=3110193
T t=178.7 bar=93 ph=12 the spine | render ms 10.09/10.33/10.66 | fps 59.7 | hold 1 miss 0 late 0 | gap ms 16.73 | under 0 fill 465 | copy 2452 cy/line 35.17 Mcy/s | synth 3032 cy/pump 43.48 Mcy/s 1811 cy/sample | tri 154 px 8294 part 115 ch 6 | AHASH s=4272000 2c216a89
PROF T t=178 ph=12 the spine frames=60 | clear=44584 sky=1741161 floor=0 scene=1136149 flat=0 gouraud=0 chrome=238762 texture=727682 furnace=0 embers=126982 bloom=0 veil=858 titles=21530 fade=232 | setup=169704 total=3071497
T t=179.7 bar=93 ph=12 the spine | render ms 10.09/10.19/10.34 | fps 59.7 | hold 1 miss 0 late 0 | gap ms 16.73 | under 0 fill 465 | copy 2452 cy/line 35.16 Mcy/s | synth 3027 cy/pump 43.42 Mcy/s 1809 cy/sample | tri 156 px 8170 part 115 ch 6 | AHASH s=4296000 294d03a0
PROF T t=179 ph=12 the spine frames=60 | clear=44589 sky=1739157 floor=0 scene=1119542 flat=0 gouraud=0 chrome=234496 texture=714978 furnace=0 embers=125592 bloom=0 veil=847 titles=1402 fade=206 | setup=170067 total=3031338
T t=180.7 bar=94 ph=12 the spine | render ms 10.10/10.21/10.30 | fps 59.7 | hold 1 miss 0 late 0 | gap ms 16.73 | under 0 fill 465 | copy 2452 cy/line 35.17 Mcy/s | synth 3027 cy/pump 43.41 Mcy/s 1809 cy/sample | tri 150 px 8319 part 115 ch 6 | AHASH s=4320000 c078dc9b
PROF T t=180 ph=12 the spine frames=60 | clear=44604 sky=1739980 floor=0 scene=1124752 flat=0 gouraud=0 chrome=235201 texture=719893 furnace=0 embers=124206 bloom=0 veil=857 titles=1412 fade=224 | setup=169657 total=3036039
T t=181.7 bar=94 ph=12 the spine | render ms 10.12/10.22/10.40 | fps 59.7 | hold 1 miss 0 late 0 | gap ms 16.73 | under 0 fill 465 | copy 2453 cy/line 35.18 Mcy/s | synth 3030 cy/pump 43.46 Mcy/s 1811 cy/sample | tri 150 px 8454 part 115 ch 6 | AHASH s=4344000 7b701b47
PROF T t=181 ph=12 the spine frames=60 | clear=44561 sky=1739311 floor=0 scene=1128176 flat=0 gouraud=0 chrome=238529 texture=720720 furnace=0 embers=123269 bloom=0 veil=862 titles=1386 fade=222 | setup=168925 total=3037789
T t=182.7 bar=95 ph=12 the spine | render ms 10.14/10.22/10.42 | fps 59.7 | hold 1 miss 0 late 0 | gap ms 16.73 | under 0 fill 465 | copy 2453 cy/line 35.18 Mcy/s | synth 3029 cy/pump 43.44 Mcy/s 1810 cy/sample | tri 150 px 8201 part 115 ch 6 | AHASH s=4368000 db66af5d
PROF T t=182 ph=12 the spine frames=60 | clear=44554 sky=1739844 floor=0 scene=1129998 flat=0 gouraud=0 chrome=235685 texture=725380 furnace=0 embers=121855 bloom=0 veil=834 titles=1386 fade=221 | setup=168932 total=3038696
T t=183.7 bar=95 ph=12 the spine | render ms 10.15/10.22/10.40 | fps 59.7 | hold 1 miss 0 late 0 | gap ms 16.73 | under 0 fill 465 | copy 2452 cy/line 35.17 Mcy/s | synth 3030 cy/pump 43.46 Mcy/s 1810 cy/sample | tri 156 px 8171 part 115 ch 6 | AHASH s=4392000 834ccdbe
PROF T t=183 ph=12 the spine frames=60 | clear=44611 sky=1739355 floor=0 scene=1129610 flat=0 gouraud=0 chrome=236585 texture=723143 furnace=0 embers=124125 bloom=0 veil=861 titles=1408 fade=222 | setup=169880 total=3040194
PHRASE t=184.3 bar=96 ph=13 the spine | render ms 10.09/11.02/27.46 | fps 59.5 | hold 2 miss 0 late 3 | gap ms 33.47 | under 0 fill 465 | copy 2459 cy/line 35.26 Mcy/s | synth 3031 cy/pump 43.47 Mcy/s 1811 cy/sample | tri 624 px 76930 part 102 ch 6 | AHASH s=4416000 7f5e6d22
PROF PHRASE t=184 ph=13 the spine frames=915 | clear=44593 sky=1740814 floor=0 scene=1216974 flat=61 gouraud=0 chrome=237261 texture=819711 furnace=0 embers=126204 bloom=0 veil=134670 titles=15124 fade=221 | setup=159940 total=3278602
T t=184.7 bar=96 ph=13 the spine | render ms 10.17/15.48/27.75 | fps 45.8 | hold 2 miss 0 late 14 | gap ms 33.47 | under 0 fill 465 | copy 2466 cy/line 35.36 Mcy/s | synth 3020 cy/pump 43.31 Mcy/s 1804 cy/sample | tri 622 px 75883 part 102 ch 6 | AHASH s=4416000 7f5e6d22
PROF T t=184 ph=13 the spine frames=46 | clear=44783 sky=1750268 floor=0 scene=2697360 flat=17524 gouraud=0 chrome=410898 texture=1907839 furnace=0 embers=122682 bloom=0 veil=844 titles=1414 fade=217 | setup=361097 total=4617569
T t=185.7 bar=96 ph=13 the spine | render ms 26.57/26.96/27.39 | fps 29.8 | hold 2 miss 0 late 30 | gap ms 33.47 | under 0 fill 465 | copy 2478 cy/line 35.54 Mcy/s | synth 3010 cy/pump 43.17 Mcy/s 1798 cy/sample | tri 614 px 72898 part 102 ch 6 | AHASH s=4440000 f6688f25
PROF T t=185 ph=13 the spine frames=30 | clear=44650 sky=1771972 floor=0 scene=6127745 flat=63731 gouraud=0 chrome=791732 texture=4474400 furnace=0 embers=113655 bloom=0 veil=866 titles=1442 fade=203 | setup=797880 total=8060535
T t=186.7 bar=97 ph=13 the spine | render ms 25.71/26.20/26.71 | fps 29.8 | hold 2 miss 0 late 30 | gap ms 33.47 | under 0 fill 465 | copy 2476 cy/line 35.51 Mcy/s | synth 3006 cy/pump 43.10 Mcy/s 1796 cy/sample | tri 600 px 69032 part 102 ch 6 | AHASH s=4464000 08a66ad1
PROF T t=186 ph=13 the spine frames=30 | clear=44726 sky=1771744 floor=0 scene=5899593 flat=69149 gouraud=0 chrome=776612 texture=4257787 furnace=0 embers=113039 bloom=0 veil=862 titles=1429 fade=221 | setup=796044 total=7831617
T t=187.7 bar=97 ph=13 the spine | render ms 25.04/25.45/25.82 | fps 29.8 | hold 2 miss 0 late 30 | gap ms 33.47 | under 0 fill 465 | copy 2475 cy/line 35.50 Mcy/s | synth 3010 cy/pump 43.16 Mcy/s 1798 cy/sample | tri 614 px 65237 part 102 ch 6 | AHASH s=4488000 d442a545
PROF T t=187 ph=13 the spine frames=30 | clear=44676 sky=1772269 floor=0 scene=5675666 flat=68886 gouraud=0 chrome=765480 texture=4044602 furnace=0 embers=112131 bloom=0 veil=870 titles=1435 fade=233 | setup=796696 total=7607284
T t=188.7 bar=98 ph=13 the spine | render ms 24.24/24.68/25.23 | fps 29.8 | hold 2 miss 0 late 30 | gap ms 33.47 | under 0 fill 465 | copy 2471 cy/line 35.44 Mcy/s | synth 3009 cy/pump 43.16 Mcy/s 1798 cy/sample | tri 618 px 60942 part 102 ch 6 | AHASH s=4512000 e4258c4c
PROF T t=188 ph=13 the spine frames=30 | clear=44681 sky=1767907 floor=0 scene=5447345 flat=68411 gouraud=0 chrome=756376 texture=3824176 furnace=0 embers=111944 bloom=0 veil=873 titles=1412 fade=219 | setup=798379 total=7374384
T t=189.7 bar=98 ph=13 the spine | render ms 23.52/23.90/24.37 | fps 29.8 | hold 2 miss 0 late 30 | gap ms 33.47 | under 0 fill 465 | copy 2465 cy/line 35.36 Mcy/s | synth 3008 cy/pump 43.14 Mcy/s 1797 cy/sample | tri 616 px 57257 part 102 ch 6 | AHASH s=4536000 3857df0b
PROF T t=189 ph=13 the spine frames=30 | clear=44768 sky=1767672 floor=0 scene=5215546 flat=67815 gouraud=0 chrome=739306 texture=3610221 furnace=0 embers=112237 bloom=0 veil=865 titles=1435 fade=222 | setup=798203 total=7142748
T t=190.7 bar=99 ph=13 the spine | render ms 23.06/23.31/23.73 | fps 29.8 | hold 2 miss 0 late 30 | gap ms 33.47 | under 0 fill 465 | copy 2463 cy/line 35.33 Mcy/s | synth 3007 cy/pump 43.13 Mcy/s 1797 cy/sample | tri 638 px 53382 part 102 ch 6 | AHASH s=4560000 34b08260
PROF T t=190 ph=13 the spine frames=30 | clear=44727 sky=1766934 floor=0 scene=5038764 flat=72668 gouraud=0 chrome=718569 texture=3446498 furnace=0 embers=112843 bloom=0 veil=873 titles=1432 fade=218 | setup=801028 total=6965795
T t=191.7 bar=99 ph=13 the spine | render ms 22.42/22.74/23.07 | fps 29.8 | hold 2 miss 0 late 30 | gap ms 33.47 | under 0 fill 465 | copy 2461 cy/line 35.29 Mcy/s | synth 3006 cy/pump 43.11 Mcy/s 1796 cy/sample | tri 636 px 49909 part 102 ch 6 | AHASH s=4584000 5c02ea2f
PROF T t=191 ph=13 the spine frames=30 | clear=44710 sky=1766458 floor=0 scene=4867635 flat=78752 gouraud=0 chrome=684611 texture=3302546 furnace=0 embers=112460 bloom=0 veil=850 titles=1427 fade=225 | setup=801725 total=6793767
T t=192.7 bar=100 ph=13 the spine | render ms 21.70/22.06/22.47 | fps 29.8 | hold 2 miss 0 late 30 | gap ms 33.47 | under 0 fill 465 | copy 2459 cy/line 35.27 Mcy/s | synth 3004 cy/pump 43.08 Mcy/s 1795 cy/sample | tri 642 px 46347 part 103 ch 6 | AHASH s=4608000 9c8c2e5e
PROF T t=192 ph=13 the spine frames=30 | clear=44595 sky=1767247 floor=0 scene=4661313 flat=79829 gouraud=0 chrome=647529 texture=3131799 furnace=0 embers=113453 bloom=0 veil=846 titles=1427 fade=222 | setup=802156 total=6589107
T t=193.7 bar=100 ph=13 the spine | render ms 21.01/21.35/21.72 | fps 29.8 | hold 2 miss 0 late 30 | gap ms 33.47 | under 0 fill 465 | copy 2457 cy/line 35.24 Mcy/s | synth 3007 cy/pump 43.12 Mcy/s 1796 cy/sample | tri 646 px 42969 part 103 ch 6 | AHASH s=4632000 82c359a6
PROF T t=193 ph=13 the spine frames=30 | clear=44558 sky=1767391 floor=0 scene=4445823 flat=80969 gouraud=0 chrome=607819 texture=2952311 furnace=0 embers=116015 bloom=0 veil=862 titles=1438 fade=216 | setup=804722 total=6376305
T t=194.7 bar=101 ph=13 the spine | render ms 20.57/20.78/21.11 | fps 29.8 | hold 2 miss 0 late 30 | gap ms 33.47 | under 0 fill 465 | copy 2454 cy/line 35.19 Mcy/s | synth 3004 cy/pump 43.09 Mcy/s 1795 cy/sample | tri 642 px 40526 part 103 ch 6 | AHASH s=4656000 cc213693
PROF T t=194 ph=13 the spine frames=30 | clear=44676 sky=1768952 floor=0 scene=4274256 flat=80791 gouraud=0 chrome=573905 texture=2815588 furnace=0 embers=116004 bloom=0 veil=866 titles=1406 fade=207 | setup=803970 total=6206370
T t=195.8 bar=101 ph=13 the spine | render ms 20.24/20.39/20.70 | fps 29.8 | hold 2 miss 0 late 30 | gap ms 33.47 | under 0 fill 465 | copy 2451 cy/line 35.16 Mcy/s | synth 3007 cy/pump 43.12 Mcy/s 1796 cy/sample | tri 646 px 38518 part 103 ch 6 | AHASH s=4680000 bc62e6e7
PROF T t=195 ph=13 the spine frames=30 | clear=44767 sky=1768506 floor=0 scene=4159212 flat=82099 gouraud=0 chrome=556920 texture=2715747 furnace=0 embers=114023 bloom=0 veil=830 titles=1431 fade=224 | setup=804444 total=6088997
T t=196.8 bar=102 ph=13 the spine | render ms 19.84/20.05/20.29 | fps 29.8 | hold 2 miss 0 late 30 | gap ms 33.47 | under 0 fill 465 | copy 2449 cy/line 35.13 Mcy/s | synth 3004 cy/pump 43.08 Mcy/s 1795 cy/sample | tri 654 px 36907 part 104 ch 6 | AHASH s=4704000 f071fff0
PROF T t=196 ph=13 the spine frames=30 | clear=44668 sky=1768680 floor=0 scene=4054623 flat=84265 gouraud=0 chrome=545078 texture=2621868 furnace=0 embers=114387 bloom=0 veil=838 titles=1419 fade=213 | setup=803409 total=5984831
T t=197.8 bar=103 ph=13 the spine | render ms 19.38/19.66/19.97 | fps 29.8 | hold 2 miss 0 late 30 | gap ms 33.47 | under 0 fill 465 | copy 2448 cy/line 35.11 Mcy/s | synth 3001 cy/pump 43.04 Mcy/s 1793 cy/sample | tri 650 px 34990 part 106 ch 6 | AHASH s=4728000 9599cf61
PROF T t=197 ph=13 the spine frames=30 | clear=44705 sky=1768044 floor=0 scene=3940569 flat=86523 gouraud=0 chrome=529560 texture=2521008 furnace=0 embers=112685 bloom=0 veil=846 titles=1421 fade=207 | setup=803477 total=5868480
T t=198.8 bar=103 ph=13 the spine | render ms 18.82/19.12/19.51 | fps 29.8 | hold 2 miss 0 late 30 | gap ms 33.47 | under 0 fill 465 | copy 2446 cy/line 35.07 Mcy/s | synth 3005 cy/pump 43.09 Mcy/s 1795 cy/sample | tri 644 px 32544 part 106 ch 6 | AHASH s=4752000 150d43de
PROF T t=198 ph=13 the spine frames=30 | clear=44711 sky=1768155 floor=0 scene=3774315 flat=88460 gouraud=0 chrome=507290 texture=2376019 furnace=0 embers=116018 bloom=0 veil=871 titles=1456 fade=214 | setup=802545 total=5705743
PHRASE t=199.6 bar=104 ph=14 the spine | render ms 18.40/22.53/27.75 | fps 29.8 | hold 2 miss 0 late 459 | gap ms 33.47 | under 0 fill 465 | copy 2461 cy/line 35.29 Mcy/s | synth 3006 cy/pump 43.11 Mcy/s 1796 cy/sample | tri 644 px 30498 part 115 ch 6 | AHASH s=4776000 625e270e
PROF PHRASE t=199 ph=14 the spine frames=459 | clear=44695 sky=1768864 floor=0 scene=4800213 flat=76833 gouraud=0 chrome=651955 texture=3270450 furnace=0 embers=113808 bloom=0 veil=857 titles=1430 fade=218 | setup=800974 total=6730087
T t=199.8 bar=104 ph=14 the spine | render ms 18.35/18.58/18.93 | fps 29.8 | hold 2 miss 0 late 30 | gap ms 33.47 | under 0 fill 465 | copy 2444 cy/line 35.05 Mcy/s | synth 2999 cy/pump 43.01 Mcy/s 1792 cy/sample | tri 648 px 30121 part 115 ch 6 | AHASH s=4776000 625e270e
PROF T t=199 ph=14 the spine frames=30 | clear=44807 sky=1769398 floor=0 scene=3610504 flat=90348 gouraud=0 chrome=488381 texture=2230163 furnace=0 embers=118208 bloom=0 veil=834 titles=1438 fade=221 | setup=801611 total=5545414
T t=200.8 bar=104 ph=14 the spine | render ms 17.79/18.06/18.48 | fps 29.8 | hold 2 miss 0 late 30 | gap ms 33.47 | under 0 fill 465 | copy 2444 cy/line 35.05 Mcy/s | synth 3000 cy/pump 43.02 Mcy/s 1792 cy/sample | tri 650 px 27323 part 115 ch 6 | AHASH s=4800000 a7f2d6fb
PROF T t=200 ph=14 the spine frames=30 | clear=44726 sky=1767863 floor=0 scene=3450403 flat=92481 gouraud=0 chrome=476472 texture=2079972 furnace=0 embers=124670 bloom=0 veil=860 titles=1412 fade=217 | setup=801477 total=5390154
T t=201.8 bar=105 ph=14 the spine | render ms 17.21/17.49/17.90 | fps 29.8 | hold 2 miss 0 late 30 | gap ms 33.47 | under 0 fill 465 | copy 2444 cy/line 35.05 Mcy/s | synth 3000 cy/pump 43.03 Mcy/s 1793 cy/sample | tri 652 px 24692 part 115 ch 6 | AHASH s=4824000 b075041f
PROF T t=201 ph=14 the spine frames=30 | clear=44484 sky=1767537 floor=0 scene=3278220 flat=94107 gouraud=0 chrome=460864 texture=1921950 furnace=0 embers=124189 bloom=0 veil=862 titles=1431 fade=230 | setup=801297 total=5216957
T t=202.8 bar=105 ph=14 the spine | render ms 16.49/16.80/17.28 | fps 37.8 | hold 2 miss 0 late 22 | gap ms 33.47 | under 0 fill 465 | copy 2451 cy/line 35.15 Mcy/s | synth 3008 cy/pump 43.14 Mcy/s 1797 cy/sample | tri 642 px 21770 part 115 ch 6 | AHASH s=4848000 f021a5d9
PROF T t=202 ph=14 the spine frames=38 | clear=44659 sky=1763538 floor=0 scene=3079021 flat=98689 gouraud=0 chrome=422982 texture=1757298 furnace=0 embers=123065 bloom=0 veil=858 titles=1431 fade=208 | setup=800050 total=5012783
T t=203.8 bar=106 ph=14 the spine | render ms 15.91/16.19/16.62 | fps 58.7 | hold 2 miss 0 late 1 | gap ms 33.47 | under 0 fill 465 | copy 2474 cy/line 35.48 Mcy/s | synth 3039 cy/pump 43.58 Mcy/s 1816 cy/sample | tri 646 px 18892 part 115 ch 6 | AHASH s=4872000 a990b9de
PROF T t=203 ph=14 the spine frames=59 | clear=44539 sky=1755355 floor=0 scene=2902907 flat=97136 gouraud=0 chrome=360990 texture=1643241 furnace=0 embers=124009 bloom=0 veil=859 titles=1408 fade=214 | setup=801538 total=4829293
T t=204.8 bar=106 ph=14 the spine | render ms 15.42/15.66/16.08 | fps 58.7 | hold 2 miss 0 late 1 | gap ms 33.47 | under 0 fill 465 | copy 2467 cy/line 35.38 Mcy/s | synth 3034 cy/pump 43.51 Mcy/s 1812 cy/sample | tri 644 px 16335 part 115 ch 6 | AHASH s=4896000 d9ad139a
PROF T t=204 ph=14 the spine frames=59 | clear=44566 sky=1750763 floor=0 scene=2744130 flat=92478 gouraud=0 chrome=323914 texture=1526841 furnace=0 embers=128127 bloom=0 veil=864 titles=1427 fade=216 | setup=800896 total=4670097
T t=205.8 bar=107 ph=14 the spine | render ms 14.99/15.23/15.59 | fps 59.7 | hold 1 miss 0 late 0 | gap ms 16.73 | under 0 fill 465 | copy 2466 cy/line 35.36 Mcy/s | synth 3036 cy/pump 43.54 Mcy/s 1814 cy/sample | tri 648 px 13914 part 115 ch 6 | AHASH s=4920000 bca9eaa2
PROF T t=205 ph=14 the spine frames=60 | clear=44601 sky=1750678 floor=0 scene=2614086 flat=87356 gouraud=0 chrome=309126 texture=1416910 furnace=0 embers=129050 bloom=0 veil=858 titles=1417 fade=210 | setup=800692 total=4540903
T t=206.8 bar=107 ph=14 the spine | render ms 14.58/14.78/15.14 | fps 59.7 | hold 1 miss 0 late 0 | gap ms 16.73 | under 0 fill 465 | copy 2461 cy/line 35.30 Mcy/s | synth 3033 cy/pump 43.50 Mcy/s 1812 cy/sample | tri 652 px 11755 part 115 ch 6 | AHASH s=4944000 4e29cf8b
PROF T t=206 ph=14 the spine frames=60 | clear=44604 sky=1749820 floor=0 scene=2481764 flat=83317 gouraud=0 chrome=307853 texture=1290654 furnace=0 embers=127666 bloom=0 veil=854 titles=1408 fade=218 | setup=799940 total=4406338
T t=207.8 bar=108 ph=14 the spine | render ms 14.21/14.39/14.73 | fps 59.7 | hold 1 miss 0 late 0 | gap ms 16.73 | under 0 fill 465 | copy 2458 cy/line 35.25 Mcy/s | synth 3032 cy/pump 43.48 Mcy/s 1811 cy/sample | tri 648 px 10018 part 115 ch 6 | AHASH s=4968000 e967a20a
PROF T t=207 ph=14 the spine frames=60 | clear=44536 sky=1749463 floor=0 scene=2367228 flat=78805 gouraud=0 chrome=305243 texture=1183068 furnace=0 embers=126619 bloom=0 veil=834 titles=1395 fade=222 | setup=800110 total=4290301
T t=208.8 bar=108 ph=14 the spine | render ms 13.98/14.10/14.35 | fps 59.7 | hold 1 miss 0 late 0 | gap ms 16.73 | under 0 fill 465 | copy 2455 cy/line 35.21 Mcy/s | synth 3036 cy/pump 43.54 Mcy/s 1814 cy/sample | tri 650 px 8903 part 115 ch 6 | AHASH s=4992000 2c73c629
PROF T t=208 ph=14 the spine frames=60 | clear=44519 sky=1748920 floor=0 scene=2278043 flat=75319 gouraud=0 chrome=298198 texture=1104608 furnace=0 embers=127532 bloom=0 veil=837 titles=1403 fade=232 | setup=799917 total=4201489
T t=209.8 bar=109 ph=14 the spine | render ms 13.80/13.89/14.14 | fps 59.7 | hold 1 miss 0 late 0 | gap ms 16.73 | under 0 fill 465 | copy 2453 cy/line 35.18 Mcy/s | synth 3029 cy/pump 43.43 Mcy/s 1809 cy/sample | tri 650 px 8222 part 115 ch 6 | AHASH s=5016000 da8972a4
PROF T t=209 ph=14 the spine frames=60 | clear=44512 sky=1748220 floor=0 scene=2218199 flat=72112 gouraud=0 chrome=286656 texture=1058510 furnace=0 embers=125237 bloom=0 veil=863 titles=1418 fade=211 | setup=800919 total=4138663
T t=210.8 bar=109 ph=14 the spine | render ms 13.64/13.73/13.95 | fps 59.7 | hold 1 miss 0 late 0 | gap ms 16.73 | under 0 fill 465 | copy 2452 cy/line 35.17 Mcy/s | synth 3033 cy/pump 43.49 Mcy/s 1812 cy/sample | tri 652 px 7522 part 115 ch 6 | AHASH s=5040000 fb19c748
PROF T t=210 ph=14 the spine frames=60 | clear=44518 sky=1748846 floor=0 scene=2172894 flat=66233 gouraud=0 chrome=286728 texture=1019427 furnace=0 embers=123532 bloom=0 veil=850 titles=1419 fade=214 | setup=800505 total=4092277
T t=211.8 bar=110 ph=14 the spine | render ms 13.51/13.59/13.80 | fps 59.7 | hold 1 miss 0 late 0 | gap ms 16.73 | under 0 fill 465 | copy 2450 cy/line 35.14 Mcy/s | synth 3029 cy/pump 43.44 Mcy/s 1810 cy/sample | tri 652 px 6993 part 115 ch 6 | AHASH s=5064000 87a5ee77
PROF T t=211 ph=14 the spine frames=60 | clear=44564 sky=1747806 floor=0 scene=2130198 flat=57962 gouraud=0 chrome=283657 texture=987915 furnace=0 embers=123434 bloom=0 veil=832 titles=1421 fade=218 | setup=800663 total=4048475
T t=212.8 bar=110 ph=14 the spine | render ms 13.38/13.46/13.66 | fps 59.7 | hold 1 miss 0 late 0 | gap ms 16.73 | under 0 fill 465 | copy 2450 cy/line 35.13 Mcy/s | synth 3030 cy/pump 43.45 Mcy/s 1810 cy/sample | tri 652 px 6554 part 115 ch 6 | AHASH s=5088000 949206dd
PROF T t=212 ph=14 the spine frames=60 | clear=44548 sky=1748221 floor=0 scene=2090326 flat=50592 gouraud=0 chrome=281428 texture=958303 furnace=0 embers=123287 bloom=0 veil=837 titles=1398 fade=215 | setup=800001 total=4008835
T t=213.8 bar=111 ph=14 the spine | render ms 13.30/14.33/17.68 | fps 52.8 | hold 2 miss 0 late 7 | gap ms 33.47 | under 0 fill 465 | copy 2452 cy/line 35.17 Mcy/s | synth 3026 cy/pump 43.39 Mcy/s 1808 cy/sample | tri 654 px 7578 part 115 ch 6 | AHASH s=5112000 c792daea
PROF T t=213 ph=14 the spine frames=54 | clear=44496 sky=1747803 floor=0 scene=2056684 flat=45819 gouraud=0 chrome=277229 texture=970738 furnace=0 embers=124377 bloom=0 veil=296280 titles=1383 fade=217 | setup=762897 total=4271243
T t=214.8 bar=111 ph=14 the spine | render ms 17.70/18.36/18.95 | fps 29.8 | hold 2 miss 0 late 30 | gap ms 33.47 | under 0 fill 465 | copy 2446 cy/line 35.08 Mcy/s | synth 2997 cy/pump 42.98 Mcy/s 1791 cy/sample | tri 656 px 14362 part 115 ch 6 | AHASH s=5136000 82409aa2
PROF T t=214 ph=14 the spine frames=30 | clear=44694 sky=1750204 floor=0 scene=2016809 flat=39072 gouraud=0 chrome=273205 texture=1350487 furnace=0 embers=125791 bloom=0 veil=1541435 titles=1403 fade=220 | setup=354043 total=5480560
PHRASE t=215.0 bar=112 ph=15 the crown | render ms 13.30/15.04/18.99 | fps 51.3 | hold 2 miss 0 late 129 | gap ms 33.47 | under 0 fill 465 | copy 2455 cy/line 35.20 Mcy/s | synth 3024 cy/pump 43.36 Mcy/s 1806 cy/sample | tri 36 px 27451 part 115 ch 7 | AHASH s=5160000 708f258d
PROF PHRASE t=215 ph=15 the crown frames=789 | clear=44576 sky=1751859 floor=0 scene=2469177 flat=74882 gouraud=0 chrome=319810 texture=1298215 furnace=0 embers=125507 bloom=0 veil=90510 titles=1411 fade=217 | setup=776269 total=4483261
T t=215.9 bar=112 ph=15 the crown | render ms 15.34/16.16/18.99 | fps 54.7 | hold 2 miss 0 late 5 | gap ms 33.47 | under 0 fill 465 | copy 2502 cy/line 35.89 Mcy/s | synth 3035 cy/pump 43.52 Mcy/s 1813 cy/sample | tri 36 px 22169 part 115 ch 7 | AHASH s=5160000 708f258d
PROF T t=215 ph=15 the crown frames=55 | clear=44688 sky=1734006 floor=0 scene=1301900 flat=90708 gouraud=0 chrome=19964 texture=1567420 furnace=0 embers=127887 bloom=0 veil=1610956 titles=1313 fade=211 | setup=0 total=4820965
T t=216.9 bar=112 ph=15 the crown | render ms 10.66/13.09/15.53 | fps 59.7 | hold 1 miss 0 late 0 | gap ms 16.73 | under 0 fill 465 | copy 2485 cy/line 35.64 Mcy/s | synth 3037 cy/pump 43.56 Mcy/s 1815 cy/sample | tri 32 px 18810 part 115 ch 7 | AHASH s=5184000 7cd93894
PROF T t=216 ph=15 the crown frames=60 | clear=44581 sky=1731473 floor=0 scene=1249703 flat=95391 gouraud=0 chrome=0 texture=1201515 furnace=0 embers=128107 bloom=0 veil=726540 titles=18429 fade=206 | setup=0 total=3899041
T t=217.9 bar=113 ph=15 the crown | render ms 10.66/10.70/10.91 | fps 59.7 | hold 1 miss 0 late 0 | gap ms 16.73 | under 0 fill 465 | copy 2459 cy/line 35.26 Mcy/s | synth 3030 cy/pump 43.45 Mcy/s 1810 cy/sample | tri 32 px 18822 part 115 ch 7 | AHASH s=5208000 9aba97dc
PROF T t=217 ph=15 the crown frames=60 | clear=44473 sky=1732225 floor=0 scene=1250781 flat=95298 gouraud=0 chrome=0 texture=1076842 furnace=0 embers=126923 bloom=0 veil=844 titles=28290 fade=210 | setup=78639 total=3183749
T t=218.9 bar=114 ph=15 the crown | render ms 10.67/10.70/10.88 | fps 59.7 | hold 1 miss 0 late 0 | gap ms 16.73 | under 0 fill 465 | copy 2459 cy/line 35.26 Mcy/s | synth 3030 cy/pump 43.45 Mcy/s 1810 cy/sample | tri 32 px 18811 part 115 ch 7 | AHASH s=5232000 a7d6fe01
PROF T t=218 ph=15 the crown frames=60 | clear=44530 sky=1731764 floor=0 scene=1249870 flat=95218 gouraud=0 chrome=0 texture=1075890 furnace=0 embers=128605 bloom=0 veil=844 titles=28313 fade=208 | setup=78761 total=3184137
T t=219.9 bar=114 ph=15 the crown | render ms 10.66/10.70/10.90 | fps 59.7 | hold 1 miss 0 late 0 | gap ms 16.73 | under 0 fill 465 | copy 2459 cy/line 35.27 Mcy/s | synth 3033 cy/pump 43.50 Mcy/s 1812 cy/sample | tri 32 px 18816 part 115 ch 7 | AHASH s=5256000 8deb41c9
PROF T t=219 ph=15 the crown frames=60 | clear=44609 sky=1732107 floor=0 scene=1249206 flat=94489 gouraud=0 chrome=0 texture=1076198 furnace=0 embers=128167 bloom=0 veil=849 titles=28308 fade=205 | setup=78518 total=3183455
T t=220.9 bar=115 ph=15 the crown | render ms 10.66/10.70/10.91 | fps 59.7 | hold 1 miss 0 late 0 | gap ms 16.73 | under 0 fill 465 | copy 2459 cy/line 35.26 Mcy/s | synth 3028 cy/pump 43.43 Mcy/s 1809 cy/sample | tri 32 px 18798 part 115 ch 7 | AHASH s=5280000 cbd7f221
PROF T t=220 ph=15 the crown frames=60 | clear=44495 sky=1732155 floor=0 scene=1249803 flat=95125 gouraud=0 chrome=0 texture=1076277 furnace=0 embers=127751 bloom=0 veil=854 titles=28280 fade=207 | setup=78401 total=3183549
T t=221.9 bar=115 ph=15 the crown | render ms 10.64/10.70/10.87 | fps 59.7 | hold 1 miss 0 late 0 | gap ms 16.73 | under 0 fill 465 | copy 2459 cy/line 35.27 Mcy/s | synth 3033 cy/pump 43.49 Mcy/s 1812 cy/sample | tri 32 px 18811 part 115 ch 7 | AHASH s=5304000 dc9eb509
PROF T t=221 ph=15 the crown frames=60 | clear=44529 sky=1732110 floor=0 scene=1249351 flat=94702 gouraud=0 chrome=0 texture=1076388 furnace=0 embers=126955 bloom=0 veil=869 titles=28295 fade=219 | setup=78260 total=3182331
T t=222.9 bar=116 ph=15 the crown | render ms 10.66/10.69/10.90 | fps 59.7 | hold 1 miss 0 late 0 | gap ms 16.73 | under 0 fill 465 | copy 2459 cy/line 35.26 Mcy/s | synth 3030 cy/pump 43.46 Mcy/s 1810 cy/sample | tri 32 px 18815 part 115 ch 7 | AHASH s=5328000 f353331d
PROF T t=222 ph=15 the crown frames=60 | clear=44532 sky=1732212 floor=0 scene=1249398 flat=94711 gouraud=0 chrome=0 texture=1076212 furnace=0 embers=125627 bloom=0 veil=850 titles=28366 fade=221 | setup=78474 total=3181210
T t=223.9 bar=116 ph=15 the crown | render ms 10.64/10.69/10.88 | fps 59.7 | hold 1 miss 0 late 0 | gap ms 16.73 | under 0 fill 465 | copy 2459 cy/line 35.27 Mcy/s | synth 3030 cy/pump 43.45 Mcy/s 1810 cy/sample | tri 32 px 18808 part 115 ch 7 | AHASH s=5352000 2435ec76
PROF T t=223 ph=15 the crown frames=60 | clear=44563 sky=1732262 floor=0 scene=1248467 flat=94850 gouraud=0 chrome=0 texture=1075632 furnace=0 embers=124547 bloom=0 veil=863 titles=28275 fade=210 | setup=77985 total=3179189
T t=224.9 bar=117 ph=15 the crown | render ms 10.56/10.67/10.88 | fps 59.7 | hold 1 miss 0 late 0 | gap ms 16.73 | under 0 fill 465 | copy 2459 cy/line 35.27 Mcy/s | synth 3033 cy/pump 43.50 Mcy/s 1812 cy/sample | tri 32 px 18808 part 115 ch 7 | AHASH s=5376000 3cd040bd
PROF T t=224 ph=15 the crown frames=60 | clear=44503 sky=1731666 floor=0 scene=1249477 flat=95086 gouraud=0 chrome=0 texture=1075721 furnace=0 embers=127130 bloom=0 veil=853 titles=19803 fade=212 | setup=78669 total=3173647
T t=225.9 bar=117 ph=15 the crown | render ms 10.57/10.61/10.82 | fps 59.7 | hold 1 miss 0 late 0 | gap ms 16.73 | under 0 fill 465 | copy 2459 cy/line 35.26 Mcy/s | synth 3028 cy/pump 43.43 Mcy/s 1809 cy/sample | tri 32 px 18812 part 115 ch 7 | AHASH s=5400000 290ccdfd
PROF T t=225 ph=15 the crown frames=60 | clear=44573 sky=1730092 floor=0 scene=1248033 flat=94762 gouraud=0 chrome=0 texture=1075347 furnace=0 embers=130344 bloom=0 veil=854 titles=1415 fade=212 | setup=77923 total=3155526
T t=226.9 bar=118 ph=15 the crown | render ms 10.55/10.60/10.80 | fps 59.7 | hold 1 miss 0 late 0 | gap ms 16.73 | under 0 fill 465 | copy 2459 cy/line 35.27 Mcy/s | synth 3030 cy/pump 43.46 Mcy/s 1810 cy/sample | tri 32 px 18819 part 115 ch 7 | AHASH s=5448000 752152cf
PROF T t=226 ph=15 the crown frames=60 | clear=44492 sky=1730562 floor=0 scene=1247448 flat=94748 gouraud=0 chrome=0 texture=1074456 furnace=0 embers=128955 bloom=0 veil=847 titles=1403 fade=214 | setup=78242 total=3153924
T t=227.9 bar=118 ph=15 the crown | render ms 10.56/10.60/10.81 | fps 59.7 | hold 1 miss 0 late 0 | gap ms 16.73 | under 0 fill 465 | copy 2459 cy/line 35.26 Mcy/s | synth 3033 cy/pump 43.50 Mcy/s 1812 cy/sample | tri 32 px 18832 part 115 ch 7 | AHASH s=5472000 141e2680
PROF T t=227 ph=15 the crown frames=60 | clear=44589 sky=1730465 floor=0 scene=1247439 flat=94670 gouraud=0 chrome=0 texture=1074479 furnace=0 embers=127543 bloom=0 veil=848 titles=1410 fade=202 | setup=78290 total=3152498
T t=228.9 bar=119 ph=15 the crown | render ms 10.56/10.60/10.78 | fps 59.7 | hold 1 miss 0 late 0 | gap ms 16.73 | under 0 fill 465 | copy 2459 cy/line 35.27 Mcy/s | synth 3029 cy/pump 43.43 Mcy/s 1809 cy/sample | tri 32 px 18839 part 115 ch 7 | AHASH s=5496000 4c6b10cb
PROF T t=228 ph=15 the crown frames=60 | clear=44577 sky=1730509 floor=0 scene=1247356 flat=94618 gouraud=0 chrome=0 texture=1074823 furnace=0 embers=129049 bloom=0 veil=867 titles=1401 fade=219 | setup=77915 total=3153981
T t=229.9 bar=119 ph=15 the crown | render ms 10.55/10.60/10.80 | fps 59.7 | hold 1 miss 0 late 0 | gap ms 16.73 | under 0 fill 465 | copy 2459 cy/line 35.27 Mcy/s | synth 3034 cy/pump 43.51 Mcy/s 1813 cy/sample | tri 32 px 18847 part 115 ch 7 | AHASH s=5520000 b862e7f1
PROF T t=229 ph=15 the crown frames=60 | clear=44574 sky=1730371 floor=0 scene=1248329 flat=94547 gouraud=0 chrome=0 texture=1075478 furnace=0 embers=127874 bloom=0 veil=864 titles=1413 fade=214 | setup=78303 total=3153643
PHRASE t=230.4 bar=120 ph=16 the crown | render ms 10.55/11.10/16.53 | fps 59.6 | hold 2 miss 0 late 1 | gap ms 33.47 | under 0 fill 465 | copy 2464 cy/line 35.33 Mcy/s | synth 3032 cy/pump 43.48 Mcy/s 1811 cy/sample | tri 32 px 18843 part 115 ch 7 | AHASH s=5520000 b862e7f1
PROF PHRASE t=230 ph=16 the crown frames=916 | clear=44551 sky=1731485 floor=0 scene=1248805 flat=94885 gouraud=0 chrome=0 texture=1110954 furnace=0 embers=127664 bloom=0 veil=135707 titles=16054 fade=211 | setup=42965 total=3304479
T t=230.9 bar=120 ph=16 the crown | render ms 10.55/10.60/10.79 | fps 59.7 | hold 1 miss 0 late 0 | gap ms 16.73 | under 0 fill 465 | copy 2459 cy/line 35.27 Mcy/s | synth 3031 cy/pump 43.47 Mcy/s 1811 cy/sample | tri 32 px 18859 part 115 ch 7 | AHASH s=5544000 84661a73
PROF T t=230 ph=16 the crown frames=60 | clear=44640 sky=1731408 floor=0 scene=1248736 flat=94554 gouraud=0 chrome=0 texture=1076119 furnace=0 embers=126267 bloom=0 veil=842 titles=1398 fade=211 | setup=78062 total=3153505
T t=231.9 bar=120 ph=16 the crown | render ms 10.55/10.60/10.79 | fps 59.7 | hold 1 miss 0 late 0 | gap ms 16.73 | under 0 fill 465 | copy 2460 cy/line 35.27 Mcy/s | synth 3032 cy/pump 43.48 Mcy/s 1812 cy/sample | tri 32 px 18870 part 115 ch 7 | AHASH s=5568000 681533e2
PROF T t=231 ph=16 the crown frames=60 | clear=44500 sky=1730439 floor=0 scene=1249563 flat=94516 gouraud=0 chrome=0 texture=1076774 furnace=0 embers=126538 bloom=0 veil=857 titles=1394 fade=217 | setup=78272 total=3153510
T t=232.9 bar=121 ph=16 the crown | render ms 10.56/10.60/10.81 | fps 59.7 | hold 1 miss 0 late 0 | gap ms 16.73 | under 0 fill 465 | copy 2459 cy/line 35.27 Mcy/s | synth 3029 cy/pump 43.44 Mcy/s 1810 cy/sample | tri 32 px 18881 part 115 ch 7 | AHASH s=5592000 64407f3f
PROF T t=232 ph=16 the crown frames=60 | clear=44475 sky=1730052 floor=0 scene=1250368 flat=94458 gouraud=0 chrome=0 texture=1077510 furnace=0 embers=126182 bloom=0 veil=845 titles=1419 fade=217 | setup=78399 total=3153561
T t=233.9 bar=121 ph=16 the crown | render ms 10.57/10.61/10.81 | fps 59.7 | hold 1 miss 0 late 0 | gap ms 16.73 | under 0 fill 465 | copy 2459 cy/line 35.27 Mcy/s | synth 3029 cy/pump 43.44 Mcy/s 1810 cy/sample | tri 32 px 18895 part 115 ch 7 | AHASH s=5616000 7c38cb85
PROF T t=233 ph=16 the crown frames=60 | clear=44543 sky=1730434 floor=0 scene=1251100 flat=94614 gouraud=0 chrome=0 texture=1078122 furnace=0 embers=127999 bloom=0 veil=844 titles=1388 fade=211 | setup=78363 total=3156523
T t=234.9 bar=122 ph=16 the crown | render ms 10.57/10.62/10.80 | fps 59.7 | hold 1 miss 0 late 0 | gap ms 16.73 | under 0 fill 465 | copy 2459 cy/line 35.27 Mcy/s | synth 3034 cy/pump 43.52 Mcy/s 1813 cy/sample | tri 32 px 18908 part 115 ch 7 | AHASH s=5640000 9db84134
PROF T t=234 ph=16 the crown frames=60 | clear=44508 sky=1730531 floor=0 scene=1252356 flat=94812 gouraud=0 chrome=0 texture=1078908 furnace=0 embers=128092 bloom=0 veil=871 titles=1409 fade=213 | setup=78635 total=3157984
T t=236.0 bar=122 ph=16 the crown | render ms 10.57/10.62/10.82 | fps 59.7 | hold 1 miss 0 late 0 | gap ms 16.73 | under 0 fill 465 | copy 2459 cy/line 35.27 Mcy/s | synth 3033 cy/pump 43.49 Mcy/s 1812 cy/sample | tri 32 px 18925 part 115 ch 7 | AHASH s=5664000 6c183dfc
PROF T t=236 ph=16 the crown frames=60 | clear=44612 sky=1730949 floor=0 scene=1252663 flat=94340 gouraud=0 chrome=0 texture=1079669 furnace=0 embers=128088 bloom=0 veil=856 titles=1395 fade=221 | setup=78653 total=3158788
T t=237.0 bar=123 ph=16 the crown | render ms 10.58/10.62/10.84 | fps 59.7 | hold 1 miss 0 late 0 | gap ms 16.73 | under 0 fill 465 | copy 2459 cy/line 35.27 Mcy/s | synth 3032 cy/pump 43.48 Mcy/s 1811 cy/sample | tri 32 px 18945 part 115 ch 7 | AHASH s=5688000 05d539ef
PROF T t=237 ph=16 the crown frames=60 | clear=44549 sky=1730650 floor=0 scene=1252681 flat=94314 gouraud=0 chrome=0 texture=1080075 furnace=0 embers=128297 bloom=0 veil=851 titles=1378 fade=206 | setup=78291 total=3158613
T t=238.0 bar=123 ph=16 the crown | render ms 10.58/10.62/10.83 | fps 59.7 | hold 1 miss 0 late 0 | gap ms 16.73 | under 0 fill 465 | copy 2460 cy/line 35.27 Mcy/s | synth 3034 cy/pump 43.52 Mcy/s 1813 cy/sample | tri 32 px 18961 part 115 ch 7 | AHASH s=5712000 31cbeeea
PROF T t=238 ph=16 the crown frames=60 | clear=44546 sky=1730150 floor=0 scene=1254091 flat=94273 gouraud=0 chrome=0 texture=1081115 furnace=0 embers=127641 bloom=0 veil=857 titles=1405 fade=213 | setup=78703 total=3158906
T t=239.0 bar=124 ph=16 the crown | render ms 10.58/10.62/10.81 | fps 59.7 | hold 1 miss 0 late 0 | gap ms 16.73 | under 0 fill 465 | copy 2460 cy/line 35.27 Mcy/s | synth 3034 cy/pump 43.51 Mcy/s 1812 cy/sample | tri 32 px 18977 part 115 ch 7 | AHASH s=5736000 c81eba09
PROF T t=239 ph=16 the crown frames=60 | clear=44563 sky=1730861 floor=0 scene=1255187 flat=94796 gouraud=0 chrome=0 texture=1081632 furnace=0 embers=127192 bloom=0 veil=841 titles=1412 fade=218 | setup=78759 total=3160277
T t=240.0 bar=125 ph=16 the crown | render ms 10.58/10.62/10.82 | fps 59.7 | hold 1 miss 0 late 0 | gap ms 16.73 | under 0 fill 465 | copy 2460 cy/line 35.27 Mcy/s | synth 3034 cy/pump 43.51 Mcy/s 1813 cy/sample | tri 32 px 18992 part 115 ch 7 | AHASH s=5760000 2c68c39b
PROF T t=240 ph=16 the crown frames=60 | clear=44576 sky=1730217 floor=0 scene=1255418 flat=94170 gouraud=0 chrome=0 texture=1082569 furnace=0 embers=127755 bloom=0 veil=847 titles=1394 fade=219 | setup=78677 total=3160429
T t=241.0 bar=125 ph=16 the crown | render ms 10.58/10.62/10.81 | fps 59.7 | hold 1 miss 0 late 0 | gap ms 16.73 | under 0 fill 465 | copy 2459 cy/line 35.27 Mcy/s | synth 3033 cy/pump 43.50 Mcy/s 1812 cy/sample | tri 32 px 19001 part 115 ch 7 | AHASH s=5784000 41cf35c7
PROF T t=241 ph=16 the crown frames=60 | clear=44570 sky=1730254 floor=0 scene=1255638 flat=93821 gouraud=0 chrome=0 texture=1083078 furnace=0 embers=127215 bloom=0 veil=856 titles=1391 fade=204 | setup=78739 total=3160132
T t=242.0 bar=126 ph=16 the crown | render ms 10.58/10.62/10.81 | fps 59.7 | hold 1 miss 0 late 0 | gap ms 16.73 | under 0 fill 465 | copy 2459 cy/line 35.27 Mcy/s | synth 3030 cy/pump 43.46 Mcy/s 1810 cy/sample | tri 32 px 19017 part 115 ch 7 | AHASH s=5808000 32b03b3d
PROF T t=242 ph=16 the crown frames=60 | clear=44519 sky=1730753 floor=0 scene=1255967 flat=94513 gouraud=0 chrome=0 texture=1083137 furnace=0 embers=127038 bloom=0 veil=843 titles=1389 fade=214 | setup=78316 total=3160727
T t=243.0 bar=126 ph=16 the crown | render ms 10.58/10.63/10.80 | fps 59.7 | hold 1 miss 0 late 0 | gap ms 16.73 | under 0 fill 465 | copy 2459 cy/line 35.27 Mcy/s | synth 3036 cy/pump 43.53 Mcy/s 1814 cy/sample | tri 32 px 19020 part 115 ch 7 | AHASH s=5832000 f1d57bbc
PROF T t=243 ph=16 the crown frames=60 | clear=44479 sky=1730540 floor=0 scene=1257150 flat=94652 gouraud=0 chrome=0 texture=1083547 furnace=0 embers=126245 bloom=0 veil=852 titles=1411 fade=215 | setup=78950 total=3160895
T t=244.0 bar=127 ph=16 the crown | render ms 10.59/10.63/10.84 | fps 59.7 | hold 1 miss 0 late 0 | gap ms 16.73 | under 0 fill 465 | copy 2460 cy/line 35.27 Mcy/s | synth 3034 cy/pump 43.51 Mcy/s 1813 cy/sample | tri 32 px 19037 part 115 ch 7 | AHASH s=5856000 1e801b8d
PROF T t=244 ph=16 the crown frames=60 | clear=44525 sky=1730749 floor=0 scene=1257274 flat=93032 gouraud=0 chrome=0 texture=1085052 furnace=0 embers=127687 bloom=0 veil=861 titles=1408 fade=208 | setup=79189 total=3162714
T t=245.0 bar=127 ph=16 the crown | render ms 10.60/13.87/15.66 | fps 59.7 | hold 1 miss 0 late 0 | gap ms 16.73 | under 0 fill 465 | copy 2493 cy/line 35.76 Mcy/s | synth 3042 cy/pump 43.62 Mcy/s 1817 cy/sample | tri 36 px 23357 part 115 ch 7 | AHASH s=5880000 a4ba12db
PROF T t=245 ph=16 the crown frames=60 | clear=44484 sky=1730697 floor=0 scene=1256865 flat=94556 gouraud=0 chrome=0 texture=1274487 furnace=0 embers=125872 bloom=0 veil=975926 titles=1387 fade=211 | setup=0 total=4135444
PHRASE t=245.7 bar=128 ph=17 the colossus | render ms 10.55/11.11/29.15 | fps 59.6 | hold 2 miss 0 late 1 | gap ms 33.47 | under 0 fill 465 | copy 2464 cy/line 35.34 Mcy/s | synth 3034 cy/pump 43.51 Mcy/s 1813 cy/sample | tri 496 px 44418 part 115 ch 8 | AHASH s=5880000 a4ba12db
PROF PHRASE t=245 ph=17 the colossus frames=918 | clear=44537 sky=1730607 floor=1362 scene=1256819 flat=94311 gouraud=0 chrome=559 texture=1120840 furnace=0 embers=127227 bloom=0 veil=143243 titles=1399 fade=213 | setup=41107 total=3305410
T t=246.0 bar=128 ph=17 the colossus | render ms 15.71/18.39/29.48 | fps 50.9 | hold 2 miss 0 late 9 | gap ms 33.47 | under 0 fill 465 | copy 2507 cy/line 35.95 Mcy/s | synth 3043 cy/pump 43.64 Mcy/s 1818 cy/sample | tri 496 px 43308 part 115 ch 8 | AHASH s=5904000 c4f406e2
PROF T t=246 ph=17 the colossus frames=52 | clear=44689 sky=1740490 floor=216764 scene=1707579 flat=86960 gouraud=0 chrome=88394 texture=1901944 furnace=0 embers=126878 bloom=0 veil=1650543 titles=1348 fade=214 | setup=0 total=5488509
T t=247.0 bar=128 ph=17 the colossus | render ms 27.59/28.53/29.37 | fps 29.8 | hold 2 miss 0 late 30 | gap ms 33.47 | under 0 fill 465 | copy 2483 cy/line 35.61 Mcy/s | synth 3024 cy/pump 43.36 Mcy/s 1806 cy/sample | tri 496 px 36779 part 115 ch 8 | AHASH s=5928000 383eb593
PROF T t=247 ph=17 the colossus frames=30 | clear=44662 sky=1781571 floor=1251659 scene=3871407 flat=46088 gouraud=0 chrome=515215 texture=3065613 furnace=0 embers=124571 bloom=0 veil=1456621 titles=1043 fade=217 | setup=244490 total=8531753
T t=248.0 bar=129 ph=17 the colossus | render ms 24.01/24.76/27.68 | fps 29.8 | hold 2 miss 0 late 30 | gap ms 33.47 | under 0 fill 465 | copy 2464 cy/line 35.34 Mcy/s | synth 3015 cy/pump 43.23 Mcy/s 1801 cy/sample | tri 486 px 36872 part 115 ch 8 | AHASH s=5952000 baab71cd
PROF T t=248 ph=17 the colossus frames=30 | clear=44698 sky=1781164 floor=1252744 scene=4014393 flat=43576 gouraud=0 chrome=563216 texture=2803120 furnace=0 embers=123958 bloom=0 veil=181631 titles=1043 fade=182 | setup=604479 total=7399816
T t=249.0 bar=129 ph=17 the colossus | render ms 24.40/24.76/24.95 | fps 29.8 | hold 2 miss 0 late 30 | gap ms 33.47 | under 0 fill 465 | copy 2464 cy/line 35.34 Mcy/s | synth 3020 cy/pump 43.30 Mcy/s 1804 cy/sample | tri 484 px 35108 part 115 ch 8 | AHASH s=5976000 8380b23d
PROF T t=249 ph=17 the colossus frames=30 | clear=44675 sky=1780629 floor=1253583 scene=4192269 flat=40725 gouraud=0 chrome=653713 texture=2876149 furnace=0 embers=125503 bloom=0 veil=874 titles=1032 fade=209 | setup=621680 total=7398779
T t=250.0 bar=130 ph=17 the colossus | render ms 24.46/24.78/25.00 | fps 29.8 | hold 2 miss 0 late 30 | gap ms 33.47 | under 0 fill 465 | copy 2465 cy/line 35.36 Mcy/s | synth 3020 cy/pump 43.31 Mcy/s 1804 cy/sample | tri 480 px 31548 part 115 ch 8 | AHASH s=6000000 138c9b24
PROF T t=250 ph=17 the colossus frames=30 | clear=44659 sky=1781490 floor=1252523 scene=4197517 flat=37552 gouraud=0 chrome=683926 texture=2852512 furnace=0 embers=126128 bloom=0 veil=869 titles=1042 fade=205 | setup=623525 total=7404436
T t=251.0 bar=130 ph=17 the colossus | render ms 23.32/23.88/24.55 | fps 29.8 | hold 2 miss 0 late 30 | gap ms 33.47 | under 0 fill 465 | copy 2460 cy/line 35.28 Mcy/s | synth 3021 cy/pump 43.33 Mcy/s 1805 cy/sample | tri 476 px 26713 part 115 ch 8 | AHASH s=6024000 47ca3d94
PROF T t=251 ph=17 the colossus frames=30 | clear=44637 sky=1781214 floor=1252987 scene=3927591 flat=34303 gouraud=0 chrome=634194 texture=2635324 furnace=0 embers=126293 bloom=0 veil=874 titles=1036 fade=217 | setup=623769 total=7134852
T t=252.0 bar=131 ph=17 the colossus | render ms 22.27/22.80/23.39 | fps 29.8 | hold 2 miss 0 late 30 | gap ms 33.47 | under 0 fill 465 | copy 2455 cy/line 35.21 Mcy/s | synth 3018 cy/pump 43.28 Mcy/s 1803 cy/sample | tri 480 px 22324 part 115 ch 8 | AHASH s=6048000 8b47c525
PROF T t=252 ph=17 the colossus frames=30 | clear=44633 sky=1781255 floor=1253214 scene=3605788 flat=31819 gouraud=0 chrome=579718 texture=2371521 furnace=0 embers=124504 bloom=0 veil=882 titles=1041 fade=206 | setup=622730 total=6811526
T t=253.0 bar=131 ph=17 the colossus | render ms 21.57/21.94/22.40 | fps 29.8 | hold 2 miss 0 late 30 | gap ms 33.47 | under 0 fill 465 | copy 2453 cy/line 35.17 Mcy/s | synth 3015 cy/pump 43.24 Mcy/s 1802 cy/sample | tri 478 px 19373 part 115 ch 8 | AHASH s=6072000 f3391ce0
PROF T t=253 ph=17 the colossus frames=30 | clear=44649 sky=1780817 floor=1253133 scene=3348938 flat=23979 gouraud=0 chrome=537217 texture=2165719 furnace=0 embers=125334 bloom=0 veil=897 titles=1053 fade=216 | setup=622021 total=6555041
T t=254.0 bar=132 ph=17 the colossus | render ms 21.14/21.41/21.74 | fps 29.8 | hold 2 miss 0 late 30 | gap ms 33.47 | under 0 fill 465 | copy 2451 cy/line 35.16 Mcy/s | synth 3013 cy/pump 43.20 Mcy/s 1800 cy/sample | tri 470 px 17112 part 115 ch 8 | AHASH s=6096000 de4ce337
PROF T t=254 ph=17 the colossus frames=30 | clear=44732 sky=1780922 floor=1267806 scene=3171172 flat=21703 gouraud=0 chrome=497989 texture=2030633 furnace=0 embers=127261 bloom=0 veil=878 titles=1046 fade=212 | setup=620846 total=6394032
T t=255.0 bar=132 ph=17 the colossus | render ms 20.65/20.86/21.27 | fps 29.8 | hold 2 miss 0 late 30 | gap ms 33.47 | under 0 fill 465 | copy 2450 cy/line 35.14 Mcy/s | synth 3014 cy/pump 43.23 Mcy/s 1801 cy/sample | tri 436 px 15581 part 115 ch 8 | AHASH s=6120000 a8a5e1d0
PROF T t=255 ph=17 the colossus frames=30 | clear=44701 sky=1781507 floor=1292784 scene=2980238 flat=20304 gouraud=0 chrome=452768 texture=1890402 furnace=0 embers=127312 bloom=0 veil=882 titles=1036 fade=221 | setup=616762 total=6228683
T t=256.0 bar=133 ph=17 the colossus | render ms 20.17/20.46/20.74 | fps 29.8 | hold 2 miss 0 late 30 | gap ms 33.47 | under 0 fill 465 | copy 2449 cy/line 35.12 Mcy/s | synth 3010 cy/pump 43.17 Mcy/s 1798 cy/sample | tri 432 px 13976 part 115 ch 8 | AHASH s=6144000 59f4b5c6
PROF T t=256 ph=17 the colossus frames=30 | clear=44741 sky=1780781 floor=1307987 scene=2845498 flat=19581 gouraud=0 chrome=427305 texture=1783512 furnace=0 embers=127116 bloom=0 veil=873 titles=1048 fade=225 | setup=615100 total=6108272
T t=257.0 bar=133 ph=17 the colossus | render ms 19.89/20.07/20.31 | fps 29.8 | hold 2 miss 0 late 30 | gap ms 33.47 | under 0 fill 465 | copy 2447 cy/line 35.10 Mcy/s | synth 3011 cy/pump 43.18 Mcy/s 1799 cy/sample | tri 450 px 12786 part 115 ch 8 | AHASH s=6168000 2863794b
PROF T t=257 ph=17 the colossus frames=30 | clear=44656 sky=1780150 floor=1304982 scene=2734071 flat=18772 gouraud=0 chrome=402637 texture=1696990 furnace=0 embers=127362 bloom=0 veil=877 titles=1059 fade=210 | setup=615671 total=5993370
T t=258.0 bar=134 ph=17 the colossus | render ms 19.81/19.92/20.10 | fps 29.8 | hold 2 miss 0 late 30 | gap ms 33.47 | under 0 fill 465 | copy 2446 cy/line 35.08 Mcy/s | synth 3009 cy/pump 43.16 Mcy/s 1798 cy/sample | tri 474 px 12071 part 115 ch 8 | AHASH s=6192000 79d74958
PROF T t=258 ph=17 the colossus frames=30 | clear=44668 sky=1780494 floor=1299519 scene=2695363 flat=18072 gouraud=0 chrome=404167 texture=1653402 furnace=0 embers=125127 bloom=0 veil=877 titles=1032 fade=219 | setup=619721 total=5947302
T t=259.0 bar=134 ph=17 the colossus | render ms 19.68/19.76/19.96 | fps 29.8 | hold 2 miss 0 late 30 | gap ms 33.47 | under 0 fill 465 | copy 2445 cy/line 35.06 Mcy/s | synth 3009 cy/pump 43.15 Mcy/s 1798 cy/sample | tri 474 px 11722 part 115 ch 8 | AHASH s=6216000 48d65178
PROF T t=259 ph=17 the colossus frames=30 | clear=44672 sky=1779831 floor=1295620 scene=2652420 flat=17089 gouraud=0 chrome=403187 texture=1613364 furnace=0 embers=124252 bloom=0 veil=881 titles=1039 fade=216 | setup=618778 total=5898934
T t=260.0 bar=135 ph=17 the colossus | render ms 19.68/19.74/19.87 | fps 29.8 | hold 2 miss 0 late 30 | gap ms 33.47 | under 0 fill 465 | copy 2445 cy/line 35.06 Mcy/s | synth 3009 cy/pump 43.16 Mcy/s 1798 cy/sample | tri 474 px 11720 part 115 ch 8 | AHASH s=6240000 a573fad9
PROF T t=260 ph=17 the colossus frames=30 | clear=44631 sky=1780160 floor=1295539 scene=2646413 flat=17051 gouraud=0 chrome=402378 texture=1607730 furnace=0 embers=124879 bloom=0 veil=885 titles=1045 fade=203 | setup=619253 total=5893758
T t=261.1 bar=135 ph=17 the colossus | render ms 19.68/19.74/19.89 | fps 29.8 | hold 2 miss 0 late 30 | gap ms 33.47 | under 0 fill 465 | copy 2444 cy/line 35.05 Mcy/s | synth 3009 cy/pump 43.15 Mcy/s 1798 cy/sample | tri 474 px 11700 part 115 ch 8 | AHASH s=6264000 695c5400
PROF T t=261 ph=17 the colossus frames=30 | clear=44592 sky=1780326 floor=1295636 scene=2644497 flat=17058 gouraud=0 chrome=402817 texture=1607483 furnace=0 embers=126364 bloom=0 veil=878 titles=1039 fade=216 | setup=617139 total=5893551
PHRASE t=261.1 bar=136 ph=18 the colossus | render ms 19.68/22.34/29.48 | fps 29.8 | hold 2 miss 0 late 459 | gap ms 33.47 | under 0 fill 465 | copy 2455 cy/line 35.21 Mcy/s | synth 3015 cy/pump 43.23 Mcy/s 1801 cy/sample | tri 474 px 11704 part 115 ch 8 | AHASH s=6264000 695c5400
PROF PHRASE t=261 ph=18 the colossus frames=459 | clear=44686 sky=1780931 floor=1274977 scene=3310144 flat=27562 gouraud=0 chrome=503925 texture=2194604 furnace=0 embers=125731 bloom=0 veil=137412 titles=1042 fade=212 | setup=584052 total=6675137
T t=262.1 bar=136 ph=18 the colossus | render ms 19.69/19.74/19.86 | fps 29.8 | hold 2 miss 0 late 30 | gap ms 33.47 | under 0 fill 465 | copy 2444 cy/line 35.06 Mcy/s | synth 3008 cy/pump 43.14 Mcy/s 1797 cy/sample | tri 474 px 11711 part 115 ch 8 | AHASH s=6288000 305069cf
PROF T t=262 ph=18 the colossus frames=30 | clear=44893 sky=1780538 floor=1296075 scene=2643416 flat=17052 gouraud=0 chrome=401599 texture=1606292 furnace=0 embers=126685 bloom=0 veil=877 titles=1045 fade=224 | setup=618472 total=5893758
T t=263.1 bar=137 ph=18 the colossus | render ms 19.69/19.74/19.84 | fps 29.8 | hold 2 miss 0 late 30 | gap ms 33.47 | under 0 fill 465 | copy 2445 cy/line 35.06 Mcy/s | synth 3011 cy/pump 43.18 Mcy/s 1799 cy/sample | tri 474 px 11706 part 115 ch 8 | AHASH s=6312000 828dd9c1
PROF T t=263 ph=18 the colossus frames=30 | clear=44691 sky=1780208 floor=1295553 scene=2643028 flat=17052 gouraud=0 chrome=401626 texture=1605848 furnace=0 embers=127485 bloom=0 veil=889 titles=1041 fade=218 | setup=618502 total=5893117
T t=264.1 bar=137 ph=18 the colossus | render ms 19.69/19.74/19.86 | fps 29.8 | hold 2 miss 0 late 30 | gap ms 33.47 | under 0 fill 465 | copy 2444 cy/line 35.05 Mcy/s | synth 3006 cy/pump 43.11 Mcy/s 1796 cy/sample | tri 474 px 11695 part 115 ch 8 | AHASH s=6336000 7059147f
PROF T t=264 ph=18 the colossus frames=30 | clear=44686 sky=1779351 floor=1295373 scene=2641974 flat=17052 gouraud=0 chrome=401688 texture=1605067 furnace=0 embers=128907 bloom=0 veil=881 titles=1042 fade=205 | setup=618165 total=5892423
T t=265.1 bar=138 ph=18 the colossus | render ms 19.70/19.74/19.87 | fps 29.8 | hold 2 miss 0 late 30 | gap ms 33.47 | under 0 fill 465 | copy 2444 cy/line 35.05 Mcy/s | synth 3008 cy/pump 43.13 Mcy/s 1797 cy/sample | tri 474 px 11702 part 115 ch 8 | AHASH s=6360000 7aa6dded
PROF T t=265 ph=18 the colossus frames=30 | clear=44688 sky=1779645 floor=1295898 scene=2643995 flat=17055 gouraud=0 chrome=401914 texture=1606182 furnace=0 embers=127806 bloom=0 veil=885 titles=1038 fade=213 | setup=618843 total=5894170
T t=266.1 bar=138 ph=18 the colossus | render ms 19.68/19.73/19.88 | fps 29.8 | hold 2 miss 0 late 30 | gap ms 33.47 | under 0 fill 465 | copy 2444 cy/line 35.05 Mcy/s | synth 3009 cy/pump 43.15 Mcy/s 1798 cy/sample | tri 474 px 11696 part 115 ch 8 | AHASH s=6384000 81e2d431
PROF T t=266 ph=18 the colossus frames=30 | clear=44647 sky=1779699 floor=1295712 scene=2643722 flat=17050 gouraud=0 chrome=402035 texture=1605993 furnace=0 embers=125895 bloom=0 veil=885 titles=1040 fade=211 | setup=618642 total=5891814
T t=267.1 bar=139 ph=18 the colossus | render ms 19.68/19.99/20.75 | fps 29.8 | hold 2 miss 0 late 30 | gap ms 33.47 | under 0 fill 465 | copy 2444 cy/line 35.05 Mcy/s | synth 3010 cy/pump 43.16 Mcy/s 1798 cy/sample | tri 474 px 11707 part 115 ch 8 | AHASH s=6408000 ef30adf0
PROF T t=267 ph=18 the colossus frames=30 | clear=44649 sky=1782968 floor=1296352 scene=2645189 flat=17053 gouraud=0 chrome=401900 texture=1607271 furnace=0 embers=123287 bloom=0 veil=869 titles=76010 fade=215 | setup=618964 total=5969543
T t=268.1 bar=139 ph=18 the colossus | render ms 20.67/20.72/20.82 | fps 29.8 | hold 2 miss 0 late 30 | gap ms 33.47 | under 0 fill 465 | copy 2443 cy/line 35.04 Mcy/s | synth 3020 cy/pump 43.32 Mcy/s 1805 cy/sample | tri 474 px 11711 part 115 ch 8 | AHASH s=6432000 60062f57
PROF T t=268 ph=18 the colossus frames=30 | clear=44652 sky=1791221 floor=1298314 scene=2650949 flat=17056 gouraud=0 chrome=402434 texture=1611420 furnace=0 embers=120417 bloom=0 veil=885 titles=281417 fade=226 | setup=620038 total=6188084
T t=269.1 bar=140 ph=18 the colossus | render ms 20.67/20.72/20.82 | fps 29.8 | hold 2 miss 0 late 30 | gap ms 33.47 | under 0 fill 465 | copy 2443 cy/line 35.04 Mcy/s | synth 3018 cy/pump 43.28 Mcy/s 1803 cy/sample | tri 474 px 11707 part 115 ch 8 | AHASH s=6456000 7b930143
PROF T t=269 ph=18 the colossus frames=30 | clear=44700 sky=1791025 floor=1298255 scene=2652629 flat=17052 gouraud=0 chrome=403191 texture=1611800 furnace=0 embers=118702 bloom=0 veil=893 titles=281606 fade=215 | setup=620585 total=6188029
T t=270.1 bar=140 ph=18 the colossus | render ms 20.69/20.73/20.82 | fps 29.8 | hold 2 miss 0 late 30 | gap ms 33.47 | under 0 fill 465 | copy 2443 cy/line 35.03 Mcy/s | synth 3020 cy/pump 43.31 Mcy/s 1804 cy/sample | tri 474 px 11730 part 115 ch 8 | AHASH s=6480000 2adcb194
PROF T t=270 ph=18 the colossus frames=30 | clear=44713 sky=1790691 floor=1297793 scene=2654296 flat=17062 gouraud=0 chrome=402967 texture=1613584 furnace=0 embers=121276 bloom=0 veil=893 titles=281472 fade=225 | setup=620683 total=6191362
T t=271.1 bar=141 ph=18 the colossus | render ms 20.68/20.74/20.83 | fps 29.8 | hold 2 miss 0 late 30 | gap ms 33.47 | under 0 fill 465 | copy 2443 cy/line 35.03 Mcy/s | synth 3016 cy/pump 43.26 Mcy/s 1802 cy/sample | tri 474 px 11720 part 115 ch 8 | AHASH s=6504000 17007f35
PROF T t=271 ph=18 the colossus frames=30 | clear=44715 sky=1790462 floor=1298168 scene=2654171 flat=17054 gouraud=0 chrome=403018 texture=1613030 furnace=0 embers=123072 bloom=0 veil=893 titles=281672 fade=209 | setup=621067 total=6193365
T t=272.1 bar=141 ph=18 the colossus | render ms 20.70/20.75/20.86 | fps 29.8 | hold 2 miss 0 late 30 | gap ms 33.47 | under 0 fill 465 | copy 2443 cy/line 35.04 Mcy/s | synth 3017 cy/pump 43.27 Mcy/s 1803 cy/sample | tri 474 px 11711 part 115 ch 8 | AHASH s=6528000 b433fa00
PROF T t=272 ph=18 the colossus frames=30 | clear=44731 sky=1791017 floor=1298177 scene=2651974 flat=17050 gouraud=0 chrome=401987 texture=1612912 furnace=0 embers=126531 bloom=0 veil=881 titles=281700 fade=216 | setup=620024 total=6195230
T t=273.1 bar=142 ph=18 the colossus | render ms 20.69/20.74/20.83 | fps 29.8 | hold 2 miss 0 late 30 | gap ms 33.47 | under 0 fill 465 | copy 2443 cy/line 35.04 Mcy/s | synth 3018 cy/pump 43.28 Mcy/s 1803 cy/sample | tri 474 px 11711 part 115 ch 8 | AHASH s=6552000 4fefd826
PROF T t=273 ph=18 the colossus frames=30 | clear=44708 sky=1790754 floor=1298241 scene=2651567 flat=17053 gouraud=0 chrome=402021 texture=1612166 furnace=0 embers=126306 bloom=0 veil=893 titles=281426 fade=221 | setup=620326 total=6194118
T t=274.1 bar=142 ph=18 the colossus | render ms 20.70/20.75/20.82 | fps 29.8 | hold 2 miss 0 late 30 | gap ms 33.47 | under 0 fill 465 | copy 2443 cy/line 35.03 Mcy/s | synth 3018 cy/pump 43.28 Mcy/s 1803 cy/sample | tri 474 px 11718 part 115 ch 8 | AHASH s=6576000 cef0dd1d
PROF T t=274 ph=18 the colossus frames=30 | clear=44690 sky=1791015 floor=1297815 scene=2653085 flat=17057 gouraud=0 chrome=402307 texture=1612990 furnace=0 embers=126061 bloom=0 veil=893 titles=281608 fade=223 | setup=620729 total=6195393
T t=275.1 bar=143 ph=18 the colossus | render ms 20.71/21.30/23.71 | fps 29.8 | hold 2 miss 0 late 30 | gap ms 33.47 | under 0 fill 465 | copy 2447 cy/line 35.09 Mcy/s | synth 3018 cy/pump 43.28 Mcy/s 1803 cy/sample | tri 478 px 11734 part 115 ch 8 | AHASH s=6600000 9e70d01d
PROF T t=275 ph=18 the colossus frames=30 | clear=44705 sky=1791036 floor=1297921 scene=2654456 flat=17056 gouraud=0 chrome=403339 texture=1626864 furnace=0 embers=127936 bloom=0 veil=164758 titles=281511 fade=230 | setup=607196 total=6362557
T t=276.1 bar=143 ph=18 the colossus | render ms 23.97/24.98/25.43 | fps 29.8 | hold 2 miss 0 late 30 | gap ms 33.47 | under 0 fill 465 | copy 2467 cy/line 35.39 Mcy/s | synth 3023 cy/pump 43.36 Mcy/s 1806 cy/sample | tri 478 px 14589 part 115 ch 8 | AHASH s=6624000 c64f2443
PROF T t=276 ph=18 the colossus frames=30 | clear=44726 sky=1791197 floor=1298110 scene=2651948 flat=17053 gouraud=0 chrome=403116 texture=1850169 furnace=0 embers=127650 bloom=0 veil=1269417 titles=281649 fade=216 | setup=381609 total=7464916
PHRASE t=276.5 bar=144 ph=19 coda | render ms 19.68/20.78/25.63 | fps 29.8 | hold 2 miss 0 late 459 | gap ms 33.47 | under 0 fill 465 | copy 2446 cy/line 35.08 Mcy/s | synth 3015 cy/pump 43.24 Mcy/s 1801 cy/sample | tri 478 px 14571 part 64 ch 9 | AHASH s=6624000 c64f2443
PROF PHRASE t=276 ph=19 coda frames=459 | clear=44702 sky=1786803 floor=1297182 scene=2649128 flat=17054 gouraud=0 chrome=402376 texture=1633692 furnace=0 embers=125122 bloom=0 veil=125351 titles=176627 fade=218 | setup=596005 total=6205137
T t=277.1 bar=144 ph=19 coda | render ms 24.25/24.75/25.63 | fps 29.8 | hold 2 miss 0 late 30 | gap ms 33.47 | under 0 fill 465 | copy 2468 cy/line 35.40 Mcy/s | synth 3016 cy/pump 43.25 Mcy/s 1802 cy/sample | tri 478 px 13631 part 64 ch 9 | AHASH s=6648000 cb7a3c0a
PROF T t=277 ph=19 coda frames=30 | clear=44874 sky=1784541 floor=1296797 scene=2644575 flat=17056 gouraud=0 chrome=402145 texture=1927376 furnace=0 embers=88209 bloom=0 veil=1400048 titles=138270 fade=218 | setup=297997 total=7397537
T t=278.1 bar=144 ph=19 coda | render ms 19.77/22.73/24.33 | fps 29.8 | hold 2 miss 0 late 30 | gap ms 33.47 | under 0 fill 465 | copy 2461 cy/line 35.29 Mcy/s | synth 3011 cy/pump 43.18 Mcy/s 1799 cy/sample | tri 474 px 11696 part 64 ch 9 | AHASH s=6672000 1b3cb947
PROF T t=278 ph=19 coda frames=30 | clear=44653 sky=1780069 floor=1295716 scene=2643988 flat=17052 gouraud=0 chrome=401718 texture=1734008 furnace=0 embers=71159 bloom=0 veil=877589 titles=76647 fade=208 | setup=491209 total=6790033
T t=279.1 bar=145 ph=19 coda | render ms 19.75/19.80/19.92 | fps 29.8 | hold 2 miss 0 late 30 | gap ms 33.47 | under 0 fill 465 | copy 2443 cy/line 35.04 Mcy/s | synth 3007 cy/pump 43.12 Mcy/s 1796 cy/sample | tri 474 px 11695 part 64 ch 9 | AHASH s=6696000 c33b0199
PROF T t=279 ph=19 coda frames=30 | clear=44595 sky=1780227 floor=1295430 scene=2643502 flat=17054 gouraud=0 chrome=400328 texture=1607799 furnace=0 embers=70240 bloom=0 veil=869 titles=76592 fade=216 | setup=618319 total=5911674
T t=280.1 bar=145 ph=19 coda | render ms 19.74/19.79/19.92 | fps 29.8 | hold 2 miss 0 late 30 | gap ms 33.47 | under 0 fill 465 | copy 2443 cy/line 35.04 Mcy/s | synth 3008 cy/pump 43.14 Mcy/s 1797 cy/sample | tri 474 px 11698 part 64 ch 9 | AHASH s=6720000 24c69270
PROF T t=280 ph=19 coda frames=30 | clear=44709 sky=1780339 floor=1295729 scene=2644209 flat=17054 gouraud=0 chrome=401883 texture=1606575 furnace=0 embers=67995 bloom=0 veil=881 titles=76641 fade=206 | setup=618695 total=5910713
T t=281.1 bar=146 ph=19 coda | render ms 19.74/19.79/19.92 | fps 29.8 | hold 2 miss 0 late 30 | gap ms 33.47 | under 0 fill 465 | copy 2443 cy/line 35.04 Mcy/s | synth 3007 cy/pump 43.13 Mcy/s 1797 cy/sample | tri 474 px 11695 part 64 ch 9 | AHASH s=6744000 a7bea33b
PROF T t=281 ph=19 coda frames=30 | clear=44554 sky=1779702 floor=1295965 scene=2643866 flat=17050 gouraud=0 chrome=401277 texture=1607279 furnace=0 embers=68331 bloom=0 veil=861 titles=76697 fade=222 | setup=618259 total=5910203
T t=282.1 bar=146 ph=19 coda | render ms 19.76/19.80/19.92 | fps 29.8 | hold 2 miss 0 late 30 | gap ms 33.47 | under 0 fill 465 | copy 2443 cy/line 35.04 Mcy/s | synth 3008 cy/pump 43.14 Mcy/s 1797 cy/sample | tri 474 px 11693 part 64 ch 9 | AHASH s=6768000 5f3af91b
PROF T t=282 ph=19 coda frames=30 | clear=44650 sky=1780292 floor=1296000 scene=2643589 flat=17054 gouraud=0 chrome=400444 texture=1607816 furnace=0 embers=70910 bloom=0 veil=865 titles=76589 fade=196 | setup=618272 total=5913094
T t=283.1 bar=147 ph=19 coda | render ms 19.72/19.77/19.92 | fps 29.8 | hold 2 miss 0 late 30 | gap ms 33.47 | under 0 fill 465 | copy 2444 cy/line 35.04 Mcy/s | synth 3007 cy/pump 43.13 Mcy/s 1797 cy/sample | tri 474 px 11705 part 64 ch 9 | AHASH s=6792000 950631a6
PROF T t=283 ph=19 coda frames=30 | clear=44582 sky=1780476 floor=1295429 scene=2644575 flat=17048 gouraud=0 chrome=401312 texture=1608000 furnace=0 embers=71776 bloom=0 veil=865 titles=64541 fade=215 | setup=618214 total=5902463
T t=284.1 bar=148 ph=19 coda | render ms 19.68/19.76/19.88 | fps 29.8 | hold 2 miss 0 late 30 | gap ms 33.47 | under 0 fill 465 | copy 2444 cy/line 35.05 Mcy/s | synth 3010 cy/pump 43.17 Mcy/s 1798 cy/sample | tri 466 px 11684 part 64 ch 9 | AHASH s=6816000 147dbfff
PROF T t=284 ph=19 coda frames=30 | clear=44677 sky=1780717 floor=1295976 scene=2642416 flat=17075 gouraud=0 chrome=400573 texture=1607152 furnace=0 embers=72311 bloom=0 veil=869 titles=64130 fade=210 | setup=617613 total=5901310
T t=285.2 bar=148 ph=19 coda | render ms 19.67/19.72/19.84 | fps 29.8 | hold 2 miss 0 late 30 | gap ms 33.47 | under 0 fill 465 | copy 2444 cy/line 35.04 Mcy/s | synth 3008 cy/pump 43.14 Mcy/s 1797 cy/sample | tri 466 px 11702 part 64 ch 9 | AHASH s=6840000 00406ffd
PROF T t=285 ph=19 coda frames=30 | clear=44689 sky=1780247 floor=1295777 scene=2629727 flat=17053 gouraud=0 chrome=390317 texture=1605427 furnace=0 embers=72478 bloom=0 veil=857 titles=64124 fade=204 | setup=616928 total=5888107
T t=286.2 bar=149 ph=19 coda | render ms 19.54/19.67/19.83 | fps 29.8 | hold 2 miss 0 late 30 | gap ms 33.47 | under 0 fill 465 | copy 2444 cy/line 35.05 Mcy/s | synth 3009 cy/pump 43.15 Mcy/s 1797 cy/sample | tri 442 px 11704 part 64 ch 9 | AHASH s=6864000 6a0d4962
PROF T t=286 ph=19 coda frames=30 | clear=44673 sky=1779962 floor=1295321 scene=2617672 flat=17051 gouraud=0 chrome=386247 texture=1598140 furnace=0 embers=71086 bloom=0 veil=874 titles=64191 fade=220 | setup=616232 total=5874001
T t=287.2 bar=149 ph=19 coda | render ms 19.53/19.59/19.72 | fps 29.8 | hold 2 miss 0 late 30 | gap ms 33.47 | under 0 fill 465 | copy 2444 cy/line 35.04 Mcy/s | synth 3009 cy/pump 43.15 Mcy/s 1798 cy/sample | tri 442 px 11695 part 64 ch 9 | AHASH s=6888000 9b63138c
PROF T t=287 ph=19 coda frames=30 | clear=44590 sky=1779455 floor=1296225 scene=2594868 flat=17054 gouraud=0 chrome=378562 texture=1584348 furnace=0 embers=68860 bloom=0 veil=895 titles=64114 fade=224 | setup=614902 total=5849234
T t=288.2 bar=150 ph=19 coda | render ms 19.55/19.60/19.72 | fps 29.8 | hold 2 miss 0 late 30 | gap ms 33.47 | under 0 fill 465 | copy 2443 cy/line 35.04 Mcy/s | synth 3010 cy/pump 43.17 Mcy/s 1798 cy/sample | tri 446 px 11685 part 64 ch 9 | AHASH s=6912000 829f894d
PROF T t=288 ph=19 coda frames=30 | clear=44629 sky=1780092 floor=1295904 scene=2596410 flat=17052 gouraud=0 chrome=380162 texture=1583562 furnace=0 embers=69306 bloom=0 veil=889 titles=65346 fade=207 | setup=615633 total=5852787
T t=289.2 bar=150 ph=19 coda | render ms 19.56/19.61/19.74 | fps 29.8 | hold 2 miss 0 late 30 | gap ms 33.47 | under 0 fill 465 | copy 2444 cy/line 35.04 Mcy/s | synth 3010 cy/pump 43.17 Mcy/s 1799 cy/sample | tri 442 px 11693 part 64 ch 9 | AHASH s=6936000 1f23e7aa
PROF T t=289 ph=19 coda frames=30 | clear=44670 sky=1780455 floor=1295938 scene=2594691 flat=17052 gouraud=0 chrome=378958 texture=1583547 furnace=0 embers=70927 bloom=0 veil=862 titles=68953 fade=219 | setup=615133 total=5856718
T t=290.2 bar=151 ph=19 coda | render ms 19.57/19.62/19.74 | fps 29.8 | hold 2 miss 0 late 30 | gap ms 33.47 | under 0 fill 465 | copy 2443 cy/line 35.04 Mcy/s | synth 3009 cy/pump 43.15 Mcy/s 1798 cy/sample | tri 442 px 11699 part 64 ch 9 | AHASH s=6960000 2faf33e5
PROF T t=290 ph=19 coda frames=30 | clear=44675 sky=1780127 floor=1295886 scene=2595951 flat=17054 gouraud=0 chrome=379581 texture=1583932 furnace=0 embers=71159 bloom=0 veil=885 titles=68956 fade=216 | setup=615383 total=5857858
T t=291.2 bar=151 ph=19 coda | render ms 19.57/19.61/19.76 | fps 29.8 | hold 2 miss 0 late 30 | gap ms 33.47 | under 0 fill 465 | copy 2443 cy/line 35.03 Mcy/s | synth 3012 cy/pump 43.20 Mcy/s 1800 cy/sample | tri 442 px 11682 part 64 ch 9 | AHASH s=6984000 c239b3d9
PROF T t=291 ph=19 coda frames=30 | clear=44681 sky=1780374 floor=1295738 scene=2594445 flat=17056 gouraud=0 chrome=379944 texture=1583167 furnace=0 embers=70769 bloom=0 veil=882 titles=69201 fade=199 | setup=614277 total=5856293
PHRASE t=291.8 bar=152 ph=20 coda | render ms 19.53/20.10/24.65 | fps 29.8 | hold 2 miss 0 late 459 | gap ms 33.47 | under 0 fill 465 | copy 2446 cy/line 35.07 Mcy/s | synth 3009 cy/pump 43.16 Mcy/s 1798 cy/sample | tri 442 px 11675 part 64 ch 9 | AHASH s=6984000 c239b3d9
PROF PHRASE t=291 ph=20 coda frames=459 | clear=44645 sky=1780244 floor=1295819 scene=2623107 flat=17054 gouraud=0 chrome=391439 texture=1619804 furnace=0 embers=70551 bloom=0 veil=118783 titles=70036 fade=212 | setup=594807 total=6003401
T t=292.2 bar=152 ph=20 coda | render ms 19.56/19.61/19.72 | fps 29.8 | hold 2 miss 0 late 30 | gap ms 33.47 | under 0 fill 465 | copy 2443 cy/line 35.04 Mcy/s | synth 3011 cy/pump 43.18 Mcy/s 1799 cy/sample | tri 442 px 11683 part 64 ch 9 | AHASH s=7008000 704099c2
PROF T t=292 ph=20 coda frames=30 | clear=44690 sky=1780919 floor=1295902 scene=2593441 flat=17053 gouraud=0 chrome=379232 texture=1582674 furnace=0 embers=70118 bloom=0 veil=931 titles=69021 fade=212 | setup=614480 total=5855236
T t=293.2 bar=152 ph=20 coda | render ms 19.55/19.61/19.70 | fps 29.8 | hold 2 miss 0 late 30 | gap ms 33.47 | under 0 fill 465 | copy 2442 cy/line 35.02 Mcy/s | synth 3009 cy/pump 43.16 Mcy/s 1798 cy/sample | tri 442 px 11700 part 64 ch 9 | AHASH s=7032000 995b0358
PROF T t=293 ph=20 coda frames=30 | clear=44653 sky=1780530 floor=1295864 scene=2593693 flat=17051 gouraud=0 chrome=378269 texture=1584696 furnace=0 embers=70112 bloom=0 veil=885 titles=68916 fade=208 | setup=613675 total=5854865
T t=294.2 bar=153 ph=20 coda | render ms 19.53/19.63/19.75 | fps 29.8 | hold 2 miss 0 late 30 | gap ms 33.47 | under 0 fill 465 | copy 2443 cy/line 35.04 Mcy/s | synth 3008 cy/pump 43.14 Mcy/s 1797 cy/sample | tri 454 px 11696 part 64 ch 9 | AHASH s=7056000 2f66bfb1
PROF T t=294 ph=20 coda frames=30 | clear=44670 sky=1779970 floor=1295771 scene=2606496 flat=17050 gouraud=0 chrome=382055 texture=1592290 furnace=0 embers=71105 bloom=0 veil=879 titles=62767 fade=193 | setup=615101 total=5861856
T t=295.2 bar=153 ph=20 coda | render ms 19.58/19.63/19.74 | fps 29.8 | hold 2 miss 0 late 30 | gap ms 33.47 | under 0 fill 465 | copy 2444 cy/line 35.05 Mcy/s | synth 3009 cy/pump 43.16 Mcy/s 1798 cy/sample | tri 454 px 11700 part 64 ch 9 | AHASH s=7080000 e194e682
PROF T t=295 ph=20 coda frames=30 | clear=44569 sky=1780116 floor=1295764 scene=2611087 flat=17048 gouraud=0 chrome=383114 texture=1594509 furnace=0 embers=71436 bloom=0 veil=862 titles=56652 fade=199 | setup=616414 total=5860687
T t=296.2 bar=154 ph=20 coda | render ms 19.53/19.60/19.74 | fps 29.8 | hold 2 miss 0 late 30 | gap ms 33.47 | under 0 fill 465 | copy 2447 cy/line 35.09 Mcy/s | synth 2962 cy/pump 42.47 Mcy/s 1769 cy/sample | tri 442 px 11693 part 64 ch 9 | AHASH s=7104000 564c453e
PROF T t=296 ph=20 coda frames=30 | clear=44712 sky=1780297 floor=1295578 scene=2602646 flat=17054 gouraud=0 chrome=380838 texture=1589344 furnace=0 embers=72182 bloom=0 veil=873 titles=56665 fade=197 | setup=615409 total=5853155
T t=297.2 bar=154 ph=20 coda | render ms 19.53/19.58/19.71 | fps 29.8 | hold 2 miss 0 late 30 | gap ms 33.47 | under 0 fill 465 | copy 2463 cy/line 35.32 Mcy/s | synth 2688 cy/pump 38.55 Mcy/s 1606 cy/sample | tri 442 px 11700 part 64 ch 9 | AHASH s=7128000 eb476912
PROF T t=297 ph=20 coda frames=30 | clear=44674 sky=1780239 floor=1295841 scene=2595791 flat=17055 gouraud=0 chrome=379345 texture=1585945 furnace=0 embers=71587 bloom=0 veil=877 titles=56718 fade=213 | setup=613444 total=5845943
T t=298.2 bar=155 ph=20 coda | render ms 19.53/19.58/19.70 | fps 29.8 | hold 2 miss 0 late 30 | gap ms 33.47 | under 0 fill 465 | copy 2462 cy/line 35.31 Mcy/s | synth 2687 cy/pump 38.54 Mcy/s 1605 cy/sample | tri 442 px 11686 part 64 ch 9 | AHASH s=7152000 94ebcd29
PROF T t=298 ph=20 coda frames=30 | clear=44646 sky=1780678 floor=1295853 scene=2595225 flat=17049 gouraud=0 chrome=378684 texture=1585612 furnace=0 embers=71848 bloom=0 veil=873 titles=56698 fade=191 | setup=613878 total=5846015
T t=299.2 bar=155 ph=20 coda | render ms 19.52/19.57/19.70 | fps 29.8 | hold 2 miss 0 late 30 | gap ms 33.47 | under 0 fill 465 | copy 2462 cy/line 35.31 Mcy/s | synth 2688 cy/pump 38.55 Mcy/s 1606 cy/sample | tri 442 px 11679 part 64 ch 9 | AHASH s=7176000 688e80ce
PROF T t=299 ph=20 coda frames=30 | clear=44718 sky=1780739 floor=1295926 scene=2592086 flat=17053 gouraud=0 chrome=378919 texture=1583025 furnace=0 embers=71816 bloom=0 veil=871 titles=56735 fade=200 | setup=613087 total=5843094
T t=300.2 bar=156 ph=20 coda | render ms 19.53/19.98/20.15 | fps 29.8 | hold 2 miss 0 late 30 | gap ms 33.47 | under 0 fill 465 | copy 2462 cy/line 35.31 Mcy/s | synth 2690 cy/pump 38.58 Mcy/s 1607 cy/sample | tri 446 px 11662 part 64 ch 9 | AHASH s=7200000 595bd6d6
PROF T t=300 ph=20 coda frames=30 | clear=44718 sky=1786808 floor=1296626 scene=2597499 flat=17053 gouraud=0 chrome=380684 texture=1585004 furnace=0 embers=71517 bloom=0 veil=862 titles=166870 fade=218 | setup=614756 total=5965122
T t=301.2 bar=156 ph=20 coda | render ms 20.06/20.12/20.22 | fps 29.8 | hold 2 miss 0 late 30 | gap ms 33.47 | under 0 fill 465 | copy 2457 cy/line 35.23 Mcy/s | synth 2546 cy/pump 36.51 Mcy/s 1521 cy/sample | tri 450 px 11679 part 64 ch 9 | AHASH s=7224000 9b690296
PROF T t=301 ph=20 coda frames=30 | clear=44708 sky=1788688 floor=1296986 scene=2605338 flat=17052 gouraud=0 chrome=387891 texture=1584257 furnace=0 embers=70586 bloom=0 veil=865 titles=200784 fade=223 | setup=616137 total=6008181
T t=302.2 bar=157 ph=20 coda | render ms 20.07/20.12/20.22 | fps 29.8 | hold 2 miss 0 late 30 | gap ms 33.47 | under 0 fill 465 | copy 2446 cy/line 35.08 Mcy/s | synth 2263 cy/pump 32.45 Mcy/s 1352 cy/sample | tri 450 px 11681 part 64 ch 9 | AHASH s=7248000 06c26f09
PROF T t=302 ph=20 coda frames=30 | clear=44715 sky=1788286 floor=1296925 scene=2607442 flat=17051 gouraud=0 chrome=390819 texture=1583950 furnace=0 embers=69497 bloom=0 veil=861 titles=201013 fade=228 | setup=615620 total=6008969
T t=303.2 bar=157 ph=20 coda | render ms 20.06/20.13/20.24 | fps 29.8 | hold 2 miss 0 late 30 | gap ms 33.47 | under 0 fill 465 | copy 2445 cy/line 35.07 Mcy/s | synth 2264 cy/pump 32.47 Mcy/s 1353 cy/sample | tri 450 px 11679 part 64 ch 9 | AHASH s=7272000 59a672b8
PROF T t=303 ph=20 coda frames=30 | clear=44665 sky=1788602 floor=1297491 scene=2607990 flat=17052 gouraud=0 chrome=390994 texture=1584128 furnace=0 embers=70029 bloom=0 veil=865 titles=200775 fade=223 | setup=615816 total=6010642
T t=304.2 bar=158 ph=20 coda | render ms 20.08/20.13/20.22 | fps 29.8 | hold 2 miss 0 late 30 | gap ms 33.47 | under 0 fill 465 | copy 2445 cy/line 35.07 Mcy/s | synth 2264 cy/pump 32.47 Mcy/s 1353 cy/sample | tri 450 px 11665 part 64 ch 9 | AHASH s=7296000 1cf1f220
PROF T t=304 ph=20 coda frames=30 | clear=44683 sky=1788083 floor=1297142 scene=2608063 flat=17052 gouraud=0 chrome=391507 texture=1583750 furnace=0 embers=71154 bloom=0 veil=870 titles=200847 fade=229 | setup=615753 total=6011074
T t=305.2 bar=159 ph=20 coda | render ms 20.08/20.29/25.00 | fps 29.8 | hold 2 miss 0 late 30 | gap ms 33.47 | under 0 fill 465 | copy 2446 cy/line 35.08 Mcy/s | synth 2264 cy/pump 32.46 Mcy/s 1352 cy/sample | tri 450 px 11667 part 64 ch 9 | AHASH s=7320000 1c41b916
PROF T t=305 ph=20 coda frames=30 | clear=44676 sky=1788700 floor=1297029 scene=2607090 flat=17054 gouraud=0 chrome=391686 texture=1583292 furnace=0 embers=71771 bloom=0 veil=874 titles=201055 fade=48891 | setup=615057 total=6060089
T t=306.2 bar=159 ph=20 coda | render ms 24.96/25.01/25.12 | fps 29.8 | hold 2 miss 0 late 30 | gap ms 33.47 | under 0 fill 465 | copy 2473 cy/line 35.47 Mcy/s | synth 2271 cy/pump 32.56 Mcy/s 1357 cy/sample | tri 450 px 11671 part 64 ch 9 | AHASH s=7344000 024e2125
PROF T t=306 ph=20 coda frames=30 | clear=44615 sky=1788946 floor=1296735 scene=2607781 flat=17052 gouraud=0 chrome=391619 texture=1584350 furnace=0 embers=72903 bloom=0 veil=881 titles=200652 fade=1461233 | setup=614759 total=7473750
PHRASE t=307.1 bar=159 ph=20 coda | render ms 19.52/20.48/25.13 | fps 29.8 | hold 2 miss 0 late 458 | gap ms 33.47 | under 0 fill 465 | copy 2454 cy/line 35.19 Mcy/s | synth 2604 cy/pump 37.35 Mcy/s 1556 cy/sample | tri 450 px 11668 part 64 ch 9 | AHASH s=7368000 cc1dbcdf
PROF PHRASE t=307 ph=20 coda frames=458 | clear=44684 sky=1784492 floor=1296435 scene=2602799 flat=17052 gouraud=0 chrome=384987 texture=1585838 furnace=0 embers=71285 bloom=0 veil=872 titles=130550 fade=185233 | setup=614921 total=6116354
DONE frames=14297 render_max_us=29488 gap_max_us=33474 miss=0 late=4062 under=0 min_fill=465 copy_worst_cy=3028 pump_worst_cy=81012 vsyncs=18363 heap_free=36864 peak=29914
